Job_ID,Titre,Societe,Description,Categories,Annees_Experience,Niveau_Experience,Salaire,Lieu,Type_Contrat,Mode_Travail,Date_Publication,Date_Relative,Expire,Source,Lien
236980,Customer Services Officer - Sfax,BANK ABC,Bank ABC is reinforcing their network with the hiring of a Customer Services Officer within one of its Branches in Sfax. As a CSO you will be treating desk operations …,banque / finance / assurances,,,,Sfax,CDI,,2026-03-23,23 mars 2026,Non,Keejob,https://www.keejob.com/offres-emploi/236980/customer-services-officer-sfax/
235337,International Payments Officer-Domiciliation.,BANK ABC,"Bank ABC cherche à renforcer son département Banking Operations par le recrutement d'un International Payments Officer – Domiciliation.. L'International Payments Officer - Domiciliation. assurera, en toute autonomie, la gestion et le suivi des opérations …",banque / finance / assurances,,,,Tunis,CDI,,2026-03-23,23 mars 2026,Non,Keejob,https://www.keejob.com/offres-emploi/235337/international-payments-officer/
224034,Agent de Service Général / Agent de Sécurité,BANK ABC,"Bank ABC recrute pour le poste d’Agent de Service Général / Agent de Sécurité. L’agent de Service Général est chargé d'assurer la sécurité des locaux, des personnes (employés, clients) et …",banque / finance / assurances,,,,Tunis,CDI | CDD,,2026-03-23,23 mars 2026,Non,Keejob,https://www.keejob.com/offres-emploi/224034/agent-de-service-g%C3%A9n%C3%A9ral-agent-de-s%C3%A9curit%C3%A9/
224036,Agent de Service Support/Agent(e) d’Entretien,BANK ABC,"Bank ABC Tunisie recrute pour le poste d’Agent(e) de Service Support/ Agent(e) d’Entretien. Principales tâches & Responsabilités:Entretien des locaux : Nettoyage des sols (balayage, aspiration, lavage) Dépoussiérage des surfaces, mobilier, …",banque / finance / assurances,,,,Tunis,CDI | CDD,,2026-03-23,23 mars 2026,Non,Keejob,https://www.keejob.com/offres-emploi/224036/agent-de-service-supportagente-dentretien/
223139,Wholesale Banking Analyst,BANK ABC,Bank ABC is reinforcing its Wholesale Banking department with the recruitment of a Wholesale Banking Analyst . The Wholesale Banking Analyst function is a key enabler in the Wholesale Banking delivery chain acting …,banque / finance / assurances,,,,Tunis,CDI | SIVP,,2026-03-23,23 mars 2026,Non,Keejob,https://www.keejob.com/offres-emploi/223139/wholesale-banking-analyst/
222930,Head of Corporate,BANK ABC,"Bank ABC Tunisia is hiring within its Wholesale Banking Division a Head of Corporate reporting directly to the Head of Wholesale Banking. I - Principal Responsibilities, Accountabilities and Deliverables of …",banque / finance / assurances,,,,Tunis,,,2026-03-23,23 mars 2026,Non,Keejob,https://www.keejob.com/offres-emploi/222930/head-of-corporate/
238074,Delivery Manager H/F,EVERIENCE TUNISIA,"Dans le cadre du développement de nos prestations en infogérance sur notre centre de services basé à Tunis, nous recherchons pour rejoindre nos équipes un :DELIVERY MANAGER H/FVous intégrez le Service Desk dédié …",informatique / télécoms,,Manager,,Tunis,CDI,,2026-03-23,23 mars 2026,Non,Keejob,https://www.keejob.com/offres-emploi/238074/delivery-manager-hf/
238073,Service Desk analyst H/F,EVERIENCE TUNISIA,"Et si vous choisissez plus qu’un job ? Vous avez la possibilité d’entamer un parcours dans le domaine IT, Notre cœur de métier est le support informatique. On vous offre : Des …",informatique / télécoms,,,,Tunis,CDI,,2026-03-23,23 mars 2026,Non,Keejob,https://www.keejob.com/offres-emploi/238073/service-desk-analyst-hf/
238078,Auditeur,EL AMEL MICROFINANCE,"Missions: Participer à l'élaboration et la réalisation du plan d'audit Réaliser les travaux d'investigation nécessaires pour s'assurer de la fiabilité des informations financières, comptables et extra-comptables.Réaliser des missions d'audit au niveau de …",banque / finance / assurances,,,,Ben Arous,CDI,,2026-03-23,23 mars 2026,Non,Keejob,https://www.keejob.com/offres-emploi/238078/auditeur/
238091,Gestionnaire De Magasin,BEN YAGHLANE SHOPS,"La Société Centrale Commerciale "" Biwai Shops"" cherche à recruter des Gestionnaires de Magasin. Missions: - Participer au schéma directeur du magasin - Réaliser le lancement des activités journalière - Evaluer les résultats en fonction …",commerce / vente / distribution,,Directeur,,Tunis,,,2026-03-23,23 mars 2026,Non,Keejob,https://www.keejob.com/offres-emploi/238091/gestionnaire-de-magasin/
238083,SUPPORT CLIENT,ETAI TUNISIE/INFOPRO DIGITAL,"Infopro Digital est un groupe B2B spécialiste de l’information et des technologies. Présent dans 21 pays, dont la Tunisie, le groupe comprend 4 000 collaborateurs de 80 nationalités. Nos …",communication / publicité / média,,,1000 - 1300 TND,"La Soukra, Ariana",CDI,,2026-03-23,23 mars 2026,Non,Keejob,https://www.keejob.com/offres-emploi/238083/support-client/
238095,Chef d'équipe,ASTEELFLASH,"MISSION PRINCIPALE OU FINALITÉ DE LA FONCTION : Organiser et mettre en œuvre le programme de production, les moyens humains, la matière première et garantir la qualité et les délais de …",électronique / électricité / énergie,,,,"La Soukra, Ariana",CDI,,2026-03-23,23 mars 2026,Non,Keejob,https://www.keejob.com/offres-emploi/238095/chef-d%C3%A9quipe/
238081,Webmaster (H/F),ETAI TUNISIE/INFOPRO DIGITAL,"Dans le cadre du renforcement de notre équipe, nous recherchons un(e) Webmaster pour assurer la gestion, l’évolution et la qualité de nos projets web. Vos missions: Analyser et traiter …",communication / publicité / média,,,1000 - 1500 TND,"La Soukra, Ariana",CDI | SIVP,,2026-03-23,23 mars 2026,Non,Keejob,https://www.keejob.com/offres-emploi/238081/webmaster-hf/
238082,CHARGÉ DE RECOUVREMENT ET DE FACTURATION,ETAI TUNISIE/INFOPRO DIGITAL,"Infopro Digital est un groupe B2B spécialisé dans l’information et la technologie, présent dans 21 pays, dont la Tunisie. Le groupe compte 4 000 collaborateurs de 80 nationalités différentes. …",communication / publicité / média,,,,"La Soukra, Ariana",CDI,,2026-03-23,23 mars 2026,Non,Keejob,https://www.keejob.com/offres-emploi/238082/charg%C3%A9-de-recouvrement-et-de-facturation/
238071,SUPERVISEUR SUPPORT IT H/F,EVERIENCE TUNISIA,"Missions: Directement rattaché au Delivery Manager, vous aurez en charge la gestion opérationnelle d’une équipe de techniciens HelpDesk en vous assurant du respect des procédures et des engagements.- Vous managez la …",informatique / télécoms,,Manager,,Tunis,CDI,,2026-03-23,23 mars 2026,Non,Keejob,https://www.keejob.com/offres-emploi/238071/superviseur-support-it-hf/
238092,Chargé (e) Achat,BEN YAGHLANE SHOPS,"La Société La Centrale Commerciale "" Biwai Shops"" cherche à recruter "" Un (e) Chargé(e) Achat "" Missions: - Assurer la prospection des fournisseurs et évaluer leurs capacités à répondre aux impératifs de coût, de délais …",commerce / vente / distribution,,,,"Oued Ellil, La Manouba",,,2026-03-23,23 mars 2026,Non,Keejob,https://www.keejob.com/offres-emploi/238092/charg%C3%A9-e-achat/
238090,Auditeur Interne,BEN YAGHLANE SHOPS,"La Société La Centrale Commerciale ""Biwai Shops"" cherche à recruter ""Un Auditeur Interne (H)"" L’auditeur interne joue un rôle clé dans la sécurisation des actifs et l'optimisation des flux opérationnels de …",commerce / vente / distribution,,,,La Manouba,,,2026-03-23,23 mars 2026,Non,Keejob,https://www.keejob.com/offres-emploi/238090/auditeur-interne/
238072,SDA italien ou allemand et anglais,EVERIENCE TUNISIA,En tant que technicien support vous serez amené à : Diagnostiquer à distance un dysfonctionnement informatique matériel ou logiciel Configurer le poste de travail aux besoins de l'utilisateur et effectuer les tests …,informatique / télécoms,,,,Tunis,CDI,,2026-03-23,23 mars 2026,Non,Keejob,https://www.keejob.com/offres-emploi/238072/sda-italien-ou-allemand-et-anglais/
238079,Télévendeurs,TP,TELEPERFORMANCE Tunisie ouvre ses portes aux Experts de l’expérience client et recrute des télévendeurs ! Alors si tu as un excellent niveau en français et tu es doté d’un fort sens …,informatique / télécoms,,,,Tunis,CDI | SIVP,,2026-03-23,23 mars 2026,Non,Keejob,https://www.keejob.com/offres-emploi/238079/t%C3%A9l%C3%A9vendeurs/
236651,Gestionnaire en Assurances IARD,PROTECT + TUNISIE,"« Protect Plus Tunisie » filiale de l’assurance française « Protect Plus Assurances » ; un véritable spécialiste qui offre à ses clients une gamme complète d’assurance auto, deux roues et …",banque / finance / assurances,,,1200 - 1400 TND,"Ariana Ville, Ariana",CDI | SIVP,,2026-03-23,23 mars 2026,Non,Keejob,https://www.keejob.com/offres-emploi/236651/gestionnaire-en-assurances-iard/
236650,Chargé Recouvrement en Assurances IARD,PROTECT + TUNISIE,"«Protect Plus Tunisie » filiale de l’assurance française « Protect Plus Assurances », un véritable spécialiste de l’assurance en ligne qui offre à ses clients une gamme complète d’assurance auto, …",banque / finance / assurances,,,1100 - 1400 TND,"Ariana Ville, Ariana",CDI | SIVP,,2026-03-23,23 mars 2026,Non,Keejob,https://www.keejob.com/offres-emploi/236650/charg%C3%A9-recouvrement-en-assurances-iard/
238059,Ingénieur(e) Electronique Software Sousse,PARTNER RECRUITMENT,"Nous recherchons pour le compte de notre partenaire un profil Ingénieur(e) Electronique Software SousseSous la responsabilité du responsable du bureau d’étude Electronique/Logiciel/Système, vous aurez la charge de concevoir l’électronique d’équipements …",recrutement / ressources humaines,,,,"Hammam Sousse, Sousse",CDI,,2026-03-23,23 mars 2026,Non,Keejob,https://www.keejob.com/offres-emploi/238059/ing%C3%A9nieure-electronique-software-sousse/
238068,Téléprospecteur En Produit Bancaire,OUTSOURCIA,"Le groupe Outsourcia est un opérateur spécialisé dans les métiers de l'outsourcing: gestion de la relation client à distance, multiservice, multilingue et multicanal (centres d'appels, gestion des e-mails, solutions de …",call center / télévente,,,,"Tunis, Tunis",CDI,,2026-03-23,23 mars 2026,Non,Keejob,https://www.keejob.com/offres-emploi/238068/t%C3%A9l%C3%A9prospecteur-en-produit-bancaire/
238052,Assistante Administrative et Financière,ACTIVE CONTACT,"Afin de renforcer son équipe finance, Active recrute une Assistante AdministrativeMissions- FinancePréparer les relevés de facturation clientGérer les règlements des fournisseurs : Organisation et SuiviAssurer la relation avec la banque, …",call center / télévente,,,,"Centre ville, Tunis",CDI,,2026-03-23,23 mars 2026,Non,Keejob,https://www.keejob.com/offres-emploi/238052/assistant-te-administratif-ve/
238057,Ingénieur(e) Electronique Embarquée HW Sousse,PARTNER RECRUITMENT,"Sous la responsabilité du responsable du bureau d’étude Electronique/Logiciel/Système, vous aurez la charge de concevoir l’électronique d’équipements aéronautique, qui intègrent des fonctions de d’affichage graphique. Vous serez également amené à …",recrutement / ressources humaines,,,,"Hammam Sousse, Sousse",CDI,,2026-03-23,23 mars 2026,Non,Keejob,https://www.keejob.com/offres-emploi/238057/ing%C3%A9nieure-electronique-embarqu%C3%A9e-hw/
238048,chef d’équipe conditionnement,ETABLISSEMENTS ABDELMOULA,- Compétences exigéesMaîtrise des techniques de conditionnement et des équipements associés (compresseur frigorifique) Maîtrise des équipements industriels. Maîtrise des outils de contrôle et de mesure. Compétences en contrôle qualité. Utilisation d’outils …,agriculture / agro-alimentaire / environnement,,,800 - 1100 TND,"Le Bardo, Tunis",CDI,,2026-03-23,23 mars 2026,Non,Keejob,https://www.keejob.com/offres-emploi/238048/chef-d%C3%A9quipe-conditionnement/
238010,Technicien Maintenance Electrique Anglophone,PARTNER RECRUITMENT,"We are recruiting on behalf of a renowned industrial company operating across North Africa, specialized in high-precision machinery and committed to reliability and continuous learning.Technicien Maintenance Electrique AnglophoneMain MissionThe Field …",recrutement / ressources humaines,,,,"Bab Bhar, Tunis",,,2026-03-23,23 mars 2026,Non,Keejob,https://www.keejob.com/offres-emploi/238010/technicien-maintenance-electrique-anglophone/
237999,Sr Finance Analyst,PARTNER RECRUITMENT,We are hiring for our partner a multinational company : Sr Finance AnalystJOB PROFILE● Prepare bi-weekly cash flow forecast and variance analysis● Ensure accurate partners invoicing and payment● Produce regular …,recrutement / ressources humaines,,,2500 - 4000 TND,"Cite El Khadra, Tunis",CDI,,2026-03-23,23 mars 2026,Non,Keejob,https://www.keejob.com/offres-emploi/237999/sr-finance-analyst/
238027,Embedded Systems Technical Referent Sousse,PARTNER RECRUITMENT,"Nous recherchons pour le compte de notre partenaire une multinationale industrie automobile un profil Embedded Systems Technical Referent basé à SousseRattaché(e) à l’Engineering Office Manager, vous serez le référent technique …",recrutement / ressources humaines,,Manager,4000 - 5000 TND,"Akouda, Sousse",CDI,,2026-03-23,23 mars 2026,Non,Keejob,https://www.keejob.com/offres-emploi/238027/embedded-systems-technical-referent-hf/
238000,"Gestionnaire des Stocks (PF, MP & Emb)",L'APPETISSANTE,"Suite à une mobilité interne, nous recherchons notre nouveau Gestionnaire des Stocks. Rattaché(e) au Responsable Logistique, vous serez garant(e) de la fiabilité des stocks et de la fluidité des flux …",agriculture / agro-alimentaire / environnement,,,1500 - 2500 TND,"Oued Ellil, La Manouba",CDI,,2026-03-23,23 mars 2026,Non,Keejob,https://www.keejob.com/offres-emploi/238000/gestionnaire-des-stocks-pf-mp-emb/
238001,Ingénieur Projet & Vie Série,PARTNER RECRUITMENT,"Nous recrutons pour le compte de notre client, une multinationale de renommée internationale opérant dans le secteur de l’électronique.Ingénieur Projet & Vie SérieMISSIONS: Pilotage de projets & APQP / PPAPPiloter les …",recrutement / ressources humaines,,,,Tunis,CDI,,2026-03-23,23 mars 2026,Non,Keejob,https://www.keejob.com/offres-emploi/238001/ing%C3%A9nieur-projet-vie-s%C3%A9rie/
238019,Responsable Ressources Humaines (Enfidha),PARTNER RECRUITMENT,"Dans le cadre de son développement, notre client, une société industrielle faisant partie d’un groupe de renommée recrute un(e)Responsable Ressources HumainesMISSIONS :Rattaché(e) à la Direction Générale, vous aurez un rôle clé …",recrutement / ressources humaines,,,,"Enfidha, Sousse",CDI,,2026-03-23,23 mars 2026,Non,Keejob,https://www.keejob.com/offres-emploi/238019/responsable-ressources-humaines-enfidha/
237892,Technico-commercial,Entreprise Anonyme,"Mission Principale :Développer le chiffre d’affaires et la part de marché de l’entreprise en assurant la promotion, la vente et le suivi des produits électriques destinés à la bureautique auprès des …",,,,1000 - 1300 TND,"Megrine, Ben Arous",,,2026-03-23,23 mars 2026,Non,Keejob,https://www.keejob.com/offres-emploi/237892/technico-commercial/
237811,Conseiller Clientèle - Secteur Fintech,TRANSCOM,"Chez Transcom, nous sommes des passionnés de l’expérience client (CX) et nous accompagnons la révolution numérique. Nous lançons aujourd'hui un tout nouveau partenariat stratégique avec un leader de la Fintech …",call center / télévente,,,,"El Kram, Tunis",CDI,,2026-03-23,23 mars 2026,Non,Keejob,https://www.keejob.com/offres-emploi/237811/conseiller-client%C3%A8le-secteur-fintech/
237829,Chef Comptable,Entreprise Anonyme,"Rattaché(e) à la Direction Générale, vous assurez la supervision de la comptabilité générale, le management d’une équipe comptables, la fiabilité des états financiers, le respect des délais de clôture et …",,,,1800 - 2500 TND,"Raoued, Ariana",CDI,,2026-03-23,23 mars 2026,Non,Keejob,https://www.keejob.com/offres-emploi/237829/chef-comptable/
237855,Chargé Service Technique Terrain,SMART SOLUTIONS,"SMART SOLUTIONS, entreprise innovante spécialisée dans le développement de solutions industrielles, recherche un Spécialiste Service Technique Terrain afin de renforcer son département technique. Ce poste vise à assurer l’installation, le …",commerce / vente / distribution,,,,"Fouchana, Ben Arous",CDI | SIVP,,2026-03-23,23 mars 2026,Non,Keejob,https://www.keejob.com/offres-emploi/237855/sp%C3%A9cialiste-service-technique-terrain/
237752,Ingénieur Process électronique,PARTNER RECRUITMENT,Nous recherchons pour notre partenaire une multinationale industrie électronique un profil Ingénieur ProcessMissions :Enrichir la collaboration en favorisant ainsi un environnement propice à l'apprentissage continu et à l'amélioration collective.Gérer les …,recrutement / ressources humaines,,,,"Bab Souika, Tunis",,,2026-03-23,23 mars 2026,Non,Keejob,https://www.keejob.com/offres-emploi/237752/ing%C3%A9nieur-process-%C3%A9lectronique/
237680,Conseillers Clients Réception d'appels FR/ANG,CONCENTRIX,Concentrix Nous sommes un leader mondial en matière de technologie et de services qui propulse les marques du futur.Nous aidons des marques connues – celles que vous utilisez quotidiennement – à …,call center / télévente,,,800 - 1000 TND,Ariana,CDI,,2026-03-23,23 mars 2026,Non,Keejob,https://www.keejob.com/offres-emploi/237680/conseillers-clients-r%C3%A9ception-dappels-frang/
237717,Production HRBP,ZOPPAS INDUSTRIES,"Zoppas Industries Heating Element Technologies (ZIHET) based in Italy in Vittorio Veneto with a global presence boasting over 8000 employees and 15 production sites across Europe, Africa, America, and Asia, ZIHET plays …",électronique / électricité / énergie,,,,"Sahline, Monastir",CDI,,2026-03-23,23 mars 2026,Non,Keejob,https://www.keejob.com/offres-emploi/237717/production-hrbp/
237681,Conseillers Clients Réception d'appels FR/ANG,CONCENTRIX,Concentrix Nous sommes un leader mondial en matière de technologie et de services qui propulse les marques du futur.Nous aidons des marques connues – celles que vous utilisez quotidiennement – à …,call center / télévente,,,800 - 1000 TND,Ariana,CDI,,2026-03-23,23 mars 2026,Non,Keejob,https://www.keejob.com/offres-emploi/237681/conseillers-clients-r%C3%A9ception-dappels-frang/
237605,Formateur Textile à Bizerte,PARTNER RECRUITMENT,Nous recherchons pour el compte de notre partenaire une multinationale industrie automobile des Formateurs Profil :-De Formation en Textile/Méthode/Qualité/Styliste ModélisteVotre mission sera:- Enseigner aux employés les méthodes de confection- Veiller …,recrutement / ressources humaines,,,,"Bizerte Nord, Bizerte",CDI,,2026-03-23,23 mars 2026,Non,Keejob,https://www.keejob.com/offres-emploi/237605/formateur-%C3%A0-bizerte/
237650,Directeur HSE H/F,SEGOR SOCIETE DU GROUPE SUEZ,"SEGOR, société du Groupe SUEZ, spécialisée dans la gestion et le traitement des déchets solides et liquides, recrute un(e) Directeur HSE (Hygiène, Sécurité, Environnement).Le poste s’inscrit dans un environnement opérationnel …",autres,,Directeur,3000 - 4500 TND,Tunis,CDI,,2026-03-23,23 mars 2026,Non,Keejob,https://www.keejob.com/offres-emploi/237650/directeur-hse-hf/
237645,Chargé Relation Client / Gestion Commerciale,PARTNER RECRUITMENT,"Nous recrutons pour le compte de notre client, Chargé(e) de la Relation Client et de la Gestion Commerciale MISSIONS: Assurer la liaison entre les clients et l’équipe commerciale, en recueillant …",recrutement / ressources humaines,,,1300 - 1500 TND,Tunis,,,2026-03-23,23 mars 2026,Non,Keejob,https://www.keejob.com/offres-emploi/237645/charg%C3%A9-relation-client-gestion-commerciale/
237602,Chef de ligne Bizerte,PARTNER RECRUITMENT,Nous recherchons pour le compte de notre partenaire une multinationale industrie automobile basée à Bizerte des chefs de lignes de production.Profil :De formation en confection: Qualité/méthode/stylismeConnaisseur en machine à coudreUn …,recrutement / ressources humaines,,,1000 - 1500 TND,"Bizerte Nord, Bizerte",CDI,,2026-03-23,23 mars 2026,Non,Keejob,https://www.keejob.com/offres-emploi/237602/chef-de-ligne-bizerte/
237572,ACHETEUR,Entreprise Anonyme,Une société de renommée dans le milieu industriel recrute : UN ACHETEUR Mission : Rattaché au Responsable Achat vous serez charge de : . Identification et analyse des besoins d’achats quantitatifs et qualitatifs ; …,,,,1200 - 1600 TND,Tunis,CDI,,2026-03-23,23 mars 2026,Non,Keejob,https://www.keejob.com/offres-emploi/237572/acheteur/
237571,Technicien de Maintenance Electrique,Entreprise Anonyme,Une société renommé opérant dans le milieu industriel recrute :TECHNICIEN DE MAINTENANCE ELECTRIQUEMission: - Planifier et exécuter tous types de maintenance des installations électriques. -Levée des réserves suite aux contrôles …,,,,,"Beja Nord, Béja",CDD | SIVP,,2026-03-23,23 mars 2026,Non,Keejob,https://www.keejob.com/offres-emploi/237571/technicien-de-maintenance-electrique/
237579,Comptable Confirmé,LUXOR,"Dans le cadre du renforcement de son équipe, une société opérant dans le secteur du traitement des eaux usées et de l’assainissement cherche à recruter un(e) Comptable Confirmé(e), Rattaché directement …",commerce / vente / distribution,,,,"La Soukra, Ariana",CDI,,2026-03-23,23 mars 2026,Non,Keejob,https://www.keejob.com/offres-emploi/237579/comptable-confirm%C3%A9/
237560,Vendeur / Conseiller de vente,HAMADI ABID,"Dans le cadre du développement de notre activité, nous recrutons des conseillers(ères) de vente pour notre magasin de GAFSA, passionné(e)s par la mode et le service client.*MissionsAccueillir, conseiller et fidéliser …",commerce / vente / distribution,,,,Gafsa,CDI | SIVP,,2026-03-23,23 mars 2026,Non,Keejob,https://www.keejob.com/offres-emploi/237560/vendeur-conseiller-de-vente/
237567,Un Expert IT Operations – SAP FICO (H/F),HR HOUSE INTERNATIONAL,"HR House International recrute pour le compte de l’un de ses clients, une multinationale de grande envergure, opérant dans le secteur de l’industrie automobile, Un Expert IT Operations – SAP …",recrutement / ressources humaines,,,,Sousse,CDI,,2026-03-23,23 mars 2026,Non,Keejob,https://www.keejob.com/offres-emploi/237567/un-expert-it-operations-sap-fico-hf/
237568,Un Expert IT Software Engineering (H/F),HR HOUSE INTERNATIONAL,"HR House International recrute pour le compte de l’un de ses clients, une multinationale de renommée, opérant dans le secteur de l’industrie automobile Un Expert IT Software Engineering (H/F) Missions …",recrutement / ressources humaines,,,,Sousse,CDI,,2026-03-23,23 mars 2026,Non,Keejob,https://www.keejob.com/offres-emploi/237568/un-expert-it-software-engineering-hf/
237557,Chargé Ressources Humaines,PARTNER RECRUITMENT,"Nous recrutons pour le compte de notre client, une multinationale de renommée, Chargé Ressources Humaines MISSIONS : …",recrutement / ressources humaines,,,,Tunis,SIVP,,2026-03-23,23 mars 2026,Non,Keejob,https://www.keejob.com/offres-emploi/237557/charg%C3%A9-ressources-humaines/
237566,Chargé RH [H/F],UPERGY,"Acteur de la décarbonations et de la transition énergétique, membres de l’association NSE (Nouveaux Systèmes Energétiques). Upergy est un groupe français leader dans la vente de solutions d’énergie mobile et …",électronique / électricité / énergie,,,,"Mannouba, La Manouba",CDI,,2026-03-23,23 mars 2026,Non,Keejob,https://www.keejob.com/offres-emploi/237566/charg%C3%A9-rh-hf/
237563,Chef/Cheffe comptable [H/F] – CDI - Manouba,UPERGY,"Qui sommes-nous ? Upergy est un groupe français leader dans la vente de solutions d’énergie mobile et autonome à travers ses marques internationales : Allbatteries, Enix Energies, Enix Power Solutions, …",électronique / électricité / énergie,,,,La Manouba,CDI,,2026-03-23,23 mars 2026,Non,Keejob,https://www.keejob.com/offres-emploi/237563/chefcheffe-comptable-hf-cdi-manouba/
237564,Chef d'Atelier de Production [H/F],UPERGY,"Acteur de la décarbonation et de la transition énergétique, membres de l’association NSE (Nouveaux Systèmes Energétiques). Upergy est un groupe français leader dans la vente de solutions d’énergie mobile et …",électronique / électricité / énergie,,,,"Mannouba, La Manouba",CDI,,2026-03-23,23 mars 2026,Non,Keejob,https://www.keejob.com/offres-emploi/237564/chef-datelier-de-production-hf/
237565,Opérateur de montage [H/F],UPERGY,"Acteur de la décarbonations et de la transition énergétique, membres de l’association NSE (Nouveaux Systèmes Energétiques). Upergy est un groupe français leader dans la vente de solutions d’énergie mobile et …",électronique / électricité / énergie,,,,"Mannouba, La Manouba",CDI,,2026-03-23,23 mars 2026,Non,Keejob,https://www.keejob.com/offres-emploi/237565/op%C3%A9rateur-de-montage-hf/
237506,Coach Qualité et Formation (H/F),OUTSOURCIA,"Le groupe Outsourcia est un opérateur spécialisé dans les métiers de l'outsourcing: gestion de la relation client à distance, multiservice, multilingue et multicanal (centres d'appels, gestion des e-mails, solutions de …",call center / télévente,,,,"Ariana, Ariana",CDI,,2026-03-23,23 mars 2026,Non,Keejob,https://www.keejob.com/offres-emploi/237506/coach-qualit%C3%A9-et-formation-hf/
237456,Ingénieur Agronome,GROUPE MABROUKA,"Le Groupe MABROUKA, leader national du secteur agricole, est constitué de plusieurs pôles d’activités : production/pépinière, commerce et industrie. Dans le cadre du renforcement de nos équipes et de notre …",agriculture / agro-alimentaire / environnement,,,,"Ben Arous, Ben Arous",CDI,,2026-03-23,23 mars 2026,Non,Keejob,https://www.keejob.com/offres-emploi/237456/ing%C3%A9nieur-agronome/
237463,Gourmandise recrute :Plusieurs Profils,GOURMANDISE,"Gourmandise recrute : Plusieurs Profils – Grand Tunis Caissiers, Vendeurs et Vendeuses : Profil recherché : Minimum niveau bac Bonne présentation Disponible Parle bien le français Minimum 1 an d’expérience + …",tourisme / hôtellerie / restauration / loisirs,1 an d’exp,,30 - 9999 TND,Tunis,CDD | SIVP,,2026-03-23,23 mars 2026,Non,Keejob,https://www.keejob.com/offres-emploi/237463/gourmandise-recrute-plusieurs-profils/
237399,Agent en réception d’appels – Francophone,CONCENTRIX,"Concentrix est un acteur majeur dans le milieu des centres d’appels, avec une reconnaissance par plusieurs d’un lieu où commencent des incroyables carrières. Offre d’emploi : Nous recherchons activement des agents …",call center / télévente,,,900 - 1200 TND,Tunis,CDI,,2026-03-23,23 mars 2026,Non,Keejob,https://www.keejob.com/offres-emploi/237399/agent-en-r%C3%A9ception-dappels-francophone/
237433,"Kundenberatung, Prämie+Vorteile",OUTSOURCIA,"Outsourcia Group ist ein führender tunesischer Anbieter im internationalen Offshore-Kundenbeziehungsmarkt. Seit 17 Jahren unterstützt Outsourcia seine Partner aus verschiedenen Tätigkeitsbereichen (Banken, Telekommunikation, E-Commerce, Personal Services, Zeitarbeit, Energie, etc. ) beim Management …",call center / télévente,,,,"Ariana, Ariana",CDI,,2026-03-23,23 mars 2026,Non,Keejob,https://www.keejob.com/offres-emploi/237433/kundenberatung-pr%C3%A4mievorteile/
237434,Operatori call center di lingua Italiana,OUTSOURCIA,"Come parte dello sviluppo della sua attività, Outsourcia sta reclutando operatori telefonici per attività Inbound/Outbound.Cosa offriamo:1.Stipendio: Uno stipendio competitivo.Un regime orario di 40 ore a settimana con 2 giorni di riposo.2. …",call center / télévente,,,,"Ariana, Ariana",CDI,,2026-03-23,23 mars 2026,Non,Keejob,https://www.keejob.com/offres-emploi/237434/operatori-call-center-di-lingua-italiana/
237369,Directeur Production & Technique,PARTNER RECRUITMENT,"Nous recrutons pour le compte d'une multinationale, Directeur Production & Technique MISSIONS: Le Directeur Production et Technique est responsable de la performance industrielle globale du site. Il pilote les activités de production, process, …",recrutement / ressources humaines,,Directeur,6500 - 8000 TND,Ben Arous,,,2026-03-23,23 mars 2026,Non,Keejob,https://www.keejob.com/offres-emploi/237369/directeur-production-technique/
237435,Motion Designer (Monteur Vidéo) (H/F),OUTSOURCIA,"Le groupe Outsourcia est un opérateur spécialisé dans les métiers de l'outsourcing: gestion de la relation client à distance, multiservice, multilingue et multicanal (centres d'appels, gestion des e-mails, solutions de …",call center / télévente,,,,"Ariana, Ariana",CDI,,2026-03-23,23 mars 2026,Non,Keejob,https://www.keejob.com/offres-emploi/237435/motion-designer-monteur-vid%C3%A9o-hf/
237352,Responsable Ressources Humaines,BARIOLO,"Afin d’accompagner son développement, et sa chargée RH, BARIOLO, la première enseigne bar à jus frais en Tunisie cherche à recruter un Responsable Ressources Humaines: MISSIONS : Élaborer et mettre en œuvre des stratégies et projets …",tourisme / hôtellerie / restauration / loisirs,,,,"La Marsa, Tunis",CDI,,2026-03-23,23 mars 2026,Non,Keejob,https://www.keejob.com/offres-emploi/237352/responsable-ressources-humaines/
237321,Ingénieur Méthodes (Monastir),PARTNER RECRUITMENT,"Nous recrutons pour une industrie automobile multinationale, Ingénieur MéthodesMISSIONS: Se servir des moyens existants pour améliorer les méthodes de production. Développer et mettre à jour les méthodes de production. Réaliser les …",recrutement / ressources humaines,,,,Monastir,,,2026-03-23,23 mars 2026,Non,Keejob,https://www.keejob.com/offres-emploi/237321/ing%C3%A9nieur-m%C3%A9thodes-monastir/
237326,Chargé(e) Marketing,L'ACCUMULATEUR TUNISIEN ASSAD,"🚀 Jeune diplômé(e), êtes-vous à la recherche de votre première opportunité professionnelle ? Vous venez d’obtenir votre diplôme et souhaitez mettre votre créativité et votre énergie au sein de notre …",électronique / électricité / énergie,,,,"Ben Arous, Ben Arous",SIVP,,2026-03-23,23 mars 2026,Non,Keejob,https://www.keejob.com/offres-emploi/237326/charg%C3%A9e-marketing/
237276,Technico-Commercial- EPI - Clientèle Offshore,Entreprise Anonyme,"Société Offshore basée à MégrineDans le cadre du développement de notre activité dédiée aux entreprises totalement exportatrices (offshore), nous recrutons un(e) Technico-Commercial(e) spécialisé(e) dans la commercialisation d’Équipements de Protection Individuelle (EPI).Nous travaillons exclusivement …",,,,1200 - 2000 TND,"Megrine, Ben Arous",CDI,,2026-03-23,23 mars 2026,Non,Keejob,https://www.keejob.com/offres-emploi/237276/technico-commercial-epi-client%C3%A8le-offshore/
237248,Technicien Support SAV,GEMADDIS,Gemaddis est une société totalement exportatrice basée à ZI industrielle Chotrana II Lot 94 Ariana 2080. Les trois domaines d’activité de l’entreprise sont : - La distribution de machines pour l'industrie …,électronique / électricité / énergie,,,,"Ariana Ville, Ariana",CDI,,2026-03-23,23 mars 2026,Non,Keejob,https://www.keejob.com/offres-emploi/237248/technicien-support-sav/
237200,Conseillers Client Anglophones – Bizerte,Entreprise Anonyme,Rejoignez Concentrix Tunisie et démarrez votre carrière autrement 2 mois de formation & nesting sur site à Tunis Passage en télétravail garanti à Bizerte après la formation Profil recherché : …,,,,800 - 1200 TND,Bizerte,CDI,Sur site,2026-03-23,23 mars 2026,Non,Keejob,https://www.keejob.com/offres-emploi/237200/conseillers-client-anglophones-bizerte/
237195,Télévendeurs Mutuelle Santé,Entreprise Anonyme,"Prêt à Booster Votre Carrière Commerciale ? Oubliez les annonces barbantes ! Si vous avez la tchatche, l'énergie à revendre et une passion pour le contact humain, alors cette annonce est …",,,,1000 - 1700 TND,Tunis,CDI | CDD | SIVP,,2026-03-23,23 mars 2026,Non,Keejob,https://www.keejob.com/offres-emploi/237195/t%C3%A9l%C3%A9vendeurs-mutuelle-sant%C3%A9/
237116,Manager Télévente - Mutuelle Santé,ECG ASSURANCES,Rejoignez ECG Groupe Assurance et prenez la tête d’une équipe santé où votre leadership fera réellement la différence.À propos d’ECG Groupe AssuranceECG Pereire Assurance est un groupe spécialisé dans la …,call center / télévente,,,2000 - 4000 TND,"Centre ville, Tunis",CDI,,2026-03-23,23 mars 2026,Non,Keejob,https://www.keejob.com/offres-emploi/237116/manager-d%C3%A9quipe-mutuelle-sant%C3%A9/
237114,Manager Télévente – Assurance Automobile IARD,ECG ASSURANCES,"Envie de manager, d’innover et de faire bouger le monde de l’assurance auto ? Votre prochaine opportunité est iciÀ propos d’ECG Groupe AssuranceECG Groupe Assurance est un acteur reconnu du …",call center / télévente,,Manager,2000 - 4000 TND,"Centre ville, Tunis",CDI,,2026-03-23,23 mars 2026,Non,Keejob,https://www.keejob.com/offres-emploi/237114/manager-assurance-automobile-iard/
237115,Manager Télévente - Mutuelle Santé Sousse,ECG ASSURANCES,Rejoignez ECG Groupe Assurance et prenez la tête d’une équipe santé où votre leadership fera réellement la différence.À propos d’ECG Groupe AssuranceECG Pereire Assurance est un groupe spécialisé dans la …,call center / télévente,,,,Tunis,CDI,,2026-03-23,23 mars 2026,Non,Keejob,https://www.keejob.com/offres-emploi/237115/manager-d%C3%A9quipe-mutuelle-sant%C3%A9-sousse/
237108,Conseillers Client,TP,Tu cherches un emploi ou une nouvelle expérience ? TP Tunisie t’ouvre ses portes : tu choisis ton régime horaire par semaine (40H ou 28H) et tu signes ton contrat dès l’embauche ! …,informatique / télécoms,,,,"Centre ville, Tunis",,,2026-03-23,23 mars 2026,Non,Keejob,https://www.keejob.com/offres-emploi/237108/conseillers-client/
237068,Téléprospecteur En Produit Bancaire,OUTSOURCIA,"Le groupe Outsourcia est un opérateur spécialisé dans les métiers de l'outsourcing: gestion de la relation client à distance, multiservice, multilingue et multicanal (centres d'appels, gestion des e-mails, solutions de …",call center / télévente,,,,"Tunis, Tunis",CDI,,2026-03-23,23 mars 2026,Non,Keejob,https://www.keejob.com/offres-emploi/237068/t%C3%A9l%C3%A9prospecteur-en-produit-bancaire/
237071,Planificateur Transport Routier (Oil&Gas),PARTNER RECRUITMENT,"Nous recrutons pour le compte d’une multinationale pétrolière de premier plan, reconnue à l’échelle internationale, Planificateur Transport Routier MISSIONS : Planifier et coordonner les livraisons Fuel & Lubes selon les SLA …",recrutement / ressources humaines,,,,"Rades, Ben Arous",,,2026-03-23,23 mars 2026,Non,Keejob,https://www.keejob.com/offres-emploi/237071/planificateur-transport-routier-oilgas/
237004,Responsable Commercial (SFAX),PARTNER RECRUITMENT,"Nous recrutons pour le compte de notre client, acteur majeur de l’industrie métallique en Tunisie, Responsable Commercial (SFAX)MISSIONS: Développer le portefeuille clients sur la zone Sfax : grossistes, promoteurs immobiliers, professionnels du bâtiment …",recrutement / ressources humaines,,,2000 - 2500 TND,Sfax,,,2026-03-23,23 mars 2026,Non,Keejob,https://www.keejob.com/offres-emploi/237004/responsable-commercial-sfax/
237020,RESPONSABLE TECHNIQUE,Entreprise Anonyme,"Assurer la performance, la fiabilité et l’amélioration continue des installations techniques de l’entreprise, tout en pilotant les projets techniques et en encadrant les équipes, dans un environnement industriel exigeant (idéalement …",,,,,"Megrine, Ben Arous",CDI,,2026-03-23,23 mars 2026,Non,Keejob,https://www.keejob.com/offres-emploi/237020/responsable-technique/
237002,Directeur Administratif et financier (SFAX),PARTNER RECRUITMENT,"Nous recrutons pour le compte de notre client, acteur majeur de l’industrie métallique en Tunisie, Directeur Administratif et financier (SFAX)MISSIONS: Piloter la stratégie financière et assurer la fiabilité des états financiers Superviser la …",recrutement / ressources humaines,,Directeur,3500 - 4000 TND,Sfax,CDI,,2026-03-23,23 mars 2026,Non,Keejob,https://www.keejob.com/offres-emploi/237002/directeur-administratif-et-financier-sfax/
236985,Planner,BULGIN TUNISIE,"DescriptionPlease send your CV in English otherwise it won't be taken into consideration. Description:Our Planner is responsible for planning, coordinating, and monitoring the flow of materials and products through the supply …",électronique / électricité / énergie,,,,"Mannouba, La Manouba",CDI,,2026-03-23,23 mars 2026,Non,Keejob,https://www.keejob.com/offres-emploi/236985/planner/
236960,Chargé Permanence,AZIZA,"Société AZIZA, opérant dans le commerce de détail et filiale d’un groupe de grande envergure, recrute un Chargé Permanence.Missions :Assurer la permanence de nuit : surveillance continue et réaction en cas …",commerce / vente / distribution,,,,"Ben Arous, Ben Arous",CDI,,2026-03-23,23 mars 2026,Non,Keejob,https://www.keejob.com/offres-emploi/236960/charg%C3%A9-permanence/
236926,Vendeur/ Caissier Bershka Mall of Sousse,TUNTEX,"Pour Accompagner son développement, le groupe Indigo Company, leader du marché du Retail en Tunisie, avec plus de 15 enseignes d’envergure internationale, recherche ses futurs conseillers en mode.Véritable ambassadeur de …",commerce / vente / distribution,,,,Sousse,,,2026-03-23,23 mars 2026,Non,Keejob,https://www.keejob.com/offres-emploi/236926/vendeur-caissier-oysho-mall-of-sousse/
236878,Technicien(ne) d'habillement,Entreprise Anonyme,"Nous recherchons actuellement un Technicien motivé et expérimenté, disposant d’une expertise spécifique dans la confection de chemises, pour rejoindre notre équipe dynamique.Missions et Responsabilités Principales* Gestion de la production : * …",,,,2500 - 3000 TND,"La Chebba, Mahdia",CDI,,2026-03-23,23 mars 2026,Non,Keejob,https://www.keejob.com/offres-emploi/236878/technicienne-dhabillement/
238085,Analyste Physico-chimie (Poste Nuit),LABORATOIRE THERA,"Laboratoire THERA, situé dans la Zone Industrielle El Agba, recrute un Analyste Physico-chimie . Formation : Licence ou Mastère en Chimie, Biochimie, Biologie ou diplôme équivalent. Missions principales : Réaliser …",santé / paramédical / optique,,,700 - 900 TND,"Mannouba, La Manouba",CDD | SIVP,,2026-03-21,21 mars 2026,Non,Keejob,https://www.keejob.com/offres-emploi/238085/analyste-physico-chimie-poste-nuit/
238086,Technicien maintenance,LABORATOIRE THERA,"Le Laboratoire THERA recrute pour son département maintenance un technicien maintenance. Profil recherché : Formation supérieure (BTS ou BTP) en maintenance industrielle, automatisme industriel ou équivalent. Compétences : …",santé / paramédical / optique,,,,"Mannouba, La Manouba",CDI,,2026-03-21,21 mars 2026,Non,Keejob,https://www.keejob.com/offres-emploi/238086/technicien-maintenance/
238096,Assistant(e) de Cabinet d’Assurance,ASSURANCE MONASTIR,Nous recherchons un(e) assistant(e) pour rejoindre notre équipe en agence d’assurance. Votre rôle sera de soutenir la gestion quotidienne du cabinet et d'assurer un service de qualité à nos clients.*Missions …,banque / finance / assurances,,,700 - 800 TND,"Monastir, Monastir",CDI | SIVP,,2026-03-21,21 mars 2026,Non,Keejob,https://www.keejob.com/offres-emploi/238096/assistante-de-cabinet-dassurance/
237518,Conseiller Technique Pâtisserie Boulangerie,ROSE BLANCHE GROUP,"Conseiller technique Pâtisserie Boulangerie Envie de rejoindre le leader tunisien de l’agroalimentaire dans le secteur des céréales et dérivés, fort de plus de 100 ans d’innovation et de croissance continue …",agriculture / agro-alimentaire / environnement,,,,"Sousse Ville, Sousse",CDI,,2026-03-21,21 mars 2026,Non,Keejob,https://www.keejob.com/offres-emploi/237518/conseiller-technique-p%C3%A2tisserie-boulangerie/
237540,Technicien maintenance,DAR ESSAYDALI,Le technicien maintenance a pour mission :- Organisation et Réalisation des interventions de maintenance préventive et corrective sur les équipements et installations en zone propre- Respecter les normes d’hygiène et de sécurité- Réaliser …,santé / paramédical / optique,,,,"Sfax Ville, Sfax",,,2026-03-21,21 mars 2026,Non,Keejob,https://www.keejob.com/offres-emploi/237540/technicien-maintenance/
237541,Ingénieur en Electromécanique,DAR ESSAYDALI,"L’ingénieur en Electromécanique gère la maintenance, l’amélioration de l’équipement de production et son adaptation aux évolutions d’organisation ou de technologies.Il/elle garantit la mise à disposition et la conformité des installations …",santé / paramédical / optique,,,,Sfax,,,2026-03-21,21 mars 2026,Non,Keejob,https://www.keejob.com/offres-emploi/237541/ing%C3%A9nieur-en-electrom%C3%A9canique/
237543,Technicien maintenance,GROUPE JUDY,"Le groupe JUDY, acteur de l'industrie des détergents en Tunisie, renforce son équipe et recrute son Technicien en maintenance pour l'une de ses filiales à Zriba .Vous interviendrez principalement sur …",chimie / biologie / physique,,,,"Hammam Zriba, Zaghouan",CDI,,2026-03-21,21 mars 2026,Non,Keejob,https://www.keejob.com/offres-emploi/237543/technicien-maintenance/
237548,Opérateur machine CNC,Entreprise Anonyme,"Jeune technicien en mécanique ou construction métallique, discipliné et sérieux Capacité à travailler en équipe Responsabilités: Conduite et surveillance des machines CNCMaintenir et 'outillage en bon état, vérification de la conformité des pièces. bonne …",,,,,"Megrine, Ben Arous",CDI | SIVP,,2026-03-21,21 mars 2026,Non,Keejob,https://www.keejob.com/offres-emploi/237548/op%C3%A9rateur-machine-cnc/
237555,Conseiller Commercial Emprunteur,FILIASSUR TUNISIE,Nous recherchons un profil exceptionnel !Maître de la communication et de la persuasion.Capable de déceler et comprendre les besoins uniques des clients.Doté(e) d'une écoute active et d'une grande empathie.Expert(e) dans l'utilisation …,banque / finance / assurances,,,,Ariana,CDI | SIVP,,2026-03-21,21 mars 2026,Non,Keejob,https://www.keejob.com/offres-emploi/237555/conseiller-commercial-emprunteur/
237556,Responsable RH Opérationnel,KROMBERG & SCHUBERT TUNISIE,"🚀 Rejoignez Kromberg & Schubert à Béja en tant que Responsable RH Opérationnel !Qui sommes-nous ?Kromberg & Schubert-Béja, filiale d'une multinationale allemande située dans le nord-ouest de la Tunisie, est …",automobile / moteurs / engins mécaniques,,,,"Beja Nord, Béja",CDI,,2026-03-21,21 mars 2026,Non,Keejob,https://www.keejob.com/offres-emploi/237556/responsable-rh-op%C3%A9rationnel/
237559,Expert IT Software Engineering,HR HOUSE INTERNATIONAL,"HR House International recrute pour le compte de l’un de ses clients, une société d'envergure opérant dans le secteur de l’automobile, un Expert IT Software Engineering. Missions:Valider les concepts techniques et …",recrutement / ressources humaines,,,,Sousse,CDI,,2026-03-21,21 mars 2026,Non,Keejob,https://www.keejob.com/offres-emploi/237559/expert-it-software-engineering/
237562,Senior Consultant SAP BW/4,HR HOUSE INTERNATIONAL,"HR House International recrute pour le compte de l’un de ses clients, une société d'envergure opérant dans le secteur de l’automobile, un SAP BW/4 Senior Consultant.Missions:Collaborer avec les équipes métiers …",recrutement / ressources humaines,,Senior,,Sousse,CDI,,2026-03-21,21 mars 2026,Non,Keejob,https://www.keejob.com/offres-emploi/237562/senior-consultant-sap-bw4/
237552,Expert IT Infrastructure (SCCM / Intune),HR HOUSE INTERNATIONAL,"HR House International recrute pour le compte de l’un de ses clients, une société d'envergure opérant dans le secteur de l’automobile, un Expert IT Infrastructure (SCCM / Intune).Missions:Assurer le support …",recrutement / ressources humaines,,,,Sousse,CDI,,2026-03-21,21 mars 2026,Non,Keejob,https://www.keejob.com/offres-emploi/237552/expert-it-infrastructure-sccm-intune/
237553,Agent Logistique et Parc Roulant,STAROIL,"Agent Logistique et Parc RoulantSociété : TransoilLieu : TunisieType de contrat : CDI / CivpDisponibilité : ImmédiateDescription du posteDans le cadre du renforcement de son équipe, la société Transoil recrute …",commerce / vente / distribution,,,,"Rades, Ben Arous",CDI,,2026-03-21,21 mars 2026,Non,Keejob,https://www.keejob.com/offres-emploi/237553/agent-logistique-et-parc-roulant/
237558,Responsable Nuit,KROMBERG & SCHUBERT TUNISIE,"Responsabilités :Superviser l’ensemble des opérations de production pendant la nuit, en veillant à ce que la fabrication des câblages respecte les standards de qualité et de sécurité.Assurer le suivi des …",automobile / moteurs / engins mécaniques,,,,"Beja Nord, Béja",CDI,,2026-03-21,21 mars 2026,Non,Keejob,https://www.keejob.com/offres-emploi/237558/responsable-nuit/
237512,Stratifieur,CRIT,"CRIT Tunisie recrute pour le compte de son client, acteur du secteur nautique, un(e) Stratifieur(se) pour renforcer ses équipes de production.Missions principales :Réaliser des opérations de stratification au contactEffectuer des …",recrutement / ressources humaines,,,,France,CDI,,2026-03-21,21 mars 2026,Non,Keejob,https://www.keejob.com/offres-emploi/237512/stratifieur-france/
237525,Vendeur / Préparateur de Jus - MALL OF SOUSSE,BARIOLO,"BARIOLO, la référence du jus frais en Tunisie, cherche à recruter des vendeurs / préparateurs de jus, passionnés et dynamiques, pour renforcer ses équipes sur les points de vente suivants:MALL OF …",tourisme / hôtellerie / restauration / loisirs,,,,"Sousse Ville, Sousse",CDI | CDD | SIVP,,2026-03-21,21 mars 2026,Non,Keejob,https://www.keejob.com/offres-emploi/237525/vendeur-pr%C3%A9parateur-de-jus-mall-of-sousse/
237542,Conseillers en Relations Humaines,TANIS,"🌟 TANIS RECRUTE – REJOIGNEZ UNE ÉQUIPE PAS COMME LES AUTRES ! TANIS, filiale d’un groupe français, leader international dans le domaine des relations humaines et de la parapsychologie, basée …",call center / télévente,,,800 - 1500 TND,"Ariana Ville, Ariana",CDI | SIVP,,2026-03-21,21 mars 2026,Non,Keejob,https://www.keejob.com/offres-emploi/237542/conseillers-en-relations-humaines/
237513,Responsable d’Équipe en Télévente,ACTIVE CONTACT,"Active Contact recrute un Responsable d’Équipe en Télévente ! Vous êtes un leader dans l'âme, passionné par la vente et le management d'équipe ? Rejoignez Active Contact, un centre de relation …",call center / télévente,,,1500 - 2000 TND,"Centre ville, Tunis",CDI,,2026-03-21,21 mars 2026,Non,Keejob,https://www.keejob.com/offres-emploi/237513/responsable-d%C3%A9quipe-en-t%C3%A9l%C3%A9vente/
237515,Commercial Mutuelle santé (télévente),FILIASSUR TUNISIE,Filiassur recrute des conseillers commerciaux Mutuelle Santé (expérimentés)Horaires plein temps : 9H00 – 17H45 du Lundi au Vendredi Ou Horaires aménagés Salaire plein temps de 1130 dt net (intégrant la …,banque / finance / assurances,,,,Ariana,CDI | SIVP,,2026-03-21,21 mars 2026,Non,Keejob,https://www.keejob.com/offres-emploi/237515/conseillers-en-assurance-mutuelle-sant%C3%A9/
237547,Commercial,HR HOUSE INTERNATIONAL,"HR House International recrute pour le compte de l’un de ses clients, une société d'envergure opérant dans le secteur de la pétrochimie, un Profil Commercial.Missions:Prospecter et développer un portefeuille de …",recrutement / ressources humaines,,,,Tunis,CDI,,2026-03-21,21 mars 2026,Non,Keejob,https://www.keejob.com/offres-emploi/237547/commercial/
237530,Conseillers Commerciaux en Réception d'appel,OUTSOURCIA,"Le groupe Outsourcia est un opérateur spécialisé dans les métiers de l'outsourcing: gestion de la relation client à distance, multiservice, multilingue et multicanal (centres d'appels, gestion des e-mails, solutions de …",call center / télévente,,,,"Tunis, Tunis",CDI,,2026-03-21,21 mars 2026,Non,Keejob,https://www.keejob.com/offres-emploi/237530/conseillers-commerciaux-en-r%C3%A9ception-dappel/
237528,Responsable COMEX,ALMES MATEUR,"Dans le cadre de son développement, ALMES MATEUR, filiale du Groupe POULINA, recrute un(e) Responsable COMEXMissions principalesGérer et optimiser les relations avec les fournisseurs Négocier les contrats d’achats dans le respect …",agriculture / agro-alimentaire / environnement,,,,Bizerte,CDI | SIVP,,2026-03-21,21 mars 2026,Non,Keejob,https://www.keejob.com/offres-emploi/237528/responsable-comex/
237554,Expert IT Operations – SAP FICO,HR HOUSE INTERNATIONAL,"HR House International recrute pour le compte de l’un de ses clients, une société d'envergure opérant dans le secteur de l’automobile, un Expert IT Operations – SAP FICO.Missions:Assurer le bon …",recrutement / ressources humaines,,,,Sousse,CDI,,2026-03-21,21 mars 2026,Non,Keejob,https://www.keejob.com/offres-emploi/237554/expert-it-operations-sap-fico/
237551,technicien maintenance,Entreprise Anonyme,missions:Assurer les travaux d’entretien et de maintenance préventive et curative des machinesIdentifier les problèmes mécaniques ou électriques.Lecture des plans Application des règles et standards en vigueur en garantissant la qualité des …,,,,,"Megrine, Ben Arous",CDI,,2026-03-21,21 mars 2026,Non,Keejob,https://www.keejob.com/offres-emploi/237551/technicien-maintenance/
237502,Boulanger,BARIOLO,"Afin d’accompagner son développement, BARIOLO, la première enseigne bar à jus frais et desserts en Tunisie cherche à recruter:UN BOULANGERProfile recherché:· Une expérience de 2 ans minimum dans un poste similaire.· Une personne …",tourisme / hôtellerie / restauration / loisirs,,,,"La Marsa, Tunis",CDI,,2026-03-21,21 mars 2026,Non,Keejob,https://www.keejob.com/offres-emploi/237502/boulanger/
237503,Senior Accountant,VEO WORLDWIDE SERVICES,"Comptable Senior (Révision) -Sousse Prêt à entrer dans le monde passionnant des services B2B ? Découvrez VEO Worldwide – votre porte d'entrée vers une carrière dynamique ! Depuis 19 ans, …",consulting / étude / stratégie,,Senior,,"Sousse, Sousse",CDI,,2026-03-21,21 mars 2026,Non,Keejob,https://www.keejob.com/offres-emploi/237503/senior-accountant/
237501,Patissier,BARIOLO,"Afin d’accompagner son développement, BARIOLO, la première enseigne bar à jus frais et desserts en Tunisie cherche à recruter:UN PATISSIERProfile recherché:· Une expérience de 2 ans minimum dans un poste similaire.· Une personne …",tourisme / hôtellerie / restauration / loisirs,,,,"La Marsa, Tunis",CDI,,2026-03-21,21 mars 2026,Non,Keejob,https://www.keejob.com/offres-emploi/237501/patissier/
226153,Corporate Relationship Manager,BANK ABC,Bank ABC is reinforcing its Wholesale Banking Department with the recruitment of a Corporate Relationship Manager. The Corporate Relationship Manager is responsible for managing and developing a portfolio of top …,banque / finance / assurances,,Manager,,Tunis,CDI,,2026-03-20,20 mars 2026,Non,Keejob,https://www.keejob.com/offres-emploi/226153/corporate-relationship-manager/
224766,Agent de Service Support/ d’Entretien - Sfax,BANK ABC,"Bank ABC Tunisie recrute pour le poste d’Agent(e) de Service Support/ Agent(e) d’Entretien sur SFAX.Principales tâches & Responsabilités:Entretien des locaux :Nettoyage des sols (balayage, aspiration, lavage)Dépoussiérage des surfaces, mobilier, objets …",banque / finance / assurances,,,,Sfax,,,2026-03-20,20 mars 2026,Non,Keejob,https://www.keejob.com/offres-emploi/224766/agent-de-service-support-dentretien-sfax/
237883,Technicien Management Qualité,MOULIN D'OR,Un groupe leader dans le secteur agroalimentaire recrute de suite un Technicien SMQ pour renforcer sa gouvernance opérationnelle et accompagner sa croissanceMissions principales Vous serez en charge de piloter les dispositifs d’audit …,agriculture / agro-alimentaire / environnement,,,25000 - 30000 TND,"Bir Mcherga, Zaghouan",CDI,,2026-03-20,20 mars 2026,Non,Keejob,https://www.keejob.com/offres-emploi/237883/technicien-management-qualit%C3%A9/
237440,Directeur de Restauration,GROUPE STUNAS INDUSTRIES,Hôtel Sousse Pearl Marriott Resort & Spa est un établissement 5*reconnu pour son excellence et son sens du service. Notre hôtel propose plusieurs points de restauration et de convivialité : …,industrie métalliques,,,1500 - 2000 TND,"Sousse Ville, Sousse",CDD,,2026-03-20,20 mars 2026,Non,Keejob,https://www.keejob.com/offres-emploi/237440/directeur-de-restauration/
237481,Gafsa-Commerciaux terrain en Microfinance,ADVANS TUNISIE MICROFINANCE,"Advans, groupe international de Microfinance Advans Tunisie œuvre dans le domaine du développement économique, avec l'objectif d'offrir aux entrepreneurs tunisiens exclus du système financier traditionnel, des services de crédit adaptés …",banque / finance / assurances,,,,Gafsa,CDI | SIVP,,2026-03-20,20 mars 2026,Non,Keejob,https://www.keejob.com/offres-emploi/237481/gafsa-commerciaux-terrain-en-microfinance/
237482,Intilaka-Commerciaux terrain en Microfinance,ADVANS TUNISIE MICROFINANCE,"Advans, groupe international de Microfinance Advans Tunisie œuvre dans le domaine du développement économique, avec l'objectif d'offrir aux entrepreneurs tunisiens exclus du système financier traditionnel, des services de crédit …",banque / finance / assurances,,,,Tunis,CDI | SIVP,,2026-03-20,20 mars 2026,Non,Keejob,https://www.keejob.com/offres-emploi/237482/intilaka-commerciaux-terrain-en-microfinance/
237483,Hammam Sousse-Commerciaux terrain,ADVANS TUNISIE MICROFINANCE,"Advans, groupe international de Microfinance Advans Tunisie œuvre dans le domaine du développement économique, avec l'objectif d'offrir aux entrepreneurs tunisiens exclus du système financier traditionnel, des services de crédit adaptés …",banque / finance / assurances,,,,"Hammam Sousse, Sousse",CDI | SIVP,,2026-03-20,20 mars 2026,Non,Keejob,https://www.keejob.com/offres-emploi/237483/hammam-sousse-commerciaux-terrain/
237484,Médnine-Commerciaux terrain en Microfinance,ADVANS TUNISIE MICROFINANCE,"Advans, groupe international de Microfinance Advans Tunisie œuvre dans le domaine du développement économique, avec l'objectif d'offrir aux entrepreneurs tunisiens exclus du système financier traditionnel, des services de crédit adaptés …",banque / finance / assurances,,,,Médenine,CDI | SIVP,,2026-03-20,20 mars 2026,Non,Keejob,https://www.keejob.com/offres-emploi/237484/m%C3%A9dnine-commerciaux-terrain-en-microfinance/
237485,Gabes-Commerciaux terrain en Microfinance,ADVANS TUNISIE MICROFINANCE,"Advans, groupe international de Microfinance Advans Tunisie œuvre dans le domaine du développement économique, avec l'objectif d'offrir aux entrepreneurs tunisiens exclus du système financier traditionnel, des services de crédit adaptés …",banque / finance / assurances,,,,Gabes,,,2026-03-20,20 mars 2026,Non,Keejob,https://www.keejob.com/offres-emploi/237485/gabes-commerciaux-terrain-en-microfinance/
237444,Technicien HSE,Entreprise Anonyme,"Le groupe JUDY, acteur de l'industrie des détergents en Tunisie, renforce son équipe et recrute son Technicien HSE.Le technicien sécurité est le garant de la mise en œuvre de la …",,,,1000 - 1200 TND,"Dar Chaabane Elfehri, Nabeul",CDI,,2026-03-20,20 mars 2026,Non,Keejob,https://www.keejob.com/offres-emploi/237444/technicien-hse/
237478,TECHNICIEN SUPERIEUR MAINTENANCE,SOTUBI,"* Coordonner, mettre en priorité les actions de maintenance. * Assurer la maintenance curative, préventive de l’ensemble des ateliers de Production * Maintenir une collaboration ouverte avec les différents services …",agriculture / agro-alimentaire / environnement,,,,"Borj El Amri, La Manouba",CDI,,2026-03-20,20 mars 2026,Non,Keejob,https://www.keejob.com/offres-emploi/237478/technicien-superieur-maintenance/
237439,Directeur Food & Beverage,GROUPE STUNAS INDUSTRIES,Hôtel Sousse Pearl Marriott Resort & Spa est un établissement 5*reconnu pour son excellence et son sens du service. Notre hôtel propose plusieurs points de restauration et de convivialité : …,industrie métalliques,,,1500 - 3000 TND,"Sousse Ville, Sousse",CDD,,2026-03-20,20 mars 2026,Non,Keejob,https://www.keejob.com/offres-emploi/237439/directeur-food-beverage/
237469,Assistante comptable,BARIOLO,"BARIOLO, la référence du jus frais en Tunisie, cherche à recruter une Comptable, pour couvrir les tâches suivantes:Etablir et effectuer les déclarations fiscales et sociales légalessaisie divers pièces comptables avec justification …",tourisme / hôtellerie / restauration / loisirs,,,,"La Marsa, Tunis",,,2026-03-20,20 mars 2026,Non,Keejob,https://www.keejob.com/offres-emploi/237469/assistante-comptable/
237465,Directeur de Site Adjoint (H/F) –BPO– Sousse,Entreprise Anonyme,Offre d’emploi : Directeur de Site Adjoint (H/F) – Centre d’appels / BPO – Sousse Secteur : BPO – Centre de contacts Type de contrat : CDI Localisation : Sousse …,,,Directeur,,Sousse,CDI,,2026-03-20,20 mars 2026,Non,Keejob,https://www.keejob.com/offres-emploi/237465/directeur-de-site-adjoint-hf-bpo-sousse/
237461,Responsable Gestion des Archives Groupe,ROSE BLANCHE GROUP,"Responsable Gestion des Archives Groupe Envie de rejoindre le leader tunisien de l’agroalimentaire dans le secteur des céréales et dérivés, fort de plus de 100 ans d’innovation et de …",agriculture / agro-alimentaire / environnement,,,,"Sousse Ville, Sousse",CDI,,2026-03-20,20 mars 2026,Non,Keejob,https://www.keejob.com/offres-emploi/237461/responsable-gestion-des-archives-groupe/
237471,Gestionnaire financière,PLASTIC ELECTROMECHANIC COMPANY PEC,"Notre entreprise est à la recherche d’une Gestionnaire Financière dynamique et rigoureuse pour rejoindre notre équipe.Profil recherché :Diplôme en finance, comptabilité, gestion ou domaine équivalentExpérience professionnelle minimum de 2 ans …",industrie électro-mécaniques,,,,"Zaghouan, Zaghouan",CDI,,2026-03-20,20 mars 2026,Non,Keejob,https://www.keejob.com/offres-emploi/237471/gestionnaire-financi%C3%A8re/
237475,02- Assistante RH,PLASTIC ELECTROMECHANIC COMPANY PEC,"Profil recherché :Diplôme en Ressources Humaines, Gestion, Administration ou domaine équivalentExpérience souhaitée minimum 1 à 2 ans dans un poste similaireBonne maîtrise des outils informatiques (Word, Excel)Connaissance des bases de …",industrie électro-mécaniques,,,,"Zaghouan, Zaghouan",CDI,,2026-03-20,20 mars 2026,Non,Keejob,https://www.keejob.com/offres-emploi/237475/02-assistante-rh/
237447,Vendeur/ Caissier Zara Tunis City,TUNTEX,"Pour Accompagner son développement, le groupe Indigo Company, leader du marché du Retail en Tunisie, avec plus de 15 enseignes d’envergure internationale, recherche ses futurs conseillers en mode.Véritable ambassadeur de …",commerce / vente / distribution,,,,Ariana,,,2026-03-20,20 mars 2026,Non,Keejob,https://www.keejob.com/offres-emploi/237447/vendeur-caissier-zara-tunis-city/
237470,Assistant Manager Stradivarius Mall of Sfax,TUNTEX,"Indigo Company recrute pour sa marque Stradivarius Mall of Sfax un(e) Assistant(e) Manager.En tant qu’Assistant(e) Manager, vous êtes l’image de l’entreprise. Vous êtes directement responsable de la réussite de votre …",commerce / vente / distribution,,Manager,,Sfax,,,2026-03-20,20 mars 2026,Non,Keejob,https://www.keejob.com/offres-emploi/237470/assistant-manager-stradivarius-mall-of-sfax/
237448,Vendeur/ Caissier Bershka Tunis City,TUNTEX,"Pour Accompagner son développement, le groupe Indigo Company, leader du marché du Retail en Tunisie, avec plus de 15 enseignes d’envergure internationale, recherche ses futurs conseillers en mode.Véritable ambassadeur de …",commerce / vente / distribution,,,,Ariana,,,2026-03-20,20 mars 2026,Non,Keejob,https://www.keejob.com/offres-emploi/237448/vendeur-caissier-bershka-tunis-city/
237445,Technicien maintenance,MEDINA GROUP,"🚀 Offre d’emploi « Technicien supérieur maintenance industrielle » 🔍 Dans le cadre du développement de son activité, Carthage Land Les Berges du Lac, leader incontesté du divertissement et des loisirs, recherche 2 …",tourisme / hôtellerie / restauration / loisirs,,,,Ariana,CDI,,2026-03-20,20 mars 2026,Non,Keejob,https://www.keejob.com/offres-emploi/237445/recrutement-technicien-maintenance/
237467,Vendeur/ Caissier LCW Mall of Sousse,TUNTEX,"Pour Accompagner son développement, le groupe Indigo Company, leader du marché du Retail en Tunisie, avec plus de 15 enseignes d’envergure internationale, recherche ses futurs conseillers en mode.Véritable ambassadeur de …",commerce / vente / distribution,,,,Sousse,,,2026-03-20,20 mars 2026,Non,Keejob,https://www.keejob.com/offres-emploi/237467/vendeur-caissier-bershka-mall-of-sousse/
237466,Ingénieur Technico-Commercial,GROUPE MABROUKA,"Le Groupe MABROUKA, leader national du secteur agricole, est constitué de plusieurs pôles d’activités : production/pépinière, commerce et industrie.Dans le cadre du renforcement de nos équipes et de notre stratégie …",agriculture / agro-alimentaire / environnement,,,,Gafsa,CDI,,2026-03-20,20 mars 2026,Non,Keejob,https://www.keejob.com/offres-emploi/237466/ing%C3%A9nieur-technico-commercial/
237497,Responsable RH Sidi El Heni - Sousse,SNA,SNA Sidi El Heni - Sousse filiale de poulina holding groupe est à la recherche d'un(e) talentueux(se) Responsable RH et pour rejoindre notre équipe et contribuer à notre développement : Responsabilités …,agriculture / agro-alimentaire / environnement,,,,"Sidi El Heni, Sousse",CDI,,2026-03-20,20 mars 2026,Non,Keejob,https://www.keejob.com/offres-emploi/237497/responsable-rh-sidi-el-heni-sousse/
237446,Responsable Régional Export,ROSE BLANCHE GROUP,"Envie de rejoindre le leader tunisien de l’agroalimentaire dans le secteur des céréales et dérivés, fort de plus de 100 ans d’innovation et de croissance continue ? Vous souhaitez dynamiser votre carrière au sein …",agriculture / agro-alimentaire / environnement,,,,"Sousse Ville, Sousse",CDI,,2026-03-20,20 mars 2026,Non,Keejob,https://www.keejob.com/offres-emploi/237446/responsable-r%C3%A9gional-territorial/
238070,Technicien de laboratoire CQ,CEVA TUNISIE,Technicien de laboratoire CQMissions principaleso Réaliser les analyses physico-chimiques des matières premières et des produits finis et assurer la conformité aux bons pratiques de fabrication (BPF-BPL)o Contrôler la conformité des …,santé / paramédical / optique,,,800 - 1500 TND,Tunis,CDI,,2026-03-19,19 mars 2026,Non,Keejob,https://www.keejob.com/offres-emploi/238070/technicien-de-laboratoire-cq/
238064,Data Systems Architect - Tunis,LIBRA TAX AND ACCOUNTANCY,"À propos de LIBRA :LIBRA est un cabinet d'experts-comptables et fiscaux, réunissant une cinquantaine de professionnels passionnés, présents en Belgique et au Grand-Duché de Luxembourg. Notre mission ? Offrir un …",comptabilité / gestion / audit,,,1000 - 3000 TND,Tunis,CDI,,2026-03-19,19 mars 2026,Non,Keejob,https://www.keejob.com/offres-emploi/238064/data-systems-architect-tunis/
238066,technico-commerciale,DIAGVET LAB,Nous sommes un leader dans la distribution de solutions médicales innovantes et recherchons une Technico-Commerciale dynamique et passionnée pour rejoindre notre équipe. Votre rôle : Développer et gérer votre portefeuille …,santé / paramédical / optique,,,1000 - 1200 TND,Tunis,CDI | CDD | SIVP,,2026-03-19,19 mars 2026,Non,Keejob,https://www.keejob.com/offres-emploi/238066/technico-commerciale/
238067,Responsable magasin - Commercial(e),Ben Cheikh Garden Center,"Assurer la vente, le conseil client et la gestion opérationnelle quotidienne de la boutique botanique, tout en garantissant une excellente expérience client et une bonne présentation des plantes et accessoires.Profil …",agriculture / agro-alimentaire / environnement,,,800 - 1000 TND,"La Soukra, Ariana",CDI | SIVP,,2026-03-19,19 mars 2026,Non,Keejob,https://www.keejob.com/offres-emploi/238067/responsable-magasin-commerciale/
238055,Responsable ressources humaines Junior,DAR ZARROUK,"Dans le cadre du développement de nos activités, notre groupe hôtelier recherche un Responsable Ressources humaines junior pour accompagner la gestion et le développement de nos équipes. Missions principales Sous la …",tourisme / hôtellerie / restauration / loisirs,,Junior,1500 - 1700 TND,"La Marsa, Tunis",CDI,,2026-03-19,19 mars 2026,Non,Keejob,https://www.keejob.com/offres-emploi/238055/responsable-ressources-humaines-junior/
238056,Directeur commercial (H/F) hôtel,DAR ZARROUK,Un groupe hôtelier basé à Tunis recrute un Directeur Commercial (H/F) pour piloter la stratégie commerciale et développer la performance de ses établissements. Missions principales : Définir et mettre en …,tourisme / hôtellerie / restauration / loisirs,,Directeur,2500 - 3000 TND,"Centre ville, Tunis",CDI,,2026-03-19,19 mars 2026,Non,Keejob,https://www.keejob.com/offres-emploi/238056/recrutement-directeur-commercial-hf-h%C3%B4tel/
236648,Assureur Conseil en Assurance IARD,PROTECT + TUNISIE,"""Protect Plus Tunisie » filiale de l’assurance française « Protect Plus Assurances » ; un véritable spécialiste qui offre à ses clients une gamme complète d’assurance auto, deux roues et habitation …",banque / finance / assurances,,,1200 - 1600 TND,"Ariana Ville, Ariana",CDI | SIVP,,2026-03-19,19 mars 2026,Non,Keejob,https://www.keejob.com/offres-emploi/236648/assureur-conseil-en-assurance-iard/
236647,Souscripteur en Assurances IARD,PROTECT + TUNISIE,"""Protect Plus Tunisie » filiale de l’assurance française « Protect Plus Assurances » ; un véritable spécialiste qui offre à ses clients une gamme complète d’assurance auto, deux roues et habitation …",banque / finance / assurances,,,1200 - 1400 TND,"Ariana Ville, Ariana",CDI | SIVP,,2026-03-19,19 mars 2026,Non,Keejob,https://www.keejob.com/offres-emploi/236647/souscripteur-en-assurances-iard/
237934,Responsable formation,GREEN PRO ACADEMY,"Un bureau de formation spécialisé dans la formation professionnelle pour les entreprises recrute une Responsable Formation pour renforcer son équipe.Missions principalesSous la supervision de la direction, la Responsable Formation sera …",enseignement / formation / puériculture,,,900 - 2000 TND,"La Soukra, Ariana",CDI,,2026-03-19,19 mars 2026,Non,Keejob,https://www.keejob.com/offres-emploi/237934/responsable-formation/
237825,Assistant ressources humaines,Entreprise Anonyme,"Notre société leader dans le domaine de la distribution de gros membre du GROUPE KILANI souhaite recruter un(e) assistant(e) RH:Missions principales :Rattaché au Responsable Ressources Humaines, vous serez chargé de …",,,,1000 - 1200 TND,"La Marsa, Tunis",CDI | SIVP,,2026-03-19,19 mars 2026,Non,Keejob,https://www.keejob.com/offres-emploi/237825/assistant-ressources-humaines/
237420,Technicien de Maintenance,HUBER SUHNER,Nous recherchons un technicien de maintenance passionné et compétent pour rejoindre notre équipe. Si vous avez de l’expérience dans le domaine de la maintenance et que vous êtes prêt à relever de nouveaux …,industrie électro-mécaniques,,,,Sousse,CDI,,2026-03-19,19 mars 2026,Non,Keejob,https://www.keejob.com/offres-emploi/237420/technicien-de-maintenance/
237415,Vendeur / Caissier Adidas Tunisia Mall,TUNTEX,"Pour Accompagner son développement, le groupe Indigo Company, leader du marché du Retail en Tunisie, avec plus de 15 enseignes d’envergure internationale, recherche ses futurs conseillers en mode.Véritable ambassadeur de …",commerce / vente / distribution,,,,Ariana,,,2026-03-19,19 mars 2026,Non,Keejob,https://www.keejob.com/offres-emploi/237415/vendeur-caissier-adidas-tunisia-mall/
237375,Manager d’Équipe Télévente,COMETE TN.AI,"📢 Nous recrutons un(e) Manager d’Équipe Télévente Poste basé en TunisieSecteur : Centre d’appel / Relation clientActivité : Télévente BtoB / BtoC Votre mission En tant que Manager d’Équipe Télévente, …",call center / télévente,,Manager,,"La Marsa, Tunis",CDI,,2026-03-19,19 mars 2026,Non,Keejob,https://www.keejob.com/offres-emploi/237375/manager-d%C3%A9quipe-t%C3%A9l%C3%A9vente/
237374,AGENT IMMOBILIER TECNOCASA M'SAKEN,TECNOCASA GROUP,TECNOCASA TUNISIE est devenue le premier groupe d'agence immobilières indépendantes du pays et compte actuellement 80 agences dans les régions suivantes:- le Grand Tunis: la banlieue nord-la banlieue sud -El Manezeh-El …,architecture / immobilier / BTP,,,,"Msaken, Sousse",,,2026-03-19,19 mars 2026,Non,Keejob,https://www.keejob.com/offres-emploi/237374/agent-immobilier-tecnocasa-msaken/
237419,Vendeur/ Caissier Oysho Tunisia Mall,TUNTEX,"Pour Accompagner son développement, le groupe Indigo Company, leader du marché du Retail en Tunisie, avec plus de 15 enseignes d’envergure internationale, recherche ses futurs conseillers en mode.Véritable ambassadeur de …",commerce / vente / distribution,,,,Ariana,,,2026-03-19,19 mars 2026,Non,Keejob,https://www.keejob.com/offres-emploi/237419/vendeur-caissier-oysho-tunisia-mall/
237381,Assistant(e) Comptable,STRAM GROUPE,"STRAM Group, fondé en 2007 en Tunisie, est un acteur clé dans le secteur du génie civil et des énergies renouvelables. Fort de son expertise, le groupe se distingue par …",architecture / immobilier / BTP,,,,"Megrine, Ben Arous",CDI | SIVP,,2026-03-19,19 mars 2026,Non,Keejob,https://www.keejob.com/offres-emploi/237381/assistante-comptable/
237418,Vendeur/ Caissier Massimo Tunisia Mall,TUNTEX,"Pour Accompagner son développement, le groupe Indigo Company, leader du marché du Retail en Tunisie, avec plus de 15 enseignes d’envergure internationale, recherche ses futurs conseillers en mode.Véritable ambassadeur de …",commerce / vente / distribution,,,,Ariana,,,2026-03-19,19 mars 2026,Non,Keejob,https://www.keejob.com/offres-emploi/237418/vendeur-caissier-massimo-tunisia-mall/
237395,Ingénieur Support IT,PARTNER RECRUITMENT,"Nous recrutons pour le compte de notre client, une multinationale de renom dans le secteur pétrolier, Ingénieur Support ITMISSIONS: Assurer le support IT aux utilisateurs (locaux et distants) et être le …",recrutement / ressources humaines,,,,Tunis,,,2026-03-19,19 mars 2026,Non,Keejob,https://www.keejob.com/offres-emploi/237395/ing%C3%A9nieur-support-it/
237417,Vendeur/ Caissier Bershka Tunisia Mall,TUNTEX,"Pour Accompagner son développement, le groupe Indigo Company, leader du marché du Retail en Tunisie, avec plus de 15 enseignes d’envergure internationale, recherche ses futurs conseillers en mode.Véritable ambassadeur de …",commerce / vente / distribution,,,,Ariana,,,2026-03-19,19 mars 2026,Non,Keejob,https://www.keejob.com/offres-emploi/237417/vendeur-caissier-bershka-tunisia-mall/
237410,Vendeur/ Caissier LCW Habib Bourguiba,TUNTEX,"Pour Accompagner son développement, le groupe Indigo Company, leader du marché du Retail en Tunisie, avec plus de 15 enseignes d’envergure internationale, recherche ses futurs conseillers en mode.Véritable ambassadeur de …",commerce / vente / distribution,,,,Tunis,,,2026-03-19,19 mars 2026,Non,Keejob,https://www.keejob.com/offres-emploi/237410/vendeur-caissier-lcw-habib-bourguiba/
237407,Manager d’Équipe – Service Client DE / FR,COMETE TN.AI,"Comete.ai recrute un(e) Manager d’Équipe – Service Client DE / FR Lac 2 – TunisVotre missionEncadrer et animer une équipe de conseillers client (appels & chat).Piloter les indicateurs de performance (qualité, …",call center / télévente,,Manager,1500 - 2000 TND,"El Kram, Tunis",CDI,,2026-03-19,19 mars 2026,Non,Keejob,https://www.keejob.com/offres-emploi/237407/manager-d%C3%A9quipe-service-client-de-fr/
237372,Vendeur / Préparateur de Jus - TUNIS,BARIOLO,"BARIOLO, la référence du jus frais en Tunisie, cherche à recruter des vendeurs / préparateurs de jus, passionnés et dynamiques, pour renforcer ses équipes sur les points de vente suivants: …",tourisme / hôtellerie / restauration / loisirs,,,,Tunis,CDD | SIVP,,2026-03-19,19 mars 2026,Non,Keejob,https://www.keejob.com/offres-emploi/237372/vendeur-pr%C3%A9parateur-de-jus-tunis/
237416,vendeur/ Caissier Zara Tunisia Mall,TUNTEX,"Pour Accompagner son développement, le groupe Indigo Company, leader du marché du Retail en Tunisie, avec plus de 15 enseignes d’envergure internationale, recherche ses futurs conseillers en mode.Véritable ambassadeur de …",commerce / vente / distribution,,,,Ariana,,,2026-03-19,19 mars 2026,Non,Keejob,https://www.keejob.com/offres-emploi/237416/vendeur-caissier-zara-tunisia-mall/
237373,Vendeur / Préparateur de Jus - MALL OF SOUSSE,BARIOLO,"BARIOLO, la référence du jus frais en Tunisie, cherche à recruter des vendeurs / préparateurs de jus, passionnés et dynamiques, pour renforcer ses équipes sur les points de vente …",tourisme / hôtellerie / restauration / loisirs,,,,Sousse,CDD | SIVP,,2026-03-19,19 mars 2026,Non,Keejob,https://www.keejob.com/offres-emploi/237373/vendeur-pr%C3%A9parateur-de-jus-mall-of-sousse/
237377,Comptable Sénior,BEN YAGHLANE SHOPS,"La Société Centrale Commerciale "" Biwai Shops "" , sise à Oued Elil, recrute Un Comptable Sénior qui a pour mission : - Gérer le volet comptable selon les obligations légales - Assurer la …",commerce / vente / distribution,,,,La Manouba,,,2026-03-19,19 mars 2026,Non,Keejob,https://www.keejob.com/offres-emploi/237377/comptable-s%C3%A9nior/
237398,Responsable RMQ,STAROIL,Responsable Management Qualité (RMQ)📍 Lieu : Ben Arous – Tunisie (EZZAHRA / Site SETCAR)🏢 Société : SETCAR Tunisie📅 Type de contrat : CDI🎯 Disponibilité : Immédiate / à convenirSETCAR est une société …,commerce / vente / distribution,,,,"Ezzahra, Ben Arous",CDI,,2026-03-19,19 mars 2026,Non,Keejob,https://www.keejob.com/offres-emploi/237398/responsable-rmq/
237392,Consultant SAP S/4HANA,L'ACCUMULATEUR TUNISIEN ASSAD,"Vous êtes Ingénieur(e) en informatique ou équivalent et souhaitez relever un nouveau défi ? Nous recherchons un talent passionné, prêt à explorer l’univers SAP S/4HANA. Profil recherché : Certifié(e) SAP …",électronique / électricité / énergie,,,,"Bou Argoub, Nabeul",CDI,,2026-03-19,19 mars 2026,Non,Keejob,https://www.keejob.com/offres-emploi/237392/consultant-sap-s4hana/
237382,Directeur(trice) de magasin - Mall of Sousse,TUNTEX,"🚀 We are hiring – Directeur(trice) de Magasin | Mall of Sousse 🏆Vous avez l’esprit de compétition, le goût du challenge et l’envie de mener une équipe vers la performance ?Adidas recrute son/sa …",commerce / vente / distribution,,Directeur,,Sousse,,,2026-03-19,19 mars 2026,Non,Keejob,https://www.keejob.com/offres-emploi/237382/directeurtrice-de-magasin-mall-of-sousse/
237357,Sales Operator,ASTRAGALE,"We are a branch of an international French company, leaders in its industry, we are recruiting Sales Operator Service for the English commercial department.Your profile , Our office is located in Sousse• Proficient …",call center / télévente,,,1000 - 5000 TND,"Sousse Ville, Sousse",CDI | SIVP,,2026-03-19,19 mars 2026,Non,Keejob,https://www.keejob.com/offres-emploi/237357/sales-operator/
237360,Assistant(e) support vente,VEO WORLDWIDE SERVICES,"Store Network Support Assistants Profil : Commercial, acheteur et négociateur Prêt à entrer dans le monde passionnant des services B2B ? Découvrez VEO Worldwide – votre porte d'entrée vers une …",consulting / étude / stratégie,,,,"Sousse, Sousse",CDI,,2026-03-19,19 mars 2026,Non,Keejob,https://www.keejob.com/offres-emploi/237360/assistante-support-vente/
238031,Technicien Support Matériels,ROSE BLANCHE GROUP,"Envie de rejoindre le leader tunisien de l’agroalimentaire dans le secteur des céréales et dérivés, fort de plus de 100 ans d’innovation et de croissance continue? Vous souhaitez dynamiser votre …",agriculture / agro-alimentaire / environnement,,,,Sousse,CDI,,2026-03-18,18 mars 2026,Non,Keejob,https://www.keejob.com/offres-emploi/238031/technicien-support-mat%C3%A9riels/
238034,Ingénieur Recherche et Développement,VAKAY,"Dans le cadre de son programme de développement et de renforcement des équipes, La société Carthage Eyewear International Cherche à recruter des ingénieurs Recherche et développementMissionsContribuer activement aux réunions du …",autres,,,1600 - 1800 TND,Sfax,CDI,,2026-03-18,18 mars 2026,Non,Keejob,https://www.keejob.com/offres-emploi/238034/ing%C3%A9nieur-recherche-et-d%C3%A9veloppement/
238036,Chargé Conduite D'activité Francophone,PARTNER RECRUITMENT,"Nous recrutons pour le compte de notre client, une filiale appartenant à un groupe français reconnu, Chargé Conduite D'activité Francophone MISSIONS: Préparer les plannings des prestations de déménagement Préparer et …",recrutement / ressources humaines,,,1300 - 1500 TND,Tunis,CDI,,2026-03-18,18 mars 2026,Non,Keejob,https://www.keejob.com/offres-emploi/238036/charg%C3%A9-conduite-dactivit%C3%A9-francophone/
238039,Administrateur Systèmes & Réseaux,Entreprise Anonyme,"Votre missionRejoignez notre centre d’ingénierie tunisien, filiale d'un éditeur de logiciels français avec une présence internationale spécialisée dans la protection et le management des données des environnements exigeants.En tant qu’Administrateur Systèmes & Réseaux, vous serez en charge …",,,,2000 - 3000 TND,Tunis,CDI,,2026-03-18,18 mars 2026,Non,Keejob,https://www.keejob.com/offres-emploi/238039/administrateur-syst%C3%A8mes-r%C3%A9seaux/
238038,Chargé-e des moyens généraux,ISC CARTHAGE,"L’École Internationale de Carthage, établissement privé d’enseignement français homologué par l'AEFE, recrute un-e Chargé-e des moyens généraux.Finalité du poste : Assurer, en coordination avec sa hiérarchie, l’entretien, la maintenance préventive et corrective …",enseignement / formation / puériculture,,,,Tunis,CDI,,2026-03-18,18 mars 2026,Non,Keejob,https://www.keejob.com/offres-emploi/238038/charg%C3%A9-e-des-moyens-g%C3%A9n%C3%A9raux/
238040,Assistante de direction,Entreprise Anonyme,"Entreprise spécialisée dans l’entretien automobile et la vente de pièces détachées, cherchant à renforcer son équipe avec une assistante administrative organisée et dynamique.Missions :Accueil des clients et gestion des appels …",,,,600 - 650 TND,"Mnihla, Ariana",CDI | SIVP,,2026-03-18,18 mars 2026,Non,Keejob,https://www.keejob.com/offres-emploi/238040/assistante-de-direction/
238044,Opérateurs de Production Spécialisés,ETABLISSEMENTS ABDELMOULA,"Objet : Recrutement d'Opérateurs de Production Spécialisés - Secteur Huiles & Corps GrasPrésentation : Les Établissements ABDELMOULA, leader dans le secteur de l'agroalimentaire spécialisé dans la production d'huiles et de graisses …",agriculture / agro-alimentaire / environnement,,,,"Mannouba, La Manouba",CDI,,2026-03-18,18 mars 2026,Non,Keejob,https://www.keejob.com/offres-emploi/238044/op%C3%A9rateurs-de-production-sp%C3%A9cialis%C3%A9s/
238045,Production Pharmacist,Entreprise Anonyme,"Accountabilities : •Follows all relevant Plant policies, processes and standard operating procedures so that work is carried out in a controlled and consistent manner. •Implements the day-to-day operations assigned for …",,,,999 - 9999 TND,Tunis,CDI,,2026-03-18,18 mars 2026,Non,Keejob,https://www.keejob.com/offres-emploi/238045/production-pharmacist/
238046,Chef de Fabrication - Agroalimentaire,ETABLISSEMENTS ABDELMOULA,"Pionnier de son secteur et forte de plus de 60 ans d’expertise dans le domaine de l’industrie des corps gras et des huiles végétales, Etablissements ABDELMOULA recherche pour son usine sise à …",agriculture / agro-alimentaire / environnement,60 ans d’exp,,,"Mannouba, La Manouba",CDI,,2026-03-18,18 mars 2026,Non,Keejob,https://www.keejob.com/offres-emploi/238046/chef-de-fabrication-agroalimentaire/
238047,QC Analyst,Entreprise Anonyme,"Assurer la conformité aux BPF, BPL, BPD, règles de sécurité, et standards de Hikma. Rédiger, appliquer et respecter les procédures opérationnelles standard (SOP). Assurer la mission de Data Reviewer au sein d’un …",,,,1000 - 2000 TND,Tunis,CDI,,2026-03-18,18 mars 2026,Non,Keejob,https://www.keejob.com/offres-emploi/238047/qc-analyst/
238041,Comptable,AB AUDIT,Cabinet de Conseil situé au Lac 1 recrute Jeune Diplomé(e) en comptabilité avec ou sans expérience Possibilité d'évoluer en interne vers les activité de conseil en fonction de vos aptitudes. …,comptabilité / gestion / audit,,Sans exp,599 - 750 TND,"La Marsa, Tunis",SIVP,,2026-03-18,18 mars 2026,Non,Keejob,https://www.keejob.com/offres-emploi/238041/comptable/
238051,Gestionnaire backoffice(Français/Anglais),CPL JOBS,"Nous recrutons au sein de notre structure des gestionnaires Santé :- Vous Conseillez les assurés et les accompagnez quelque soit le canal qu'ils choisissent : Téléphone, mail ou courrier -Vous contribuez …",recrutement / ressources humaines,,,1050 - 1200 TND,"El Kram, Tunis",CDI,,2026-03-18,18 mars 2026,Non,Keejob,https://www.keejob.com/offres-emploi/238051/gestionnaire-backofficefran%C3%A7aisanglais/
238053,"commercial grand tunis, nord ouest et sud",Entreprise Anonyme,"Société de Distribution de marques de renommées en électroménagers; piles, ustensiles de cuisine et puériculture recrute des commerciaux et commerciales dans la région du grand Tunis, nord ouest qui sera …",,,,999 - 1500 TND,"Cite El Khadra, Tunis",CDI,,2026-03-18,18 mars 2026,Non,Keejob,https://www.keejob.com/offres-emploi/238053/commercial-grand-tunis-nord-ouest-et-sud/
238054,responsable marketing senior,Entreprise Anonyme,Nous recherchons un(e) Responsable Marketing Senior expérimenté(e) et stratégique pour piloter et dynamiser nos activités marketing. Ce rôle clé consiste à définir et à mettre en œuvre une stratégie marketing …,,,Senior,1500 - 2700 TND,"Cite El Khadra, Tunis",CDI,,2026-03-18,18 mars 2026,Non,Keejob,https://www.keejob.com/offres-emploi/238054/responsable-marketing-senior/
238026,Production Engineer,ZOPPAS INDUSTRIES,"Zoppas Industries Heating Element Technologies (ZIHET) based in Italy in Vittorio Veneto with a global presence boasting over 8000 employees and 15 production sites across Europe, Africa, America, and Asia, ZIHET plays …",électronique / électricité / énergie,,,,"Sahline, Monastir",CDI,,2026-03-18,18 mars 2026,Non,Keejob,https://www.keejob.com/offres-emploi/238026/production-engineer/
238029,commercial,GEI,"GEI distribue en Tunisie des marques internationales telles que Braun, Fackelmann, Mellita, Kühne, etc...Depuis 35 ans, GEI fait partie des leaders de la distribution en Tunisie et est présente dans …",commerce / vente / distribution,,,,"Sousse Ville, Sousse",CDI,,2026-03-18,18 mars 2026,Non,Keejob,https://www.keejob.com/offres-emploi/238029/commercial/
238013,Profs de physique et Maths,CASCADE TUNISIE,Notre centre de formation recherche des étudiant(e)s d'Ecoles d’ingénieur ou Ecoles de commerce ou des jeunes diplômé(e)s pour donner des cours de Physique chimie et Mathématiques en Télétravail en langue française à …,enseignement / formation / puériculture,,,1500 - 3000 TND,"Cite El Khadra, Tunis",CDI | CDD | Indépendant/Freelance | Saisonnier | Stage,,2026-03-18,18 mars 2026,Non,Keejob,https://www.keejob.com/offres-emploi/238013/profs-de-physique-et-maths-en-t%C3%A9l%C3%A9travail/
237950,commerciaux,STE EXPERTS DE VITRAGE AUTOS,"Nous recrutons des commerciaux avec expérience pour développer et fidéliser notre portefeuille clients.Missions :Prospection et développement commercialGestion et fidélisation des clientsNégociation et conclusion des ventesProfil :Expérience commerciale confirméeAutonomie, dynamisme, sens du résponsabiltéFormation …",commerce / vente / distribution,,,30 - 100 TND,"Mornaguia, La Manouba",CDI,,2026-03-18,18 mars 2026,Non,Keejob,https://www.keejob.com/offres-emploi/237950/commerciaux/
237309,Professeur de technologie,ISC CARTHAGE,"L’École Internationale de Carthage, établissement privé d’enseignement français homologué par l'AEFE, recrute un(e) Professeur(e) de Technologie.Mission principale :Accompagner les élèves dans leur progression scolaire, promouvoir leur développement personnel et intellectuel, encourager leur …",enseignement / formation / puériculture,,,,Ariana,CDI,,2026-03-18,18 mars 2026,Non,Keejob,https://www.keejob.com/offres-emploi/237309/professeur-de-technologie/
237331,Ingénieur Structures,SCET TUNISIE,SCET-TUNISIE (Société Centrale Pour l’Equipement du Territoire –TUNISIE) bureau d’études leader dans le domaine de l’ingénierie recrute un ingénieur structure. Profil recherché : ✅Ingénieur Génie Civil - Structure (Bac+5) …,consulting / étude / stratégie,,,1111 - 2222 TND,Tunis,CDI,,2026-03-18,18 mars 2026,Non,Keejob,https://www.keejob.com/offres-emploi/237331/ing%C3%A9nieur-structures/
237337,Planificateur,ASTEELFLASH,"Mission : Sous la responsabilité hiérarchique et fonctionnelle du Program Manager, vous aurez comme mission : Saisir les commandes et les prévisionnels client à temps.Assurer le bon lissage des besoins client …",électronique / électricité / énergie,,Manager,,"La Soukra, Ariana",CDI,,2026-03-18,18 mars 2026,Non,Keejob,https://www.keejob.com/offres-emploi/237337/planificateur/
237324,Vendeur/ Caissier Stradivarius Mall of Sfax,TUNTEX,"Pour Accompagner son développement, le groupe Indigo Company, leader du marché du Retail en Tunisie, avec plus de 15 enseignes d’envergure internationale, recherche ses futurs conseillers en mode.Véritable ambassadeur de …",commerce / vente / distribution,,,,Sfax,,,2026-03-18,18 mars 2026,Non,Keejob,https://www.keejob.com/offres-emploi/237324/vendeur-caissier-stradivarius-mall-of-sfax/
237316,Vendeur/ Caissier Zara Tunisia Mall,TUNTEX,"Pour Accompagner son développement, le groupe Indigo Company, leader du marché du Retail en Tunisie, avec plus de 15 enseignes d’envergure internationale, recherche ses futurs conseillers en mode.Véritable ambassadeur de …",commerce / vente / distribution,,,,Ariana,,,2026-03-18,18 mars 2026,Non,Keejob,https://www.keejob.com/offres-emploi/237316/vendeur-caissier-zara-tunisia-mall/
237325,Vendeur/ Caissier Massimo Dutti Mall of Sfax,TUNTEX,"Pour Accompagner son développement, le groupe Indigo Company, leader du marché du Retail en Tunisie, avec plus de 15 enseignes d’envergure internationale, recherche ses futurs conseillers en mode.Véritable ambassadeur de …",commerce / vente / distribution,,,,Sfax,,,2026-03-18,18 mars 2026,Non,Keejob,https://www.keejob.com/offres-emploi/237325/vendeur-caissier-massimo-dutti-mall-of-sfax/
237347,ouvrier polyvalent,Entreprise Anonyme,Nous recherchons un ouvrier dynamique et motivé pour rejoindre notre équipe. Vos missions incluront :La réalisation de tâches manuelles et techniques.Le respect des normes de sécurité et de qualité.La participation …,,,,700 - 750 TND,"Ben Arous, Ben Arous",CDI,,2026-03-18,18 mars 2026,Non,Keejob,https://www.keejob.com/offres-emploi/237347/ouvrier-polyvalent/
237303,Télé-gestionnaire avec un bon Français,CPL JOBS,"Vous Parlez trés bien l'anglais et le Français et vous cherchez la melleure opportunité, nous recrutons des conseillers clients pour plusieurs opérations ( Niveau C1 anglais et français).Votre Mission : Recevoir …",recrutement / ressources humaines,,,,"Raoued, Ariana",CDI,,2026-03-18,18 mars 2026,Non,Keejob,https://www.keejob.com/offres-emploi/237303/t%C3%A9l%C3%A9-gestionnaire-avec-un-bon-fran%C3%A7ais/
237302,Agent Helpdesk langue Portugaise,CPL JOBS,"Vous maîtrisez parfaitement la langue Portugaise ?Vous maîtrisez l’outil informatique ?Vous recherchez un job d’avenir, valorisant et évolutif ?Dans le Cadre de son développement continu, CPLJOBS recrute des conseillers en Portugais …",recrutement / ressources humaines,,,1500 - 1700 TND,"Raoued, Ariana",CDI | SIVP,,2026-03-18,18 mars 2026,Non,Keejob,https://www.keejob.com/offres-emploi/237302/agent-helpdesk-langue-portugaise/
237307,Contrôleur de gestion,Entreprise Anonyme,"Nous recherchons un(e) Contrôleur de Gestion Confirmé(e) pour rejoindre notre équipe afin d’assurer la fiabilité et la précision de nos analyses financières, soutenir la prise de décision, et participer activement …",,,,,"Cite El Khadra, Tunis",CDI,,2026-03-18,18 mars 2026,Non,Keejob,https://www.keejob.com/offres-emploi/237307/contr%C3%B4leur-de-gestion/
237317,Vendeur/ Caissier LCW Tunisia Mall,TUNTEX,"Pour Accompagner son développement, le groupe Indigo Company, leader du marché du Retail en Tunisie, avec plus de 15 enseignes d’envergure internationale, recherche ses futurs conseillers en mode.Véritable ambassadeur de …",commerce / vente / distribution,,,,Ariana,,,2026-03-18,18 mars 2026,Non,Keejob,https://www.keejob.com/offres-emploi/237317/vendeur-caissier-lcw-tunisia-mall/
237308,Technicien Sécurité et Accueil,SOTUCHOC,"SOTUCHOC, Société Tunisienne de Chocolaterie et de Confiserie, spécialisée dans la fabrication de produits à base de chocolat et de confiseries diverses, Leader national dans le domaine de l’agroalimentaire. Nous …",agriculture / agro-alimentaire / environnement,,,,"Mornaguia, La Manouba",CDI | SIVP,,2026-03-18,18 mars 2026,Non,Keejob,https://www.keejob.com/offres-emploi/237308/technicien-s%C3%A9curit%C3%A9-et-accueil/
237305,Você domina perfeitamente a língua portuguesa,CPL JOBS,"Você domina perfeitamente a língua portuguesa? Você tem conhecimentos em informática? Está à procura de um emprego promissor, valorizador e com oportunidades de crescimento? No âmbito do seu desenvolvimento contínuo, …",recrutement / ressources humaines,,,1000 - 1001 TND,"Raoued, Ariana",CDI | SIVP,,2026-03-18,18 mars 2026,Non,Keejob,https://www.keejob.com/offres-emploi/237305/voc%C3%AA-domina-perfeitamente-a-l%C3%ADngua-portuguesa/
237311,Ingénieur Applicatif,CRIT,"CRIT Tunisie recrute pour le compte de son client, acteur majeur dans le secteur financier, un Ingénieur Applicatif passionné par le développement logiciel et les technologies Data, Machine Learning et Intelligence Artificielle.En tant qu’Ingénieur …",recrutement / ressources humaines,,,,Tunis,CDI,,2026-03-18,18 mars 2026,Non,Keejob,https://www.keejob.com/offres-emploi/237311/ing%C3%A9nieur-applicatif/
237313,Chargé(e) de Création Multimédia,ISC CARTHAGE,"L’École Internationale de Carthage, établissement privé d’enseignement français homologué par l'AEFE, recrute un(e) Chargé(e) de Création Multimédia.Finalité du poste :Contribuer à la valorisation de l’image et des activités de l’ISC en concevant et …",enseignement / formation / puériculture,,,,"Carthage, Tunis",CDI,,2026-03-18,18 mars 2026,Non,Keejob,https://www.keejob.com/offres-emploi/237313/charg%C3%A9e-de-cr%C3%A9ation-multim%C3%A9dia/
237335,Chargé(e) de Recouvrement Contentieux,EL AMEL MICROFINANCE,Mission principale:Assurer le recouvrement des créances en phase contentieuse et suivre les dossiers en procédure judiciaire afin de réduire le taux d’impayés.Activités et responsabilités:Identifier et traiter les dossiers transférés au …,banque / finance / assurances,,,,Ben Arous,CDI,,2026-03-18,18 mars 2026,Non,Keejob,https://www.keejob.com/offres-emploi/237335/charg%C3%A9e-de-recouvrement-contentieux/
237328,Caissier / Caissière,POULINA GROUP HOLDING,"🚀 Nous recrutons ! Vous êtes dynamique, rigoureux(se) et doté(e) d’un excellent sens du service client ? Vous souhaitez évoluer dans le secteur de la grande distribution, avec ou sans …",agriculture / agro-alimentaire / environnement,,,,Mahdia,,,2026-03-18,18 mars 2026,Non,Keejob,https://www.keejob.com/offres-emploi/237328/caissier-caissi%C3%A8re/
237336,Responsable Point de vente City Market,POULINA GROUP HOLDING,"🚀 Nous recrutons ! Vous avez le sens du leadership, une forte capacité d’organisation et une orientation résultats ? Vous disposez d’une expérience confirmé (de 2 à 5 ans) en …",agriculture / agro-alimentaire / environnement,,,,Mahdia,,,2026-03-18,18 mars 2026,Non,Keejob,https://www.keejob.com/offres-emploi/237336/responsable-point-de-vente-city-market/
237332,Urbaniste,SCET TUNISIE,"SCET-TUNISIE, faisant part des leaders de l’ingénierie en Afrique souhaite renforcer son équipe et poursuivre le développement des activités dans le domaine de l’urbanisme et de l’aménagement du territoire sur …",consulting / étude / stratégie,,,1111 - 2222 TND,"Centre ville, Tunis",CDI,,2026-03-18,18 mars 2026,Non,Keejob,https://www.keejob.com/offres-emploi/237332/urbaniste/
237333,Chef de caisse,POULINA GROUP HOLDING,"🚀 Nous recrutons ! Vous avez le sens des responsabilités, une capacité d’organisation et une expérience en gestion des opérations de caisse ? Vous disposez d’une expérience confirmée dans un …",agriculture / agro-alimentaire / environnement,,,,Mahdia,,,2026-03-18,18 mars 2026,Non,Keejob,https://www.keejob.com/offres-emploi/237333/chef-de-caisse/
237340,Téléconseillers en Relations Humaines,TANIS,"🌟 TANIS RECRUTE – REJOIGNEZ UNE ÉQUIPE PAS COMME LES AUTRES ! TANIS, filiale d’un groupe français, leader international dans le domaine des relations humaines et de la parapsychologie, basée …",call center / télévente,,,700 - 1500 TND,"Ariana Ville, Ariana",CDI | SIVP,,2026-03-18,18 mars 2026,Non,Keejob,https://www.keejob.com/offres-emploi/237340/t%C3%A9l%C3%A9conseillers-en-relations-humaines/
237339,Commercial Zone Tunisia,Entreprise Anonyme,"Société, leader sur le marché tunisien , cherche à renforcer son capital humain par le recrutement un jeune homme commercialDescriptif du poste– Développer, animer et fidéliser une clientèle sur notre …",,,,1500 - 1700 TND,"Sbikha, Kairouan",CDI,,2026-03-18,18 mars 2026,Non,Keejob,https://www.keejob.com/offres-emploi/237339/commercial-zone-tunisia/
237341,Responsable Planification,ETABLISSEMENTS ABDELMOULA,📍 Lieu : Usine Denden – Manouba🏢 Entreprise : Etablissements ABDELMOULA – Leader dans l’industrie des corps gras et huiles végétales depuis plus de 60 ans À propos de …,agriculture / agro-alimentaire / environnement,,,,"Mannouba, La Manouba",CDI,,2026-03-18,18 mars 2026,Non,Keejob,https://www.keejob.com/offres-emploi/237341/responsable-planification/
237348,technicien de maintenance,Entreprise Anonyme,Description du poste : Nous recherchons un technicien de maintenance compétent et motivé pour rejoindre notre équipe. Vous serez responsable de : Assurer la maintenance préventive et corrective des équipements. …,,,,700 - 800 TND,"Ben Arous, Ben Arous",CDI,,2026-03-18,18 mars 2026,Non,Keejob,https://www.keejob.com/offres-emploi/237348/technicien-de-maintenance/
237346,Vendeur/ Caissier Zara Mall of Sousse,TUNTEX,"Pour Accompagner son développement, le groupe Indigo Company, leader du marché du Retail en Tunisie, avec plus de 15 enseignes d’envergure internationale, recherche ses futurs conseillers en mode.Véritable ambassadeur de …",commerce / vente / distribution,,,,Sousse,,,2026-03-18,18 mars 2026,Non,Keejob,https://www.keejob.com/offres-emploi/237346/vendeur-caissier-zara-mall-of-sousse/
237349,RESPONSABLE CONTROLE DE GESTION,Entreprise Anonyme,"La société ""L'ART DE DECORATION"" cherche un responsable contrôle de gestion, pour joindre son équipe.Son rôle consiste à assurer le pilotage de la performance économique et financière de l’entreprise. Il …",,,,2800 - 3000 TND,"Sousse Riadh, Sousse",CDI,,2026-03-18,18 mars 2026,Non,Keejob,https://www.keejob.com/offres-emploi/237349/responsable-controle-de-gestion/
237353,"Agent Immobilier, Chez Tecnocasa Kélibia",TECNOCASA GROUP,"Dans le cadre du développement de notre agence, nous recherchons des agents immobiliers motivés, ambitieux et prêts à relever de nouveaux défis.Missions :Prospection terrain et téléphoniqueDéveloppement et gestion d’un portefeuille …",architecture / immobilier / BTP,,,600 - 800 TND,"Kelibia, Nabeul",CDI | SIVP,,2026-03-18,18 mars 2026,Non,Keejob,https://www.keejob.com/offres-emploi/237353/agent-immobilier-chez-tecnocasa-k%C3%A9libia/
237295,Sourcer France,VEO WORLDWIDE SERVICES,"Chargé(e) de recherche en Recrutement ( France) ,SoussePrêt à entrer dans le monde passionnant des services B2B ?Découvrez VEO Worldwide – votre porte d'entrée vers une carrière dynamique !Depuis 19 …",consulting / étude / stratégie,,,,"Sousse, Sousse",CDI,,2026-03-18,18 mars 2026,Non,Keejob,https://www.keejob.com/offres-emploi/237295/sourcer-france/
237289,Développeur Sénior Wordpress (Basé à Sfax),METAM,"Metam Tunisie est une entreprise offrant des services de développement de logiciel, des solutions WEB, ainsi que des services conseil pour les implémentations des ERP. Une organisation dynamique résolument ouverte sur le monde avec des bureaux au Canada,Tunisie, Irland e France. Les projets …",informatique / télécoms,,,,Sfax,CDI,,2026-03-18,18 mars 2026,Non,Keejob,https://www.keejob.com/offres-emploi/237289/d%C3%A9veloppeur-s%C3%A9nior-wordpress-bas%C3%A9-%C3%A0-sfax/
237293,Customer Service Support,OUTSOURCIA,"The Outsourcia Group specialises in outsourcing services: remote, multiservice, multilingual and multichannel customer relationship management (call centres, e-mail management, chat solutions, telemarketing and customer relations on social networks), back office …",call center / télévente,,,1300 - 3000 TND,Ariana,CDI | SIVP,Teletravail,2026-03-18,18 mars 2026,Non,Keejob,https://www.keejob.com/offres-emploi/237293/customer-service-support/
237975,Cariste,ARTUS,Artus recrute pour le compte de son client un Cariste (H/F). Missions : Conduire un chariot élévateur pour la manutention des marchandises. Assurer le chargement et le déchargement des produits. …,recrutement / ressources humaines,,,,"Bab Bhar, Tunis",CDI,,2026-03-17,17 mars 2026,Non,Keejob,https://www.keejob.com/offres-emploi/237975/cariste/
237979,OPERATEUR PRODUCTION,PHARMAGHREB,"les Laboratoires Pharmaghreb recrute immédiatement pour son site de production situé dans la zone industrielle Charguia 2 , Ariana , des Opérateurs de production (H/F) Rattaché(e) au Superviseur de Production, Missions principales :-Réaliser …",santé / paramédical / optique,,,,"La Soukra, Ariana",CDI | CDD,,2026-03-17,17 mars 2026,Non,Keejob,https://www.keejob.com/offres-emploi/237979/prodrh-032026/
237982,operateur de fabrication formes pâteuses,PHARMAGHREB,"Pharmaghreb cherche pour son site de production situé dans la zone industrielle Charguia 2 , Ariana , Opérateur de fabrication pharmaceutique (H/F) Rattaché(e) au Superviseur de Production, vos missions seront les …",santé / paramédical / optique,,,800 - 1000 TND,"La Soukra, Ariana",CDI | CDD,,2026-03-17,17 mars 2026,Non,Keejob,https://www.keejob.com/offres-emploi/237982/operateur-de-fabrication-formes-p%C3%A2teuses/
237981,Retail Marketing Products Officer,BANK ABC,"Bank ABC is reinforcing their Retail & Digital Banking Department with the hiring of a Retail Marketing Products Officer.As part of its ongoing growth and expansion strategy, ABC Bank Tunisia is …",banque / finance / assurances,,,,Tunis,CDI,,2026-03-17,17 mars 2026,Non,Keejob,https://www.keejob.com/offres-emploi/237981/retail-marketing-products-officer/
237983,Technicien superieur labo,PHARMAGHREB,La Société Pharmaghreb recrute : Technicien(e) supérieur(e) en chimie Analytique ou fine ou diplôme équivalent ( BTS ) avec un minimum d’ancienneté de 2-4 années dans le laboratoire physicochimique …,santé / paramédical / optique,2-4 an,,800 - 1100 TND,"La Soukra, Ariana",CDI | CDD,,2026-03-17,17 mars 2026,Non,Keejob,https://www.keejob.com/offres-emploi/237983/technicien-superieur-labo/
237974,Commercial,TRUSTSAFE SECURITY,"Chargé(e) de la gestion administrative et de la relation clientèle au sein de notre entreprise.📌 Missions :• Suivi et gestion de la relation avec les clients• Préparation des devis, factures …",informatique / télécoms,,,500 - 1000 TND,Tunis,CDI | CDD | SIVP,,2026-03-17,17 mars 2026,Non,Keejob,https://www.keejob.com/offres-emploi/237974/commercial-informatique/
237986,Superviseur Senior Électricité & Déploiement,CRIT,"CRIT recrute pour le compte de son client, un Superviseur Senior Électricité & Déploiement - Coordinateur planification:Mission principale :Le Coordinateur Déploiement des Compteurs Intelligents est responsable de la coordination des opérations entre la …",recrutement / ressources humaines,,Senior,,Ben Arous,CDI | Indépendant/Freelance,,2026-03-17,17 mars 2026,Non,Keejob,https://www.keejob.com/offres-emploi/237986/superviseur-senior-%C3%A9lectricit%C3%A9-d%C3%A9ploiement/
237990,Ingénieur Qualité,ROLCAR TUNISIA,"La société ROLCar, spécialisée dans la fabrication de lève-vitres manuels et électriques destinés au secteur automobile, recrute un jeune diplômé (Homme) ""Ingénieur Qualité"" pour renforcer son équipe.🎯 Missions :Mettre en …",industrie électro-mécaniques,,,800 - 1000 TND,"Nabeul, Nabeul",SIVP,,2026-03-17,17 mars 2026,Non,Keejob,https://www.keejob.com/offres-emploi/237990/ing%C3%A9nieur-qualit%C3%A9/
237992,Approvisionneur,ASTEELFLASH,Mission Assurer le passage des ordres d’achat en commandes fournisseurs dans les délais.Assurer la réception des accusés des commandes fournisseurs.Alerter le responsable hiérarchique pour toute non-conformité dans les accusées des fournisseurs.Envoyer …,électronique / électricité / énergie,,,,"La Soukra, Ariana",CDI,,2026-03-17,17 mars 2026,Non,Keejob,https://www.keejob.com/offres-emploi/237992/approvisionneur/
237988,ingénieur Électromécanique,ROLCAR TUNISIA,"La société ROLCar, spécialisée dans la fabrication de lève-vitres manuels et électriques destinés au secteur automobile, recrute un jeune diplômé(Homme) ""ingénieur Électromécanique"" pour renforcer son équipe.🎯 Missions :Assurer la maintenance …",industrie électro-mécaniques,,,800 - 1000 TND,"Nabeul, Nabeul",SIVP,,2026-03-17,17 mars 2026,Non,Keejob,https://www.keejob.com/offres-emploi/237988/ing%C3%A9nieur-%C3%A9lectrom%C3%A9canique/
237989,Ingénieur Développement Mobile,Entreprise Anonyme,"INGÉNIEUR DÉVELOPPEMENT MOBILE Missions principales En tant qu’Ingénieur Mobile, vous serez au cœur du développement de nos applications. Développement mobile Concevoir et développer l’application mobile (Android & iOS) Assurer la …",,,,1400 - 2500 TND,"El Kram, Tunis",CDI,,2026-03-17,17 mars 2026,Non,Keejob,https://www.keejob.com/offres-emploi/237989/ing%C3%A9nieur-d%C3%A9veloppement-mobile/
237994,Directeur Financier,Entreprise Anonyme,"MissionsRattaché au Directeur Général et membre du Codir, vous modélisez les flux financiers de l’entreprise dans le respect des normes en vigueur afin de consolider les informations nécessaires pour toute …",,,Directeur,7000 - 10000 TND,Ariana,CDI,,2026-03-17,17 mars 2026,Non,Keejob,https://www.keejob.com/offres-emploi/237994/directeur-financier/
237995,Ingénieur Electrique,PROBAT,"PROBAT recrute 2 ingénieurs en électricité pour suivi des projets : Plans et attachement. La connaissance pratique en AUTOCAD est exigée, Revit (optionnel). La mission sera sur chantier : suivi …",architecture / immobilier / BTP,,,1800 - 2800 TND,"Le Bardo, Tunis",CDI | CDD | SIVP,,2026-03-17,17 mars 2026,Non,Keejob,https://www.keejob.com/offres-emploi/237995/ing%C3%A9nieur-electrique/
238005,Chef de Projet dynamique,CREATIV INCENTIVE TUNISIA,"📍 Lieu : La Marsa Plage 🧭 Description du poste En tant que Chef de Projet en tourisme d’affaires, vous êtes responsable de la conception, de l’organisation et de la …",tourisme / hôtellerie / restauration / loisirs,,,600 - 1200 TND,"La Marsa, Tunis",CDI | Saisonnier,,2026-03-17,17 mars 2026,Non,Keejob,https://www.keejob.com/offres-emploi/238005/chef-de-projet-dynamique/
238007,Comptable,Entreprise Anonyme,"CMR AUDIT, cabinet d’expertise comptable situé à El Menzah 9A, recrute des comptables dans le cadre du renforcement de son équipe. Nous sommes à la recherche de candidats motivés, rigoureux …",,,,,"El Menzah, Tunis",CDI | SIVP,,2026-03-17,17 mars 2026,Non,Keejob,https://www.keejob.com/offres-emploi/238007/comptables/
238008,Responsable études et chiffrage,TUNISIE PROFILES ALUMINIUM,"Rejoignez le leader du secteur de l'aluminium en Tunisie !Tunisie Profilés Aluminium est une société tunisienne leader dans le domaine de l'aluminium depuis plus que 45 ans, elle est spécialisée …",industrie métalliques,,,,"Megrine, Ben Arous",,,2026-03-17,17 mars 2026,Non,Keejob,https://www.keejob.com/offres-emploi/238008/responsable-%C3%A9tudes-et-chiffrage/
238009,Responsable Ressources Humaines (H/F),VAKAY,"Dans le cadre de notre développement, nous recherchons un(e) Responsable Ressources Humaines dynamique et expérimenté(e) pour rejoindre notre équipe à Sfax.Mission principale : Définir et piloter la stratégie RH en alignement …",autres,,,1200 - 1600 TND,Sfax,CDI,,2026-03-17,17 mars 2026,Non,Keejob,https://www.keejob.com/offres-emploi/238009/responsable-ressources-humaines-hf/
238011,Ingénieur Technico-commercial,GEI,Nous recrutons : un Ingénieur Technico-commercial Vous êtes ingénieur de formation avec un sens aigu du commerce ?Vous souhaitez relever le défi de développer la vente de machines de nettoyage professionnelles auprès d’une …,commerce / vente / distribution,,,,"Ben Arous, Ben Arous",CDI,,2026-03-17,17 mars 2026,Non,Keejob,https://www.keejob.com/offres-emploi/238011/ingenieur-technico-commercial/
238012,Chargé(e) de Service Client BtoB,ACTIVE CONTACT,Vous avez une solide expérience en service client BtoB et des compétences techniques ? Vous êtes dynamique et capable de jongler entre différents types de demandes ? Nous recherchons un(e) Chargé(e) de …,call center / télévente,,,900 - 1000 TND,"Centre ville, Tunis",CDI | SIVP,,2026-03-17,17 mars 2026,Non,Keejob,https://www.keejob.com/offres-emploi/238012/charg%C3%A9e-de-service-client-btob/
238015,Infirmière,ASTEELFLASH,Missions principales :Assurer les soins infirmiers et les premiers secours en cas d’accident de travail ou de malaiseGarantir le suivi médical du personnel en coordination avec la médecine du travailParticiper …,électronique / électricité / énergie,,,,"La Soukra, Ariana",CDI,,2026-03-17,17 mars 2026,Non,Keejob,https://www.keejob.com/offres-emploi/238015/infirmi%C3%A8re/
238017,Conducteur machine,Entreprise Anonyme,"Multinationale activant dans le secteur pharmaceutique recrute :Conducteur machine:Exigences du poste:Responsable du saisi des paramètres de la machine, notamment la pression, la stabilité et la vitesse, pour s’assurer que la ligne …",,,,1000 - 2000 TND,Tunis,CDI,,2026-03-17,17 mars 2026,Non,Keejob,https://www.keejob.com/offres-emploi/238017/conducteur-machine/
238018,Auditeur Comptable,Entreprise Anonyme,"Cabinet d'expertise comptable sis à rue Syrie- Tunis, cherche à recruter :- Titulaire d’un Mastère Professionnel en Comptabilité ou d’un diplôme de CES/CCA de Révision Comptable.- Maîtrise des logiciels de bureautique (notamment Excel, …",,,,700 - 1000 TND,"Centre ville, Tunis",CDI | CDD | SIVP,,2026-03-17,17 mars 2026,Non,Keejob,https://www.keejob.com/offres-emploi/238018/auditeur-comptable/
238004,Cyber Security Analyst,BANK ABC,"Bank ABC is further reinforcing their Cyber Security Unit with the hiring of a Cyber Security Analyst.I - Principal Responsibilities, Accountabilities and Deliverables of Role:As a Cyber Security Analyst you will …",banque / finance / assurances,,,,Tunis,,,2026-03-17,17 mars 2026,Non,Keejob,https://www.keejob.com/offres-emploi/238004/cybersecurity-analyst/
238016,Business Analyst Transport,VEO WORLDWIDE SERVICES,Business Analyst Transport – Senior (H/F)📍 Sousse | CDI🌍 À propos de VEO Worldwide ServicesFournisseur de services B2B basé en Europe et un acteur reconnu du secteur depuis plus de …,consulting / étude / stratégie,,Senior,,"Sousse, Sousse",CDI,,2026-03-17,17 mars 2026,Non,Keejob,https://www.keejob.com/offres-emploi/238016/business-analyst-transport/
238020,CHEF DE PRODUIT,GEI,"GEI distribue en Tunisie des marques internationales de premier plan telles que TITANIA , BRAUN, BEURER , PHERGAL, BELL,etc...Depuis 36 ans, GEI fait partie des leaders de la distribution en …",commerce / vente / distribution,,,,"Ben Arous, Ben Arous",CDI,,2026-03-17,17 mars 2026,Non,Keejob,https://www.keejob.com/offres-emploi/238020/chef-de-produit/
238021,Analyste Reporting & KPI,ROSE BLANCHE GROUP,"Envie de rejoindre le leader tunisien de l’agroalimentaire dans le secteur des céréales et dérivés, fort de plus de 100 ans d’innovation et de croissance continue? Vous souhaitez dynamiser votre …",agriculture / agro-alimentaire / environnement,,,,"Sousse Ville, Sousse",CDI,,2026-03-17,17 mars 2026,Non,Keejob,https://www.keejob.com/offres-emploi/238021/analyste-reporting-kpi/
238014,Community Manager,Entreprise Anonyme,MissionsVous êtes la voix de la société sur le web. Votre objectif est de faire rayonner notre marque auprès des enseignants et des étudiants. Vos principales sont :Animation et modération des …,,,,800 - 1000 TND,"Ariana Ville, Ariana",SIVP,,2026-03-17,17 mars 2026,Non,Keejob,https://www.keejob.com/offres-emploi/238014/community-manager/
238022,TECHNICO-COMMERCIAL,GEI,"GEI distribue en Tunisie des marques internationales telles que Kärcher, Braun, Beurer, Techwood, etc...Depuis 35 ans, GEI fait partie des leaders de la distribution en Tunisie et est présente aussi bien …",commerce / vente / distribution,,,,"Ben Arous, Ben Arous",CDI,,2026-03-17,17 mars 2026,Non,Keejob,https://www.keejob.com/offres-emploi/238022/technico-commercial/
238023,COMMERCIAUX PRODUITS COSMETIQUES,GEI,"GEI distribue en Tunisie des marques internationales de premier plan telles que TITANIA , BRAUN, BEURER , PHERGAL, BELL,etc...Depuis 35 ans, GEI fait partie des leaders de la distribution en …",commerce / vente / distribution,,,,"Ben Arous, Ben Arous",CDI,,2026-03-17,17 mars 2026,Non,Keejob,https://www.keejob.com/offres-emploi/238023/commerciaux-produits-cosmetiques/
238024,CADRE GESTIONNAIRE,GEI,"GEI représente en Tunisie des marques internationales de petit électroménager et d'articles de ménage telles que Braun, Kärcher, Beurer, Fackelmann, MelittaDepuis 32 ans, GEI fait partie des leaders de la …",commerce / vente / distribution,,,,"Ben Arous, Ben Arous",CDI,,2026-03-17,17 mars 2026,Non,Keejob,https://www.keejob.com/offres-emploi/238024/cadre-gestionnaire/
238003,Formateur,INSTITUT DES SCIENCES ECONOMIQUES ET DE GESTION,Nous recherchons des formateurs qualifiés en commerce pour rejoindre notre équipe et dispenser des cours dans les domaines du commerce international et de la gestion.🎓 Spécialités demandées :CommerceMarketing internationalÉtudes de marchéTransactions …,enseignement / formation / puériculture,,,800 - 900 TND,Tunis,CDI,,2026-03-17,17 mars 2026,Non,Keejob,https://www.keejob.com/offres-emploi/238003/formateur-formatrice-en-commerce/
237966,Psychics Advisors,TANIS,"Jupiter, call center at Tunis: We are a French multinational that is recruiting for our branch based in Tunisia for the last 10 years ,we are recruiting for the english …",call center / télévente,,,700 - 1500 TND,"Ettadhamen, Ariana",CDI | SIVP,,2026-03-17,17 mars 2026,Non,Keejob,https://www.keejob.com/offres-emploi/237966/psychics-advisors/
237968,Coordinateur marketing,AZIZA,"AZIZA, enseigne leader de la grande distribution en Tunisie et filiale d’un groupe de renom, poursuit sa croissance et renforce ses équipes en recrutant un(e) Coordinateur(trice) Marketing.Vos principales responsabilités : Gérer le …",commerce / vente / distribution,,,,"Ben Arous, Ben Arous",CDI,,2026-03-17,17 mars 2026,Non,Keejob,https://www.keejob.com/offres-emploi/237968/coordinateur-marketing/
237970,Assistant de Manager de communication,Entreprise Anonyme,Niveau d’études :Bac+5 ou supérieurExigences linguistiques :Maîtrise du français et de l’anglais (maîtrise du français et chinois est également acceptable)Profil :1.Se familiariser avec les processus et procédures locales tunisiennes dans la secteur de BTP ou y …,,,,1000 - 2000 TND,"Jarzouna, Bizerte",CDI | SIVP,,2026-03-17,17 mars 2026,Non,Keejob,https://www.keejob.com/offres-emploi/237970/assistant-de-manager-de-communication/
237973,Technicien réseaux et informatique,TRUSTSAFE SECURITY,📌 Missions :• Installation et maintenance des systèmes d’alarme• Installation des caméras de vidéosurveillance• Maintenance des ordinateurs et équipements informatiques• Diagnostic des pannes et assistance technique chez les clientsNous recherchons …,informatique / télécoms,,,,Tunis,SIVP | Stage/PFE | Saisonnier | Stage,,2026-03-17,17 mars 2026,Non,Keejob,https://www.keejob.com/offres-emploi/237973/technicien-r%C3%A9seaux-et-informatique/
237980,Chargé exploitation,SOTUMERIS,Mission principale : Traiter les renseignements bancaires. Assurer le traitement et le suivi des dossiers d’investigation économique. Activités principales : Traiter et vérifier les renseignements bancaires. Analyser et instruire les …,consulting / étude / stratégie,,,500 - 700 TND,"Ariana Ville, Ariana",SIVP,,2026-03-17,17 mars 2026,Non,Keejob,https://www.keejob.com/offres-emploi/237980/charge-exploitation/
237972,Chargé commercial et administratif,STE SBPI,"Nous sommes à la recherche d’un conseiller commercial et administratif : dynamique et talentueux pour rejoindre notre équipe de vente. Si vous êtes passionné(e) par la vente, vous avez d'excellentes …",commerce / vente / distribution,,,500 - 700 TND,"Sidi Hassine, Tunis",CDI,,2026-03-17,17 mars 2026,Non,Keejob,https://www.keejob.com/offres-emploi/237972/charg%C3%A9-commercial-et-administratif/
237952,Chauffeur,STE EXPERTS DE VITRAGE AUTOS,Nous recrutons un chauffeur-livreur pour assurer la livraison de nos produits auprès de nos clients.Missions :Charger et livrer les commandesRespecter les itinéraires et délais de livraisonVeiller au bon état du véhiculeAssurer un …,commerce / vente / distribution,,,30 - 100 TND,"Mornaguia, La Manouba",CDI,,2026-03-17,17 mars 2026,Non,Keejob,https://www.keejob.com/offres-emploi/237952/chauffeur-livreur/
237286,Agent de sécurité Tunisia Mall,TUNTEX,"Nous recrutons pour nos magasins à Tunisia Mall et Soukra des agents de securité.Missions: •Veiller sur la sécurité des personnes et des biens de l’entreprise: personnel, clients, stock, fonds(caisse, coffre fort..), …",commerce / vente / distribution,,,,Ariana,,,2026-03-17,17 mars 2026,Non,Keejob,https://www.keejob.com/offres-emploi/237286/agent-de-s%C3%A9curit%C3%A9-tunisia-mall/
237245,Télévendeurs Energie et Telco,ACTIVE CONTACT,"Rejoignez notre équipe et boostez votre carrière en tant que télévendeur exceptionnel !Transformez chaque appel en opportunité, dominez les ventes et évoluez dans un environnement stimulant.📣 Active Contact recrute des télévendeurs …",call center / télévente,,,,"Centre ville, Tunis",CDI | SIVP,,2026-03-17,17 mars 2026,Non,Keejob,https://www.keejob.com/offres-emploi/237245/t%C3%A9l%C3%A9vendeurs-energie-et-telco/
237259,Chargé(e) Clientèle_Ariana,ADVANS TUNISIE MICROFINANCE,"Advans, groupe international de Microfinance Advans Tunisie œuvre dans le domaine du développement économique, avec l'objectif d'offrir aux entrepreneurs tunisiens exclus du système financier traditionnel, des services de crédit adaptés …",banque / finance / assurances,,,,Tunis,,,2026-03-17,17 mars 2026,Non,Keejob,https://www.keejob.com/offres-emploi/237259/charg%C3%A9e-client%C3%A8le_ariana/
237282,Continuous Improvement Engineer,HUBER SUHNER,"We are a leading Swiss multinational company with operations in Tunisia (Sousse), and we are looking for a highly motivated and experienced Continuous Improvement Engineer to strengthen our operational excellence …",industrie électro-mécaniques,,,,Sousse,CDI,,2026-03-17,17 mars 2026,Non,Keejob,https://www.keejob.com/offres-emploi/237282/continuous-improvement-engineer/
237262,Chargé(e) Clientèle_Jendouba,ADVANS TUNISIE MICROFINANCE,"Advans, groupe international de Microfinance Advans Tunisie œuvre dans le domaine du développement économique, avec l'objectif d'offrir aux entrepreneurs tunisiens exclus du système financier traditionnel, des services de crédit adaptés …",banque / finance / assurances,,,,Jendouba,,,2026-03-17,17 mars 2026,Non,Keejob,https://www.keejob.com/offres-emploi/237262/charg%C3%A9e-client%C3%A8le_jendouba/
237260,Chargé(e) Clientèle_Nabeul,ADVANS TUNISIE MICROFINANCE,"Advans, groupe international de Microfinance Advans Tunisie œuvre dans le domaine du développement économique, avec l'objectif d'offrir aux entrepreneurs tunisiens exclus du système financier traditionnel, des services de crédit adaptés …",banque / finance / assurances,,,,Nabeul,,,2026-03-17,17 mars 2026,Non,Keejob,https://www.keejob.com/offres-emploi/237260/charg%C3%A9e-client%C3%A8le_nabeul/
237269,Vendeur/ Caissier Stradivarius Mall of Sousse,TUNTEX,"Pour Accompagner son développement, le groupe Indigo Company, leader du marché du Retail en Tunisie, avec plus de 15 enseignes d’envergure internationale, recherche ses futurs conseillers en mode.Véritable ambassadeur de …",commerce / vente / distribution,,,,Sousse,,,2026-03-17,17 mars 2026,Non,Keejob,https://www.keejob.com/offres-emploi/237269/vendeur-caissierstradivarius-mall-of-sousse/
237243,Responsable Crèche / Maternelle - Carthage,ISC CARTHAGE,"Dans le cadre de son développement, notre établissement d’accueil de la petite enfance et d’éducation préscolaire basé à Tunis recherche une Responsable Crèche/Maternelle passionnée, organisée et dotée d’un réel sens des responsabilités.Missions …",enseignement / formation / puériculture,,,,"Carthage, Tunis",CDI,,2026-03-17,17 mars 2026,Non,Keejob,https://www.keejob.com/offres-emploi/237243/responsable-cr%C3%A8che-maternelle-carthage/
237283,INSTRUMENTISTE,AMEN SANTE,"Pour les besoins de ses activités au bloc opératoire, La Polyclinique Cardiologique de Bizerte souhaite renforcer son équipe et recrute :Un(e) Technicien(ne) Instrumentiste du Bloc Opératoire📍 Poste basé à La Marsa– Disponibilité …",santé / paramédical / optique,,,,"Bizerte Nord, Bizerte",CDI | SIVP,,2026-03-17,17 mars 2026,Non,Keejob,https://www.keejob.com/offres-emploi/237283/instrumentiste/
237263,Chargé(e) Clientèle_Gabes,ADVANS TUNISIE MICROFINANCE,"Advans, groupe international de Microfinance Advans Tunisie œuvre dans le domaine du développement économique, avec l'objectif d'offrir aux entrepreneurs tunisiens exclus du système financier traditionnel, des services de crédit adaptés …",banque / finance / assurances,,,,Gabes,,,2026-03-17,17 mars 2026,Non,Keejob,https://www.keejob.com/offres-emploi/237263/charg%C3%A9e-client%C3%A8le_gabes/
237261,Chargé(e) Clientèle_Monastir,ADVANS TUNISIE MICROFINANCE,"Advans, groupe international de Microfinance Advans Tunisie œuvre dans le domaine du développement économique, avec l'objectif d'offrir aux entrepreneurs tunisiens exclus du système financier traditionnel, des services de crédit adaptés …",banque / finance / assurances,,,,Monastir,,,2026-03-17,17 mars 2026,Non,Keejob,https://www.keejob.com/offres-emploi/237261/charg%C3%A9e-client%C3%A8le_monastir/
237264,Vendeur/ Caissier Zara Mall of Sousse,TUNTEX,"Pour Accompagner son développement, le groupe Indigo Company, leader du marché du Retail en Tunisie, avec plus de 15 enseignes d’envergure internationale, recherche ses futurs conseillers en mode.Véritable ambassadeur de …",commerce / vente / distribution,,,,Sousse,,,2026-03-17,17 mars 2026,Non,Keejob,https://www.keejob.com/offres-emploi/237264/vendeur-caissier-bershka-mall-of-sousse/
237275,Vendeur/ Caissier Adidas Mall of Sousse,TUNTEX,"Pour Accompagner son développement, le groupe Indigo Company, leader du marché du Retail en Tunisie, avec plus de 15 enseignes d’envergure internationale, recherche ses futurs conseillers en mode.Véritable ambassadeur de …",commerce / vente / distribution,,,,Sousse,,,2026-03-17,17 mars 2026,Non,Keejob,https://www.keejob.com/offres-emploi/237275/vendeur-caissier-adidas-mall-of-sousse/
237240,Ingénieur Maintenance & Infrastructures,ETABLISSEMENTS ABDELMOULA,"À propos de nousPionnier dans son secteur, Etablissements ABDELMOULA s’appuie sur une expertise reconnue et une culture d’innovation pour offrir des produits de qualité. Dans le cadre de notre développement, …",agriculture / agro-alimentaire / environnement,,,,"Le Bardo, Tunis",CDI,,2026-03-17,17 mars 2026,Non,Keejob,https://www.keejob.com/offres-emploi/237240/ing%C3%A9nieur-maintenance-infrastructures/
237242,Verkaufsberater(in) - DACH,NATIONAL PEN,Überblick über die Rolle:Als Outbound Inside Sales Agent (m/w) sind Sie für den Verkauf einer Reihevon National Pen-Produkten an bestehende Kunden durch Outbound-Telefonate zuständig. Dazu kontaktieren Sie die Kunden anhand …,communication / publicité / média,,,9998 - 9999 TND,Tunis,CDI,,2026-03-17,17 mars 2026,Non,Keejob,https://www.keejob.com/offres-emploi/237242/verkaufsberaterin-dach/
237256,Commerciaux Terrain (H/F)_Djerba,ADVANS TUNISIE MICROFINANCE,"Advans, groupe international de Microfinance Advans Tunisie œuvre dans le domaine du développement économique, avec l'objectif d'offrir aux entrepreneurs tunisiens, souvent exclus du système financier traditionnel, des services de crédit …",banque / finance / assurances,,,,Médenine,,,2026-03-17,17 mars 2026,Non,Keejob,https://www.keejob.com/offres-emploi/237256/commerciaux-terrain-hf_djerba/
237274,Vendeur/ Caissier Oysho Tunisia Mall,TUNTEX,"Pour Accompagner son développement, le groupe Indigo Company, leader du marché du Retail en Tunisie, avec plus de 15 enseignes d’envergure internationale, recherche ses futurs conseillers en mode.Véritable ambassadeur de …",commerce / vente / distribution,,,,Ariana,,,2026-03-17,17 mars 2026,Non,Keejob,https://www.keejob.com/offres-emploi/237274/vendeur-caissier-oysho-tunisia-mall/
237273,Responsable opérationnel Régional,Entreprise Anonyme,Une institution financière d'envergure implémentée sur tout le territoire tunisien cherche à étoffer ses effectifs en recrutant un Responsable opérationnel Régional Missions principales Le/la Responsable Régional(e) aura pour rôle de …,,,,,Tunis,CDI,,2026-03-17,17 mars 2026,Non,Keejob,https://www.keejob.com/offres-emploi/237273/responsable-op%C3%A9rationnel-r%C3%A9gional/
237277,Chargé(e) de Recouvrement francophone,FINOPTI TN,"A propos de FINOPTI:FINOPTI est une société spécialisée dans l'externalisation comptable et financière au service d'une clientèle variée composée de PME, de Startups et de Grandes entreprises. Présente en Tunisie, …",comptabilité / gestion / audit,,,,"La Soukra, Ariana",CDI | SIVP,,2026-03-17,17 mars 2026,Non,Keejob,https://www.keejob.com/offres-emploi/237277/charg%C3%A9e-de-recouvrement-francophone/
237278,Développeur full stack,METAM,"Metam Tunisie est une entreprise offrant des services de développement de logiciel, des solutions WEB, ainsi que des services conseil pour les implémentations des ERP. Une organisation dynamique résolument ouverte sur le monde avec des bureaux au Canada et en Tunisie. Les projets …",informatique / télécoms,,,1500 - 3000 TND,"Menzel Jemil, Bizerte",CDI | SIVP,,2026-03-17,17 mars 2026,Non,Keejob,https://www.keejob.com/offres-emploi/237278/d%C3%A9veloppeur-full-stack/
237279,Debt Recovery Advisor,FINOPTI TN,"Due to our rapid growth, we are looking for a few ""brilliant profiles"" who are self-motivated and looking for an opportunity to prove themselves and have tremendous advancement. At FINOPTI, we promote people, …",comptabilité / gestion / audit,,,,"La Soukra, Ariana",CDI | SIVP,,2026-03-17,17 mars 2026,Non,Keejob,https://www.keejob.com/offres-emploi/237279/debt-recovery-advisor/
237280,Réviseur Comptable en comptabilité française,FINOPTI TN,Société en plein développement Franco-Tunisienne de plus de 200 personnes située à charguia 2 recherche de nouveaux talents pour étoffer ses équipes. Il s'agit d'une création de poste !! Venez …,comptabilité / gestion / audit,,,,"La Soukra, Ariana",CDI,,2026-03-17,17 mars 2026,Non,Keejob,https://www.keejob.com/offres-emploi/237280/r%C3%A9viseur-comptable-en-comptabilit%C3%A9-fran%C3%A7aise/
237281,Comptable / Expérience en compta Française,FINOPTI TN,Société Franco-Tunisienne en plein développement de 200 personnes située à charguia 2 recherche de nouveaux talents pour étoffer ses équipes. COMPTABLE Expérience en comptabilité Française Le poste d'opérateur de …,comptabilité / gestion / audit,,,,"La Soukra, Ariana",CDI,,2026-03-17,17 mars 2026,Non,Keejob,https://www.keejob.com/offres-emploi/237281/comptable-exp%C3%A9rience-en-compta-fran%C3%A7aise/
237172,Développeur Web SIRH,MEDIGEST ACADEMY,"Novea, filiale du groupe Medigest, est un cabinet spécialisé dans la gestion et la digitalisation des processus RH. Dans le cadre de notre stratégie de transformation digitale, nous développons une …",enseignement / formation / puériculture,,,1700 - 2200 TND,Tunis,CDI,,2026-03-17,17 mars 2026,Non,Keejob,https://www.keejob.com/offres-emploi/237172/d%C3%A9veloppeur-web-sirh-2-ans-dexp%C3%A9rience/
232669,Retail Relationship Manager - Sfax,BANK ABC,We are reinforcing our Retail & Digital Banking Department with the recruitment of a Retail Relationship Manager in Sfax (Chargés d'Affaires Particuliers).The Retail Relationship Manager is responsible for managing and …,banque / finance / assurances,,Manager,,Tunis,CDI,,2026-03-16,16 mars 2026,Non,Keejob,https://www.keejob.com/offres-emploi/232669/retail-relationship-manager-sfax/
232670,SMEs Relationship Manager - Sfax,BANK ABC,"Bank ABC is reinforcing its Retail & Digital Banking Department with the recruitment of an SMEs Relationship Manager for its Branch in Sfax.Reporting to the Head of Retail, the Relationship Manager is responsible …",banque / finance / assurances,,Manager,,Tunis,CDI,,2026-03-16,16 mars 2026,Non,Keejob,https://www.keejob.com/offres-emploi/232670/smes-relationship-manager-sfax/
237963,Technicien Maintenance Electrique - BJO,CARTHAGO SANITAIRE,"Poulina Group Holding, Leader sur le marché tunisien et opérant dans plusieurs secteurs d'activités, cherche à renforcer son Capital Humain par le recrutement des "" Techniciens Maintenance Electrique"" pour le compte de …",autres,,,1000 - 1500 TND,"Bir Mcherga, Zaghouan",CDI | SIVP,,2026-03-16,16 mars 2026,Non,Keejob,https://www.keejob.com/offres-emploi/237963/technicien-maintenance-electrique-bjo/
237957,Dispatcheur / Coordinateur Logistique,SEPT SUR SEPT DISPATCHING&LOGISTIC,"Description du poste – Dispatcheur / Coordinateur Logistique Le dispatcheur est un organisateur de transports et un spécialiste de la logistique, chargé de superviser et contrôler l’acheminement des véhicules ainsi …",transport / logistique,,,,Tunis,,,2026-03-16,16 mars 2026,Non,Keejob,https://www.keejob.com/offres-emploi/237957/dispatcheur-coordinateur-logistique/
237965,Conseiller commercial,TECH SOLAIRE INNOVATION,📣 TSI recrute un Technico-Commercial Photovoltaïque ! ⚡🌞🔹 Prospection et développement de clients🔹 Visites techniques et propositions de solutions solaires🔹 Suivi des dossiers STEG🔹 Assurer le service après-vente (SAV)🔹 Accompagnement …,électronique / électricité / énergie,,,1200 - 1700 TND,Ariana,CDI,,2026-03-16,16 mars 2026,Non,Keejob,https://www.keejob.com/offres-emploi/237965/conseiller-technico-commercial/
237946,Agents Logistique,PROLOGIC,Dans le cadre de notre développement nous recrutons : Des Agents Logistique Qui auront pour mission :-Contrôler les produits selon les procédures mises en place (contrôle quantitatif et qualitatif).-Ranger les produits selon les méthodes …,informatique / télécoms,,,800 - 1200 TND,"Cite El Khadra, Tunis",CDI | SIVP,,2026-03-16,16 mars 2026,Non,Keejob,https://www.keejob.com/offres-emploi/237946/agents-logistique/
237958,Professeur,COLLÈGE DU LAC,"Nous recherchons des enseignants passionnés et innovants pour rejoindre notre équipe à la rentrée 2026. Si vous croyez en une pédagogie active et bienveillante, rejoignez-nous !Postes à pourvoir :ArabeMathématiquesFrançaisEPSVotre Profil …",enseignement / formation / puériculture,,,800 - 1500 TND,"Cite El Khadra, Tunis",CDI | CDD | SIVP,,2026-03-16,16 mars 2026,Non,Keejob,https://www.keejob.com/offres-emploi/237958/recrutement-de-professeurs/
237941,Responsable Logistique,Entreprise Anonyme,"Mission principale :Sous la responsabilité du site, vous avez la responsabilité du service logistique.Vous faites parti du comité de direction.Tâches :Organiser, Coordonner, Optimiser et Superviser les activités logistiquesMise à disposition …",,,,,Tunis,CDI,,2026-03-16,16 mars 2026,Non,Keejob,https://www.keejob.com/offres-emploi/237941/responsable-logistique/
237943,Conseiller Client,GRAIET,"Société de distribution Graiet cherche à recruter un Conseiller Client pour la zone Hay Intilaka.Profil recherché : niveau Bac+ (ou plus), bonnes capacités de communication et sens du service client.Missions principales :Saisie et mise à jour des données.Vérification …",commerce / vente / distribution,,,684 - 800 TND,"El Omrane, Tunis",CDI | SIVP,,2026-03-16,16 mars 2026,Non,Keejob,https://www.keejob.com/offres-emploi/237943/conseiller-client-hay-intilaka/
237944,Télévendeurs (es) Telco,ACTIVE CONTACT,"Nous recrutons des télévendeurs (es) pour une activité de vente sur leads de forfaits (téléphonie / internet). Ce que nous offrons: Salaire motivant + primes sur vos ventes Formation rémunérée Possibilité d’évolution rapide (Team Leader, Coach…) Un environnement …",call center / télévente,,,,"Centre ville, Tunis",CDI | SIVP,,2026-03-16,16 mars 2026,Non,Keejob,https://www.keejob.com/offres-emploi/237944/t%C3%A9l%C3%A9vendeurs-es-telco/
237935,Animatrice en Pharmacie,HOLISTIX HEALTH,"🌿 Nous recrutons des Animatrices en Pharmacie – Compléments Alimentaires 🌿 Dans le cadre du développement de notre marque de compléments alimentaires, nous recherchons des animatrices dynamiques et passionnées par …",santé / paramédical / optique,,,850 - 950 TND,"El Menzah, Tunis",CDI,,2026-03-16,16 mars 2026,Non,Keejob,https://www.keejob.com/offres-emploi/237935/animatrice-en-pharmacie/
237947,Superviseur Commerciale (Zone: BIZERTE),GROUPE JUDY,« Le Groupe Judy » cherche son Superviseur Commerciale (Zone: BIZERTE) Voulez-vous donner un nouvel élan à votre carrière ?MISSION :Le superviseur a pour mission de développer les ventes dans le circuit à sa …,chimie / biologie / physique,,,1500 - 1800 TND,Bizerte,CDI,,2026-03-16,16 mars 2026,Non,Keejob,https://www.keejob.com/offres-emploi/237947/superviseur-commerciale-zone-bizerte/
237937,Visiteur Pharmaceutique,HOLISTIX HEALTH,"Dans le cadre du développement de notre activité, nous recrutons des Visiteurs Pharmaceutiques pour assurer la promotion et le développement de notre gamme de compléments alimentaires auprès des pharmacies. Missions …",santé / paramédical / optique,,,1100 - 1400 TND,"El Menzah, Tunis",CDI,,2026-03-16,16 mars 2026,Non,Keejob,https://www.keejob.com/offres-emploi/237937/visiteur-pharmaceutique/
237936,INGENIEUR CHIMISTE,DEUTSCHCOLOR,"Dans le cadre d'amélioration de ses activités de recherche et développement de ces produits, DC INDUSTRIES ( Deutschcolor ) cherche à recruter Ingénieur en Chimie ayant une expérience dans le domaine de …",commerce / vente / distribution,,,,"Kairouan Nord, Kairouan",CDI,,2026-03-16,16 mars 2026,Non,Keejob,https://www.keejob.com/offres-emploi/237936/ingenieur-chimiste/
237951,Monastir-Commerciaux terrain en Microfinance,ADVANS TUNISIE MICROFINANCE,"Advans, groupe international de Microfinance Advans Tunisie œuvre dans le domaine du développement économique, avec l'objectif d'offrir aux entrepreneurs tunisiens exclus du système financier traditionnel, des services de crédit adaptés …",banque / finance / assurances,,,,Monastir,,,2026-03-16,16 mars 2026,Non,Keejob,https://www.keejob.com/offres-emploi/237951/monastir-commerciaux-terrain-en-microfinance/
237953,Agent de saisie,LOG SYSTEM NORTH AFRICA,"TeamXtend (groupe LOG System) est un acteur spécialisé en Business Process Outsourcing (BPO), avec un centre de compétences basé à Tunis.Nous accompagnons des entreprises internationales dans l’externalisation de leurs processus administratifs, financiers et …",informatique / télécoms,,,900 - 1000 TND,Tunis,CDI | SIVP,,2026-03-16,16 mars 2026,Non,Keejob,https://www.keejob.com/offres-emploi/237953/agent-de-saisie-hf/
237955,Chargé Logistique/Gestion des Sous-traitants,SEPT SUR SEPT DISPATCHING&LOGISTIC,"Description du poste Notre société, spécialisée dans le transport de luxe pour une clientèle VIP et opérant à l’échelle internationale, recherche dans le cadre de son développement un(e) Chargé(e) Logistique …",transport / logistique,,,,Tunis,CDI,,2026-03-16,16 mars 2026,Non,Keejob,https://www.keejob.com/offres-emploi/237955/charg%C3%A9-logistiquegestion-des-sous-traitants/
237956,agent immobilier à Hergla,TECNOCASA GROUP,TECNOCASA TUNISIE est devenue le premier groupe d'agence immobilières indépendantes du pays et compte actuellement 80 agences dans les régions suivantes:- le Grand Tunis: la banlieue nord-la banlieue sud -El Manezeh-El …,architecture / immobilier / BTP,,,,"Hergla, Sousse",CDI | SIVP,,2026-03-16,16 mars 2026,Non,Keejob,https://www.keejob.com/offres-emploi/237956/agent-immobilier/
237954,Directeur Comptabilité & Finance Filiale,ROSE BLANCHE GROUP,"Directeur Comptabilité & FinanceEnvie de rejoindre le leader tunisien de l’agroalimentaire dans le secteur des céréales et dérivés, fort de plus de 100 ans d’innovation et de croissance continue ? …",agriculture / agro-alimentaire / environnement,,Directeur,,Sfax,CDI,,2026-03-16,16 mars 2026,Non,Keejob,https://www.keejob.com/offres-emploi/237954/directeur-comptabilit%C3%A9-finance/
237959,Frontend Developer Senior(React / TypeScript),EITA CONSULTING,Nous recherchons un Frontend Developer Senior pour rejoindre une équipe tech et intervenir sur le développement d’une application web en environnement moderne.Le développeur interviendra au sein d’une équipe produit/tech entièrement …,informatique / télécoms,,Senior,1000 - 3500 TND,"Cite El Khadra, Tunis",CDI | Indépendant/Freelance,,2026-03-16,16 mars 2026,Non,Keejob,https://www.keejob.com/offres-emploi/237959/frontend-developer-seniorreact-typescript/
237961,Technicien de Maintenance – Agro,CRIT,"Notre client, entreprise reconnue du secteur agroalimentaire, recherche un Technicien de Maintenance Polyvalent pour renforcer ses équipes en France.Missions :Réaliser la maintenance préventive et corrective des équipements de productionDiagnostiquer les pannes et assurer …",recrutement / ressources humaines,,,,France,CDI,,2026-03-16,16 mars 2026,Non,Keejob,https://www.keejob.com/offres-emploi/237961/technicien-de-maintenance-agro-france/
237962,Senior Recruiter,VEO WORLDWIDE SERVICES,"Êtes-vous une personne enthousiaste et motivée, dotée d’un véritable talent pour identifier des profils d’exception ?Nous recherchons un Senior Recruiter compétent et motivé qui sera responsable de la mise en …",consulting / étude / stratégie,,Senior,,"Sousse, Sousse",CDI,,2026-03-16,16 mars 2026,Non,Keejob,https://www.keejob.com/offres-emploi/237962/senior-recruiter/
237933,Auditeur,Entreprise Anonyme,"Cabinet d'expertise comptable cherche à recruter un(e) auditeur(rice) comptable • Vous avez au minimum Bac+3 comptabilité ou mastère CCA,• Vous avez au moins 2 ans d'expérience en cabinet d'audit comptable,• Vous …",,2 ans d'exp,,1500 - 2000 TND,Tunis,CDI,,2026-03-16,16 mars 2026,Non,Keejob,https://www.keejob.com/offres-emploi/237933/auditeur-confirm%C3%A9/
237938,Poste : Approvisionneur de magasins (H/F),MERCURE RETAIL TUNISIA,"🎯 Mission principale Assurer et piloter les flux de marchandises entre le dépôt central et le réseau de magasins, afin de garantir la disponibilité des produits et d’optimiser les niveaux de …",commerce / vente / distribution,,,,Tunis,CDI,,2026-03-16,16 mars 2026,Non,Keejob,https://www.keejob.com/offres-emploi/237938/poste-approvisionneur-de-magasins-hf/
237893,Gestionnaire IDA,ASSURANCES COMAR,"📢 COMAR Assurances, Recrute : Un Gestionnaire IDA📍 𝐕𝐨𝐬 𝐌𝐢𝐬𝐬𝐢𝐨𝐧𝐬 :Gérer les dossiers recours IDAEtude et instruction des dossiers de sinistre IDAInventaire permanent des dossiers recours et défenses.📍 Profil recherché …",banque / finance / assurances,,,,"Centre ville, Tunis",CDI,,2026-03-16,16 mars 2026,Non,Keejob,https://www.keejob.com/offres-emploi/237893/gestionnaire-ida/
237769,Chargé Marketing stratégique et opérationnel,ASSURANCES COMAR,M1 : Préparation et organisation des actions Effectuer le suivi des dossiers en relation avec le plan marketing Effectuer une étude de marché relative sur l’opération marketing ou …,banque / finance / assurances,,,,"Bab Bhar, Tunis",CDI,,2026-03-16,16 mars 2026,Non,Keejob,https://www.keejob.com/offres-emploi/237769/charg%C3%A9-marketing-strat%C3%A9gique-et-op%C3%A9rationnel/
237770,Chargé(e) conformité & lutte anti-blanchiment,ASSURANCES COMAR,"Profil recherché : Formation : BAC+5 (Comptabilité, audit, Finance, Droit, Gestion des risques, sécurité financière et conformité) Expérience : Entre 1an et 3 ans dans un environnement similaire📍 𝐕𝐨𝐬 𝐌𝐢𝐬𝐬𝐢𝐨𝐧𝐬 :Maîtriser le risque de …",banque / finance / assurances,,,,"Bab Bhar, Tunis",CDI,,2026-03-16,16 mars 2026,Non,Keejob,https://www.keejob.com/offres-emploi/237770/charg%C3%A9e-conformit%C3%A9-lutte-anti-blanchiment/
237209,First Line Manager,LABORATOIRES ADWYA,"Dans le cadre de son développement, MEDICIS recrute un(e) First Line Manager pour encadrer et accompagner une équipe de délégués médicaux.Exigences de l'emploi Missions : Encadrer, coacher et développer l’équipe de délégués …",santé / paramédical / optique,,Manager,,Ariana,CDI | Stage,,2026-03-16,16 mars 2026,Non,Keejob,https://www.keejob.com/offres-emploi/237209/first-ligne-manager/
237208,Délégués Médicaux,LABORATOIRES ADWYA,"Dans le cadre de son développement, MEDICIS recrute des délégués médicaux:Exigences de l'emploi Missions : Assurer la promotion des médicaments auprès des professionnels de santé dans le respect de la …",santé / paramédical / optique,,,,Ariana,CDI,,2026-03-16,16 mars 2026,Non,Keejob,https://www.keejob.com/offres-emploi/237208/d%C3%A9l%C3%A9gu%C3%A9s-m%C3%A9dicaux/
237198,Chef d’Équipe Service Client,MOONSIDE CONSULTING & SERVICES,"À propos de Moonside (anciennement Binit NS) Moonside est un cabinet de conseil en Tech & Ops qui accompagne les entreprises européennes dans leurs transformations de bout en bout, tant …",consulting / étude / stratégie,,,,"Centre ville, Tunis",CDI,,2026-03-16,16 mars 2026,Non,Keejob,https://www.keejob.com/offres-emploi/237198/chef-d%C3%A9quipe-service-client/
237199,Gestionnaire en assurance,MOONSIDE CONSULTING & SERVICES,"À propos de Moonside (anciennement Binit NS) Moonside est un cabinet de conseil en Tech & Ops qui accompagne les entreprises européennes dans leurs transformations de bout en bout, tant …",consulting / étude / stratégie,,,,"Centre ville, Tunis",CDI,,2026-03-16,16 mars 2026,Non,Keejob,https://www.keejob.com/offres-emploi/237199/gestionnaire-en-assurance/
237205,Support Technique Helpdesk,CPL JOBS,Note importanteℹ️ Précision importante : Ce poste de Helpdesk s'exerce uniquement par téléphone (support à distance). Il ne s'agit PAS d'un centre d'appel avec des objectifs de volume d'appels. Vous êtes un expert technique qui apporte des solutions …,recrutement / ressources humaines,,,1100 - 2500 TND,"Ariana Ville, Ariana",CDI,,2026-03-16,16 mars 2026,Non,Keejob,https://www.keejob.com/offres-emploi/237205/support-technique-helpdesk/
237206,Savez-vous convaincre ?,CPL JOBS,Vous êtes un(e) communicant(e) né(e) avec le sens de l'écoute et le goût du challenge ? Vous aimez persuadez et trouvez des solutions sur mesure ? Nous vous offrons l'opportunité …,recrutement / ressources humaines,,,1000 - 1400 TND,Tunis,CDI,,2026-03-16,16 mars 2026,Non,Keejob,https://www.keejob.com/offres-emploi/237206/savez-vous-convaincre/
237211,Spécialiste Affaires Réglementaires,LABORATOIRES ADWYA,"Dans le cadre de son développement, MEDICIS recrute un(e) un(e) Spécialiste en Affaires Réglementaires pour assurer et coordonner l’ensemble des activités liées à l’enregistrement et au suivi des Autorisations de Mise …",santé / paramédical / optique,,,,Ariana,,,2026-03-16,16 mars 2026,Non,Keejob,https://www.keejob.com/offres-emploi/237211/sp%C3%A9cialiste-affaires-r%C3%A9glementaires/
237910,Assistante Administrative et Commerciale,FREE HEALTH CARE,"Assistante Administrative et CommercialeLa société Free Health Care, spécialisée dans la distribution de matériel médical et respiratoire (CPAP, concentrateurs d’oxygène, monitoring respiratoire), recrute une assistante administrative et commerciale.Missions :Gestion des …",santé / paramédical / optique,,,800 - 900 TND,"Mnihla, Ariana",CDI | SIVP,,2026-03-15,15 mars 2026,Non,Keejob,https://www.keejob.com/offres-emploi/237910/assistante-administrative-et-commerciale/
237871,Assistant Acheteur,SAYDERMA,"Missions principales Sous la supervision de la Direction des Achats, l’Assistant Acheteur participe à la gestion et au suivi des opérations d’approvisionnement nécessaires à l’activité du laboratoire. Ses principales missions …",santé / paramédical / optique,,,650 - 800 TND,"Sidi Thabet, Ariana",CDI | SIVP,,2026-03-15,15 mars 2026,Non,Keejob,https://www.keejob.com/offres-emploi/237871/assistant-acheteur/
237903,Technicien en Electronique,MAISON DE L ENERGIE,"Société spécialisée dans le domaine de l'Energie, désire recruter un Technicien supérieur en Maintenance industrielle, de spécialité Electronique/Electricité, possédant un permis de conduire.1. Diagnostic et Maintenance :Identifier les pannes et assurer …",électronique / électricité / énergie,,,700 - 850 TND,"Ariana Ville, Ariana",SIVP,,2026-03-15,15 mars 2026,Non,Keejob,https://www.keejob.com/offres-emploi/237903/technicien-en-electronique/
237907,Technicien/ingénieur en plasturgie,Entreprise Anonyme,"- Affectation hebdomadaire des ouvriers - Affectation journalière des ouvriers selon les incidents (absence/besoin urgent, ceintrage/Bobine/chargement du camion pour la livraison…)- Contrôle journalier des rapports de la production (prélèvement et …",,,,1200 - 1400 TND,"Sfax Sud, Sfax",CDI,,2026-03-15,15 mars 2026,Non,Keejob,https://www.keejob.com/offres-emploi/237907/techniciening%C3%A9nieur-en-plasturgie/
237870,Chef d’Équipe Comptabilité,SAYDERMA,"Sous la supervision de la Direction Administrative et Financière, le Chef d’Équipe Comptabilité assure la gestion opérationnelle et la supervision des travaux comptables de la société. À ce titre, il …",santé / paramédical / optique,,,1400 - 1800 TND,"Sidi Thabet, Ariana",CDI,,2026-03-15,15 mars 2026,Non,Keejob,https://www.keejob.com/offres-emploi/237870/chef-d%C3%A9quipe-comptabilit%C3%A9/
237913,Assistant Production,Entreprise Anonyme,Activités principales · Planifier la production avec les responsables d'atelier · Coordonner les exigences de production et les nécessités de maintenance · Assurer les communications avec les autres services · …,,,,,"Ben Arous, Ben Arous",CDI | SIVP,,2026-03-14,14 mars 2026,Non,Keejob,https://www.keejob.com/offres-emploi/237913/assistant-production/
237917,Responsable Maintenance Mécanique BBM BM,CARTHAGO SANITAIRE,"Poulina Group Holding, leader sur le marché tunisien et opérant dans plusieurs secteurs d'activités, cherche à renforcer son capital humain par le recrutement d'un Responsable Maintenance Mécanique pour le compte …",autres,,,1500 - 2000 TND,"Bir Mcherga, Zaghouan",CDI,,2026-03-14,14 mars 2026,Non,Keejob,https://www.keejob.com/offres-emploi/237917/responsable-maintenance-m%C3%A9canique-bbm-bm/
237918,Conducteur Machine - BBM BM,CARTHAGO SANITAIRE,"Poulina Group Holding, Leader sur le marché tunisien et opérant dans plusieurs secteurs d'activités, cherche à renforcer son Capital Humain par le recrutement des "" Conducteurs Machines "" pour le compte …",autres,,,900 - 1300 TND,"Bir Mcherga, Zaghouan",CDI,,2026-03-14,14 mars 2026,Non,Keejob,https://www.keejob.com/offres-emploi/237918/conducteur-machine-bbm-bm/
237920,Ingénieur en Génie Civil (Travaux),STRAM GROUPE,"Afin de renforcer son équipe, STRAM Groupe, leader dans le domaine des travaux spéciaux, cherche à recruter : Ingénieur Travaux Les attributions principales du poste sont : - Réaliser des études …",architecture / immobilier / BTP,,,,"Megrine, Ben Arous",CDD,,2026-03-14,14 mars 2026,Non,Keejob,https://www.keejob.com/offres-emploi/237920/ing%C3%A9nieur-en-g%C3%A9nie-civil-travaux/
237921,Métreur,STRAM GROUPE,"STRAM Groupe, leader reconnu dans le domaine des Travaux spéciaux en génie civil. Depuis sa création, on s'est engagée à fournir des solutions innovantes et durables pour répondre aux …",architecture / immobilier / BTP,,,,Tunis,CDD | SIVP,,2026-03-14,14 mars 2026,Non,Keejob,https://www.keejob.com/offres-emploi/237921/m%C3%A9treur/
237922,Relais administratif de chantier,STRAM GROUPE,"STRAM Groupe, leader reconnu dans le domaine des Travaux spéciaux en génie civil. Depuis sa création, on s'est engagée à fournir des solutions innovantes et durables pour répondre aux besoins …",architecture / immobilier / BTP,,,,Ben Arous,CDI | SIVP,,2026-03-14,14 mars 2026,Non,Keejob,https://www.keejob.com/offres-emploi/237922/relais-administratif-de-chantier/
237916,COMPTABLE,Entreprise Anonyme,"Sous l’autorité hiérarchique du Directeur Administratif et Financier, le Comptable prendra en charge l’ensemble des travaux liées à la comptabilité générale en garantissant l’application de la réglementation en vigueur. Elle …",,,Directeur,,"Ben Arous, Ben Arous",CDI,,2026-03-14,14 mars 2026,Non,Keejob,https://www.keejob.com/offres-emploi/237916/compatbilite/
237912,Technicien Maintenance Electrique - BBM BM,CARTHAGO SANITAIRE,"Poulina Group Holding, Leader sur le marché tunisien et opérant dans plusieurs secteurs d'activités, cherche à renforcer son Capital Humain par le recrutement des "" Techniciens Maintenance Electrique"" pour le compte de …",autres,,,1000 - 1500 TND,"Bir Mcherga, Zaghouan",CDI | SIVP,,2026-03-14,14 mars 2026,Non,Keejob,https://www.keejob.com/offres-emploi/237912/technicien-maintenance-electrique-bbm-bm/
237914,Responsable RH,Entreprise Anonyme,"Missions : 1. Gestion de l’équipe RH (doit avoir une expérience dans la gestion d’équipe), 2. Amélioration du climat social avec des actions sociales, 3. Conseiller et assister la Direction et les Responsables de …",,,,,"Ben Arous, Ben Arous",CDI,,2026-03-14,14 mars 2026,Non,Keejob,https://www.keejob.com/offres-emploi/237914/responsable-rh/
237928,RESPONSABLE COMPTABILITE ET FINANCE,Entreprise Anonyme,"Sous l’autorité hiérarchique du Directeur Administratif et Financier, le Comptable prendra en charge l’ensemble des travaux liées à la comptabilité générale en garantissant l’application de la réglementation en vigueur. Elle …",,,Directeur,,"Ben Arous, Ben Arous",CDI,,2026-03-14,14 mars 2026,Non,Keejob,https://www.keejob.com/offres-emploi/237928/responsable-compatbilite-et-finance/
237919,Maçon - BBM BM,CARTHAGO SANITAIRE,"Poulina Group Holding, Leader sur le marché tunisien et opérant dans plusieurs secteurs d'activités, cherche à renforcer son Capital Humain par le recrutement un "" Maçon "" pour le compte de …",autres,,,800 - 1300 TND,"Bir Mcherga, Zaghouan",CDI,,2026-03-14,14 mars 2026,Non,Keejob,https://www.keejob.com/offres-emploi/237919/ma%C3%A7on-bbm-bm/
237926,Responsable Achat et Approvisionnement,Entreprise Anonyme,"Industrie pharmaceutique de renommée, recrute un Responsable Achat et Approvisionnement.Missions :· Participer à l’élaboration de la politique d’achat et d’approvisionnement et s’assurer de sa bonne application ;· Identifier les besoins d’achat et …",,,,,"Bir Mcherga, Zaghouan",,,2026-03-14,14 mars 2026,Non,Keejob,https://www.keejob.com/offres-emploi/237926/responsable-achat-et-approvisionnement/
237927,agent immobilier,TECNOCASA SAHLOUL,L'agence Tecnocasa sahloul recrute pour le poste : Agent Immobilier les missions seront de: Rechercher et recenser sur terrain les meilleurs biens immobilier sur le secteur. Assurer les visites et les négociation auprès …,architecture / immobilier / BTP,,,650 - 750 TND,"Sousse Jaouhara, Sousse",CDI | SIVP,,2026-03-14,14 mars 2026,Non,Keejob,https://www.keejob.com/offres-emploi/237927/agent-immobilier/
237923,Ingénieur affaires réglementaires,PHARMAGHREB,Dans le cadre de son développement de son activité Les Laboratoires Pharmaghreb ( industrie pharmaceutique ) cherche à recruter un Ingénieur chargé affaires réglementaires MissionsAssurer le suivi des dossiers réglementaires jusqu’à …,santé / paramédical / optique,,,,"La Soukra, Ariana",CDI | SIVP,,2026-03-14,14 mars 2026,Non,Keejob,https://www.keejob.com/offres-emploi/237923/ing%C3%A9nieur-affaires-r%C3%A9glementaires/
237189,Manager Celio Mall of Sfax,TUNTEX,"Indigo Company recrute pour sa marque Celio Mall of Sfax un(e) Assistant(e) Manager.En tant qu’Assistant(e) Manager, vous êtes l’image de l’entreprise. Vous êtes directement responsable de la réussite de votre …",commerce / vente / distribution,,Manager,,Sfax,,,2026-03-14,14 mars 2026,Non,Keejob,https://www.keejob.com/offres-emploi/237189/manager-celio-mall-of-sfax/
237151,Ingénieur Sécurité HSE (Fejja),SOTUCHOC,"SOTUCHOC, Société Tunisienne de Chocolaterie et de Confiserie, spécialisée dans la fabrication de produits à base de chocolat et de confiseries diverses, Leader national dans le domaine de l’agroalimentaire. Nous …",agriculture / agro-alimentaire / environnement,,,,"Mornaguia, La Manouba",CDI,,2026-03-14,14 mars 2026,Non,Keejob,https://www.keejob.com/offres-emploi/237151/ing%C3%A9nieur-s%C3%A9curit%C3%A9-hse-fejja/
237152,Magasinier PDR (N),SOTUCHOC,"SOTUCHOC, Société Tunisienne de Chocolaterie et de Confiserie, spécialisée dans la fabrication de produits à base de chocolat et de confiseries diverses, Leader national dans le domaine de l’agroalimentaire. Nous …",agriculture / agro-alimentaire / environnement,,,,"Fouchana, Ben Arous",CDI,,2026-03-14,14 mars 2026,Non,Keejob,https://www.keejob.com/offres-emploi/237152/magasinier-pdr-n/
237162,AGENT DE RECOUVREMENT,Entreprise Anonyme,Nous Recrutons ! 📢 une société agroalimentaire est à la recherche d'un(e) Agent de Recouvrement dynamique et motivé(e) pour rejoindre notre équipe ! Responsabilités : Gérer les créances impayées et …,,,,800 - 1000 TND,"El Hencha, Sfax",CDI,,2026-03-14,14 mars 2026,Non,Keejob,https://www.keejob.com/offres-emploi/237162/agent-de-recouvrement/
237168,Agent de Recouvrement,Entreprise Anonyme,une société agroalimentaire est à la recherche d'un(e) Agent de Recouvrement dynamique et motivé(e) pour rejoindre notre équipe !Responsabilités :Gérer les créances impayées et effectuer des relances.Négocier des plans de …,,,,,"Ben Arous, Ben Arous",CDI | SIVP,,2026-03-14,14 mars 2026,Non,Keejob,https://www.keejob.com/offres-emploi/237168/agent-de-recouvrement/
237190,Ingénieur Chimie analytique instrumentation,DAR ESSAYDALI,"1- Assure le suivi et la réalisation des activités de qualification des équipements de production, des équipements de contrôle qualité et des utilités pharmaceutiques2- Elaborer et veiller à l’application du …",santé / paramédical / optique,,,,Sfax,,,2026-03-14,14 mars 2026,Non,Keejob,https://www.keejob.com/offres-emploi/237190/ing%C3%A9nieur-chimie-analytique-instrumentation/
237147,Chef d’équipe cristallisation,ETABLISSEMENTS ABDELMOULA,- Compétences exigées*Maîtrise des techniques de cristallisation et des équipements associés (compresseur frigorifique) *Maîtrise des équipements industriels. *Maîtrise des outils de contrôle et de mesure. *Compétences en contrôle qualité. *Utilisation d’outils …,agriculture / agro-alimentaire / environnement,,,800 - 1100 TND,"Le Bardo, Tunis",CDI,,2026-03-14,14 mars 2026,Non,Keejob,https://www.keejob.com/offres-emploi/237147/chef-d%C3%A9quipe-cristallisation/
237149,Chaudiériste (Fejja),SOTUCHOC,"SOTUCHOC, Société Tunisienne de Chocolaterie et de Confiserie, spécialisée dans la fabrication de produits à base de chocolat et de confiseries diverses, Leader national dans le domaine de l’agroalimentaire. Nous …",agriculture / agro-alimentaire / environnement,,,,"Mornaguia, La Manouba",CDI | SIVP,,2026-03-14,14 mars 2026,Non,Keejob,https://www.keejob.com/offres-emploi/237149/chaudi%C3%A9riste-fejja/
237155,Responsable Magasin (H/F),SEGOR SOCIETE DU GROUPE SUEZ,📍 Lieu : Zone Industrielle EL MGHIRA 🏢 Entreprise : SEGOR – Société du Groupe SUEZ 📄 Type de contrat : CDI ⏰ Disponibilité : Temps plein À propos de …,autres,,,1300 - 1800 TND,"Fouchana, Ben Arous",CDI,,2026-03-14,14 mars 2026,Non,Keejob,https://www.keejob.com/offres-emploi/237155/responsable-magasin-hf/
237160,Contrôleur de Gestion (H/F),SEGOR SOCIETE DU GROUPE SUEZ,"📍 Localisation : Siège / Lac 1🏢 Entreprise : SEGOR – Société du Groupe SUEZ📄 Type de contrat : CDIÀ propos de l’entrepriseSEGOR, société du Groupe SUEZ, est un acteur …",autres,,,1500 - 2500 TND,"Centre ville, Tunis",CDI,,2026-03-14,14 mars 2026,Non,Keejob,https://www.keejob.com/offres-emploi/237160/contr%C3%B4leur-de-gestion-hf/
237181,Sage-femme,AMEN SANTE,"Pour les besoins de ses activités, La Clinique la Marsa souhaite recruter des Sages-femmes pour les services : hospitalisation et maternité.Diplômé(e) (bac+3) (Ecole de la Santé Publique ou Ecole de Formation Privée …",santé / paramédical / optique,,,,"La Marsa, Tunis",CDI | SIVP,,2026-03-14,14 mars 2026,Non,Keejob,https://www.keejob.com/offres-emploi/237181/sage-femme/
237184,AGENT IMMOBILIER TECNOCASA LAFAYETTE,TECNOCASA GROUP,ECNOCASA TUNISIE est devenue le premier groupe d'agence immobilières indépendantes du pays et compte actuellement 80 agences dans les régions suivantes:- le Grand Tunis: la banlieue nord-la banlieue sud -Sousse: Sahloul-Sousse Bouhssina-Jaouhara-Corniche-Monastir: …,architecture / immobilier / BTP,,,,"Centre ville, Tunis",CDI,,2026-03-14,14 mars 2026,Non,Keejob,https://www.keejob.com/offres-emploi/237184/agent-immobilier-tecnocasa-lafayette/
237187,Opérateur de fabrication,DAR ESSAYDALI,"Mission : Réaliser les opérations de fabrication dans le respect des Bonnes Pratiques de fabrication, des règles hygiène et de sécurité et des procédures de travailEtre en charge d’une ou de …",santé / paramédical / optique,,,,Sfax,CDI,,2026-03-14,14 mars 2026,Non,Keejob,https://www.keejob.com/offres-emploi/237187/op%C3%A9rateur-de-fabrication/
237186,INFIRMIERS(ES),AMEN SANTE,"La Clinique la Marsa souhaite renforcer ses équipes et recrute :INFIRMIERS(ES) Affectation possible au : service d’hospitalisation, Service de soins intensifs 🎓 Profil requisDiplôme en soins infirmier (Bac +3) délivré par une École de la Santé Publique ou une École de Formation Privée …",santé / paramédical / optique,,,,"La Marsa, Tunis",CDI | SIVP,,2026-03-14,14 mars 2026,Non,Keejob,https://www.keejob.com/offres-emploi/237186/infirmierses/
237153,Ingénieur Chef d'Atelier de Production (N),SOTUCHOC,"SOTUCHOC, Société Tunisienne de Chocolaterie et de Confiserie, spécialisée dans la fabrication de produits à base de chocolat et de confiseries diverses, Leader national dans le domaine de l’agroalimentaire. Nous …",agriculture / agro-alimentaire / environnement,,,,"Fouchana, Ben Arous",CDI,,2026-03-14,14 mars 2026,Non,Keejob,https://www.keejob.com/offres-emploi/237153/ing%C3%A9nieur-chef-datelier-de-production-n/
237150,Technicien Supérieur Électrique (Fejja),SOTUCHOC,"SOTUCHOC, Société Tunisienne de Chocolaterie et de Confiserie, spécialisée dans la fabrication de produits à base de chocolat et de confiseries diverses, Leader national dans le domaine de l’agroalimentaire. Nous …",agriculture / agro-alimentaire / environnement,,,,"Mornaguia, La Manouba",CDI,,2026-03-14,14 mars 2026,Non,Keejob,https://www.keejob.com/offres-emploi/237150/technicien-sup%C3%A9rieur-%C3%A9lectrique-fejja/
237183,Customer Services Officer - Sousse,BANK ABC,Bank ABC is reinforcing their network with the hiring of a Customer Services Officer within one of its Branches in Sousse.As a CSO you will be treating desk operations for all customers …,banque / finance / assurances,,,,Sousse,CDI,,2026-03-14,14 mars 2026,Non,Keejob,https://www.keejob.com/offres-emploi/237183/customer-services-officer-sousse/
237159,Responsable HSE (H/F),SEGOR SOCIETE DU GROUPE SUEZ,"📍 Lieu : Lac 1🏢 Entreprise : SEGOR – Société du Groupe SUEZ📄 Type de contrat : CDI⏰ Disponibilité : Temps pleinContexte du posteSEGOR, société du Groupe SUEZ, spécialisée dans …",autres,,,2500 - 3500 TND,"Centre ville, Tunis",CDI,,2026-03-14,14 mars 2026,Non,Keejob,https://www.keejob.com/offres-emploi/237159/responsable-hse-hf/
237191,Chauffeur Livreur,Entreprise Anonyme,"BARIOLO, la référence du jus frais en Tunisie, cherche à recruter Un chauffeur livreur, sérieux et dynamiques, pour assurer les missions suivantes :Gérer l'intégralité du processus de livraison (chargement, déchargement …",,,,700 - 900 TND,Tunis,CDI,,2026-03-14,14 mars 2026,Non,Keejob,https://www.keejob.com/offres-emploi/237191/chauffeur-livreur/
237193,Directeur Administratif et Financier,Entreprise Anonyme,"Etablir les prévisions budgétaires et prévoir le financement des investissements.Réaliser une analyse financière de l’entreprise.Piloter la trésorerie et identifier les moyens de l’optimiser.Superviser la tenue comptable, les déclarations mensuelles et …",,,,,Sfax,,,2026-03-14,14 mars 2026,Non,Keejob,https://www.keejob.com/offres-emploi/237193/directeur-administratif-et-financier/
237119,Ingénieur Production,HR HOUSE INTERNATIONAL,"HR House International recrute pour le compte de l'un de ses clients, une société dans le secteur pétrochimique :Ingénieur Production Missions:Assurer la lecture et l’application des plans industriels PID & PFD.Programmer …",recrutement / ressources humaines,,,,Bizerte,CDI,,2026-03-14,14 mars 2026,Non,Keejob,https://www.keejob.com/offres-emploi/237119/ing%C3%A9nieur-production/
237128,chargé sécurité de travail,Entreprise Anonyme,🚀 Nous recrutons !Vous êtes passionné(e) par la sécurité industrielle et la prévention des risques au travail.Vous disposez d’une expérience professionnelle dans un environnement industriel ?👉 Cette opportunité est faite …,,,,1000 - 1200 TND,"Sbikha, Kairouan",CDI,,2026-03-14,14 mars 2026,Non,Keejob,https://www.keejob.com/offres-emploi/237128/charg%C3%A9-s%C3%A9curit%C3%A9-de-travail/
237127,Responsable Management Qualité - RMQ,SNA,"SNA SIDI EL HENI , filiale de Poulina Group Holding, cherche à renforcer son capital humain par le recrutement d'un responsable management qualité De formation mastère ou ingénieur en …",agriculture / agro-alimentaire / environnement,,,,"Sidi El Heni, Sousse",CDI,,2026-03-14,14 mars 2026,Non,Keejob,https://www.keejob.com/offres-emploi/237127/responsable-management-qualit%C3%A9-rmq/
237129,Dessinateur– Unité Laser,SOQUIBAT,"SOQUIBAT, groupe multinational fondé en 1983 et spécialisé dans l’import, l’export et la commercialisation de produits sidérurgiques, métallurgiques et de construction métallique, recrute un(e) : 🔹 Dessinateur / Unité Laser …",commerce / vente / distribution,,,,"Bir Mcherga, Zaghouan",CDI,,2026-03-14,14 mars 2026,Non,Keejob,https://www.keejob.com/offres-emploi/237129/dessinateur-unit%C3%A9-laser/
237137,Technicien Maintenance Générale,ASTEELFLASH,Mission: Sous la responsabilité hiérarchique et fonctionnelle du responsable maintenance site: •Assurer la maintenance des équipements et de même pour les nouvelles installations. •Réaliser les interventions de maintenance préventive et curative …,électronique / électricité / énergie,,,,"La Soukra, Ariana",CDI,,2026-03-14,14 mars 2026,Non,Keejob,https://www.keejob.com/offres-emploi/237137/technicien-maintenance-g%C3%A9n%C3%A9rale/
237145,Développeur Microsoft Dynamics CE CRM,METAM,"Metam est une entreprise Montréalaise en plein essor qui se spécialise dans la digitalisation d’entreprises offrant des services d’implémentation d’ERP, d’intégration de systèmes et de développement sur mesure. Nous sommes …",informatique / télécoms,,,1000 - 3000 TND,Sfax,CDI,,2026-03-14,14 mars 2026,Non,Keejob,https://www.keejob.com/offres-emploi/237145/d%C3%A9veloppeur-microsoft-dynamics-ce-crm/
237136,Technicien Maintenance CMS,ASTEELFLASH,"Mission:Sous la responsabilité hiérarchique et fonctionnelle du Responsable Maintenance, le technicien maintenance CMS est chargé de: •Effectuer la maintenance préventive et curative dans l’atelier CMS. •Assurer le support nécessaire afin …",électronique / électricité / énergie,,,,"La Soukra, Ariana",CDI,,2026-03-14,14 mars 2026,Non,Keejob,https://www.keejob.com/offres-emploi/237136/technicien-maintenance-cms/
237135,Automaticien,SNA,"La Société de Nutrition Animale SNA, basée à la zone industrielle Sidi El Heni, cherche à renforcer son capital humain par le recrutement d'un automaticien.Vous aurez pour mission de :- Participer à …",agriculture / agro-alimentaire / environnement,,,,"Sidi El Heni, Sousse",,,2026-03-14,14 mars 2026,Non,Keejob,https://www.keejob.com/offres-emploi/237135/automaticien/
237121,Ingénieur Mécanique 2D_ Harness Designer,KROMBERG SCHUBERT CENTRE TEHNOLOGIQUE,"Le Centre Technologique KROMBERG & SCHUBERT, implanté au technopole Elghazela, est à la recherche de profils expérimentés dans le domaine de l'industrie automobile!Appartenant à un groupe allemand établi depuis 1903, notre centre de recherche et développement …",automobile / moteurs / engins mécaniques,,,,"Raoued, Ariana",CDI,,2026-03-14,14 mars 2026,Non,Keejob,https://www.keejob.com/offres-emploi/237121/ing%C3%A9nieur-m%C3%A9canique-2d_-harness-designer/
237138,Chargé(e) Conformité,ADVANS TUNISIE MICROFINANCE,"Advans, groupe international de Microfinance Advans Tunisie œuvre dans le domaine du développement économique, avec l'objectif d'offrir aux entrepreneurs tunisiens exclus du système financier traditionnel, des services de crédit adaptés …",banque / finance / assurances,,,,Tunis,,,2026-03-14,14 mars 2026,Non,Keejob,https://www.keejob.com/offres-emploi/237138/charg%C3%A9e-conformit%C3%A9/
237144,Stagiaire RH - Bizerte,Entreprise Anonyme,"Metam est une entreprise Montréalaise en plein essor qui se spécialise dans la digitalisation d’entreprises offrant des services d’implémentation d’ERP, d’intégration de systèmes et de développement sur mesure. Nous sommes …",,,,,"Menzel Jemil, Bizerte",SIVP,,2026-03-14,14 mars 2026,Non,Keejob,https://www.keejob.com/offres-emploi/237144/stagiaire-rh-bizerte/
237132,Préparatrice-technicienne de production,NEW BOX TUNISIA,Nous cherchons à recruter en urgence un préparateur de commandes qui aura pour missions:- Préparation des commandes et colisage des produits- Renseignement des documents relatifs à l'expédition des produits.- Garantir …,autres,,,500 - 1000 TND,"Sbikha, Kairouan",CDI | SIVP,,2026-03-14,14 mars 2026,Non,Keejob,https://www.keejob.com/offres-emploi/237132/pr%C3%A9paratrice-technicienne-de-production/
234709,Retail Relationship Manager,BANK ABC,We are reinforcing our Retail & Digital Banking Department with the recruitment of a Retail Relationship Manager (Chargés d'Affaires Particuliers).The Retail Relationship Manager is responsible for managing and developing a …,banque / finance / assurances,,Manager,,Tunis,CDI,,2026-03-13,13 mars 2026,Non,Keejob,https://www.keejob.com/offres-emploi/234709/retail-relationship-manager/
237856,Laborantin,MED OIL CAMPANY,"Med Oil Company recrute un Laborantin pour sa filiale basée à Bir Mchergua Zaghouan. Missions : Analyses physico-chimiques : Réaliser des analyses physico-chimiques sur les matières premières, produits en cours de fabrication, et …",commerce / vente / distribution,,,,"Bir Mcherga, Zaghouan",,,2026-03-13,13 mars 2026,Non,Keejob,https://www.keejob.com/offres-emploi/237856/laborantin/
237859,Logistics Coordinator,ENPAL,"Enpal è il primo green unicorn in Europa.Fondata a Berlino nel 2017 e attiva in Italia dal 2023, Enpal ha già conquistato oltre 55.000 clienti soddisfatti. Offriamo soluzioni innovative per l'indipendenza energetica, …",autres,,,1000 - 2000 TND,Tunis,CDI,,2026-03-13,13 mars 2026,Non,Keejob,https://www.keejob.com/offres-emploi/237859/logistics-coordinator-taliano-fluente/
237861,Sales Representative,ISNACK,"PRIMARY OBJECTIVE OF POSITIONThe Sales Representative is responsible for generating new business, maintaining client relationships, and achieving monthly and quarterly sales targets. This role involves prospecting, product presentation, negotiation, and closing sales while ensuring …",agriculture / agro-alimentaire / environnement,,,1700 - 2000 TND,"Enfidha, Sousse",CDI,,2026-03-13,13 mars 2026,Non,Keejob,https://www.keejob.com/offres-emploi/237861/sales-representative-english-speaker-required/
237863,Technicien de compression (Pharmaceutique),LABORATOIRE THERA,"Laboratoire THERA sis à Zone Industrielle El Agba recrute pour son département Production un technicien de compression- Formation :ayant un diplôme de brevet de technicien professionnel, un brevet de technicien supérieur en production ou préparateur …",santé / paramédical / optique,,,1000 - 1400 TND,"El Hrairia, Tunis",CDI,,2026-03-13,13 mars 2026,Non,Keejob,https://www.keejob.com/offres-emploi/237863/technicien-de-compression-pharmaceutique/
237865,Responsable Transit,LABORATOIRE THERA,"THERA recrute un Responsable Transit Profil recherché : - Licence/Mastère en gestion ou équivalent - Expérience minimum de 2 ans Tâches principales : - Gérer les opérations douanières nécessaires aux importations et exportations - Constituer, …",santé / paramédical / optique,,,900 - 1500 TND,"Essijoumi, Tunis",,,2026-03-13,13 mars 2026,Non,Keejob,https://www.keejob.com/offres-emploi/237865/responsable-transit/
237858,Déléguée médicale,Entreprise Anonyme,"Recrutement de déléguée médicale sur SfaxLaboratoire pharmaceutique recrute, dans le cadre du renforcement de son réseau de promotion médicale, une déléguée médicale basée SfaxProfil de la candidate :De formation médicale …",,,,1000 - 1200 TND,"Sfax Ville, Sfax",CDI | CDD | SIVP,,2026-03-13,13 mars 2026,Non,Keejob,https://www.keejob.com/offres-emploi/237858/recrutement-d%C3%A9l%C3%A9gu%C3%A9e-m%C3%A9dicale-bas%C3%A9e-sur-sfax/
237867,Technicien elctromecanique,REPUBLIC OF MLAWI,"Société agroalimentaire en pleine expansion, recrute un technicien électromécanique motivé et compétent pour rejoindre son équipe sur le shift soir.Missions principales :Assurer la maintenance préventive et corrective (1er et 2eme niveau) …",agriculture / agro-alimentaire / environnement,,,1000 - 1200 TND,"El Hrairia, Tunis",CDI,,2026-03-13,13 mars 2026,Non,Keejob,https://www.keejob.com/offres-emploi/237867/technicien-elctromecanique/
237868,Machiniste,MED OIL CAMPANY,"Med Oil Company recherche des Machinistes pour sa filiale basée à Bir Mcherga, Zaghouan. Missions : Assurer la réalisation de la production en terme qualitative et quantitative Assurer le rendement optimal des machines Assurer l'entretien …",commerce / vente / distribution,,,,"Bir Mcherga, Zaghouan",,,2026-03-13,13 mars 2026,Non,Keejob,https://www.keejob.com/offres-emploi/237868/machiniste/
237873,Commerciale,MEDAGRO,"Âge maximum : 30 ans Excellentes compétences commerciales Excellentes compétences en communication Excellentes compétences rédactionnelles et de présentation Esprit créatif Exigences : Diplôme universitaire ou professionnel en marketing digital Compétence linguistique ,français et …",agriculture / agro-alimentaire / environnement,,,1111 - 1112 TND,Tunis,CDI,,2026-03-13,13 mars 2026,Non,Keejob,https://www.keejob.com/offres-emploi/237873/une-repr%C3%A9sentante-commerciale/
237869,Responsable ressources humaines,REPUBLIC OF MLAWI,"Société agroalimentaire en pleine expansion cherche à recruter un (e) Responsable ressources humaines Missions principales :Définir et mettre en œuvre la stratégie RH de l’entreprise.Gérer le recrutement, l’intégration et le suivi …",agriculture / agro-alimentaire / environnement,,,1000 - 1500 TND,"El Hrairia, Tunis",CDI,,2026-03-13,13 mars 2026,Non,Keejob,https://www.keejob.com/offres-emploi/237869/responsable-ressources-humaines/
237875,Responsable Maintenance,L'ACCUMULATEUR TUNISIEN ASSAD,"Vous êtes Ingénieur en électromécanique, mécanique ou équivalent et prêt à piloter et optimiser l’ensemble des opérations de maintenance de nos installations industrielles ? Ce poste est fait pour vous …",électronique / électricité / énergie,,,,"Bou Argoub, Nabeul",CDI,,2026-03-13,13 mars 2026,Non,Keejob,https://www.keejob.com/offres-emploi/237875/responsable-maintenance/
237877,Mateur-Commerciaux terrain en Microfinance,ADVANS TUNISIE MICROFINANCE,"Advans, groupe international de Microfinance Advans Tunisie œuvre dans le domaine du développement économique, avec l'objectif d'offrir aux entrepreneurs tunisiens exclus du système financier traditionnel, des services de crédit adaptés …",banque / finance / assurances,,,,"Mateur, Bizerte",CDI | SIVP,,2026-03-13,13 mars 2026,Non,Keejob,https://www.keejob.com/offres-emploi/237877/mateur-commerciaux-terrain-en-microfinance/
237874,BIM Modeleur,Entreprise Anonyme,"Notre société recrute un BIM Modeleur Confirmé , spécialisé dans le traitement à partir de nuages de points.📐 Intervention sur :• Architecture• Structure• MEP (CVC, plomberie, électricité)🛠 Vos missions :Modélisation BIM …",,,,1200 - 1600 TND,"El Menzah, Tunis",CDI,,2026-03-13,13 mars 2026,Non,Keejob,https://www.keejob.com/offres-emploi/237874/bim-modeleur-confirm%C3%A9-hf/
237876,Dessinateur/Projeteur 2D,Entreprise Anonyme,"Notre société recrute un Dessinateur/Projeteur 2D expérimenté, spécialisé dans le traitement à partir de nuages de points.🔎 Profil recherché :Maîtrise des logiciels AutoCAD et BricsCADExpérience professionnelle d’au moins 2 ansBonne maîtrise de la langue française (écrit et oral)Disponibilité …",,,,1000 - 1500 TND,"El Menzah, Tunis",CDI,,2026-03-13,13 mars 2026,Non,Keejob,https://www.keejob.com/offres-emploi/237876/dessinateurprojeteur-2d-confirm%C3%A9/
237880,Auditeur Comptable,BUISINESS SOLUTIONS,"Le cabinet Business Solutions recrute pour le compte de son partenaire à Sousse : Auditeur ComptableMissions principales :Saisie comptable des factures d’achats, ventes, banque, caisse, etc.Préparation des bulletins de paieRédaction des …",recrutement / ressources humaines,,,,"Sousse Ville, Sousse",CDI,,2026-03-13,13 mars 2026,Non,Keejob,https://www.keejob.com/offres-emploi/237880/auditeur-comptable/
237881,Vendeur/ Caissier Mango Tunis City,TUNTEX,"Pour Accompagner son développement, le groupe Indigo Company, leader du marché du Retail en Tunisie, avec plus de 15 enseignes d’envergure internationale, recherche ses futurs conseillers en mode.Véritable ambassadeur de …",commerce / vente / distribution,,,,Ariana,,,2026-03-13,13 mars 2026,Non,Keejob,https://www.keejob.com/offres-emploi/237881/vendeur-caissier-mango-tunis-city/
237887,Commercial,Entreprise Anonyme,"Réf : 128 Lieu : Grand-TunisType de contrat : CDI/SIVPPrise de poste : immédiatementMode : MixteProfil : fémininVotre missionRejoignez notre centre d’ingénierie tunisien, filiale d'un éditeur de logiciels français avec une présence internationale spécialisée dans la protection et le management …",,,,1000 - 1500 TND,Tunis,CDI | SIVP,,2026-03-13,13 mars 2026,Non,Keejob,https://www.keejob.com/offres-emploi/237887/commercial-juniorjunior-sales-associate/
237886,Technicien Maintenance Electrique - BBM TAJ,CARTHAGO SANITAIRE,"Poulina Group Holding, Leader sur le marché tunisien et opérant dans plusieurs secteurs d'activités, cherche à renforcer son Capital Humain par le recrutement des "" Techniciens Maintenance Electrique"" pour le compte de …",autres,,,800 - 1500 TND,"Tajerouine, Le Kef",CDD | SIVP,,2026-03-13,13 mars 2026,Non,Keejob,https://www.keejob.com/offres-emploi/237886/technicien-maintenance-electrique-bbm-taj/
237888,Assistante Ressources Humaines,Entreprise Anonyme,Nous recrutons un(e) Assistant(e) RH dont les missions seront principalement orientées vers le suivi des habilitations du personnel et la préparation des audits qualité.Missions principales :Assurer le suivi et la …,,,,800 - 1000 TND,"Kalaa El Kebira, Sousse",CDI | SIVP,,2026-03-13,13 mars 2026,Non,Keejob,https://www.keejob.com/offres-emploi/237888/assistante-ressources-humaines/
237890,Superviseur Ben Arous,GROUPE JUDY,« Le Groupe Judy » cherche son Superviseur Commerciale (Zone: BEN AROUS) Voulez-vous donner un nouvel élan à votre carrière ?MISSION :Le superviseur a pour mission de développer les ventes dans le circuit …,chimie / biologie / physique,,,1500 - 1800 TND,"Ben Arous, Ben Arous",CDI,,2026-03-13,13 mars 2026,Non,Keejob,https://www.keejob.com/offres-emploi/237890/superviseur-ben-arous/
237879,Aide comptable,Entreprise Anonyme,"Nous recherchons un(e) Aide-Comptable dynamique et rigoureux(se) pour rejoindre notre équipe. Sous la supervision du comptable, vous participerez aux opérations comptables quotidiennes et assurerez le bon suivi des finances de …",,,,650 - 750 TND,"La Goulette, Tunis",CDI | SIVP,,2026-03-13,13 mars 2026,Non,Keejob,https://www.keejob.com/offres-emploi/237879/aide-comptable/
237891,RESPONSABLE RH,Entreprise Anonyme,Dans le cadre de notre stratégie de développement et dans le but de renforcé l'equipe RH nous recrute:RESPONSABLE RHMission Gérer les entrées et sorties de personnel Participe aux …,,,,,"Zaghouan, Zaghouan",CDI,,2026-03-13,13 mars 2026,Non,Keejob,https://www.keejob.com/offres-emploi/237891/responsable-rh/
237894,Chargé Trade Marketing (H/F),ROSE BLANCHE GROUP,"Envie de rejoindre le leader tunisien de l’agroalimentaire dans le secteur des céréales et dérivés, fort de plus de 100 ans d’innovation et de croissance continue ?Vous souhaitez dynamiser votre carrière au sein …",agriculture / agro-alimentaire / environnement,,,,"Sousse Ville, Sousse",CDI,,2026-03-13,13 mars 2026,Non,Keejob,https://www.keejob.com/offres-emploi/237894/charg%C3%A9-trade-marketing-hf/
237898,Magasinier,PARAFENDRI,"La société « Parafendri », Leader dans le domaine de la vente des produits parapharmaceutiques et paramédicales dans la Tunisie, recrute pour renforcer son équipe deux magasiniersUne première expérience réussie d’une année …",commerce / vente / distribution,,,800 - 1000 TND,"Sfax Ville, Sfax",CDI,,2026-03-13,13 mars 2026,Non,Keejob,https://www.keejob.com/offres-emploi/237898/magasinier/
237897,Sales Manager,AGBL AFRIQUE,"Alliance Global, l’un des leaders régionaux de la distribution d’équipement médical en Afrique recrute pour son bureau de la TunisieTâche :Prévision des ventes par produit et par mois et atteinte des …",autres,,,2500 - 3000 TND,"Centre ville, Tunis",CDI,,2026-03-13,13 mars 2026,Non,Keejob,https://www.keejob.com/offres-emploi/237897/sales-manager/
237899,Comptable Senior,Entreprise Anonyme,"Vous êtes rigoureux(se) et passionné(e) par la comptabilité et la finance ? Organisé(e) et ayant le sens de l'écoute! Rejoignez notre équipe pour superviser la comptabilité générale et analytique, gérer …",,,,,"Ariana Ville, Ariana",CDI,,2026-03-13,13 mars 2026,Non,Keejob,https://www.keejob.com/offres-emploi/237899/comptable-senior/
237901,Cuisinier,EL MAZRAA,"Principales responsabilités : Préparer et cuisiner les plats selon les recettes et les fiches techniques établies. Réaliser les différentes étapes de préparation (découpe, cuisson, assemblage des ingrédients). Participer à la …",agriculture / agro-alimentaire / environnement,,,,"Grombalia, Nabeul",CDI,,2026-03-13,13 mars 2026,Non,Keejob,https://www.keejob.com/offres-emploi/237901/cuisinier/
237902,Technicien regleur-injection plastique,Entreprise Anonyme,Missions: Assiste l’équipe de montage- démontage moule.Assiste le chef de production au réglage lors du démarrage d’un moule.Assiste le chef de production à l’élaboration de fiche de réglage Vérifie et ajuste le …,,,,1000 - 1500 TND,"Ben Arous, Ben Arous",CDI,,2026-03-13,13 mars 2026,Non,Keejob,https://www.keejob.com/offres-emploi/237902/technicien-regleur-injection-plastique/
237840,Assistante de direction,ELF CONSEIL,"Notre cabinet d’expertise comptable désire recruter une Assistante de direction :Missions Générales :AccueilAssurer les communications (téléphonique, e-mails, etc.)Facturation et suivi des recouvrementsAssurer les différentes tâches juridiques, fiscales et sociales, ...Saisie des pièces comptablesDéplacement Atouts …",comptabilité / gestion / audit,,,500 - 700 TND,"Ariana Ville, Ariana",CDI | CDD | SIVP | Saisonnier,,2026-03-13,13 mars 2026,Non,Keejob,https://www.keejob.com/offres-emploi/237840/assistante-de-direction/
237841,Ingénieur AGRO ALIMENTAIRE,IAT,Diplômes requis: IngénieurConnaissances théoriques de base en IAA:Industries Fromagère et laitièreMaitrise des démarches qualité Aisance d'analyse sensoriellePrésence de potentiel rédactionnel Présence de potentiel analytiqueMaitrise de l'outil informatiqueConnaissances des bonnes pratiques d'hygièneFormations requises …,agriculture / agro-alimentaire / environnement,,,1300 - 1500 TND,"Fouchana, Ben Arous",CDI,,2026-03-13,13 mars 2026,Non,Keejob,https://www.keejob.com/offres-emploi/237841/ing%C3%A9nieur-agro-alimentaire/
237843,Responsable commercial,AUTOP,"AUTOP est une société en pleine expansion, spécialisée dans la réparation de véhicules et la gestion de garages conventionnés.Dans le cadre de son développement, nous recherchons un ( e ) responsable …",automobile / moteurs / engins mécaniques,,,,"La Soukra, Ariana",CDI,,2026-03-13,13 mars 2026,Non,Keejob,https://www.keejob.com/offres-emploi/237843/responsable-commercial/
237844,Chef de projet marketing,AUTOP,"AUTOP est une société en pleine expansion, spécialisée dans la réparation de véhicules et la gestion de garages conventionnés.Dans le cadre de son développement, nous recrutons un chef de projet marketing Missions et …",automobile / moteurs / engins mécaniques,,,,"Ariana Ville, Ariana",CDI,,2026-03-13,13 mars 2026,Non,Keejob,https://www.keejob.com/offres-emploi/237844/chef-de-projet-marketing/
237845,Comptable,AUTOP,"AUTOP est une société en pleine expansion, spécialisée dans la réparation de véhicules et la gestion de garages conventionnés.Dans le cadre de son développement, nous recrutons un comptableMissions principalesAssurer l’enregistrement des …",automobile / moteurs / engins mécaniques,,,,Ariana,CDI,,2026-03-13,13 mars 2026,Non,Keejob,https://www.keejob.com/offres-emploi/237845/comptable/
237846,Formateur énergie,AMIANE,Amiane Call recrute un profil de Formateur en énergie ayant une expérience dans les techniques de vente pour intégrer notre équipe.* Missions Principales• Maîtrise des techniques de formation initiale & continue• Mise en place …,call center / télévente,,,1000 - 2000 TND,"Cite El Khadra, Tunis",CDI,,2026-03-13,13 mars 2026,Non,Keejob,https://www.keejob.com/offres-emploi/237846/formateur-%C3%A9nergie-hf/
237848,Tecnico Helpdesk,CPL JOBS,Tecnico Helpdesk (m/f/d) – Lingua Italiana Stiamo reclutando un Tecnico Helpdesk di lingua italiana per il nostro partner! Cosa offriamo: • Trasporto gratuito per il lavoro • Stipendio interessante a …,recrutement / ressources humaines,,,1500 - 1501 TND,Ariana,CDI,,2026-03-13,13 mars 2026,Non,Keejob,https://www.keejob.com/offres-emploi/237848/tecnico-helpdesk/
237849,Técnico Helpdesk (m/f/d) – Língua Portuguesa,CPL JOBS,Técnico Helpdesk (m/f/d) – Língua Portuguesa Estamos recrutando um Técnico Helpdesk de língua portuguesa para o nosso parceiro! O que oferecemos: • Transporte gratuito para o trabalho • Salário atrativo …,recrutement / ressources humaines,,,1700 - 1701 TND,Ariana,CDI,,2026-03-13,13 mars 2026,Non,Keejob,https://www.keejob.com/offres-emploi/237849/t%C3%A9cnico-helpdesk-mfd-l%C3%ADngua-portuguesa/
237850,Télégestionnaire Assurance -Service Rétention,CPL JOBS,"Dans le cadre du renforcement de notre service Rétention, nous recrutons des Télégestionnaires Assurance expérimentés, passionnés par la relation client et la négociation. Votre rôle principal sera de fidéliser notre …",recrutement / ressources humaines,,,1100 - 1400 TND,"Centre ville, Tunis",CDI,,2026-03-13,13 mars 2026,Non,Keejob,https://www.keejob.com/offres-emploi/237850/t%C3%A9l%C3%A9gestionnaire-assurance-service-r%C3%A9tention/
237851,Agent sans faire de vente ni de prospection,CPL JOBS,"Vous avez un excellent niveau en français et en anglais, vous aimez aider, expliquer et accompagner les clients sans faire de vente ni de prospection ? Cette opportunité est faite …",recrutement / ressources humaines,,,1100 - 1400 TND,"Centre ville, Tunis",CDI,,2026-03-13,13 mars 2026,Non,Keejob,https://www.keejob.com/offres-emploi/237851/agent-sans-faire-de-vente-ni-de-prospection/
237852,Téléconseiller en régime mi-temps,CPL JOBS,"Votre mission: Vous assurez le conseil et l’accompagnement à distance des clients et prospects, en identifiant leurs besoins et en leur proposant des produits et offres adaptés. Vous contribuez activement …",recrutement / ressources humaines,,,,"Centre ville, Tunis",CDI,,2026-03-13,13 mars 2026,Non,Keejob,https://www.keejob.com/offres-emploi/237852/t%C3%A9l%C3%A9conseiller-en-r%C3%A9gime-mi-temps/
237842,GESTIONNAIRE DE MATIERES PREMIERES,DEUTSCHCOLOR,"Dc Industries Sarl, avec la marque DEUTSCHCOLOR d'origine allemande, fait partie du secteur industriel tunisien depuis 2019.Avec cette extension en cours, DC INDUSTRIES cherche a recruter un Responsable Gestion …",commerce / vente / distribution,,,850 - 1000 TND,"Kairouan Nord, Kairouan",,,2026-03-13,13 mars 2026,Non,Keejob,https://www.keejob.com/offres-emploi/237842/gestionnaire-des-mati%C3%A8res-premi%C3%A8res/
237835,Standardiste,FOLLA IMMOBILIERE,"Fille d’Accueil / Standardiste (Débutante) Profil recherché : Niveau bac ou équivalent Expérience : débutante acceptée Bonne présentation et bon sens de la communication Sens de l’organisation, ponctualité et sérieux …",architecture / immobilier / BTP,,,600 - 700 TND,"Monastir, Monastir",CDI | SIVP,,2026-03-13,13 mars 2026,Non,Keejob,https://www.keejob.com/offres-emploi/237835/standardiste/
237837,Ingénieur Hydraulique,FOLLA IMMOBILIERE,"Description du poste :Dans le cadre du développement de nos activités, nous recherchons un(e) Ingénieur(e) Hydraulique et Aménagement ou Ingénieur(e) Énergétique débutant(e) pour intervenir sur des projets liés à la …",architecture / immobilier / BTP,,,1000 - 1200 TND,Monastir,CDI | SIVP,,2026-03-13,13 mars 2026,Non,Keejob,https://www.keejob.com/offres-emploi/237837/ing%C3%A9nieur/
237853,Chef de zone,EPICES SMAOUI,"Société ESSAFA propriétaire de plusieurs marques alimentaires et non alimentaires, cherche à recruter à Sfax un chef de zone pour renforcer notre force de vente de la distribution numérique.Vos principales …",agriculture / agro-alimentaire / environnement,,,1300 - 1800 TND,"Sfax Sud, Sfax",CDI,,2026-03-13,13 mars 2026,Non,Keejob,https://www.keejob.com/offres-emploi/237853/chef-de-zone/
237847,Programmeur Régleur Fraisage CN,MECATECH INDUSTRIE,Programmation des pièces mécaniques sur centre d’usinage CNC (programmation ISO ou FAO).Préparation complète des montages et des outils de coupe.Réglage précis de la machine et mise au point des programmes.Optimisation …,industrie métalliques,,,1000 - 2000 TND,"Mahdia, Mahdia",CDI | CDD | SIVP,,2026-03-13,13 mars 2026,Non,Keejob,https://www.keejob.com/offres-emploi/237847/programmeur-r%C3%A9gleur-fraisage-cn/
237820,Développeur Full Stack IT,DECLITECH,"Lieu : SousseType de contrat : CIVP / CDINiveau : Bac+3 à Bac+5 en informatique ou domaines connexesVos missions :Sous la supervision de notre CTO, vous participerez au développement et …",enseignement / formation / puériculture,,,1000 - 1500 TND,Sousse,CDI | SIVP,,2026-03-13,13 mars 2026,Non,Keejob,https://www.keejob.com/offres-emploi/237820/d%C3%A9veloppeur-full-stack-it-%C3%A0-sousse/
237854,Assistante,MEDIFORM MANAR,"Nous recherchons une assistante administrative pour rejoindre notre cabinet de kinésithérapie. Vous serez en charge de l’accueil des patients (physique et téléphonique), de la gestion et de la planification des …",santé / paramédical / optique,,,,"El Menzah, Tunis",Stage,,2026-03-13,13 mars 2026,Non,Keejob,https://www.keejob.com/offres-emploi/237854/assistante/
237786,Assistante comptable,Entreprise Anonyme,"Nous cherchons une assistante comptable pour :Saisie et enregistrement des pièces comptables (factures, notes de frais, écritures de banque…)Lettrage et rapprochements bancairesSuivi des comptes clients et fournisseursClassement et archivage des …",,,,500 - 600 TND,"Ariana Ville, Ariana",SIVP,,2026-03-13,13 mars 2026,Non,Keejob,https://www.keejob.com/offres-emploi/237786/comptable-junior/
237785,Comptable,HESAB CONSULTING FINANCIER,"Rattaché(e) au manager, vous assurez la supervision de la comptabilité générale, le management des collaborateurs, la fiabilité des états financiers, le respect des délais de clôture et la conformité comptable …",comptabilité / gestion / audit,,Manager,10000 - 15000 TND,"Ariana Ville, Ariana",CDI,,2026-03-13,13 mars 2026,Non,Keejob,https://www.keejob.com/offres-emploi/237785/comptable-confirm%C3%A9e/
237109,Conseillers Clients (SOUSSE),TP,Tu cherches un emploi ou une nouvelle expérience ? TP Tunisie t’ouvre ses portes ! Tu maîtrises la langue française et tu voues une passion à l’art de la communication et aux …,informatique / télécoms,,,,"Sousse Ville, Sousse",CDI,,2026-03-13,13 mars 2026,Non,Keejob,https://www.keejob.com/offres-emploi/237109/conseillers-clients-sousse/
237110,Logistics & Compliance Coordinator,BULGIN TUNISIE,"Please send your CV in English otherwise it won't be taken into consideration. Description :Purpose of Role :our Logistics & Compliance Coordinator will be responsible on ;Planning, implementing and overseeing transport …",électronique / électricité / énergie,,,,"Mannouba, La Manouba",CDI,,2026-03-13,13 mars 2026,Non,Keejob,https://www.keejob.com/offres-emploi/237110/logistics-compliance-coordinator/
237107,Conseillers commerciaux en réception d'appels,MEZZO,"SoMezzo du groupe Outsourcia recrute !Boostez votre carrière avec nous !Nous sommes l’un des leaders de la télévente et du service client, implanté en Tunisie depuis 2005. Nous vous offrons …",call center / télévente,,,,Tunis,CDI | SIVP,,2026-03-13,13 mars 2026,Non,Keejob,https://www.keejob.com/offres-emploi/237107/conseillers-commerciaux-en-r%C3%A9ception-dappels/
237105,Conseillers Commerciaux en Réception d'Appel,ACTIVE CONTACT,Nous recrutons des Conseillers Commerciaux en Réception d'Appels pour offrir une expérience exceptionnelle à nos clients.Vos missions :- Relation Client : Répondre aux appels entrants et établir des relations de confiance avec nos …,call center / télévente,,,1000 - 1500 TND,"Centre ville, Tunis",CDI | SIVP,,2026-03-13,13 mars 2026,Non,Keejob,https://www.keejob.com/offres-emploi/237105/conseillers-commerciaux-en-r%C3%A9ception-dappel/
237088,Conseiller(e)s de Vente / Caissier(e)s,BEN YAGHLANE SHOPS,"La Centrale Commerciale ""Biwai Shops"" lance une campagne de recrutement pour renforcer ses équipes au sein de ses points de vente situés à CENTRE URBAIN NORD, MARSA,MENZAH5, LAC2 ET BARDO- Des Caissier(e)s, - …",commerce / vente / distribution,,,,"Le Bardo, Tunis",,,2026-03-13,13 mars 2026,Non,Keejob,https://www.keejob.com/offres-emploi/237088/conseilleres-de-vente-caissieres/
237096,Technicien HELPDESK Germanophone,CPL JOBS,"Vous êtes à la recherche d’un emploi stable, motivant avec de réelles opportunités d’évolution au sein d’une entreprise de renommé leader dans son domaine, vous êtes dynamique et motivé(e), doté(e) …",recrutement / ressources humaines,,,1800 - 1900 TND,"El Kram, Tunis",CDI,,2026-03-13,13 mars 2026,Non,Keejob,https://www.keejob.com/offres-emploi/237096/technicien-helpdesk-germanophone/
237095,HELPDESK techniker in deutscher Sprache,CPL JOBS,"Cpl jobs stellt für seinen Partner HELPDESK-Techniker in deutscher Sprache ein.Sie sind dynamisch und motiviert, so dass Ihr Profil für uns von großem Interesse ist.Deine Vorteile:Wir sorgen für kostenlosen Transport …",recrutement / ressources humaines,,,1800 - 2000 TND,"El Kram, Tunis",CDI,,2026-03-13,13 mars 2026,Non,Keejob,https://www.keejob.com/offres-emploi/237095/helpdesk-techniker-in-deutscher-sprache/
237792,Magasinier,SIM,"Nous recherchons un magasinier sérieux et dynamique pour rejoindre notre équipe à Sfax. Le candidat aura pour mission principale de gérer les entrées et sorties de marchandises, d’assurer le rangement, la préparation des …",commerce / vente / distribution,,,550 - 750 TND,"Sfax Ville, Sfax",CDI | SIVP,,2026-03-12,12 mars 2026,Non,Keejob,https://www.keejob.com/offres-emploi/237792/magasinier/
237793,CHAUFFEUR MINI-BUS (14 PLACES),OLYMPIA COMPANY,La société cherche un chauffeur mini-bus ( 14 places) résident à Ksar Helal - Moknine pour assurer le transfert des ouvriers de Ksar Helal à Msaken ( aller et retour).Ses …,commerce / vente / distribution,,,850 - 900 TND,"Ksar Helal, Monastir",CDI | SIVP,,2026-03-12,12 mars 2026,Non,Keejob,https://www.keejob.com/offres-emploi/237793/chauffeur-mini-bus-14-places/
237794,Assistante DAF,STE DES EAUX BARGOU,"Assistante DAF Rattachée à la Direction Administratives et Financière, vous aurez pour principales missions : -Assister la DAF dans la gestion administratives et financière quotidienne-Suivi et classement des pièces comptables-Préparation des dossiers …",agriculture / agro-alimentaire / environnement,,,1200 - 1300 TND,"Ariana Ville, Ariana",CDI,,2026-03-12,12 mars 2026,Non,Keejob,https://www.keejob.com/offres-emploi/237794/assistante-daf/
