Job_ID,Titre,Societe,Description,Skills,Categories,Annees_Experience,Niveau_Experience,Salaire,Lieu,Type_Contrat,Mode_Travail,Date_Publication,Date_Relative,Expire,Source,Lien
YF8FRXYDLI0H,Operations Manager – F&B Experience,Confidential,,·Sports and Leisure | · F&B Management | · Team Leadership | · Inventory Control | · Event Management | · Customer Experience,·Hospitality/Hotels/Food Services | · Operations Management | · Indoor Sales | · Sales Target,5 - 10 Yrs of Exp,Manager,,"New Cairo, Cairo, Egypt",Full Time,On-site,,,,Wuzzuf,https://wuzzuf.net/jobs/p/yf8frxydli0h-operations-manager-fb-experience-cairo-egypt
HD7YSUIEHRND,HR Manager,Just HR,,· HR | · Performance Management | · Organization Development | · Recruitment,·Human Resources | · Human Resources (HR),8 - 10 Yrs of Exp,Experienced,,"Downtown, Cairo, Egypt",Full Time,On-site,,,,Wuzzuf,https://wuzzuf.net/jobs/p/hd7ysuiehrnd-hr-manager-just-hr-cairo-egypt
VORBBFRR25K8,Sales Account Executive,Patchwork Productions,,· Account Management | · Networking | · Communication | · Advertising Media | · Creative Thinking,·Business Development | ·Marketing/PR/Advertising | ·Sales/Retail | · Business Development | · Sales,3 - 7 Yrs of Exp,Experienced,,"Garden City, Cairo, Egypt",Full Time,Hybrid,,,,Wuzzuf,https://wuzzuf.net/jobs/p/vorbbfrr25k8-sales-account-executive-patchwork-productions-cairo-egypt
2I6MJLHYJF4D,Senior Site Engineer (North Coast &/or Sherouk City Projects),AEG Design & Construction,,· Site Engineer | · Architect | · Architecture | · AutoCAD | · Site Security | · Project Management,·Engineering - Construction/Civil/Architecture | · Engineering | · Site Engineering | · Architectural Engineering,8+ Yrs of Exp,Experienced,,"Sheikh Zayed, Giza, Egypt",Full Time,On-site,,,,Wuzzuf,https://wuzzuf.net/jobs/p/2i6mjlhyjf4d-senior-site-engineer-north-coast-or-sherouk-city-projects-aeg-design-construction-giza-egypt
DAMG0BX8WS6K,Production Engineer,PAFT,,· Process Optimization | · Production,·Manufacturing/Production | · Production Engineering | · Manufacturing Operations | · Engineering | · Engineering Services | · Engineering Service,1 - 3 Yrs of Exp,Entry Level,,"6th of October, Giza, Egypt",Full Time,On-site,,,,Wuzzuf,https://wuzzuf.net/jobs/p/damg0bx8ws6k-production-engineer-paft-giza-egypt
JVKWGYNDFLAA,Entry Level Travel Consultant,Hojuzat,,· Travel | · Customer Support | · Communication Skills | · Interpersonal Skills | · Problem-Solving | · Travel Planning,·Tourism/Travel | · Tourism | · Customer Service | · Sales Skills,0 - 2 Yrs of Exp,Entry Level,,"Mansoura, Dakahlia, Egypt",Full Time,On-site,,,,Wuzzuf,https://wuzzuf.net/jobs/p/jvkwgyndflaa-entry-level-travel-consultant-hojuzat-dakahlia-egypt
PNKU6UGNMZ1W,Electrical Site Engineer,Allied Engineering & projects,,· Electrical Site Management | · Site Engineer | · Electrical Systems Design | · Power Distribution | · Teamwork | · Project Management | · AutoCAD,·Engineering - Mechanical/Electrical | · Electrical Engineering,2 - 5 Yrs of Exp,Experienced,,"Mohandessin, Giza, Egypt",Full Time,On-site,,,,Wuzzuf,https://wuzzuf.net/jobs/p/pnku6ugnmz1w-electrical-site-engineer-allied-engineering-projects-giza-egypt
GB6ZS3GSLDWK,Accounting Manager,Just HR,,· Financial Management | · Cost Control | · Financial Reporting,·Accounting/Finance | · Accounting | · Finance,8 - 10 Yrs of Exp,Manager,,"Nasr City, Cairo, Egypt",Full Time,On-site,,,,Wuzzuf,https://wuzzuf.net/jobs/p/gb6zs3gsldwk-accounting-manager-just-hr-cairo-egypt
B4WH33DZQGJA,Recruitment Team Leader/s,Just HR,,· Team Leadership | · Talent Acquisition | · Candidate Sourcing | · Problem Solving | · Communication | · Interviewing,·Human Resources | · Recruitment Strategy,3 - 5 Yrs of Exp,Experienced,,"Nasr City, Cairo, Egypt",Full Time,On-site,,,,Wuzzuf,https://wuzzuf.net/jobs/p/b4wh33dzqgja-recruitment-team-leaders-just-hr-cairo-egypt
AEQBBD26UN1R,Senior HR Operations Officer,Just HR,,· HR | · Microsoft Office | · Recruitment | · Personnel Affairs | · Personnel Management | · Payroll,·Human Resources | · Human Resources (HR),2 - 4 Yrs of Exp,Experienced,,"Nasr City, Cairo, Egypt",Full Time,On-site,,,,Wuzzuf,https://wuzzuf.net/jobs/p/aeqbbd26un1r-senior-hr-operations-officer-just-hr-cairo-egypt
H66CH5XRY7EX,Senior Full Stack Developer,Agricope,,· Computer Science | · Information Technology (IT) | · Software Development | · Full-stack Development | · JavaScript | · React | · Node.js | · RESTful APIs,·IT/Software Development | ·Engineering - Telecom/Technology,4 - 8 Yrs of Exp,Experienced,,"Cairo, Egypt",Full Time,Hybrid,,,,Wuzzuf,https://wuzzuf.net/jobs/p/h66ch5xry7ex-senior-full-stack-developer-agricope-cairo-egypt
BNR3SHX7TTPL,Social Media Specialist,Agricope,,·Writing/Editorial | ·Media/Journalism/Publishing | · Social Media Management | · Content Creation | · Data Analytics | · SEO | · Community Engagement,·Marketing/PR/Advertising | · E-Marketing | · Marketing,4 - 6 Yrs of Exp,Experienced,,"Cairo, Egypt",Full Time,Hybrid,,,,Wuzzuf,https://wuzzuf.net/jobs/p/bnr3shx7ttpl-social-media-specialist-agricope-cairo-egypt
IFZPCRPE0YRH,Graphic Designer,Agricope,,·Creative/Design/Art | · Adobe Illustrator | · Graphic Design | · Adobe Photoshop | · Design Principles | · Motion Graphics | · Motion Graphic Design | · Branding | · Typography,·Marketing/PR/Advertising,3 - 7 Yrs of Exp,Experienced,,"Cairo, Egypt",Full Time,Hybrid,,,,Wuzzuf,https://wuzzuf.net/jobs/p/ifzpcrpe0yrh-graphic-designer-agricope-cairo-egypt
VZENP8HB7KQM,Project Manager – Operation & Execution (Remote),Safe Harbor,,·Project/Program Management | · Management | · Project Management | · Project,·Administration | ·Operations/Management,5 - 10 Yrs of Exp,Manager,,"Cairo, Egypt",Full Time,Remote,,,,Wuzzuf,https://wuzzuf.net/jobs/p/vzenp8hb7kqm-project-manager-operation-execution-remote-safe-harbor-cairo-egypt
JHDREGHFMCOQ,Remote Sales Partner - eSIM for Travelers (Commission Based) Hurghada,Egypt Connect,,Freelance / Project | · Communication,·Business Development | ·Customer Service/Support | ·Sales/Retail | · Business Development | · Sales | · Customer Service | · Digital Marketing | · Tourism,0 - 2 Yrs of Exp,Student,,"Hurghada, Red Sea, Egypt",Part Time,On-site,,,,Wuzzuf,https://wuzzuf.net/jobs/p/jhdreghfmcoq-remote-sales-partner-esim-for-travelers-commission-based-hurghada-egypt-connect-red-sea-egypt
D5RQKPVTHD2D,Senior International Marketing Specialist,ITIDA,,·Media/Journalism/Publishing | · Social Media,·Marketing/PR/Advertising | · Digital Marketing | · E-Marketing | · Marketing,5 - 7 Yrs of Exp,Experienced,,"Smart Village, Giza, Egypt",Full Time,On-site,,,,Wuzzuf,https://wuzzuf.net/jobs/p/d5rqkpvthd2d-senior-international-marketing-specialist-itida-giza-egypt
3EVAD039JKOW,Senior Clients Relationship Account Manager,ITIDA,,· Account Management | · Customer Relationship Management | · Information Technology (IT) | · Computer Skills | · English | · MBA,·Customer Service/Support | · Customer Service,5 - 8 Yrs of Exp,Experienced,,"Smart Village, Giza, Egypt",Full Time,On-site,,,,Wuzzuf,https://wuzzuf.net/jobs/p/3evad039jkow-senior-clients-relationship-account-manager-itida-giza-egypt
XRLJRYMYMLSU,Incubation Communication and Outreach Senior Specialist,ITIDA,,· Communication,·Business Development | ·Marketing/PR/Advertising | · Marketing,5 - 8 Yrs of Exp,Experienced,,"Smart Village, Giza, Egypt",Full Time,On-site,,,,Wuzzuf,https://wuzzuf.net/jobs/p/xrljrymymlsu-incubation-communication-and-outreach-senior-specialist-itida-giza-egypt
I0DBYVUERYK8,Receptionist,Bioskin Spa,,· Reception,·Administration | ·Customer Service/Support | · Administration,1 - 3 Yrs of Exp,Experienced,,"New Cairo, Cairo, Egypt",Full Time,On-site,,,,Wuzzuf,https://wuzzuf.net/jobs/p/i0dbyvueryk8-receptionist-bioskin-spa-cairo-egypt
4FTHILSKKCTA,Human Resources Senior Generalist,ITIDA,,· Microsoft Office | · Recruitment | · Personnel,·Human Resources | ·Operations/Management | · Human Resources | · Human Resources (HR),5 - 8 Yrs of Exp,Experienced,,"Smart Village, Giza, Egypt",Full Time,On-site,,,,Wuzzuf,https://wuzzuf.net/jobs/p/4fthilskkcta-human-resources-senior-generalist-itida-giza-egypt
ECJE1RMDPGXS,Senior Accountant,B.TECH,,· Financial Analysis | · Microsoft Office | · Power BI | · Financial Management,·Accounting/Finance | · Accounting | · Finance,2+ Yrs of Exp,Experienced,,"New Cairo, Cairo, Egypt",Full Time,On-site,,,,Wuzzuf,https://wuzzuf.net/jobs/p/ecje1rmdpgxs-senior-accountant-b-tech-cairo-egypt
84ZJ4JHFEMNC,Call Center Agent,Idea,,· Call Center | · Customer Care | · Customer Support,·Customer Service/Support | ·Operations/Management | · Customer Service,0 - 1 Yrs of Exp,Entry Level,,"Sheikh Zayed, Giza, Egypt",Full Time,On-site,,,,Wuzzuf,https://wuzzuf.net/jobs/p/84zj4jhfemnc-call-center-agent-idea-giza-egypt
DOJN2PKIWHKO,You-Tube Internship ( Graduates only ),Injaz Digital,,·Creative/Design/Art | ·Media/Journalism/Publishing | · Adobe illustrator | · Adobe Photoshop | · Graphic Design | · Fine Arts | · Design | · Communication | · Arts,·Marketing/PR/Advertising,0 - 1 Yrs of Exp,Entry Level,,"New Cairo, Cairo, Egypt",Internship,On-site,,,,Wuzzuf,https://wuzzuf.net/internship/dojn2pkiwhko-you-tube-internship-graduates-only-injaz-digital-cairo-egypt
MEULMRKMBXMX,Project Manager (Hurghada),Confidential,,· Planning | · Primavera | · PMP | · Project Management | · Microsoft Project | · PRMG | · Construction | · PM,·Engineering - Construction/Civil/Architecture | · Engineering,15+ Yrs of Exp,Manager,,"Hurghada, Red Sea, Egypt",Full Time,On-site,,,,Wuzzuf,https://wuzzuf.net/jobs/p/meulmrkmbxmx-project-manager-hurghada-red-sea-egypt
IFXSWUY7GX6D,Video Editor,Scientific Gate,,·Creative/Design/Art | ·Media/Journalism/Publishing | · Adobe Photoshop | · Video Editing | · Adobe Premiere | · daVinci | · Aftereffect | · capcut | · illustrator,·Marketing/PR/Advertising,3 - 7 Yrs of Exp,Experienced,,"Nasr City, Cairo, Egypt",Full Time,On-site,,,,Wuzzuf,https://wuzzuf.net/jobs/p/ifxswuy7gx6d-video-editor-scientific-gate-cairo-egypt
ZQ8TJX4JOZTA,Lawyer,التميز للاستشارات القانونية والمالية,,· Corporate Law | · Commercial Law | · Contract Drafting | · Negotiation | · Litigation | · Due Diligence | · Regulatory Compliance,·Legal | · Legal Research | · Legal Writing,3 - 7 Yrs of Exp,Experienced,,"6th of October, Giza, Egypt",Full Time,On-site,,,,Wuzzuf,https://wuzzuf.net/jobs/p/zq8tjx4jozta-lawyer-altmyz-llastsharat-alkanony-oalmaly-giza-egypt
CVYDXX16UUKY,Ecologist,NEPT,,· Environmental Monitoring | · Environmental Management | · Documentation Management | · interaction with authorities | · environmental legislation,·Engineering - Other | · Environmental Engineering,3 - 7 Yrs of Exp,Experienced,,"Dabaa, Matruh, Egypt",Full Time,On-site,,,,Wuzzuf,https://wuzzuf.net/jobs/p/cvydxx16uuky-ecologist-nept-matruh-egypt
KKYIAMFNZVGL,Senior Ticketing Officer,Egygatetravel Company,,· Amadeus | · Ticketing | · Travel,·Tourism/Travel | · Tourism,3 - 7 Yrs of Exp,Experienced,,"Mohandessin, Giza, Egypt",Full Time,On-site,,,,Wuzzuf,https://wuzzuf.net/jobs/p/kkyiamfnzvgl-senior-ticketing-officer-egygatetravel-company-giza-egypt
GFWLNGX12SVM,Sales Account Manager,Egygatetravel Company,,· Communication | · English,·Tourism/Travel | · Customer Service | · Sales | · Sales Target | · Sales Skills | · Tourism,2+ Yrs of Exp,Experienced,,"Mohandessin, Giza, Egypt",Full Time,On-site,,,,Wuzzuf,https://wuzzuf.net/jobs/p/gfwlngx12svm-sales-account-manager-egygatetravel-company-giza-egypt
IJISF0U0NXOM,Lab Engineer,Zewail City,,· Management | · equipment tools,·R&D/Science | ·Engineering - Other | · Engineering,3 - 5 Yrs of Exp,Experienced,,"6th of October, Giza, Egypt",Full Time,On-site,,,,Wuzzuf,https://wuzzuf.net/jobs/p/ijisf0u0nxom-lab-engineer-zewail-city-giza-egypt
MAQTGHLBZQZR,Warehouse Management System Executive,DSV Contract Logistics S.A.E,,· Warehouse Management System | · Communication Skills | · Problem-Solving | · Microsoft Excel,·Customer Service/Support | ·Logistics/Supply Chain | · Customer Service | · Logistics Management,0 - 2 Yrs of Exp,Entry Level,,"6th of October, Giza, Egypt",Full Time,On-site,,,,Wuzzuf,https://wuzzuf.net/jobs/p/maqtghlbzqzr-warehouse-management-system-executive-dsv-contract-logistics-s-a-e-giza-egypt
QS9PI3PTIZY8,Business Development Manager – HORECA / Foodservice,Future Hospitlity Solutions,,· Development | · Negotiation | · Planning,·Business Development | ·Sales/Retail | · Business Development | · Marketing | · Sales | · Sales Strategies | · HoReCa Sales,5 - 10 Yrs of Exp,Manager,,"Cairo, Egypt",Full Time,On-site,,,,Wuzzuf,https://wuzzuf.net/jobs/p/qs9pi3ptizy8-business-development-manager-horeca-foodservice-future-hospitlity-solutions-cairo-egypt
AJ957L980YCU,Sales Manager,ComeX Engineering Company,,· Management,·Operations/Management | ·Sales/Retail | · Sales | · Sales Target | · Business Administration | · Sales Planning,20+ Yrs of Exp,Manager,,"Giza, Giza, Egypt",Full Time,On-site,,,,Wuzzuf,https://wuzzuf.net/jobs/p/aj957l980ycu-sales-manager-comex-engineering-company-giza-egypt
LAUR3FDATR28,Finance & Accounting Outsourcing Manager,BDO Esnad,,· Financial Analysis | · Financial Management | · Outsourcing,·Accounting/Finance | · Accounting | · Finance,12 - 15 Yrs of Exp,Manager,,"Mohandessin, Giza, Egypt",Full Time,On-site,,,,Wuzzuf,https://wuzzuf.net/jobs/p/laur3fdatr28-finance-accounting-outsourcing-manager-bdo-esnad-giza-egypt
HXPJ0QBZW7FK,Quality Assurance Analyst,Alpha Bridge,,·Purchasing/Procurement | · Procurement | · Purchasing | · Research | · Testing | · QA | · Chemistry,·Quality | · Quality Control | · Quality Assurance,2 - 5 Yrs of Exp,Experienced,,"Heliopolis, Cairo, Egypt",Full Time,On-site,,,,Wuzzuf,https://wuzzuf.net/jobs/p/hxpj0qbzw7fk-quality-assurance-analyst-alpha-bridge-cairo-egypt
PDPHVSRFCXSW,Tendering Engineer,Zahranco Engineering Trade,,· Tendering,·Engineering - Mechanical/Electrical | ·Engineering - Other | · Engineering | · Mechanical Engineering,3 - 7 Yrs of Exp,Experienced,,"Badr City, Cairo, Egypt",Full Time,On-site,,,,Wuzzuf,https://wuzzuf.net/jobs/p/pdphvsrfcxsw-tendering-engineer-zahranco-engineering-trade-cairo-egypt
FHKIUVAAIRXY,Network & Security Engineer,Universities of Canada in Egypt,,·Installation/Maintenance/Repair | · Network | · firewalls | · Security | · Information Technology (IT) | · Network Security,·IT/Software Development | ·Engineering - Telecom/Technology | · Network Administration,1 - 3 Yrs of Exp,Experienced,,"New Capital, Cairo, Egypt",Full Time,On-site,,,,Wuzzuf,https://wuzzuf.net/jobs/p/fhkiuvaairxy-network-security-engineer-universities-of-canada-in-egypt-cairo-egypt
UEWPMUM71V8G,Design Thinking Facilitator,Confidential,,"Freelance / Project | ·Creative/Design/Art | · Design Thinking | · Workshop Facilitation | · Stakeholder Engagement | · Figma, Ideation",,2 - 5 Yrs of Exp,Experienced,,"Heliopolis, Cairo, Egypt",Full Time,Hybrid,,,,Wuzzuf,https://wuzzuf.net/jobs/p/uewpmum71v8g-design-thinking-facilitator-cairo-egypt
YKRC51SKDKGC,Inventory Officer,Nahw For Investment And Development,,· Supply Chain | · Inventory Management | · Purchasing | · Inventory Control | · Inventory Planning,·Logistics/Supply Chain | · Logistics,1 - 2 Yrs of Exp,Entry Level,,"Cairo, Egypt",Shift Based,On-site,,,,Wuzzuf,https://wuzzuf.net/jobs/p/ykrc51skdkgc-inventory-officer-nahw-for-investment-and-development-cairo-egypt
M3GHJK0BGZ0R,Sales Representative- Monufya,ComeX Engineering Company,,· sales skills,·Sales/Retail | · Sales | · Sales Target | · Sales Plan,5 - 7 Yrs of Exp,Experienced,,"Shebin Alkom, Monufya, Egypt",Full Time,On-site,,,,Wuzzuf,https://wuzzuf.net/jobs/p/m3ghjk0bgz0r-sales-representative-monufya-comex-engineering-company-monufya-egypt
OAVMZQDPE37Y,Tires Sales Supervisor,Ostool Transport,,· Tires,·Sales/Retail | · Customer Service | · Sales Target | · Sales,5 - 6 Yrs of Exp,Experienced,,"Sheikh Zayed, Giza, Egypt",Full Time,On-site,,,,Wuzzuf,https://wuzzuf.net/jobs/p/oavmzqdpe37y-tires-sales-supervisor-ostool-transport-giza-egypt
NOU9W4LSLYAD,Health & Safety Section Head,Universities of Canada in Egypt,,· Audits | · Emergency | · Health and Safety | · Industrial | · Health | · Safety | · Risk Assessment,·Engineering - Construction/Civil/Architecture,3 - 5 Yrs of Exp,Experienced,,"New Capital, Cairo, Egypt",Full Time,On-site,,,,Wuzzuf,https://wuzzuf.net/jobs/p/nou9w4lslyad-health-safety-section-head-universities-of-canada-in-egypt-cairo-egypt
CUXLTLPOTMIF,Executive (Accounts Payable),Ostool Transport,,· Accounts Payable,·Accounting/Finance | · Accounting | · Finance,1 - 2 Yrs of Exp,Entry Level,,"Sheikh Zayed, Giza, Egypt",Full Time,On-site,,,,Wuzzuf,https://wuzzuf.net/jobs/p/cuxltlpotmif-executive-accounts-payable-ostool-transport-giza-egypt
ZVKZ0EDBXPRZ,Sales Supervisor,ComeX Engineering Company,,· Team Leadership | · Analysis | · Planning,·Sales/Retail | · Sales | · Sales Target | · Sales Field | · Sales Planning,7 - 15 Yrs of Exp,Experienced,,"6th of October, Giza, Egypt",Full Time,On-site,,,,Wuzzuf,https://wuzzuf.net/jobs/p/zvkz0edbxprz-sales-supervisor-comex-engineering-company-giza-egypt
SPKQXEZMRRSQ,Materials & Corrosion Engineer,China Tianchen Engineering Corporation Ltd. Egypt Branch,,· Material Eequirements Planning | · Construction Materials | · Analysis | · Maintenance | · Management,·Engineering - Construction/Civil/Architecture | ·Engineering - Mechanical/Electrical | · Civil Engineering | · Engineering | · Mechanical Engineering,10+ Yrs of Exp,Experienced,,"New Cairo, Cairo, Egypt",Full Time,On-site,,,,Wuzzuf,https://wuzzuf.net/jobs/p/spkqxezmrrsq-materials-corrosion-engineer-china-tianchen-engineering-corporation-ltd-egypt-branch-cairo-egypt
WG6OUY5T4IQN,Architect Site Engineer,Confidential,,· Architecture | · AutoCAD | · Project Management,·Engineering - Construction/Civil/Architecture | · Civil Engineering | · Engineering,7+ Yrs of Exp,Experienced,,"Mohandessin, Giza, Egypt",Full Time,On-site,2026-03-12,11 days ago,No,Wuzzuf,https://wuzzuf.net/jobs/p/wg6ouy5t4iqn-architect-site-engineer-giza-egypt
JDD0TKVKYIEP,Customer Service Engineer (New Cairo),NCR,,· Technical Support | · Mechatronics | · Customer Care | · Mechanical | · Electrical,·Customer Service/Support | ·Engineering - Mechanical/Electrical | · Electrical Engineering | · Mechanical Engineering | · Customer Service,1 - 3 Yrs of Exp,Entry Level,,"New Cairo, Cairo, Egypt",Full Time,On-site,2026-03-12,11 days ago,No,Wuzzuf,https://wuzzuf.net/jobs/p/jdd0tkvkyiep-customer-service-engineer-new-cairo-ncr-cairo-egypt
CAAYKVUNTIYQ,Customer Service Engineer (Nasr City),NCR,,· Technical Support | · Mechatronics | · Customer Care | · Mechanical | · Electrical,·Customer Service/Support | ·Engineering - Mechanical/Electrical | · Electrical Engineering | · Mechanical Engineering | · Customer Service,1 - 3 Yrs of Exp,Entry Level,,"Nasr City, Cairo, Egypt",Full Time,On-site,2026-03-12,11 days ago,No,Wuzzuf,https://wuzzuf.net/jobs/p/caaykvuntiyq-customer-service-engineer-nasr-city-ncr-cairo-egypt
YLD51VEDBFSP,Customer Service Engineer (Alexandria),NCR,,· Technical Support | · Mechatronics | · Customer Care | · Mechanical | · Electrical,·Customer Service/Support | ·Engineering - Mechanical/Electrical | · Electrical Engineering | · Mechanical Engineering | · Customer Service,1 - 3 Yrs of Exp,Entry Level,,"Alexandria, Egypt",Full Time,On-site,2026-03-12,11 days ago,No,Wuzzuf,https://wuzzuf.net/jobs/p/yld51vedbfsp-customer-service-engineer-alexandria-ncr-alexandria-egypt
FDOZMSLV0Y0N,Export Coordinator - Frozen Fruits & Vegetables,Confidential,,· Export | · Shipping | · Supply Chain Management | · International Trade,·Logistics/Supply Chain | ·Manufacturing/Production | ·Sales/Retail | · Logistics | · Manufacturing Processes | · Sales Coordination,3 - 7 Yrs of Exp,Experienced,,"Heliopolis, Cairo, Egypt",Full Time,On-site,2026-03-12,11 days ago,No,Wuzzuf,https://wuzzuf.net/jobs/p/fdozmslv0y0n-export-coordinator-frozen-fruits-vegetables-cairo-egypt
GV1VYEXKXJPZ,Engineering Lead / Senior Full-Stack Engineer,Global,,· .NET Core | · C# | · ASP.Net | · System Design | · React.js | · React js | · React Native | · React,·IT/Software Development | ·Engineering - Telecom/Technology,5+ Yrs of Exp,Experienced,,"Heliopolis, Cairo, Egypt",Full Time,On-site,2026-03-12,11 days ago,No,Wuzzuf,https://wuzzuf.net/jobs/p/gv1vyexkxjpz-engineering-lead-senior-full-stack-engineer-global-cairo-egypt
DBBNTQAJGTWY,Design and Manufacturing Engineer / Prototyping Engineer,Zewail City,,· Design | · Prototyping,·Manufacturing/Production | ·Engineering - Mechanical/Electrical | · Engineering | · Manufacturing,0 - 3 Yrs of Exp,Entry Level,,"6th of October, Giza, Egypt",Full Time,On-site,2026-03-12,11 days ago,No,Wuzzuf,https://wuzzuf.net/jobs/p/dbbntqajgtwy-design-and-manufacturing-engineer-prototyping-engineer-zewail-city-giza-egypt
NRP6N2MB8NVO,Planning Engineer (Interior Finishing & Decoration),indoor innovations,,· Project Management | · Planning | · Construction | · Management,·Engineering - Construction/Civil/Architecture | · Civil Engineering | · Engineering,3 - 8 Yrs of Exp,Experienced,,"Giza, Egypt",Full Time,Hybrid,2026-03-12,11 days ago,No,Wuzzuf,https://wuzzuf.net/jobs/p/nrp6n2mb8nvo-planning-engineer-interior-finishing-decoration-indoor-innovations-giza-egypt
NBVYWSZBDWEA,Accounting Analyst,Frutal for Food Industries,,· Financial Analysis | · Commerce | · Budgeting | · Forecasting | · Variance Analysis | · Financial Reporting,·Accounting/Finance | ·Analyst/Research | · Accounting | · Finance,5 - 15 Yrs of Exp,Experienced,,"Heliopolis, Cairo, Egypt",Full Time,On-site,2026-03-12,11 days ago,No,Wuzzuf,https://wuzzuf.net/jobs/p/nbvywszbdwea-accounting-analyst-frutal-for-food-industries-cairo-egypt
2R9R6ZNDXRZ3,Export Coordinator,Confidential,,· Export | · Shipping | · Supply Chain Management | · International Trade,·Logistics/Supply Chain | ·Manufacturing/Production | ·Sales/Retail | · Logistics | · Manufacturing Processes | · Sales Coordination,3 - 7 Yrs of Exp,Experienced,,"Heliopolis, Cairo, Egypt",Full Time,On-site,2026-03-12,11 days ago,No,Wuzzuf,https://wuzzuf.net/jobs/p/2r9r6zndxrz3-export-coordinator-cairo-egypt
CPNSGXCAYUVN,Electrical BIM Specialist,Eracore,,· BIM | · Revit | · Navisworks,·Engineering - Construction/Civil/Architecture | ·Engineering - Mechanical/Electrical | · Electrical Engineering | · Engineering | · Engineering Services | · Engineering Service | · Engineering Field,2+ Yrs of Exp,Experienced,,"Cairo, Egypt",Full Time,Remote,2026-03-12,11 days ago,No,Wuzzuf,https://wuzzuf.net/jobs/p/cpnsgxcayuvn-electrical-bim-specialist-eracore-cairo-egypt
EFUOPAES444K,Property Advisor - Real Estate Sales (entry-level),BODE Realty,,· Communication | · Negotiation | · Real Estate | · Property,·Business Development | ·Customer Service/Support | ·Sales/Retail | · Sales | · Sales Target | · Real Estate Sales,,Entry Level,,"New Cairo, Cairo, Egypt",Internship,On-site,2026-03-12,11 days ago,No,Wuzzuf,https://wuzzuf.net/internship/efuopaes444k-property-advisor-real-estate-sales-entry-level-bode-realty-cairo-egypt
2ORYA5UF1FZG,Digital Marketing Manager - Global Role,Decotam,,·Media/Journalism/Publishing | · Social Media | · Communication | · Design | · Management,·Marketing/PR/Advertising | · Digital Marketing | · Marketing | · E-Marketing | · Sales,7 - 10 Yrs of Exp,Manager,,"6th of October, Giza, Egypt",Full Time,Hybrid,2026-03-12,11 days ago,No,Wuzzuf,https://wuzzuf.net/jobs/p/2orya5uf1fzg-digital-marketing-manager-global-role-decotam-giza-egypt
YHSGIDCIJVJC,Business Development Lead/Manager,Amplify Growth,,· Development,·Business Development | ·Marketing/PR/Advertising | ·Sales/Retail | · Business Development | · Sales Target | · Sales,3 - 7 Yrs of Exp,Experienced,,"Smouha, Alexandria, Egypt",Full Time,Hybrid,2026-03-12,11 days ago,No,Wuzzuf,https://wuzzuf.net/jobs/p/yhsgidcijvjc-business-development-leadmanager-amplify-growth-alexandria-egypt
ZKI3PWQULA2M,Influencer Account Manager,Amplify Growth,,· Content Management | · Public Relations (PR) | · Research,·Customer Service/Support | ·Marketing/PR/Advertising | ·Sales/Retail | · Marketing | · Customer Service | · Sales | · Sales Target,0 - 10 Yrs of Exp,Experienced,,"Cairo, Egypt",Full Time,Hybrid,2026-03-12,11 days ago,No,Wuzzuf,https://wuzzuf.net/jobs/p/zki3pwqula2m-influencer-account-manager-amplify-growth-cairo-egypt
ZKHYCRBM7CDZ,Dental Assistant/Dentist,Shiny White Dental Center,,· Dental Care | · Dentistry | · Health | · Dental | · Dental Implant | · Cosmetic Dentistry | · Dentist,·Operations/Management | ·Medical/Healthcare | · Medical,1+ Yrs of Exp,Entry Level,,"Cairo, Egypt",Full Time,On-site,2026-03-11,12 days ago,No,Wuzzuf,https://wuzzuf.net/jobs/p/zkhycrbm7cdz-dental-assistantdentist-shiny-white-dental-center-cairo-egypt
IGRUO20ACGC0,Architectural Projects Manager,Darna for real estate & Construction (DRC),,·Project/Program Management | · Project Management | · Projects,·Engineering - Construction/Civil/Architecture | · Engineering,12 - 15 Yrs of Exp,Senior Management,,"Nasr City, Cairo, Egypt",Full Time,On-site,2026-03-11,12 days ago,No,Wuzzuf,https://wuzzuf.net/jobs/p/igruo20acgc0-architectural-projects-manager-darna-for-real-estate-construction-drc-cairo-egypt
QK693XE5BTLE,English Teachers (National Division),Modern American School of Egypt 2000,,· English Teaching | · Teaching | · Literature,·Education/Teaching,3 - 5 Yrs of Exp,Experienced,,"New Cairo, Cairo, Egypt",Full Time,On-site,2026-03-11,12 days ago,No,Wuzzuf,https://wuzzuf.net/jobs/p/qk693xe5btle-english-teachers-national-division-modern-american-school-of-egypt-2000-cairo-egypt
B1L7NUFFCUHN,Frontend Engineer (Flutter),Oliv,,· Flutter | · Dart Programming | · Mobile Application Development | · Cross Platform Development | · Flutter SDK | · UI/UX | · UI | · RESTful APIs,·IT/Software Development | ·Engineering - Telecom/Technology,3 - 6 Yrs of Exp,Experienced,,"Zamalek, Cairo, Egypt",Full Time,Hybrid,2026-03-10,13 days ago,No,Wuzzuf,https://wuzzuf.net/jobs/p/b1l7nuffcuhn-frontend-engineer-flutter-oliv-cairo-egypt
V9MCGTKVGGVX,Mentor / Supervisor Kids Instructor,SYE English Community,,· Teaching | · English Teaching | · Professional Teaching Certificate | · Teaching Certificate | · Instructor | · TEFL | · English Instructing,·Education/Teaching | ·Training/Instructor,3 - 7 Yrs of Exp,Experienced,,"Dokki, Giza, Egypt",Full Time,On-site,2026-03-10,13 days ago,No,Wuzzuf,https://wuzzuf.net/jobs/p/v9mcgtkvggvx-mentor-supervisor-kids-instructor-sye-english-community-giza-egypt
Q2IVHP2CGHUX,Personal Assistant To The Principal,"British International School, Cairo",,· Office management | · Microsoft Office | · Time Management | · Communication | · Computer Skills | · office organization,·Administration | · Administration,3 - 5 Yrs of Exp,Experienced,,"Sheikh Zayed, Giza, Egypt",Full Time,On-site,2026-03-10,13 days ago,No,Wuzzuf,https://wuzzuf.net/jobs/p/q2ivhp2cghux-personal-assistant-to-the-principal-british-international-school-cairo-giza-egypt
VNGNLW1QYLPA,Quantity Surveying Engineer,Khater Sports Group,,·Creative/Design/Art | · AutoCAD | · Quantity Surveying | · Surveying,·Engineering - Construction/Civil/Architecture | ·Engineering - Mechanical/Electrical | · Civil Engineering | · Engineering,2 - 5 Yrs of Exp,Experienced,,"Nasr City, Cairo, Egypt",Full Time,On-site,2026-03-10,13 days ago,No,Wuzzuf,https://wuzzuf.net/jobs/p/vngnlw1qylpa-quantity-surveying-engineer-khater-sports-group-cairo-egypt
94Z2EOGZZONY,Regional Export Sales Manager,Confidential,,· Export | · Market Research | · Research Analysis,·Business Development | ·Customer Service/Support | ·Sales/Retail | · Export Sales | · Sales Target | · Sales | · Sales Strategies,10 - 15 Yrs of Exp,Manager,,"Bourj Alarab, Alexandria, Egypt",Full Time,On-site,2026-03-10,13 days ago,No,Wuzzuf,https://wuzzuf.net/jobs/p/94z2eogzzony-regional-export-sales-manager-alexandria-egypt
CGUIRKC5QTID,Head of Maintenance – Food Manufacturing,International Coffee Industries (Café Najjar Egypt),,·Installation/Maintenance/Repair | · Coffee Industry,·Operations/Management | ·Manufacturing/Production | · Food Manufacturing | · Operations Management | · Mechanical Engineering,10 - 15 Yrs of Exp,Manager,,"6th of October, Giza, Egypt",Full Time,On-site,2026-03-10,13 days ago,No,Wuzzuf,https://wuzzuf.net/jobs/p/cguirkc5qtid-head-of-maintenance-food-manufacturing-international-coffee-industries-cafe-najjar-egypt-giza-egypt
MQAUXOK9OFWQ,Junior Purchasing Specialist,ABCO Group,,·Purchasing/Procurement | · Procurement | · Purchasing | · Supply Chain Management | · Negotiation | · Vendor Management | · Cost Analysis | · Contract Negotiation | · Inventory Management,·Logistics/Supply Chain,1 - 2 Yrs of Exp,Entry Level,,"Bourj Alarab, Alexandria, Egypt",Full Time,On-site,2026-03-10,13 days ago,No,Wuzzuf,https://wuzzuf.net/jobs/p/mqauxok9ofwq-junior-purchasing-specialist-abco-group-alexandria-egypt
KA32HYYZMEY4,Warehouse Section Head,Confidential,,· ERP System | · Warehousing Management | · SAP Business Warehouse | · Warehouse Management System | · Inventory Management,·Logistics/Supply Chain | ·Operations/Management | ·Manufacturing/Production | · Warehouse Operations,5 - 10 Yrs of Exp,Manager,,"Bourj Alarab, Alexandria, Egypt",Full Time,On-site,2026-03-10,13 days ago,No,Wuzzuf,https://wuzzuf.net/jobs/p/ka32hyyzmey4-warehouse-section-head-alexandria-egypt
LOWL4ZLVQ2S1,Food Laboratory Marketer,Life for studies & research,,· Social Media | · Management | · Market Analysis | · Market Research,·Marketing/PR/Advertising | ·Sales/Retail | · E-Marketing | · Marketing | · Marketing Campaigns,1 - 3 Yrs of Exp,Entry Level,,"6th of October, Giza, Egypt",Full Time,On-site,2026-03-10,13 days ago,No,Wuzzuf,https://wuzzuf.net/jobs/p/lowl4zlvq2s1-food-laboratory-marketer-life-for-studies-research-giza-egypt
7CVWZSQLACCR,Mentor ( Gamification & Activities Designer - English Courses ),SYE English Community,,· Teaching | · English Teaching | · Online Teaching | · teaching certificate | · TEFL | · tesol | · CELTA | · TESOL,·Education/Teaching | ·Training/Instructor,3 - 7 Yrs of Exp,Experienced,,"Giza, Egypt",Full Time,On-site,2026-03-10,13 days ago,No,Wuzzuf,https://wuzzuf.net/jobs/p/7cvwzsqlaccr-mentor-gamification-activities-designer-english-courses-sye-english-community-giza-egypt
QNJM3MWFYOIT,Cost Accountant,Growxcel,,· Variance Analysis | · Inventory Management | · ERP Systems | · Excel | · Reporting | · Budgeting | · Financial Analysis,·Accounting/Finance | · Cost Accounting,3 - 7 Yrs of Exp,Experienced,,"Cairo, Egypt",Full Time,On-site,2026-03-10,13 days ago,No,Wuzzuf,https://wuzzuf.net/jobs/p/qnjm3mwfyoit-cost-accountant-growxcel-cairo-egypt
NXLPABFSWKJO,Finance Compliance Supervisor,MTS,,· Auditing | · Certified Internal Auditor (CIA) | · Financial Auditing | · Reporting,·Accounting/Finance | · Finance,7 - 10 Yrs of Exp,Experienced,,"Heliopolis, Cairo, Egypt",Full Time,On-site,2026-03-10,13 days ago,No,Wuzzuf,https://wuzzuf.net/jobs/p/nxlpabfswkjo-finance-compliance-supervisor-mts-cairo-egypt
Q3CVZWHQ7TUF,Senior Product Designer,almentor,,·Creative/Design/Art | · Product Design | · Figma | · UI/UX | · UI Design | · UX Design | · User Interface (UI) | · User Experience (UX),·IT/Software Development | ·Engineering - Telecom/Technology,5+ Yrs of Exp,Experienced,,"Cairo, Egypt",Full Time,Hybrid,2026-03-09,14 days ago,No,Wuzzuf,https://wuzzuf.net/jobs/p/q3cvzwhq7tuf-senior-product-designer-almentor-cairo-egypt
F81VVWVH2H3U,Warehouse Manager,Gest For Metals,,· Warehousing | · Supply Chain,·Logistics/Supply Chain | ·Operations/Management | · Logistics,7 - 10 Yrs of Exp,Manager,,"10th of Ramadan City, Sharqia, Egypt",Full Time,On-site,2026-03-09,14 days ago,No,Wuzzuf,https://wuzzuf.net/jobs/p/f81vvwvh2h3u-warehouse-manager-gest-for-metals-sharqia-egypt
9RKHHHVDSDC8,Technical Order Processing Engineer,Aerzen North Africa,,· Order Processing | · ERP Systems | · Industrial Equipment Knowledge | · Production Process | · Process Validation,·Manufacturing/Production | ·Engineering - Mechanical/Electrical | · Manufacturing Process,1 - 3 Yrs of Exp,Entry Level,,"Heliopolis, Cairo, Egypt",Full Time,On-site,2026-03-09,14 days ago,No,Wuzzuf,https://wuzzuf.net/jobs/p/9rkhhhvdsdc8-technical-order-processing-engineer-aerzen-north-africa-cairo-egypt
P8XJZIGQVUEE,Lawyer,Confidential,,· Drafting Contracts | · Contract Writing | · Negotiation | · Corporate Law | · Governmental Affairs,·Administration | ·Legal,5 - 7 Yrs of Exp,Experienced,,"Heliopolis, Cairo, Egypt",Full Time,On-site,2026-03-09,14 days ago,No,Wuzzuf,https://wuzzuf.net/jobs/p/p8xjzigqvuee-lawyer-cairo-egypt
B4GMNX45MVVR,Sales Engineer - Compressor & Air Blower,Aerzen North Africa,,· Communication | · B2B | · sales skills,·Sales/Retail | ·Engineering - Mechanical/Electrical | ·Engineering - Oil & Gas/Energy | · Engineering | · Sales Target | · Mechanical Engineering | · Electrical Engineering,3 - 7 Yrs of Exp,Experienced,,"Heliopolis, Cairo, Egypt",Full Time,On-site,2026-03-09,14 days ago,No,Wuzzuf,https://wuzzuf.net/jobs/p/b4gmnx45mvvr-sales-engineer-compressor-air-blower-aerzen-north-africa-cairo-egypt
S4PDH15TQFTC,Quality Control Specialist,voestalpine Turnout Technology Egypt S.A.E.,,,·Manufacturing/Production | ·Quality | · Quality Assurance | · Quality Control,3 - 4 Yrs of Exp,Experienced,,"Abbassia, Cairo, Egypt",Full Time,On-site,2026-03-09,14 days ago,No,Wuzzuf,https://wuzzuf.net/jobs/p/s4pdh15tqftc-quality-control-specialist-voestalpine-turnout-technology-egypt-s-a-e-cairo-egypt
ZJ23QR0DIE8O,Senior Database Admin & Developer (SQL),BI-Technologies,,·Installation/Maintenance/Repair | · Database Administrator | · Information Technology (IT) | · Computer Science | · Database | · SQL | · backend | · API,·IT/Software Development | ·Engineering - Telecom/Technology,5+ Yrs of Exp,Experienced,,"New Cairo, Cairo, Egypt",Full Time,Hybrid,2026-03-09,14 days ago,No,Wuzzuf,https://wuzzuf.net/jobs/p/zj23qr0die8o-senior-database-admin-developer-sql-bi-technologies-cairo-egypt
XCQEQEBVUXIE,Motion Graphics Designer,El Mansour Development,,·Creative/Design/Art | · Design | · Designer | · Editing | · Graphic | · Graphic Design | · graphic designer | · photoshop | · Real Estate,·Marketing/PR/Advertising,1 - 4 Yrs of Exp,Entry Level,,"Mokattam, Cairo, Egypt",Full Time,On-site,2026-03-09,14 days ago,No,Wuzzuf,https://wuzzuf.net/jobs/p/xcqeqebvuxie-motion-graphics-designer-el-mansour-development-cairo-egypt
AJI2TRZBQSUB,Software Technical Lead,Efada Technology,,· Computer Science | · Information Technology (IT) | · Software Development | · Architecture | · AWS | · Cloud,·IT/Software Development | ·Operations/Management | ·Engineering - Telecom/Technology | · Engineering,6 - 15 Yrs of Exp,Experienced,,"Cairo, Egypt",Full Time,Remote,2026-03-09,14 days ago,No,Wuzzuf,https://wuzzuf.net/jobs/p/aji2trzbqsub-software-technical-lead-efada-technology-cairo-egypt
QTIV5XCPVGN7,Engineering Projects Manager,Cairo Three A  for International Industries.,,·Project/Program Management | · Project Management | · MEP | · Project Execution | · Subcontract Management,·Manufacturing/Production | ·Engineering - Mechanical/Electrical | · Engineering | · Electrical Engineering | · Manufacturing,5 - 10 Yrs of Exp,Manager,,"Cairo, Egypt",Full Time,On-site,2026-03-09,14 days ago,No,Wuzzuf,https://wuzzuf.net/jobs/p/qtiv5xcpvgn7-engineering-projects-manager-cairo-three-a-for-international-industries-cairo-egypt
IM46C8EF4OW0,Sales Engineer Supervisor,Storm Electric,,· Lighting | · LED Lighting | · Team Leadership | · Performance Management,·Sales/Retail | ·Engineering - Mechanical/Electrical | · Sales | · Sales Target | · Sales Management | · Electrical Engineering,5 - 10 Yrs of Exp,Manager,,"Giza, Egypt",Full Time,Hybrid,2026-03-09,14 days ago,No,Wuzzuf,https://wuzzuf.net/jobs/p/im46c8ef4ow0-sales-engineer-supervisor-storm-electric-giza-egypt
ASQHLHSLUKII,Quality Engineer,voestalpine Turnout Technology Egypt S.A.E.,,,·Manufacturing/Production | · Engineering | · Quality Assurance | · Quality Control,1 - 1 Yrs of Exp,Entry Level,,"Abbassia, Cairo, Egypt",Full Time,On-site,2026-03-09,14 days ago,No,Wuzzuf,https://wuzzuf.net/jobs/p/asqhlhslukii-quality-engineer-voestalpine-turnout-technology-egypt-s-a-e-cairo-egypt
JP8WNHM2HLTI,"Backend Developer ""Outsource""",Efada Technology,,· Computer Science | · Information Technology (IT) | · Software Development | · Design | · AWS | · Docker | · Git,·IT/Software Development | ·Engineering - Telecom/Technology | · Software Engineering,2 - 7 Yrs of Exp,Experienced,,"Cairo, Egypt",Full Time,Remote,2026-03-09,14 days ago,No,Wuzzuf,https://wuzzuf.net/jobs/p/jp8wnhm2hlti-backend-developer-outsource-efada-technology-cairo-egypt
GMAPRELIBBHT,Financial &Treasury Supervisor,Confidential,,· Financial | · Financial Analysis | · Financial Management | · Treasury | · Reporting,·Accounting/Finance | ·Banking | ·Analyst/Research | · Finance | · Accounting,4 - 6 Yrs of Exp,Manager,,"Smouha, Alexandria, Egypt",Full Time,On-site,2026-03-09,14 days ago,No,Wuzzuf,https://wuzzuf.net/jobs/p/gmaprelibbht-financial-treasury-supervisor-alexandria-egypt
NSDRBMCIABIZ,Procurement Specialist,Macro Group,,·Purchasing/Procurement | · Microsoft Office | · Procurement | · Economics | · ERP | · Microsoft Excel | · Microsoft PowerPoint(PPT) | · Purchasing,·Logistics/Supply Chain | · Business Administration,2+ Yrs of Exp,Experienced,,"Sheraton, Cairo, Egypt",Full Time,On-site,2026-03-09,14 days ago,No,Wuzzuf,https://wuzzuf.net/jobs/p/nsdrbmciabiz-procurement-specialist-macro-group-cairo-egypt
2OEBYES1IPFB,Senior Accountant,Landmarks consulting solutions CO,,· Financial Management | · Financial Analysis,·Accounting/Finance | · Accounting | · Finance | · Financial Accounting | · Payable Accounting | · Treasury Accounting,5+ Yrs of Exp,Experienced,,"Maadi, Cairo, Egypt",Full Time,On-site,2026-03-06,17 days ago,No,Wuzzuf,https://wuzzuf.net/jobs/p/2oebyes1ipfb-senior-accountant-landmarks-consulting-solutions-co-cairo-egypt
CDUQLV2J5UAC,Sales Real Estate,BODE Realty,,· Real Estate | · Client Support | · Communication | · Time Management | · Teamwork,·Business Development | ·Sales/Retail | · Real Estate Sales | · Sales | · Property Sales,1 - 3 Yrs of Exp,Entry Level,,"New Cairo, Cairo, Egypt",Full Time,On-site,2026-03-06,17 days ago,No,Wuzzuf,https://wuzzuf.net/jobs/p/cduqlv2j5uac-sales-real-estate-bode-realty-cairo-egypt
NEFTTQQEFLEY,Fresh Real Estate Sales,BODE Realty,,· Time Management | · Time Scheduling | · Real Estate | · Communication | · Lead Generation,·Sales/Retail | · Sales | · Sales Field | · Sales Target | · Real Estate Sales,3+ Yrs of Exp,Experienced,,"New Cairo, Cairo, Egypt",Full Time,On-site,2026-03-06,17 days ago,No,Wuzzuf,https://wuzzuf.net/jobs/p/nefttqqefley-fresh-real-estate-sales-bode-realty-cairo-egypt
KUYGZAM645IE,E Commerce Specialist,Sakr Group,,·Media/Journalism/Publishing | · Commerce | · Social Media | · Communication,·Marketing/PR/Advertising | ·Sales/Retail | · E-Marketing | · Marketing | · Business Administration | · Digital Marketing,1 - 3 Yrs of Exp,Entry Level,,"Nasr City, Cairo, Egypt",Full Time,On-site,2026-03-06,17 days ago,No,Wuzzuf,https://wuzzuf.net/jobs/p/kuygzam645ie-e-commerce-specialist-sakr-group-cairo-egypt
ZV2ZIPY1OQ69,Pre School Teacher,Innovera for Education Technology,,· Teaching | · Nursery | · Schools | · Pre school,·Education/Teaching,0 - 2 Yrs of Exp,Entry Level,,"New Cairo, Cairo, Egypt",Full Time,On-site,2026-03-06,17 days ago,No,Wuzzuf,https://wuzzuf.net/jobs/p/zv2zipy1oq69-pre-school-teacher-innovera-for-education-technology-cairo-egypt
HKOPSTJWKTSA,Secretary,Via Egypt,,· Organizing | · Planning | · Reception | · Booking | · Computer Skills | · Communication | · Microsoft Office,·Administration | · Administration | · Office Administration,1 - 2 Yrs of Exp,Entry Level,,"Madinaty, Cairo, Egypt",Full Time,On-site,2026-03-06,17 days ago,No,Wuzzuf,https://wuzzuf.net/jobs/p/hkopstjwktsa-secretary-via-egypt-cairo-egypt
IXVVHMTIQYSE,Senior Media Buyer - Tech Field,Confidential,,· Advertising | · Social Media | · SEO,·IT/Software Development | ·Marketing/PR/Advertising | ·Sales/Retail | · Digital Marketing | · E-Marketing | · Marketing | · Retail Sales,4 - 5 Yrs of Exp,Experienced,,"Sheraton, Cairo, Egypt",Full Time,On-site,2026-03-06,17 days ago,No,Wuzzuf,https://wuzzuf.net/jobs/p/ixvvhmtiqyse-senior-media-buyer-tech-field-cairo-egypt
B9BTCV1PRWZA,ERP Sales Executive – B2B,Ofis Soft,,· B2B | · CRM | · Presentation Skills | · Financial Proposals | · Contract Negotiation | · Data Entry,·Business Development | ·Sales/Retail | · Sales | · Sales Target,2 - 5 Yrs of Exp,Experienced,,"Alexandria, Egypt",Full Time,Hybrid,2026-03-06,17 days ago,No,Wuzzuf,https://wuzzuf.net/jobs/p/b9btcv1prwza-erp-sales-executive-b2b-ofis-soft-alexandria-egypt
GTNWNR2PNLGF,Senior Graphic Designer,RUSHBRUSH INC,,·Creative/Design/Art | · Graphic Design | · adobe | · photoshop | · Adobe illustrator | · Adobe Photoshop | · illustrator | · Graphic | · Design,·Marketing/PR/Advertising,2 - 4 Yrs of Exp,Experienced,,"Alexandria, Egypt",Full Time,On-site,2026-03-06,17 days ago,No,Wuzzuf,https://wuzzuf.net/jobs/p/gtnwnr2pnlgf-senior-graphic-designer-rushbrush-inc-alexandria-egypt
ZICBXUFCV903,CAD Operator,Alshaya,,Freelance / Project | · Architectural Design | · AutoCAD | · 2D Design | · 3D Design | · SolidWorks | · Revit | · CAD Software | · CAD,·Engineering - Construction/Civil/Architecture,3 - 5 Yrs of Exp,Experienced,,"Nasr City, Cairo, Egypt",Freelance / Project,On-site,2026-03-06,17 days ago,No,Wuzzuf,https://wuzzuf.net/jobs/p/zicbxufcv903-cad-operator-alshaya-cairo-egypt
AJW8ZETQB0UZ,HR Section Head,The Dutch Egyptian - Capri,,· HR | · Management | · Microsoft Office | · KPI'S | · Payroll System | · ERP System,·Administration | ·Human Resources | ·Legal | · Human Resources (HR),5 - 7 Yrs of Exp,Manager,,"Bourj Alarab, Alexandria, Egypt",Full Time,On-site,2026-03-06,17 days ago,No,Wuzzuf,https://wuzzuf.net/jobs/p/ajw8zetqb0uz-hr-section-head-the-dutch-egyptian-capri-alexandria-egypt
TE410WLRIKZY,Strategic Finance Development Director,Confidential,,· Strategic Planning,·Accounting/Finance | · Finance | · Finance Management,12 - 15 Yrs of Exp,Manager,,"Nasr City, Cairo, Egypt",Full Time,On-site,2026-03-06,17 days ago,No,Wuzzuf,https://wuzzuf.net/jobs/p/te410wlrikzy-strategic-finance-development-director-cairo-egypt
LPBAO2ZFX6TX,Technical Office Civil Engineer,Misr Elhegaz Group,,· AutoCAD | · Microsoft Office | · Technical Office | · Design | · Projects,·Engineering - Construction/Civil/Architecture | · Civil Engineering | · Engineering,8 - 10 Yrs of Exp,Experienced,,"Heliopolis, Cairo, Egypt",Full Time,On-site,2026-03-06,17 days ago,No,Wuzzuf,https://wuzzuf.net/jobs/p/lpbao2zfx6tx-technical-office-civil-engineer-misr-elhegaz-group-cairo-egypt
W8QKUAS0WUTT,E-commerce Platforms Specialist,Top Chef,,· Commerce | · E-Commerce | · Market Analysis | · Customer Relationship Management (CRM),·Marketing/PR/Advertising | ·Sales/Retail | · E-Marketing | · Marketing | · Digital Marketing Strategy | · Sales Strategy,3 - 7 Yrs of Exp,Experienced,,"Obour City, Cairo, Egypt",Full Time,On-site,2026-03-06,17 days ago,No,Wuzzuf,https://wuzzuf.net/jobs/p/w8qkuas0wutt-e-commerce-platforms-specialist-top-chef-cairo-egypt
LWVA5NHDBSAN,Quality Assurance Manager,El Banna Group Company,,,·Quality | · Quality Assurance | · Quality Control | · Engineering,7 - 10 Yrs of Exp,Manager,,"Alsadat City, Monufya, Egypt",Full Time,On-site,2026-03-06,17 days ago,No,Wuzzuf,https://wuzzuf.net/jobs/p/lwva5nhdbsan-quality-assurance-manager-el-banna-group-company-monufya-egypt
AKSNP1CYC7WT,Junior Export Sales,Sega_m,,· sales strategy | · Market Research | · B2G | · Business Analysis,·Business Development | ·Customer Service/Support | ·Sales/Retail | · Sales Plan | · Export Sales | · B2B Sales,1 - 1 Yrs of Exp,Entry Level,,"10th of Ramadan City, Sharqia, Egypt",Full Time,On-site,2026-03-04,19 days ago,No,Wuzzuf,https://wuzzuf.net/jobs/p/aksnp1cyc7wt-junior-export-sales-segam-sharqia-egypt
DGATEBQZXQVG,3D Max Designer,On Time,,·Creative/Design/Art | · 3ds Max | · Creative | · booth design | · Adobe Photoshop | · Design | · Visualization,,2 - 3 Yrs of Exp,Experienced,,"Nasr City, Cairo, Egypt",Full Time,On-site,2026-03-04,19 days ago,No,Wuzzuf,https://wuzzuf.net/jobs/p/dgatebqzxqvg-3d-max-designer-on-time-cairo-egypt
7HWCORPYY88U,Biomedical Engineer,Cairoscan,,· English,·Medical/Healthcare | ·Sales/Retail | · Engineering | · Biomedical Engineering | · Medical Engineering | · Medical Equipment,3 - 5 Yrs of Exp,Experienced,,"Mohandessin, Giza, Egypt",Full Time,On-site,2026-03-04,19 days ago,No,Wuzzuf,https://wuzzuf.net/jobs/p/7hwcorpyy88u-biomedical-engineer-cairoscan-giza-egypt
JJ1XXIHJJUQP,HSE Manager,Olam SVI,,"· Health and Safety Management | · Health, Safety and Environment | · Safety | · Fire Safety | · Environment, Health, and Safety (EHS) | · HSE",·Quality | ·Engineering - Other | · Training and Development | · Occupational Safety and Health Administration (OSHA),8 - 12 Yrs of Exp,Experienced,,"6th of October, Giza, Egypt",Full Time,On-site,2026-03-04,19 days ago,No,Wuzzuf,https://wuzzuf.net/jobs/p/jj1xxihjjuqp-hse-manager-olam-svi-giza-egypt
YQLXGSOH9X6W,Warehouse Manager,SAGE Hospitality,,· Food & Beverage warehouse managment | · Warehousing Management | · Food Safety Management | · ERP System | · Food & Beverage Warehouse Management | · ERP Systems | · Inventory Control,·Accounting/Finance | ·Hospitality/Hotels/Food Services | ·Logistics/Supply Chain,10 - 15 Yrs of Exp,Manager,,"New Cairo, Cairo, Egypt",Full Time,On-site,2026-03-04,19 days ago,No,Wuzzuf,https://wuzzuf.net/jobs/p/yqlxgsoh9x6w-warehouse-manager-sage-hospitality-cairo-egypt
UDBUUDB0J5S0,System Administrator,Sega_m,,· Information Technology (IT) | · System Admin | · MS Active Directory | · Backup Solutions | · recovery | · Technical Support | · LAN | · Wlan,·IT/Software Development | ·Engineering - Telecom/Technology,1 - 2 Yrs of Exp,Entry Level,,"10th of Ramadan City, Sharqia, Egypt",Full Time,On-site,2026-03-04,19 days ago,No,Wuzzuf,https://wuzzuf.net/jobs/p/udbuudb0j5s0-system-administrator-segam-sharqia-egypt
M1VPHVD91WDK,Survey Engineer,ASC for Construction and Engineering,,· Data Analysis | · Calculations | · Land Surveying | · Communication | · Problem Solving | · AutoCAD | · Civil 3D | · Total Station Operation | · GPS Data Processing,·Engineering - Construction/Civil/Architecture,8 - 10 Yrs of Exp,Experienced,,"Cairo, Egypt",Full Time,On-site,2026-03-04,19 days ago,No,Wuzzuf,https://wuzzuf.net/jobs/p/m1vphvd91wdk-survey-engineer-asc-for-construction-and-engineering-cairo-egypt
OZMQPZNW7ZML,Purchasing Specialist,Master Egypt Factory,,·Purchasing/Procurement | · Purchasing | · Purchasing Management | · Foreign Purchasing | · International Purchasing,,0 - 5 Yrs of Exp,Entry Level,,"Giza, Egypt",Full Time,On-site,2026-03-04,19 days ago,No,Wuzzuf,https://wuzzuf.net/jobs/p/ozmqpznw7zml-purchasing-specialist-master-egypt-factory-giza-egypt
LUMNTFZAKMRY,Planning Section Head,Jazeera Paints,,· Supply Management | · Planning | · Google Keyword Planner | · Work Planning | · Business Planning,·Logistics/Supply Chain | · Logistics | · Sales Planning,7 - 10 Yrs of Exp,Manager,,"Sharqia, Egypt",Full Time,On-site,2026-03-04,19 days ago,No,Wuzzuf,https://wuzzuf.net/jobs/p/lumntfzakmry-planning-section-head-jazeera-paints-sharqia-egypt
OGBYLWYTATBW,HSE Supervisor (Medical Background),Alfa Laboratories,,· Analytical & Problem-Solving | · Emergency Response & Safety Equipment Knowledge | · Technical Tools & Software | · Documentation & Reporting | · Audit & Inspection Skills | · Safety Procedures Implementation | · Incident & Accident Investigation | · Risk Assessment & Hazard Identification | · HSE Compliance & Regulations,·Medical/Healthcare,3 - 5 Yrs of Exp,Manager,,"6th of October, Giza, Egypt",Full Time,On-site,2026-03-04,19 days ago,No,Wuzzuf,https://wuzzuf.net/jobs/p/ogbylwytatbw-hse-supervisor-medical-background-alfa-laboratories-giza-egypt
NLLIGE6LKQ6S,Video Content Creator,Confidential,,Freelance / Project | ·Writing/Editorial | · AI video | · Storytelling | · Automation | · Synthesia | · Adobe Premiere Pro | · Final Cut Pro | · After Effects,·Marketing/PR/Advertising,3 - 5 Yrs of Exp,Experienced,,"Cairo, Egypt",Freelance / Project,Remote,2026-03-04,19 days ago,No,Wuzzuf,https://wuzzuf.net/jobs/p/nllige6lkq6s-video-content-creator-cairo-egypt
DOSAYCSIL7NY,Senior Performance Marketer,Safa Soft,,·Media/Journalism/Publishing | · Google Ads | · Lead Generation | · Ads | · B2B,·Marketing/PR/Advertising | · B2B Marketing | · Marketing Campaigns | · Digital Marketing | · E-Marketing,5+ Yrs of Exp,Experienced,,"Maadi, Cairo, Egypt",Full Time,On-site,2026-03-04,19 days ago,No,Wuzzuf,https://wuzzuf.net/jobs/p/dosaycsil7ny-senior-performance-marketer-safa-soft-cairo-egypt
FJRXOMYHIY5N,QA/ QC Engineer,GlassRock Insulation Co.,,· QA | · ISO 9001 | · Communication | · Negotiation,·Quality | ·Engineering - Telecom/Technology | · Engineering | · Quality Assurance | · Engineering Services | · Engineering Service,1 - 3 Yrs of Exp,Entry Level,,"Alsadat City, Monufya, Egypt",Full Time,On-site,2026-03-04,19 days ago,No,Wuzzuf,https://wuzzuf.net/jobs/p/fjrxomyhiy5n-qa-qc-engineer-glassrock-insulation-co-monufya-egypt
BQ21NX4AZUCW,Marketing Specialist,MY WAY,,· Brand Assistant | · MS Office | · Presentations,·Marketing/PR/Advertising | · Marketing Specialist | · Marketing Coordinator | · Marketing Analyst,0 - 2 Yrs of Exp,Entry Level,,"Obour City, Cairo, Egypt",Full Time,On-site,2026-03-04,19 days ago,No,Wuzzuf,https://wuzzuf.net/jobs/p/bq21nx4azucw-marketing-specialist-my-way-cairo-egypt
RLGNJRPEDJOP,Receptionist,Makki Labs,,· Reception | · Microsoft Office | · English Translation | · Administrative Assistant,·Administration | ·Medical/Healthcare | · Medical | · Sales | · Administration,3 - 7 Yrs of Exp,Experienced,,"Rehab City, Cairo, Egypt",Full Time,On-site,2026-03-04,19 days ago,No,Wuzzuf,https://wuzzuf.net/jobs/p/rlgnjrpedjop-receptionist-makki-labs-cairo-egypt
9ILYVIRPBG0T,Senior Architect Technical Office Engineer,Raafat Miller Consulting,,· Revit Architecture | · AutoCAD Architecture | · RFI | · Shop Drawings,·Engineering - Construction/Civil/Architecture | ·Engineering - Mechanical/Electrical | ·Engineering - Other | · Engineering | · Engineering Services | · Engineering Field,10+ Yrs of Exp,Experienced,,"Giza, Egypt",Full Time,On-site,2026-03-02,21 days ago,No,Wuzzuf,https://wuzzuf.net/jobs/p/9ilyvirpbg0t-senior-architect-technical-office-engineer-raafat-miller-consulting-giza-egypt
Y2ZNPTZJ4M8H,Junior Financial Controlling Specialist (Outsource).,Prometeon tyres group – Egypt,,· Power BI | · Microsoft Excel | · CMA | · ACCA | · IFRS,·Accounting/Finance | · Finance | · Accounting,0 - 2 Yrs of Exp,Entry Level,,"Alexandria, Egypt",Full Time,On-site,2026-03-02,21 days ago,No,Wuzzuf,https://wuzzuf.net/jobs/p/y2znptzj4m8h-junior-financial-controlling-specialist-outsource-prometeon-tyres-group-egypt-alexandria-egypt
M8WML11T3AVT,Airfreight Import Coordinator,Unisas International Freight,,· Freight Forwarding | · Supply Chain | · Import / Export | · Export,·Logistics/Supply Chain | · Logistics,1 - 3 Yrs of Exp,Entry Level,,"Giza, Egypt",Full Time,On-site,2026-03-02,21 days ago,No,Wuzzuf,https://wuzzuf.net/jobs/p/m8wml11t3avt-airfreight-import-coordinator-unisas-international-freight-giza-egypt
RXKMJ0ALUNKM,Civil site Technical Office Manager,Upwyde,,,·Engineering - Construction/Civil/Architecture | · Technical Office Engineering | · Civil Engineering,5 - 10 Yrs of Exp,Manager,,"6th of October, Giza, Egypt",Full Time,On-site,2026-03-02,21 days ago,No,Wuzzuf,https://wuzzuf.net/jobs/p/rxkmj0alunkm-civil-site-technical-office-manager-upwyde-giza-egypt
LH38BLG4KKYJ,Product Support Specialist,Elsewedy industries,,· Communication | · Problem Solving | · Customer Support | · Customer Care,·Customer Service/Support,1 - 2 Yrs of Exp,Entry Level,,"New Cairo, Cairo, Egypt",Full Time,On-site,2026-03-02,21 days ago,No,Wuzzuf,https://wuzzuf.net/jobs/p/lh38blg4kkyj-product-support-specialist-elsewedy-industries-cairo-egypt
ERWJATWQP3AA,Talent Acquisition Specialist,Cleopatra Hospitals Group,,· Talent acquisition | · Recruitment | · HR | · healthcare,·Human Resources,3+ Yrs of Exp,Experienced,,"Maadi, Cairo, Egypt",Full Time,On-site,2026-03-02,21 days ago,No,Wuzzuf,https://wuzzuf.net/jobs/p/erwjatwqp3aa-talent-acquisition-specialist-cleopatra-hospitals-group-cairo-egypt
72NPFJSEOJE1,Customer Service Agent ( English Speaking),Confidential,,· Problem Solving | · Customer Support | · English communcation | · Time Management | · Customer Care | · Customer Relations,·Customer Service/Support | · Customer Service,0 - 2 Yrs of Exp,Entry Level,,"6th of October, Giza, Egypt",Full Time,On-site,2026-03-02,21 days ago,No,Wuzzuf,https://wuzzuf.net/jobs/p/72npfjseoje1-customer-service-agent-english-speaking-giza-egypt
ZJX5VT9ROQ5Y,Call Center Coordinator,Zewail City,,· Call Center | · Customer Support,·Customer Service/Support | · Sales Coordination | · Customer Service,2 - 5 Yrs of Exp,Experienced,,"6th of October, Giza, Egypt",Full Time,On-site,2026-03-02,21 days ago,No,Wuzzuf,https://wuzzuf.net/jobs/p/zjx5vt9roq5y-call-center-coordinator-zewail-city-giza-egypt
GKJ43L9ERUIG,Store Keeper,SH Chemical,,· Storekeeping | · Store Management | · Inventory Control | · Warehouse Management | · Supply Chain Management | · Data Entry | · Record Keeping | · Microsoft Excel,·Manufacturing/Production | · Quality Control,2 - 4 Yrs of Exp,Experienced,,"Badr City, Cairo, Egypt",Full Time,On-site,2026-03-02,21 days ago,No,Wuzzuf,https://wuzzuf.net/jobs/p/gkj43l9eruig-store-keeper-sh-chemical-cairo-egypt
KVLH1WFGKICA,Marketing Director,Zewail City,,·Creative/Design/Art | ·Media/Journalism/Publishing | · Branding,·Marketing/PR/Advertising | · Digital Marketing Strategy | · Digital Marketing | · Marketing Campaigns | · Brand Marketing | · Marketing Research,10 - 15 Yrs of Exp,Senior Management,,"6th of October, Giza, Egypt",Full Time,On-site,2026-03-02,21 days ago,No,Wuzzuf,https://wuzzuf.net/jobs/p/kvlh1wfgkica-marketing-director-zewail-city-giza-egypt
7IY3EXBWKFNQ,Treasury Specialist,El Reefy Trading,,· Certified Treasury Professional | · Cash Flow Management | · Bank Reconciliation | · Facility Management | · Loans | · Investment Management,·Accounting/Finance | ·Banking | · Treasury Accounting | · Banking Relationships,3 - 8 Yrs of Exp,Experienced,,"6th of October, Giza, Egypt",Full Time,On-site,2026-03-02,21 days ago,No,Wuzzuf,https://wuzzuf.net/jobs/p/7iy3exbwkfnq-treasury-specialist-el-reefy-trading-giza-egypt
CU8EWRBEAW88,Planning Manager - Textile,Confidential,,· Leadership Management | · Team Leadership | · Planning | · Forecasting | · Product Management | · Communication | · Project Management | · Management,·Logistics/Supply Chain | ·Manufacturing/Production,8 - 12 Yrs of Exp,Manager,,"10th of Ramadan City, Cairo, Egypt",Full Time,On-site,2026-03-02,21 days ago,No,Wuzzuf,https://wuzzuf.net/jobs/p/cu8ewrbeaw88-planning-manager-textile-cairo-egypt
UCMOXU2WCSJR,QA Analysis Officer,Linrco Egypt,,· Documentation | · Analysis | · Performance Snalysis,·Administration | ·Quality | ·Analyst/Research | · Accounting | · Administration | · Business Administration | · Finance,0 - 2 Yrs of Exp,Entry Level,,"Nasr City, Cairo, Egypt",Full Time,On-site,2026-03-02,21 days ago,No,Wuzzuf,https://wuzzuf.net/jobs/p/ucmoxu2wcsjr-qa-analysis-officer-linrco-egypt-cairo-egypt
WG1MTEOBE9M9,Senior Accountant,Horizon Operation and Management,,· Financial Reporting,·Accounting/Finance | · Accounting | · Financial Accounting | · Tax Accounting,5+ Yrs of Exp,Experienced,,"New Capital, Cairo, Egypt",Full Time,On-site,2026-03-02,21 days ago,No,Wuzzuf,https://wuzzuf.net/jobs/p/wg1mteobe9m9-senior-accountant-horizon-operation-and-management-cairo-egypt
Z0UOB7UGH0ST,Safety Specialist,Confidential,,· Occupational Health & Safety Officer | · Risk Assessment | · Egyptian Labor Law – Occupational Safety | · Working at Heights Certification,·Engineering - Other,3 - 7 Yrs of Exp,Experienced,,"Bourj Alarab, Alexandria, Egypt",Full Time,On-site,2026-03-02,21 days ago,No,Wuzzuf,https://wuzzuf.net/jobs/p/z0uob7ugh0st-safety-specialist-alexandria-egypt
HKAHOJDWV8KP,Senior Software Quality Control Engineer,SURE International Technology,,· Software Testing,·IT/Software Development | ·Quality | · Software Quality Control,4 - 6 Yrs of Exp,Experienced,,"Nasr City, Cairo, Egypt",Full Time,Hybrid,2026-02-27,24 days ago,No,Wuzzuf,https://wuzzuf.net/jobs/p/hkahojdwv8kp-senior-software-quality-control-engineer-sure-international-technology-cairo-egypt
U8VFSAD6YHPM,Project Coordinator,Floatmap,,·Project/Program Management | · Project Management | · Architecture | · Project Management Professional | · Project Cost Control | · Microsoft Project | · Project,·Engineering - Construction/Civil/Architecture | · Engineering Field,3 - 5 Yrs of Exp,Experienced,,"Azarita, Alexandria, Egypt",Full Time,On-site,2026-02-27,24 days ago,No,Wuzzuf,https://wuzzuf.net/jobs/p/u8vfsad6yhpm-project-coordinator-floatmap-alexandria-egypt
EH4EASK8YEVQ,Medical Sales Representative,Cairoscan,,· Soft Skills,·Medical/Healthcare | ·Sales/Retail | ·Pharmaceutical | · Sales | · Medical Sales | · Sales Field | · Sales Target | · Sales Plan | · Sales Planning,0 - 1 Yrs of Exp,Entry Level,,"Maadi, Cairo, Egypt",Full Time,On-site,2026-02-27,24 days ago,No,Wuzzuf,https://wuzzuf.net/jobs/p/eh4eask8yevq-medical-sales-representative-cairoscan-cairo-egypt
GQHV9NES9KIU,Customer Support Specialist (English Fluent Speaker),Etisalat Egypt,,· Fluent English | · Fluent english | · Customer service | · Communication skills | · Problem-solving | · Technical support | · Active listening | · Empathy,·Customer Service/Support | · Customer Service,1 - 3 Yrs of Exp,Entry Level,,"Maadi, Cairo, Egypt",Full Time,On-site,2026-02-27,24 days ago,No,Wuzzuf,https://wuzzuf.net/jobs/p/gqhv9nes9kiu-customer-support-specialist-english-fluent-speaker-etisalat-egypt-cairo-egypt
WKLXSMPXZ2ST,Chief Information Officer,Confidential,,· miscrosoft technologies | · it policies | · Artificial Intelligence (AI),·IT/Software Development | ·Sales/Retail | ·Engineering - Telecom/Technology,20+ Yrs of Exp,Senior Management,,"Maadi, Cairo, Egypt",Full Time,On-site,2026-02-27,24 days ago,No,Wuzzuf,https://wuzzuf.net/jobs/p/wklxsmpxz2st-chief-information-officer-cairo-egypt
P2LCNCB0RUD7,Oracle Developer,PACHIN FOR PAINTS,,· Computer Science | · Oracle | · PL/SQL | · SQL | · Toad | · Dot.NET | · Data Migration | · English | · OCP,·IT/Software Development,5 - 10 Yrs of Exp,Experienced,,"Obour City, Cairo, Egypt",Full Time,On-site,2026-02-27,24 days ago,No,Wuzzuf,https://wuzzuf.net/jobs/p/p2lcncb0rud7-oracle-developer-pachin-for-paints-cairo-egypt
DCQS6SKNFOJ1,Sales Advisor,EGS University,,· Communication | · Computer Skills,·Customer Service/Support | ·Sales/Retail | · Sales | · Sales Field | · Sales Target | · Outdoor Sales | · Indoor Sales | · Sales Planning,0 - 2 Yrs of Exp,Entry Level,,"Cairo, Egypt",Full Time,On-site,2026-02-27,24 days ago,No,Wuzzuf,https://wuzzuf.net/jobs/p/dcqs6sknfoj1-sales-advisor-egs-university-cairo-egypt
VFVZCJWFTOEL,HSE Specialist,Confidential,,"· Health, Safety and Environment | · Safety Management System | · Fire Safety | · Health, safety and environment (hse) | · Safety management system (sms) | · Fire safety | · Risk assessment | · Hazard identification | · Incident investigation",·Manufacturing/Production,3 - 7 Yrs of Exp,Experienced,,"Cairo, Egypt",Full Time,On-site,2026-02-27,24 days ago,No,Wuzzuf,https://wuzzuf.net/jobs/p/vfvzcjwftoel-hse-specialist-cairo-egypt
7IBNHA6HLBWC,Senior .NET Developer,SURE International Technology,,· .Net | · .net core | · dotnet | · dot net | · .net | · Dotnet | · Dot net | · C#,·IT/Software Development | ·Engineering - Telecom/Technology,5 - 8 Yrs of Exp,Experienced,,"Nasr City, Cairo, Egypt",Full Time,Hybrid,2026-02-27,24 days ago,No,Wuzzuf,https://wuzzuf.net/jobs/p/7ibnha6hlbwc-senior-net-developer-sure-international-technology-cairo-egypt
6SBBF3CGPUPG,Homeroom Teacher,Balanced Education Company,,· Teaching | · Schools | · eduction | · British | · International | · Homeroom,·Education/Teaching,3 - 7 Yrs of Exp,Experienced,,"New Cairo, Cairo, Egypt",Full Time,On-site,2026-02-27,24 days ago,No,Wuzzuf,https://wuzzuf.net/jobs/p/6sbbf3cgpupg-homeroom-teacher-balanced-education-company-cairo-egypt
ANEYUWXGIUHC,Product Photographer,hayah pharma,,·Creative/Design/Art | · Photography | · Photo Editing | · Photo editing | · Product photography | · Adobe photoshop | · Adobe lightroom | · Image retouching | · Color correction,·Marketing/PR/Advertising,3+ Yrs of Exp,Experienced,,"Obour City, Cairo, Egypt",Full Time,On-site,2026-02-27,24 days ago,No,Wuzzuf,https://wuzzuf.net/jobs/p/aneyuwxgiuhc-product-photographer-hayah-pharma-cairo-egypt
BEPMUZQP0QBO,Mechanical Engineer,El Abd Group,,·Installation/Maintenance/Repair | · Research Development,·Engineering - Mechanical/Electrical | · Engineering,2 - 4 Yrs of Exp,Experienced,,"Alsadat City, Monufya, Egypt",Full Time,On-site,2026-02-27,24 days ago,No,Wuzzuf,https://wuzzuf.net/jobs/p/bepmuzqp0qbo-mechanical-engineer-el-abd-group-monufya-egypt
KXN5NGPHVJGO,Porter,"Egypt Chuan Jin Nuo Chemical Co.,Ltd",,· Good health | · Overtime | · Supply Chain | · Supply,·Manufacturing/Production,0 - 7 Yrs of Exp,Entry Level,,"Ain Sokhna, Suez, Egypt",Full Time,Hybrid,2026-02-27,24 days ago,No,Wuzzuf,https://wuzzuf.net/jobs/p/kxn5ngphvjgo-porter-egypt-chuan-jin-nuo-chemical-co-ltd-suez-egypt
ZHSMWLR0IY3Q,English Subject Matter Expert (SME),Confidential,,· E-Learning | · Teaching | · Curriculum development | · Assessment and evaluation | · Communication skills | · Interpersonal skills | · Subject matter expertise,·Education/Teaching | · English Education | · Educational technology,2 - 4 Yrs of Exp,Experienced,,"Heliopolis, Cairo, Egypt",Full Time,On-site,2026-02-27,24 days ago,No,Wuzzuf,https://wuzzuf.net/jobs/p/zhsmwlr0iy3q-english-subject-matter-expert-sme-cairo-egypt
WTRAEKQ2WGPF,Forklift Operator,"Egypt Chuan Jin Nuo Chemical Co.,Ltd",,· Forklift Certificate | · Basic English communication,·Manufacturing/Production,2 - 3 Yrs of Exp,Experienced,,"Ain Sokhna, Suez, Egypt",Full Time,Remote,2026-02-27,24 days ago,No,Wuzzuf,https://wuzzuf.net/jobs/p/wtraekq2wgpf-forklift-operator-egypt-chuan-jin-nuo-chemical-co-ltd-suez-egypt
R179PWHZVKKS,RTA - WFM,Intouch CX,,· Data Analytics | · WFM | · METRICS | · Microsoft Excel | · Real Time Management (RTM) | · Call Center | · BPO | · Data analytics | · Wfm,·IT/Software Development,1 - 4 Yrs of Exp,Experienced,,"Maadi, Cairo, Egypt",Full Time,On-site,2026-02-25,26 days ago,No,Wuzzuf,https://wuzzuf.net/jobs/p/r179pwhzvkks-rta-wfm-intouch-cx-cairo-egypt
P2UCVZMRWDQU,Senior Product Manager,Boca Pro,,· Product Management | · Project Management | · Linear | · JIRA,·IT/Software Development,3 - 7 Yrs of Exp,Experienced,,"Maadi, Cairo, Egypt",Full Time,Hybrid,2026-02-25,26 days ago,No,Wuzzuf,https://wuzzuf.net/jobs/p/p2ucvzmrwdqu-senior-product-manager-boca-pro-cairo-egypt
NVJK7WCCUBCY,Wordpress Developer,Confidential,,· elementor | · square pos | · WordPress Development | · UX Design | · UI Design | · Wordpress development | · Elementor | · Woocommerce | · Square pos,·IT/Software Development,3 - 6 Yrs of Exp,Experienced,,"Cairo, Egypt",Full Time,Remote,2026-02-25,26 days ago,No,Wuzzuf,https://wuzzuf.net/jobs/p/nvjk7wccubcy-wordpress-developer-cairo-egypt
PFJDMEZNX0N2,Electrical & Instrumentation Designer – Oil & Gas Sector,Peroni Pumps Misr - Free Zone Company,,· AutoCAD | · SolidWorks | · P&ID READING | · Instrumentation | · I/O architectures | · Automation Control,·Engineering - Mechanical/Electrical | ·Engineering - Oil & Gas/Energy | · Electrical Engineering | · Automation Engineering,5 - 8 Yrs of Exp,Experienced,,"Cairo, Egypt",Full Time,Hybrid,2026-02-25,26 days ago,No,Wuzzuf,https://wuzzuf.net/jobs/p/pfjdmeznx0n2-electrical-instrumentation-designer-oil-gas-sector-peroni-pumps-misr-free-zone-company-cairo-egypt
YSSZXDMR48HS,Financial Manager,Cairo Trading Center,,· ERP | · Financial Management | · Costing | · Budgeting | · CMA | · CPA,·Accounting/Finance | · Accounting | · Finance | · Manufacturing,10+ Yrs of Exp,Manager,,"6th of October, Giza, Egypt",Full Time,On-site,2026-02-25,26 days ago,No,Wuzzuf,https://wuzzuf.net/jobs/p/ysszxdmr48hs-financial-manager-cairo-trading-center-giza-egypt
FCOSPR8A6RCJ,Call Center Agent,Talaat Moustafa Group,,· Call Center | · Inbound Calls | · Customer Support | · CRM | · Real Estate,·Customer Service/Support | · Customer Service,0 - 2 Yrs of Exp,Entry Level,,"Madinaty, Cairo, Egypt",Full Time,On-site,2026-02-25,26 days ago,No,Wuzzuf,https://wuzzuf.net/jobs/p/fcospr8a6rcj-call-center-agent-talaat-moustafa-group-cairo-egypt
AO4C8GFSMSRC,Senior Full Stack Laravel Developer,Boca Pro,,· CSS | · Computer Science | · PHP | · Software | · SQL | · TailwindCSS | · AlpineJS | · Livewire | · Laravel,·IT/Software Development,5 - 8 Yrs of Exp,Experienced,,"Maadi, Cairo, Egypt",Full Time,Hybrid,2026-02-25,26 days ago,No,Wuzzuf,https://wuzzuf.net/jobs/p/ao4c8gfsmsrc-senior-full-stack-laravel-developer-boca-pro-cairo-egypt
ITLOSD361JOO,Assistant Brand Manager,Misr Elkheir Foundation,,·Media/Journalism/Publishing | · Advertising | · ATL | · Social Media | · E-marketing | · Atl (above the line advertising),·Administration | ·Marketing/PR/Advertising | · Marketing | · Administration,2 - 4 Yrs of Exp,Experienced,,"Mokattam, Cairo, Egypt",Full Time,On-site,2026-02-25,26 days ago,No,Wuzzuf,https://wuzzuf.net/jobs/p/itlosd361joo-assistant-brand-manager-misr-elkheir-foundation-cairo-egypt
WNUWVJOCODU6,Administrative Manager,Investment Company For Dairy Products,,· Administrative Affairs | · Security | · Administrative affairs | · Security management | · Budget management,·Administration | ·Operations/Management | · Administration Affairs | · Administration | · Operations management,10 - 15 Yrs of Exp,Manager,,"Wadi Alnatrun, Beheira, Egypt",Full Time,On-site,2026-02-25,26 days ago,No,Wuzzuf,https://wuzzuf.net/jobs/p/wnuwvjocodu6-administrative-manager-investment-company-for-dairy-products-beheira-egypt
FQY0ZGAXIMLZ,Maintenance & Fleet Operations Manager - Minya,SAVOLA,,·Installation/Maintenance/Repair | · Maintenance | · TPM | · Management | · English | · Mechanical,·Logistics/Supply Chain | · Engineering | · Mechanical Engineering | · Administration,8 - 10 Yrs of Exp,Manager,,"Menia, Minya, Egypt",Full Time,On-site,2026-02-25,26 days ago,No,Wuzzuf,https://wuzzuf.net/jobs/p/fqy0zgaximlz-maintenance-fleet-operations-manager-minya-savola-minya-egypt
M7G1DQ5SERHS,Personal Assistant,Delta Medical Egypt,,· Communication | · Problem Solving | · Time Management,·Administration | ·Medical/Healthcare,2 - 4 Yrs of Exp,Experienced,,"Mokattam, Cairo, Egypt",Full Time,On-site,2026-02-25,26 days ago,No,Wuzzuf,https://wuzzuf.net/jobs/p/m7g1dq5serhs-personal-assistant-delta-medical-egypt-cairo-egypt
1FSGSAEWNSTW,Sales Trainer (Zagazig),OPPO Egypt,,· Communication skills | · Communication | · Presentation | · sales skills | · Skills,·Sales/Retail | ·Training/Instructor | · Customer Service | · Sales | · Training,0 - 2 Yrs of Exp,Entry Level,,"Zagazig, Sharqia, Egypt",Full Time,On-site,2026-02-25,26 days ago,No,Wuzzuf,https://wuzzuf.net/jobs/p/1fsgsaewnstw-sales-trainer-zagazig-oppo-egypt-sharqia-egypt
ILLRP3G0XVWJ,Human Resources Generalist,Delta Medical Egypt,,· HRM,·Administration | ·Human Resources | · Human Resources (HR),2 - 4 Yrs of Exp,Experienced,,"Mokattam, Cairo, Egypt",Full Time,On-site,2026-02-25,26 days ago,No,Wuzzuf,https://wuzzuf.net/jobs/p/illrp3g0xvwj-human-resources-generalist-delta-medical-egypt-cairo-egypt
MFQEYI8N5RDP,Sales Engineer,Delta Medical Egypt,,· Negotiation,·Medical/Healthcare | ·Sales/Retail | · Sales | · Customer Service | · Engineering | · Medical | · Medical Devices | · Medical Engineering | · Sales Target,3 - 5 Yrs of Exp,Experienced,,"Mokattam, Cairo, Egypt",Full Time,Hybrid,2026-02-25,26 days ago,No,Wuzzuf,https://wuzzuf.net/jobs/p/mfqeyi8n5rdp-sales-engineer-delta-medical-egypt-cairo-egypt
ANQUQJ7IRKKB,Digital Marketing Team Lead - Remotely,FansPass,,· SEO | · Google Analytics,·Marketing/PR/Advertising | · Content Marketing | · Digital Marketing,4 - 7 Yrs of Exp,Experienced,,"Cairo, Egypt",Full Time,Remote,2026-02-25,26 days ago,No,Wuzzuf,https://wuzzuf.net/jobs/p/anquqj7irkkb-digital-marketing-team-lead-remotely-fanspass-cairo-egypt
4YOOU0YKE3BK,Healthcare Marketing Manager,Elghandour Medical Group,,· Team Coaching,·Marketing/PR/Advertising | ·Medical/Healthcare | ·Sales/Retail | · Strategic Marketing | · Digital Marketing | · Marketing Planning | · Healthcare Marketing | · Integrated Marketing Communication | · Marketing Automation,10+ Yrs of Exp,Manager,,"10th of Ramadan City, Cairo, Egypt",Full Time,On-site,2026-02-23,28 days ago,No,Wuzzuf,https://wuzzuf.net/jobs/p/4yoou0yke3bk-healthcare-marketing-manager-elghandour-medical-group-cairo-egypt
ALXZRMPIYJEV,Senior Architectural Site Engineer,Upwyde,,·Creative/Design/Art,·Engineering - Construction/Civil/Architecture | · Engineering | · Architectural Engineering | · Site Engineering,4 - 6 Yrs of Exp,Experienced,,"New Cairo, Cairo, Egypt",Full Time,On-site,2026-02-23,28 days ago,No,Wuzzuf,https://wuzzuf.net/jobs/p/alxzrmpiyjev-senior-architectural-site-engineer-upwyde-cairo-egypt
QRBGBGRJMWT4,Senior Mechanical Engineer,Sinoma-cdi,,"· CAD Software (AutoCAD, SolidWorks) | · Mechanical, Electrical, and Plumbing (MEP) | · Mechanical, Electrical, and Plumbing | · Mechanical",·Engineering - Mechanical/Electrical | · Mechanical Engineering,5 - 7 Yrs of Exp,Experienced,,"Downtown, Cairo, Egypt",Full Time,On-site,2026-02-23,28 days ago,No,Wuzzuf,https://wuzzuf.net/jobs/p/qrbgbgrjmwt4-senior-mechanical-engineer-sinoma-cdi-cairo-egypt
E7CRRNRHEDUT,ServiceNow Implementation Consultant,Confidential,,· ServiceNow | · ServiceNow ITSM | · ServiceNow ITOM | · ServiceNow HRSD | · ServiceNow CSM | · ServiceNow Configuration | · Business Rules,·Accounting/Finance | ·IT/Software Development | ·Engineering - Telecom/Technology,2 - 6 Yrs of Exp,Experienced,,"Nasr City, Cairo, Egypt",Full Time,On-site,2026-02-23,28 days ago,No,Wuzzuf,https://wuzzuf.net/jobs/p/e7crrnrhedut-servicenow-implementation-consultant-cairo-egypt
4ANRCABVOULV,Senior Mechanical BIM Engineer,El-Soadaa Group,,"· Revit | · Revit BIM | · AutoCAD | · Microsoft office, Elite, HAP and BIM | · SAP User",·Engineering - Construction/Civil/Architecture | ·Engineering - Mechanical/Electrical | · Mechanical Engineering,6 - 13 Yrs of Exp,Experienced,,"Cairo, Egypt",Full Time,On-site,2026-02-23,28 days ago,No,Wuzzuf,https://wuzzuf.net/jobs/p/4anrcabvoulv-senior-mechanical-bim-engineer-el-soadaa-group-cairo-egypt
GFNYWGQLCCZ1,Architectural Quality Control Engineer,Upwyde,,,·Quality | ·Engineering - Telecom/Technology | · Quality Control | · Engineering,3 - 7 Yrs of Exp,Experienced,,"New Cairo, Cairo, Egypt",Full Time,On-site,2026-02-23,28 days ago,No,Wuzzuf,https://wuzzuf.net/jobs/p/gfnywgqlccz1-architectural-quality-control-engineer-upwyde-cairo-egypt
THRBNYUJJJUV,Planning Senior Specialist,EVA Cosmetics,,· MRP | · Production Planning | · Inventory Planning,·Logistics/Supply Chain,2 - 5 Yrs of Exp,Experienced,,"6th of October, Giza, Egypt",Full Time,On-site,2026-02-23,28 days ago,No,Wuzzuf,https://wuzzuf.net/jobs/p/thrbnyujjjuv-planning-senior-specialist-eva-cosmetics-giza-egypt
IAHSY0STSQRW,Senior Front End Developer,Youxel,,· Angular | · Typescript | · JavaScript | · ES6 | · JS Testing | · Jest | · Jasmine | · UI/UX Design,·IT/Software Development | ·Engineering - Telecom/Technology,5+ Yrs of Exp,Experienced,,"Maadi, Cairo, Egypt",Full Time,Hybrid,2026-02-23,28 days ago,No,Wuzzuf,https://wuzzuf.net/jobs/p/iahsy0stsqrw-senior-front-end-developer-youxel-cairo-egypt
FZGZYYDPUOJH,Architectural Engineer,Mahgoub Group,,· AutoCAD | · Architecture | · Design | · Communication Skills | · CAD | · Project | · Project Management | · Planning,·Engineering - Construction/Civil/Architecture | · Engineering,3 - 5 Yrs of Exp,Experienced,,"Nasr City, Cairo, Egypt",Full Time,On-site,2026-02-23,28 days ago,No,Wuzzuf,https://wuzzuf.net/jobs/p/fzgzyydpuojh-architectural-engineer-mahgoub-group-cairo-egypt
QBHOJB001WQ5,Sales Administrator,TRACO FOR ENGINEERING INDUSTRIES,,· sales skills | · sales administrator,·Administration | ·Customer Service/Support | ·Sales/Retail | · Sales Support | · Marketing | · Sales Target | · Sales,1 - 3 Yrs of Exp,Experienced,,"New Cairo, Cairo, Egypt",Full Time,Remote,2026-02-23,28 days ago,No,Wuzzuf,https://wuzzuf.net/jobs/p/qbhojb001wq5-sales-administrator-traco-for-engineering-industries-cairo-egypt
DIHTR66YHDTS,Site Engineer,HENOR Arab Industrial Security Co,,·Installation/Maintenance/Repair | · Low Current Systems (LC) | · Fire Alarm Systems | · edwards,·Engineering - Mechanical/Electrical | · Electronics Engineering | · Electrical Engineering | · Maintenance Engineering,2 - 4 Yrs of Exp,Experienced,,"Cairo, Egypt",Full Time,On-site,2026-02-23,28 days ago,No,Wuzzuf,https://wuzzuf.net/jobs/p/dihtr66yhdts-site-engineer-henor-arab-industrial-security-co-cairo-egypt
3XIXQLMK6KUG,IT Specialist,Ibn Sina Pharma,,· Information Technology (IT) | · Information Systems | · CCNA | · MCSA | · English | · Computer Science,·IT/Software Development | ·Engineering - Telecom/Technology,1 - 2 Yrs of Exp,Entry Level,,"Sheraton, Cairo, Egypt",Full Time,On-site,2026-02-23,28 days ago,No,Wuzzuf,https://wuzzuf.net/jobs/p/3xixqlmk6kug-it-specialist-ibn-sina-pharma-cairo-egypt
EEI4ICCU4K1O,Projects Sales Team Leader,Roxy Plast,,· CRM/ERP | · BOQ,·Engineering - Construction/Civil/Architecture | ·Manufacturing/Production | ·Sales/Retail | · B2B Sales | · Sales | · Sales Field | · Sales Target | · Sales Plan,3 - 7 Yrs of Exp,Manager,,"Cairo, Egypt",Full Time,On-site,2026-02-23,28 days ago,No,Wuzzuf,https://wuzzuf.net/jobs/p/eei4iccu4k1o-projects-sales-team-leader-roxy-plast-cairo-egypt
3Y5OUDIUSJHV,Food Court Manager,Confidential,,· Communication | · Reporting | · Food Production | · Food Safety Management | · Food Safety Management System,·Hospitality/Hotels/Food Services | ·Operations/Management | · Hospitality,10 - 15 Yrs of Exp,Manager,,"Smouha, Alexandria, Egypt",Full Time,On-site,2026-02-23,28 days ago,No,Wuzzuf,https://wuzzuf.net/jobs/p/3y5oudiusjhv-food-court-manager-alexandria-egypt
FPFVCWVJ9MOH,logistics Order Processing Specialist,Surgitech,,·Purchasing/Procurement | · Order Processing Specialist | · Procurement Follow-up | · Supplier Coordination | · Shipment Cost Calculation | · Healthcare Supply Chain,·Logistics/Supply Chain | · Operations Specialist | · Pharmaceutical Logistics,3 - 5 Yrs of Exp,Experienced,,"Mokattam, Cairo, Egypt",Full Time,On-site,2026-02-23,28 days ago,No,Wuzzuf,https://wuzzuf.net/jobs/p/fpfvcwvj9moh-logistics-order-processing-specialist-surgitech-cairo-egypt
LFF3MKU4FVVY,Sales Representative,ElTarek Group,,,·Customer Service/Support | ·Sales/Retail | · Indoor Sales | · Customer Service | · Marketing | · Operations Management | · Automotive Sales,3 - 7 Yrs of Exp,Experienced,,"Katameya, Cairo, Egypt",Full Time,On-site,2026-02-21,1 month ago,No,Wuzzuf,https://wuzzuf.net/jobs/p/lff3mku4fvvy-sales-representative-eltarek-group-cairo-egypt
OM7TLIBNKMC6,Procurement Engineer,MCV - Obour,,·Purchasing/Procurement | · Automotive | · Mechanical | · Procurement | · Supply Chain | · Purchasing | · Negotiation | · English,·Engineering - Mechanical/Electrical | · Engineering,0 - 3 Yrs of Exp,Entry Level,,"Obour City, Cairo, Egypt",Full Time,On-site,2026-02-21,1 month ago,No,Wuzzuf,https://wuzzuf.net/jobs/p/om7tlibnkmc6-procurement-engineer-mcv-obour-cairo-egypt
4T39AL3YNFCM,Customer Services Specialist – Container Transport,Ship & C.R.E.W,,· Customer Support | · Reporting | · Transportation | · Trucking | · ERP System | · Oracle,·Customer Service/Support | ·Logistics/Supply Chain | · Customer Service | · Operations Management,1 - 3 Yrs of Exp,Entry Level,,"Stanley, Alexandria, Egypt",Full Time,On-site,2026-02-21,1 month ago,No,Wuzzuf,https://wuzzuf.net/jobs/p/4t39al3ynfcm-customer-services-specialist-container-transport-ship-c-r-e-w-alexandria-egypt
9Y7QZJLACOOQ,Collection & Invoicing Specialist,Ship & C.R.E.W,,· Collection | · invoicing | · Debt Management | · Credit Control | · Customer Support | · Accounts Receivable,·Accounting/Finance | ·Customer Service/Support | ·Logistics/Supply Chain | · Customer Service,2+ Yrs of Exp,Experienced,,"Stanley, Alexandria, Egypt",Full Time,On-site,2026-02-21,1 month ago,No,Wuzzuf,https://wuzzuf.net/jobs/p/9y7qzjlacooq-collection-invoicing-specialist-ship-c-r-e-w-alexandria-egypt
DPFDVZCRRNM3,Senior Sales & Marketing Engineer Cairo Branch,Global For Elevators and Esclators,,· Market Analysis | · Presentation Skills | · Negotiation,·Sales/Retail | ·Engineering - Mechanical/Electrical | · Business Development,3 - 5 Yrs of Exp,Experienced,,"Heliopolis, Cairo, Egypt",Full Time,Hybrid,2026-02-21,1 month ago,No,Wuzzuf,https://wuzzuf.net/jobs/p/dpfdvzcrrnm3-senior-sales-marketing-engineer-cairo-branch-global-for-elevators-and-esclators-cairo-egypt
C7DOYDDEETZ4,IPC Specialist,Macro Group,,· IPC | · Pharmacy | · TQM,·R&D/Science | ·Quality | ·Pharmaceutical | · Pharmaceutical | · Quality Assurance | · Quality Control,2 - 5 Yrs of Exp,Experienced,,"Badr City, Cairo, Egypt",Full Time,On-site,2026-02-21,1 month ago,No,Wuzzuf,https://wuzzuf.net/jobs/p/c7doyddeetz4-ipc-specialist-macro-group-cairo-egypt
5HBSJN91WJBM,Mechanical Technical Office Engineer,Confidential,,· Revit MEP | · AutoCAD Software | · Quantity Surveying | · Shop Drawings | · BIM Modeling | · AutoCAD | · Design,·Engineering - Mechanical/Electrical | · Mechanical Engineering | · Engineering,3+ Yrs of Exp,Experienced,,"Heliopolis, Cairo, Egypt",Full Time,On-site,2026-02-21,1 month ago,No,Wuzzuf,https://wuzzuf.net/jobs/p/5hbsjn91wjbm-mechanical-technical-office-engineer-cairo-egypt
FIOLA7LVTHNQ,Accountant (Financial Operations),Confidential,,· Strong analytical and problem-solving skills | · Time Management | · organizational skills | · communication skills | · ERP System | · Microsoft Excel | · problem-solving,·Accounting/Finance | · Accounting Systems,3 - 7 Yrs of Exp,Experienced,,"Cairo, Egypt",Full Time,On-site,2026-02-21,1 month ago,No,Wuzzuf,https://wuzzuf.net/jobs/p/fiola7lvthnq-accountant-financial-operations-cairo-egypt
HZHFJFDUU8VC,Manufacturing Technician – ESP Technician,Confidential,,· ESP | · Pump | · motor | · Oil Field,·Manufacturing/Production | · Manufacturing | · Manufacturing Industry | · Manufacturing Process,0 - 2 Yrs of Exp,Entry Level,,"Alexandria, Egypt",Full Time,On-site,2026-02-21,1 month ago,No,Wuzzuf,https://wuzzuf.net/jobs/p/hzhfjfduu8vc-manufacturing-technician-esp-technician-alexandria-egypt
R3PCLLX66MRF,Stock Controller,Confidential,,·Purchasing/Procurement | · Stock Control | · Construction | · Data Analysis | · MS Office Suite | · ERP System,·Logistics/Supply Chain,1 - 3 Yrs of Exp,Experienced,,"Mokattam, Cairo, Egypt",Full Time,On-site,2026-02-21,1 month ago,No,Wuzzuf,https://wuzzuf.net/jobs/p/r3pcllx66mrf-stock-controller-cairo-egypt
V1QYTIPUNFXD,Fleet Coordinator (HSE Focus – Oil & Gas),Confidential,,· Oil Field | · HSE | · Project Coordination,·Administration | ·Logistics/Supply Chain | · Logistics | · Administration,5 - 8 Yrs of Exp,Senior Management,,"Cairo, Egypt",Full Time,On-site,2026-02-21,1 month ago,No,Wuzzuf,https://wuzzuf.net/jobs/p/v1qytipunfxd-fleet-coordinator-hse-focus-oil-gas-cairo-egypt
J3HET3WXTDMD,Procurement Manager,Confidential,,·Purchasing/Procurement | · Negotiation | · Budget Monitoring | · Budget Control | · Leadership Management | · Supply Management | · supplier managment | · Pricing | · Time Management,·Logistics/Supply Chain,15+ Yrs of Exp,Manager,,"6th of October, Giza, Egypt",Full Time,On-site,2026-02-21,1 month ago,No,Wuzzuf,https://wuzzuf.net/jobs/p/j3het3wxtdmd-procurement-manager-giza-egypt
GACN8SFCWQ5N,Junior Accountant,ACT CS For Feasibility Studies,,· Accounts Payable and Receivable | · General Ledger Management | · MS Office Suite | · Microsoft Excel,·Accounting/Finance,1 - 3 Yrs of Exp,Entry Level,,"Nasr City, Cairo, Egypt",Full Time,On-site,2026-02-21,1 month ago,No,Wuzzuf,https://wuzzuf.net/jobs/p/gacn8sfcwq5n-junior-accountant-act-cs-for-feasibility-studies-cairo-egypt
9USAXBMMPP2R,AML officer,MLF FINANCE,,· Auditing | · Anti Money Laundering | · Anti money laundering (aml) | · Risk management | · Compliance | · Financial analysis | · Regulatory reporting,·Accounting/Finance | ·Banking | ·Quality,5 - 7 Yrs of Exp,Experienced,,"Giza, Egypt",Full Time,On-site,2026-02-21,1 month ago,No,Wuzzuf,https://wuzzuf.net/jobs/p/9usaxbmmpp2r-aml-officer-mlf-finance-giza-egypt
UXCGZLJZBRHI,Purchasing Supervisor,Confidential,,·Purchasing/Procurement | · Contract Negotiation | · Negotiation | · Budgeting | · Budget Control | · Time Management | · Business Supplies | · supplier managment | · Cost Analysis,·Logistics/Supply Chain,5 - 7 Yrs of Exp,Manager,,"6th of October, Giza, Egypt",Full Time,On-site,2026-02-21,1 month ago,No,Wuzzuf,https://wuzzuf.net/jobs/p/uxcgzljzbrhi-purchasing-supervisor-giza-egypt
OSDNEOTD9LMX,"SAP Accountant - Giza, Egypt",BDO Esnad,,· SAP Program | · ERP System | · Sap program | · Erp system | · Financial analysis,·Accounting/Finance | · Accounting | · Finance | · Accounting Reports | · Accounting reports,1 - 3 Yrs of Exp,Experienced,,"Mohandessin, Giza, Egypt",Full Time,On-site,2026-02-21,1 month ago,No,Wuzzuf,https://wuzzuf.net/jobs/p/osdneotd9lmx-sap-accountant-giza-egypt-bdo-esnad-giza-egypt
BPCR39R4SFKJ,Relations Manager,Tawasoa Factoring,,· Business Planning | · Client Relation | · Client Relations | · Public Relations (PR) | · Relationship Building | · Client Support,·Business Development | ·Sales/Retail | · Business Development | · Business Administration,3 - 5 Yrs of Exp,Experienced,,"Sheraton, Cairo, Egypt",Full Time,On-site,2026-02-21,1 month ago,No,Wuzzuf,https://wuzzuf.net/jobs/p/bpcr39r4sfkj-relations-manager-tawasoa-factoring-cairo-egypt
GZQXOJZCVKYP,Warehouse Capability Manager,Speed international for trading and distribution,,· Inventory Management | · Supply Chain,·Logistics/Supply Chain | · Warehouse Operations | · Logistics Management,5+ Yrs of Exp,Manager,,"Smouha, Alexandria, Egypt",Full Time,On-site,2026-02-21,1 month ago,No,Wuzzuf,https://wuzzuf.net/jobs/p/gzqxojzcvkyp-warehouse-capability-manager-speed-international-for-trading-and-distribution-alexandria-egypt
EXM5ZL3JKPDX,Sales Coordinator,Globe XM,,· Google Work Space | · decomanted | · Time Management,·Customer Service/Support | ·Sales/Retail | · Sales | · Sales Field | · Sales Target | · Sales Plan,2+ Yrs of Exp,Experienced,,"Cairo, Egypt",Full Time,Remote,2026-02-21,1 month ago,No,Wuzzuf,https://wuzzuf.net/jobs/p/exm5zl3jkpdx-sales-coordinator-globe-xm-cairo-egypt
LYAMOE6MK4HZ,Senior Marketing Specialist,BasharSoft,,· Zapier | · Account Management,·Marketing/PR/Advertising | · Marketing,3 - 5 Yrs of Exp,Experienced,,"Maadi, Cairo, Egypt",Full Time,Hybrid,2026-02-21,1 month ago,No,Wuzzuf,https://wuzzuf.net/jobs/p/lyamoe6mk4hz-senior-marketing-specialist-basharsoft-cairo-egypt
UE25B9E74YIC,Graphic Designer,Blackeels,,·Creative/Design/Art | ·Media/Journalism/Publishing | · Graphic Design | · Motion Graphics | · 3D Graphics | · Graphic Web Design | · Core Graphics | · 2D Graphic Design,·Marketing/PR/Advertising,3 - 4 Yrs of Exp,Experienced,,"New Cairo, Cairo, Egypt",Full Time,On-site,2026-02-21,1 month ago,No,Wuzzuf,https://wuzzuf.net/jobs/p/ue25b9e74yic-graphic-designer-blackeels-cairo-egypt
KEUPQBSBVGJI,Fleet Maintenance Manager,Speed international for trading and distribution,,·Installation/Maintenance/Repair | · Fleet Maintenance | · Strategic Planning | · Fuel Systems | · Heavy Equipment | · Trucking | · Fleet Management | · maintenance reporting | · Budget Control,·Operations/Management,5+ Yrs of Exp,Manager,,"Smouha, Alexandria, Egypt",Full Time,On-site,2026-02-21,1 month ago,No,Wuzzuf,https://wuzzuf.net/jobs/p/keupqbsbvgji-fleet-maintenance-manager-speed-international-for-trading-and-distribution-alexandria-egypt
KFYERCVRZ8AJ,Quality Specialist - Retail,La Poire,,· QC | · QA,·Quality | · Quality Control | · Quality Assurance | · Quality Management,1 - 3 Yrs of Exp,Entry Level,,"Madinaty, Cairo, Egypt",Full Time,On-site,2026-02-21,1 month ago,No,Wuzzuf,https://wuzzuf.net/jobs/p/kfyercvrz8aj-quality-specialist-retail-la-poire-cairo-egypt
W0IQQNBPQCMY,Telesales / Business Development Rep. (USA Market - Fluent English),3D Diagnostix,,· Cold Calling | · Call Center | · Inbound Calls | · Outbound Calls,·Business Development | ·Customer Service/Support | ·Sales/Retail | · Sales | · Customer Service | · Sales Field,0 - 1 Yrs of Exp,Entry Level,,"Maadi, Cairo, Egypt",Full Time,On-site,2026-02-21,1 month ago,No,Wuzzuf,https://wuzzuf.net/jobs/p/w0iqqnbpqcmy-telesales-business-development-rep-usa-market-fluent-english-3d-diagnostix-cairo-egypt
HKVLRMN39N2B,Delivery Supervisor (FMCG),Confidential,,· Leadership | · Modern Trade | · Problem Solving | · Microsoft Excel | · ERP System,·Logistics/Supply Chain | ·Sales/Retail | · FMCG Sales,3+ Yrs of Exp,Manager,,"New Cairo, Cairo, Egypt",Full Time,On-site,2026-02-21,1 month ago,No,Wuzzuf,https://wuzzuf.net/jobs/p/hkvlrmn39n2b-delivery-supervisor-fmcg-cairo-egypt
XGTTAA9IJ95U,Mechanical Site Engineer,Sites International,,"· Revit | · AutoCAD | · Mechatronics | · Mechanical, Electrical, and Plumbing (MEP) | · Mechanical, Electrical, and Plumbing",·Engineering - Mechanical/Electrical | · Mechanical Engineering,5 - 10 Yrs of Exp,Experienced,,"Giza, Giza, Egypt",Full Time,On-site,2026-02-21,1 month ago,No,Wuzzuf,https://wuzzuf.net/jobs/p/xgttaa9ij95u-mechanical-site-engineer-sites-international-giza-egypt
F8RPGQBT2FLA,Customer Care Representative - Cairo,Etisal EG,,· Customer Care | · Customer Support | · Customer Relations | · Customer Satisfaction | · Call Center,·Customer Service/Support | · Customer Service | · Customer Service Management,1 - 3 Yrs of Exp,Entry Level,,"Cairo, Egypt",Full Time,On-site,2026-02-21,1 month ago,No,Wuzzuf,https://wuzzuf.net/jobs/p/f8rpgqbt2fla-customer-care-representative-cairo-etisal-eg-cairo-egypt
B9OYGMWKNAIK,Mobile Maintenance Engineer,Etisal EG,,·Installation/Maintenance/Repair | · Data Driven | · Maintenance | · Hardware | · Computer Skills | · Electronics Maintenance,·Engineering - Telecom/Technology | · Engineering | · Mechanical Engineering | · Maintenance Engineering,1 - 3 Yrs of Exp,Entry Level,,"Cairo, Egypt",Full Time,On-site,2026-02-21,1 month ago,No,Wuzzuf,https://wuzzuf.net/jobs/p/b9oygmwknaik-mobile-maintenance-engineer-etisal-eg-cairo-egypt
EDROQEHS35TN,Social Media Specialist,ALNUKHBA For Fertilizers & Agricultural Pesticides (NUVAC),,·Media/Journalism/Publishing | · Social Media Advertising | · Social Media,·Marketing/PR/Advertising | · Social Media Strategy,2 - 7 Yrs of Exp,Experienced,,"Alsadat City, Monufya, Egypt",Full Time,On-site,2026-02-21,1 month ago,No,Wuzzuf,https://wuzzuf.net/jobs/p/edroqehs35tn-social-media-specialist-alnukhba-for-fertilizers-agricultural-pesticides-nuvac-monufya-egypt
WLUDGYEOZ23U,Business Analyst,Electro Pi,,· Business Analysis | · Requirements Gathering | · Process Improvement & Workflow Optimization | · Agile & Scrum Methodologies | · Stakeholder Management | · Technical Specification & System Analysis | · Familiarity with AI / Machine Learning concepts,·IT/Software Development | ·Analyst/Research,3 - 5 Yrs of Exp,Experienced,,"Maadi, Cairo, Egypt",Full Time,On-site,2026-02-21,1 month ago,No,Wuzzuf,https://wuzzuf.net/jobs/p/wludgyeoz23u-business-analyst-electro-pi-cairo-egypt
W2U54IR8GLTS,UX/UI - Internship - Alexandria,Alexandria For Programming,,· Design | · UX | · ui | · Wireframe | · wireframe.cc | · illustrator | · Figma | · Information Technology (IT) | · Technology,·IT/Software Development,0 - 1 Yrs of Exp,Entry Level,,"Bolkly, Alexandria, Egypt",Internship,On-site,2026-02-21,1 month ago,No,Wuzzuf,https://wuzzuf.net/internship/w2u54ir8glts-uxui-internship-alexandria-alexandria-for-programming-alexandria-egypt
DZBEKFLGLYSI,Vendor Acquisition Specialist,OYA,,·Purchasing/Procurement | · Negotiation | · Sourcing | · relationship_building | · Strategic Thinking | · Vendor Management | · CRM System | · Contacting,·Logistics/Supply Chain | ·Operations/Management,1 - 3 Yrs of Exp,Experienced,,"6th of October, Giza, Egypt",Full Time,Hybrid,2026-02-21,1 month ago,No,Wuzzuf,https://wuzzuf.net/jobs/p/dzbekflglysi-vendor-acquisition-specialist-oya-giza-egypt
JEUFBMJK2SJG,Branch Accountant,GOLD ERA,,· Branch Management,·Accounting/Finance | · Accounting,1 - 5 Yrs of Exp,Entry Level,,"Abbassia, Cairo, Egypt",Full Time,On-site,2026-02-21,1 month ago,No,Wuzzuf,https://wuzzuf.net/jobs/p/jeufbmjk2sjg-branch-accountant-gold-era-cairo-egypt
LFREVAZFLBCN,Structural Design Engineer,EGEC,,· Structural Design | · Revit Structure Software | · Civil,·Engineering - Construction/Civil/Architecture | · Structural Engineering,4 - 8 Yrs of Exp,Experienced,,"Haram, Giza, Egypt",Full Time,On-site,2026-02-21,1 month ago,No,Wuzzuf,https://wuzzuf.net/jobs/p/lfrevazflbcn-structural-design-engineer-egec-giza-egypt
RSHH9E1ZXQGA,Chinese Translator,EUREKA Solar Energy,,· Chinese-English Translation | · Interpretation | · Communication | · Multitasking | · Problem Solving | · Negotiation,·Administration,1 - 2 Yrs of Exp,Entry Level,,"10th of Ramadan City, Sharqia, Egypt",Full Time,On-site,2026-02-21,1 month ago,No,Wuzzuf,https://wuzzuf.net/jobs/p/rshh9e1zxqga-chinese-translator-eureka-solar-energy-sharqia-egypt
MUIB2GF6VIAU,export sales section head,ABCO Group,,· Detergents | · Export sales | · Plastics engineering,·Logistics/Supply Chain | ·Operations/Management | ·Sales/Retail | · Export Sales | · Plastics Engineering | · Sales | · B2B Sales,7 - 10 Yrs of Exp,Experienced,,"Bourj Alarab, Alexandria, Egypt",Full Time,On-site,2026-02-21,1 month ago,No,Wuzzuf,https://wuzzuf.net/jobs/p/muib2gf6viau-export-sales-section-head-abco-group-alexandria-egypt
K6FL1KFFPRO0,Graphic Designer,Confidential,,·Creative/Design/Art | ·Media/Journalism/Publishing | · Digital Advertising | · Graphic Design | · Digital advertising | · Graphic design | · Adobe creative suite | · Brand management,·Marketing/PR/Advertising | · Marketing,3 - 5 Yrs of Exp,Experienced,,"New Cairo, Cairo, Egypt",Full Time,On-site,2026-02-21,1 month ago,No,Wuzzuf,https://wuzzuf.net/jobs/p/k6fl1kffpro0-graphic-designer-cairo-egypt
SKKK7T3FFFKK,Telesales Agent,Begory for general supplies,,· Telesales,·Marketing/PR/Advertising | ·Sales/Retail | · Sales | · Sales Target | · Sales Field | · Indoor Sales | · Sales Planning | · Sales Plan | · Sales Plans,0 - 2 Yrs of Exp,Entry Level,,"Haram, Giza, Egypt",Full Time,On-site,2026-02-21,1 month ago,No,Wuzzuf,https://wuzzuf.net/jobs/p/skkk7t3fffkk-telesales-agent-begory-for-general-supplies-giza-egypt
SGKL600XLK22,Talent Acquisition Specialist,Delta Egypt For Lighting,,· Benefits | · business | · Development | · HR | · Microsoft Office,·Human Resources | · Administration | · Business Administration | · Human Resources | · Human Resources (HR),0 - 2 Yrs of Exp,Entry Level,,"Obour City, Cairo, Egypt",Full Time,On-site,2026-02-21,1 month ago,No,Wuzzuf,https://wuzzuf.net/jobs/p/sgkl600xlk22-talent-acquisition-specialist-delta-egypt-for-lighting-cairo-egypt
UMZ5I5TVHXOV,Design Architect Engineer,ACE Consulting Engineers  (Moharram - Bakhoum,,· Architectural Design | · Revit Architecture | · AutoCAD Architecture | · Revit BIM,·Engineering - Construction/Civil/Architecture,5 - 10 Yrs of Exp,Experienced,,"Cairo, Egypt",Full Time,On-site,2026-02-21,1 month ago,No,Wuzzuf,https://wuzzuf.net/jobs/p/umz5i5tvhxov-design-architect-engineer-ace-consulting-engineers-moharram-bakhoum-cairo-egypt
3IJKBDQY0ZOK,Telesales Agent,MEAHCO - Saudi German Health,,· Call Center | · Communication skills | · Offshore | · English | · sales skills | · Telesales,·Customer Service/Support | · Customer Service,0 - 2 Yrs of Exp,Entry Level,,"Katameya, Cairo, Egypt",Full Time,On-site,2026-02-21,1 month ago,No,Wuzzuf,https://wuzzuf.net/jobs/p/3ijkbdqy0zok-telesales-agent-meahco-saudi-german-health-cairo-egypt
NBBPUIC3LXAT,Senior Mechanical Technical Office Engineer,Technical-for-engineering-services-Egypt,,,·Engineering - Mechanical/Electrical,5 - 10 Yrs of Exp,Experienced,,"Alexandria, Egypt",Full Time,On-site,2026-02-21,1 month ago,No,Wuzzuf,https://wuzzuf.net/jobs/p/nbbpuic3lxat-senior-mechanical-technical-office-engineer-technical-for-engineering-services-egypt-alexandria-egypt
JLRN42DDR7H6,Project Manager,Ragab Group,,·Project/Program Management | · AutoCAD | · Project Management,·Engineering - Construction/Civil/Architecture | · Civil Engineering | · Architectural Engineering | · Engineering,15+ Yrs of Exp,Manager,,"Haram, Giza, Egypt",Full Time,On-site,2026-02-21,1 month ago,No,Wuzzuf,https://wuzzuf.net/jobs/p/jlrn42ddr7h6-project-manager-ragab-group-giza-egypt
JMAHUJJQBCTJ,ELV Draftsman,Techzonecs,,· ELV Systems | · AutoCAD | · Revit | · Elv systems | · Autocad | · Electrical systems design | · Mechanical systems design | · Drafting | · Blueprint reading,·Engineering - Mechanical/Electrical,3+ Yrs of Exp,Experienced,,"Cairo, Egypt",Full Time,Hybrid,2026-02-21,1 month ago,No,Wuzzuf,https://wuzzuf.net/jobs/p/jmahujjqbctj-elv-draftsman-techzonecs-cairo-egypt
P8GUNHHBPZSH,ELV Engineer (Design & Implementation),Techzonecs,,· certifications | · ELV Systems | · Design | · AutoCAD | · english buissness,·Engineering - Telecom/Technology | ·Engineering - Mechanical/Electrical,3+ Yrs of Exp,Experienced,,"Cairo, Egypt",Full Time,Hybrid,2026-02-21,1 month ago,No,Wuzzuf,https://wuzzuf.net/jobs/p/p8gunhhbpzsh-elv-engineer-design-implementation-techzonecs-cairo-egypt
Y7HZX6MNNEDR,Senior FF&E Specialist,Riwaq,,·Creative/Design/Art | · 3ds Max | · English | · AutoCAD | · Social Media | · Adobe Photoshop | · MS Office Suite | · Fine Arts,·Engineering - Construction/Civil/Architecture | · E-Marketing,5 - 10 Yrs of Exp,Experienced,,"Zamalek, Cairo, Egypt",Full Time,On-site,2026-02-21,1 month ago,No,Wuzzuf,https://wuzzuf.net/jobs/p/y7hzx6mnnedr-senior-ffe-specialist-riwaq-cairo-egypt
MZ2LO1VG3EMZ,Sales Representative,Depak Egypt,,· Packaging,·Sales/Retail | · Sales | · Sales Field | · Sales Target | · Sales Planning | · Sales Plan | · Sales Plans,1 - 3 Yrs of Exp,Entry Level,,"Agouza, Giza, Egypt",Full Time,On-site,2026-02-21,1 month ago,No,Wuzzuf,https://wuzzuf.net/jobs/p/mz2lo1vg3emz-sales-representative-depak-egypt-giza-egypt
IKV5WTBI6FOD,CFO,Depak Egypt,,· Microsoft Dynamics | · CFO | · Financial Management | · Financial Reporting,·Accounting/Finance | · Finance | · Finance Management,10+ Yrs of Exp,Senior Management,,"Agouza, Giza, Egypt",Full Time,On-site,2026-02-21,1 month ago,No,Wuzzuf,https://wuzzuf.net/jobs/p/ikv5wtbi6fod-cfo-depak-egypt-giza-egypt
E2RUZUOSZX2J,Marketing Specialist,IETOS,,· Microsoft Powerpoint | · Canva | · English | · MS Office Suite | · Social Media Platforms,·Marketing/PR/Advertising | · Marketing | · Administration | · Business Administration | · Digital Marketing,0 - 3 Yrs of Exp,Entry Level,,"Sheraton, Cairo, Egypt",Full Time,On-site,2026-02-21,1 month ago,No,Wuzzuf,https://wuzzuf.net/jobs/p/e2ruzuoszx2j-marketing-specialist-ietos-cairo-egypt
VQCTLA5HYJYP,Deputy Housekeeping Manager,Wadi Degla Clubs,,· Management | · Housekeeping | · Passion | · Integrity | · Fairness | · Continuous Development,·Hospitality/Hotels/Food Services | ·Operations/Management | · Operations | · Hospitality,5 - 7 Yrs of Exp,Manager,,"New Damietta, Damietta, Egypt",Full Time,On-site,2026-02-21,1 month ago,No,Wuzzuf,https://wuzzuf.net/jobs/p/vqctla5hyjyp-deputy-housekeeping-manager-wadi-degla-clubs-damietta-egypt
Q4DWK3CZUPCL,Document Controller,IETOS,,· Document Control | · Documentation | · Archiving | · MS Office Suite | · Commerce | · Administrative Roles,·Administration | · Business Administration,0 - 2 Yrs of Exp,Entry Level,,"Sheraton, Cairo, Egypt",Full Time,On-site,2026-02-21,1 month ago,No,Wuzzuf,https://wuzzuf.net/jobs/p/q4dwk3czupcl-document-controller-ietos-cairo-egypt
8TSGX6K6VDOO,Mechatronics Engineer,Depak Egypt,,·Installation/Maintenance/Repair | · PLC Programming | · Electronic Circuits,·Engineering - Mechanical/Electrical | · Electrical Engineering,0 - 3 Yrs of Exp,Entry Level,,"6th of October, Giza, Egypt",Full Time,On-site,2026-02-21,1 month ago,No,Wuzzuf,https://wuzzuf.net/jobs/p/8tsgx6k6vdoo-mechatronics-engineer-depak-egypt-giza-egypt
MPX0JICEEEBK,Quality Engineer,etisal for advanced industries,,· Lean Six Sigma | · Six Sigma,·Quality | · Quality Control | · Quality Assurance | · Quality Auditing | · Quality Management | · Quality analysis,0 - 1 Yrs of Exp,Entry Level,,"6th of October, Giza, Egypt",Full Time,On-site,2026-02-21,1 month ago,No,Wuzzuf,https://wuzzuf.net/jobs/p/mpx0jiceeebk-quality-engineer-etisal-for-advanced-industries-giza-egypt
XTYJGPXMIY9P,Business Development and Tender Specialist,Pannelli,,· Development | · sales skills | · Project Management | · business | · English | · MS Office Suite,·Business Development | ·Sales/Retail | · Business Development | · Marketing,3 - 5 Yrs of Exp,Experienced,,"Nasr City, Cairo, Egypt",Full Time,On-site,2026-02-21,1 month ago,No,Wuzzuf,https://wuzzuf.net/jobs/p/xtyjgpxmiy9p-business-development-and-tender-specialist-pannelli-cairo-egypt
0A8IBKRLZIW5,Sales Engineer,Pannelli,,· Skills | · sales skills | · CRM | · technical,·Engineering - Construction/Civil/Architecture | ·Business Development | ·Sales/Retail | · Sales Target | · Engineering | · Sales,3 - 5 Yrs of Exp,Experienced,,"Nasr City, Cairo, Egypt",Full Time,On-site,2026-02-21,1 month ago,No,Wuzzuf,https://wuzzuf.net/jobs/p/0a8ibkrlziw5-sales-engineer-pannelli-cairo-egypt
GEBFB28MQBFM,Senior Auditor / Accountant,ADI Egypt,,· Auditing | · External Auditing,·Accounting/Finance | · Quality Auditing | · Financial Accounting,3+ Yrs of Exp,Experienced,,"New Cairo, Cairo, Egypt",Full Time,On-site,2026-02-21,1 month ago,No,Wuzzuf,https://wuzzuf.net/jobs/p/gebfb28mqbfm-senior-auditor-accountant-adi-egypt-cairo-egypt
EJ8UBGBFTIPQ,Technical Office Architect – Team Leader,Confidential,,· Shop Drawings | · Coordination | · Team Leadership | · Revit | · AutoCAD | · MS Office | · Architectural Design | · Technical Drawing,·Engineering - Construction/Civil/Architecture,8 - 10 Yrs of Exp,Experienced,,"Mokattam, Cairo, Egypt",Full Time,On-site,2026-02-21,1 month ago,No,Wuzzuf,https://wuzzuf.net/jobs/p/ej8ubgbftipq-technical-office-architect-team-leader-cairo-egypt
ETIP56BGRNXL,Retail Manager,Dakahlia Group,,· Strategic Planning | · Project Management | · Process Excellence | · Analytical Skills | · Agility Teamwork,·Customer Service/Support | ·Operations/Management | ·Sales/Retail | · Results Oriented Quality Focused | · Customer Service,5 - 10 Yrs of Exp,Manager,,"Nasr City, Cairo, Egypt",Full Time,On-site,2026-02-21,1 month ago,No,Wuzzuf,https://wuzzuf.net/jobs/p/etip56bgrnxl-retail-manager-dakahlia-group-cairo-egypt
BCLEPBBSJIBY,Cost & Planning Engineer,Eamar Al Delta,,·Project/Program Management | · Project Cost Control | · Planning | · Primavera P6 | · Construction | · Cost Structures | · Contracts,·Engineering - Construction/Civil/Architecture | · Engineering | · Civil Engineering,0 - 5 Yrs of Exp,Experienced,,"Tanta, Gharbia, Egypt",Full Time,On-site,2026-02-21,1 month ago,No,Wuzzuf,https://wuzzuf.net/jobs/p/bclepbbsjiby-cost-planning-engineer-eamar-al-delta-gharbia-egypt
PWBEN5SZN3II,Event Specialist,Orchidia Pharmaceutical Industries,,· Time Management | · Business Planning | · Budget Management,·Administration | ·Business Development | ·Marketing/PR/Advertising | · Marketing,3 - 5 Yrs of Exp,Experienced,,"Rehab City, Cairo, Egypt",Full Time,On-site,2026-02-21,1 month ago,No,Wuzzuf,https://wuzzuf.net/jobs/p/pwben5szn3ii-event-specialist-orchidia-pharmaceutical-industries-cairo-egypt
F1HMZ2VQF464,مدخل بيانات,Confidential,,· ادخال بيانات | · Data Entry | · محاسبة | · مالية,·Accounting/Finance,1 - 3 Yrs of Exp,Experienced,,"Cairo, Egypt",Part Time,Remote,2026-02-21,1 month ago,No,Wuzzuf,https://wuzzuf.net/jobs/p/f1hmz2vqf464-mdkhl-byanat-cairo-egypt
U2IKP4SU1OLG,Senior Architect,Confidential,,·Creative/Design/Art | · Graphic Design | · Architectural Design | · AutoCAD Design,·Engineering - Construction/Civil/Architecture,7 - 9 Yrs of Exp,Experienced,,"New Cairo, Cairo, Egypt",Full Time,On-site,2026-02-21,1 month ago,No,Wuzzuf,https://wuzzuf.net/jobs/p/u2ikp4su1olg-senior-architect-cairo-egypt
PZWHRM0KRDWK,محاسب,Confidential,,· محاسب | · عمل عن بعد | · ضرائب | · المملكة العربية السعودية | · هيئة الزكاة و الضريبة و الجمارك | · قوائم مالية,·Accounting/Finance,1 - 3 Yrs of Exp,Experienced,,"Cairo, Egypt",Part Time,Remote,2026-02-21,1 month ago,No,Wuzzuf,https://wuzzuf.net/jobs/p/pzwhrm0krdwk-mhasb-cairo-egypt
ZBAHR1XYLYLA,Architect,Confidential,,· Graphic Design | · Architectural Design,·Engineering - Construction/Civil/Architecture,2 - 5 Yrs of Exp,Experienced,,"New Cairo, Cairo, Egypt",Full Time,On-site,2026-02-21,1 month ago,No,Wuzzuf,https://wuzzuf.net/jobs/p/zbahr1xylyla-architect-cairo-egypt
OGDEAYL4YPPK,General Ledger Accountant (Oracle User),Kgroup,,· General Ledger (GL) | · Financial Reporting | · MS Office | · Time Management | · Detail Oriented | · Communication | · Problem Solving | · oracle software,·Accounting/Finance | · Accounting,2 - 4 Yrs of Exp,Experienced,,"Nasr City, Cairo, Egypt",Full Time,On-site,2026-02-21,1 month ago,No,Wuzzuf,https://wuzzuf.net/jobs/p/ogdeayl4yppk-general-ledger-accountant-oracle-user-kgroup-cairo-egypt
VLFIU6LBFTNT,Senior (Associate) Financial Analyst,PRE Group,,· Investment | · Microsoft Excel | · Microsoft Powerpoint | · Financial Modeling | · Asset Management | · Equity Research | · Microsoft excel,·Accounting/Finance | ·Analyst/Research | · Investment Banking,3 - 7 Yrs of Exp,Experienced,,"New Cairo, Cairo, Egypt",Full Time,On-site,2026-02-21,1 month ago,No,Wuzzuf,https://wuzzuf.net/jobs/p/vlfiu6lbftnt-senior-associate-financial-analyst-pre-group-cairo-egypt
1LRDFTGXOOKO,Store Manager,Just HR,,· Management,·Sales/Retail | · Sales | · Customer Service,2+ Yrs of Exp,Experienced,,"Sheraton, Cairo, Egypt",Full Time,On-site,2026-02-21,1 month ago,No,Wuzzuf,https://wuzzuf.net/jobs/p/1lrdftgxooko-store-manager-just-hr-cairo-egypt
D3KX0TJSS5VG,Procurement Engineer,Urban Craft,,·Project/Program Management | · Procurement | · Purchasing | · sub contractors | · Negotiation | · Communication,·Engineering - Construction/Civil/Architecture | ·Logistics/Supply Chain | · Engineering | · Engineering Services,3 - 7 Yrs of Exp,Experienced,,"Sheikh Zayed, Giza, Egypt",Full Time,On-site,2026-02-21,1 month ago,No,Wuzzuf,https://wuzzuf.net/jobs/p/d3kx0tjss5vg-procurement-engineer-urban-craft-giza-egypt
SGE2MSD90W17,Full Stack Developer,EglobalSphere,,· AI | · Access Control System | · CCTV System | · Full Stack Development | · Software Development | · SW Development | · Program Development,·IT/Software Development,2 - 5 Yrs of Exp,Experienced,,"Giza, Egypt",Full Time,Hybrid,2026-02-21,1 month ago,No,Wuzzuf,https://wuzzuf.net/jobs/p/sge2msd90w17-full-stack-developer-eglobalsphere-giza-egypt
QWAVEI4GVZQT,Senior Odoo Implementer,Rabtek  Integrated Solutions,,· Odoo | · ERP Implementation | · Business Analysis | · Odoo Development | · Odoo ERP | · implementer,·IT/Software Development,3 - 7 Yrs of Exp,Experienced,,"Agouza, Giza, Egypt",Full Time,On-site,2026-02-21,1 month ago,No,Wuzzuf,https://wuzzuf.net/jobs/p/qwavei4gvzqt-senior-odoo-implementer-rabtek-integrated-solutions-giza-egypt
PWPEDYWVRJY1,Executive Secretary,Confidential,,· Business English | · Computer Skills,·Administration | · Administration | · Business Administration,3 - 5 Yrs of Exp,Experienced,,"New Cairo, Cairo, Egypt",Full Time,On-site,2026-02-21,1 month ago,No,Wuzzuf,https://wuzzuf.net/jobs/p/pwpedywvrjy1-executive-secretary-cairo-egypt
5URZMMBADGKL,IT Help Desk,Specialized Seamless Services,,· VoIP | · Cisco CCNA | · Linux | · Microsoft Azure,·IT/Software Development,2 - 4 Yrs of Exp,Experienced,,"Cairo, Egypt",Full Time,On-site,2026-02-21,1 month ago,No,Wuzzuf,https://wuzzuf.net/jobs/p/5urzmmbadgkl-it-help-desk-specialized-seamless-services-cairo-egypt
ZRY03JFQYO2Q,Maintenance Manager - Badr City,UNITED FOOD INDUSTRY Group,,·Installation/Maintenance/Repair | · Maintenance Management | · Safety Compliance | · Troubleshooting | · Mechanical Systems | · Electrical Systems | · Budget Management | · Food Hygiene,·Operations/Management | ·Engineering - Mechanical/Electrical,12 - 15 Yrs of Exp,Manager,,"Badr City, Cairo, Egypt",Full Time,On-site,2026-02-21,1 month ago,No,Wuzzuf,https://wuzzuf.net/jobs/p/zry03jfqyo2q-maintenance-manager-badr-city-united-food-industry-group-cairo-egypt
L4P3GUEAMMU9,B2B Sales Representative,Lnkr,,,·Sales/Retail | ·Engineering - Telecom/Technology | · B2B Sales | · Sales | · Sales Field | · Sales Target | · Sales Plan | · Sales Planning | · Sales Plans,1 - 2 Yrs of Exp,Entry Level,,"Cairo, Egypt",Full Time,On-site,2026-02-21,1 month ago,No,Wuzzuf,https://wuzzuf.net/jobs/p/l4p3gueammu9-b2b-sales-representative-lnkr-cairo-egypt
0IGREYHYMNYM,Marketing Specialist,Al Ahly Momkn for e-payment,,·Media/Journalism/Publishing,·Marketing/PR/Advertising | · Marketing | · Digital Marketing | · Online Marketing | · Internet Marketing | · Marketing Online,2+ Yrs of Exp,Experienced,,"Cairo, Egypt",Full Time,On-site,2026-02-21,1 month ago,No,Wuzzuf,https://wuzzuf.net/jobs/p/0igreyhymnym-marketing-specialist-al-ahly-momkn-for-e-payment-cairo-egypt
ITJW1YYAVE3E,Zero Experience Real Estate Sales Agent,The Address Investments for Real Estate Consultancy,,· Real Estate | · English | · sales skills | · Communication,·Sales/Retail | · Sales | · Marketing | · Sales Target,0 - 3 Yrs of Exp,Entry Level,,"New Cairo, Cairo, Egypt",Full Time,On-site,2026-02-21,1 month ago,No,Wuzzuf,https://wuzzuf.net/jobs/p/itjw1yyave3e-zero-experience-real-estate-sales-agent-the-address-investments-for-real-estate-consultancy-cairo-egypt
8MOIV6QAUANQ,Property Advisor (Broker),The Address Investments for Real Estate Consultancy,,· Real Estate | · English | · sales skills | · Communication,·Customer Service/Support | ·Marketing/PR/Advertising | ·Sales/Retail | · Sales | · Marketing,,Entry Level,,"New Cairo, Cairo, Egypt",Full Time,On-site,2026-02-21,1 month ago,No,Wuzzuf,https://wuzzuf.net/jobs/p/8moiv6qauanq-property-advisor-broker-the-address-investments-for-real-estate-consultancy-cairo-egypt
OKVX8INJN5HM,Interior Design Project Manager,Confidential,,·Creative/Design/Art | ·Project/Program Management | · Interior Design | · Project Management | · AutoCAD | · Revit | · Team Leadership,·Engineering - Construction/Civil/Architecture,6+ Yrs of Exp,Manager,,"Heliopolis, Cairo, Egypt",Full Time,On-site,2026-02-21,1 month ago,No,Wuzzuf,https://wuzzuf.net/jobs/p/okvx8injn5hm-interior-design-project-manager-cairo-egypt
ERH0WCOEM8UH,Fresh Sales Real Estate Agent (Graduates),The Address Investments for Real Estate Consultancy,,· Negotiation | · Communication | · Time Management | · Adaptability,·Sales/Retail | · Sales | · Sales Skills | · Sales Target,0 - 3 Yrs of Exp,Entry Level,,"New Cairo, Cairo, Egypt",Full Time,On-site,2026-02-21,1 month ago,No,Wuzzuf,https://wuzzuf.net/jobs/p/erh0wcoem8uh-fresh-sales-real-estate-agent-graduates-the-address-investments-for-real-estate-consultancy-cairo-egypt
HWREKRBILGHY,The Address Investments - Fresh Sales Real Estate Agent,The Address Investments for Real Estate Consultancy,,,·Sales/Retail | · Sales | · Real Estate Sales,0 - 5 Yrs of Exp,Entry Level,,"New Cairo, Cairo, Egypt",Full Time,On-site,2026-02-21,1 month ago,No,Wuzzuf,https://wuzzuf.net/jobs/p/hwrekrbilghy-the-address-investments-fresh-sales-real-estate-agent-the-address-investments-for-real-estate-consultancy-cairo-egypt
LWTZAHDQ6EGU,Medical Representative. New Cairo - El Sheikh Zayed,Macro Group,,· Pharmacy | · Chemistry | · Pharma | · Science | · Communication,·Medical/Healthcare | ·Sales/Retail | ·Pharmaceutical | · Medical | · Sales,1 - 4 Yrs of Exp,Entry Level,,"Nasr City, Cairo, Egypt",Full Time,On-site,2026-02-21,1 month ago,No,Wuzzuf,https://wuzzuf.net/jobs/p/lwtzahdq6egu-medical-representative-new-cairo-el-sheikh-zayed-macro-group-cairo-egypt
BRZNM9EJIHGK,Chief Pharmacist.,Confidential,,· Communication | · solve problem | · Clinical Pharmacy | · Pharmacy | · Pharma,·Medical/Healthcare | · Pharmaceutical | · Pharmaceutical Industry,3 - 5 Yrs of Exp,Senior Management,,"Nasr City, Cairo, Egypt",Full Time,On-site,2026-02-21,1 month ago,No,Wuzzuf,https://wuzzuf.net/jobs/p/brznm9ejihgk-chief-pharmacist-cairo-egypt
CMUCN6JDQPNQ,Personnel Supervisor,Kandil Egypt,,· Personnel | · Labour Law | · Social Insurance | · HR operations,·Administration | ·Human Resources,5 - 7 Yrs of Exp,Experienced,,"Obour City, Cairo, Egypt",Full Time,On-site,2026-02-21,1 month ago,No,Wuzzuf,https://wuzzuf.net/jobs/p/cmucn6jdqpnq-personnel-supervisor-kandil-egypt-cairo-egypt
AO0XIQLWEBDY,Recruitment Supervisor,Kandil Egypt,,· Recruitment | · Talent acquisition | · Manpower Planning | · Competency-Based Interviewing | · HR Budgeting | · Employer Branding | · Candidate Sourcing | · MS Office Suite,·Human Resources | · Manufacturing HR,5 - 7 Yrs of Exp,Experienced,,"Obour City, Cairo, Egypt",Full Time,On-site,2026-02-21,1 month ago,No,Wuzzuf,https://wuzzuf.net/jobs/p/ao0xiqlwebdy-recruitment-supervisor-kandil-egypt-cairo-egypt
O5ND8ALLBWU5,Sales Coordinator,EUROMISR GROUP,,· Data Entry | · Microsoft Office | · Team Collaboration | · Order Processing | · Communication | · Time Management | · Customer Relationship Management (CRM),·Customer Service/Support | ·Sales/Retail | · Sales Coordination,1 - 3 Yrs of Exp,Entry Level,,"Heliopolis, Cairo, Egypt",Full Time,On-site,2026-02-21,1 month ago,No,Wuzzuf,https://wuzzuf.net/jobs/p/o5nd8allbwu5-sales-coordinator-euromisr-group-cairo-egypt
65HZVPMADRD0,Planning Specialist,Good Seal Packaging,,· Supply Chain Management | · Production Planning | · ERP Systems | · Problem Solving | · Communication | · Time Management | · Inventory Management | · Cross-functional Collaboration | · Process Improvement,·Manufacturing/Production,2 - 5 Yrs of Exp,Experienced,,"10th of Ramadan City, Sharqia, Egypt",Full Time,On-site,2026-02-21,1 month ago,No,Wuzzuf,https://wuzzuf.net/jobs/p/65hzvpmadrd0-planning-specialist-good-seal-packaging-sharqia-egypt
KLACVLL2ND4W,Digital Marketing Assistant,Novative HCM Services,,·Creative/Design/Art | ·Media/Journalism/Publishing | · Content Creation | · Content Writing | · Graphic Design | · Copywriting | · Content Management | · SEO,·Marketing/PR/Advertising | · Digital Marketing,1+ Yrs of Exp,Entry Level,,"Sheraton, Cairo, Egypt",Full Time,On-site,2026-02-21,1 month ago,No,Wuzzuf,https://wuzzuf.net/jobs/p/klacvll2nd4w-digital-marketing-assistant-novative-hcm-services-cairo-egypt
SA2NHPADD6W5,Sales Account Executive,EUROMISR GROUP,,"· Negotiation | · Presentation Skills | · Time Management | · Communication | · Product Knowledge (HVAC, Pipes, Fittings) | · Account Management | · Market Analysis",·Business Development | ·Sales/Retail | · Technical Sales,0 - 5 Yrs of Exp,Entry Level,,"Heliopolis, Cairo, Egypt",Full Time,On-site,2026-02-21,1 month ago,No,Wuzzuf,https://wuzzuf.net/jobs/p/sa2nhpadd6w5-sales-account-executive-euromisr-group-cairo-egypt
RD9GGKAGXHHQ,Senior Corporate Lawyer,Wadi Group,,· Corporate Law | · Contract Drafting | · Regulatory Compliance | · Negotiation | · Litigation Management | · Risk Assessment | · Communication | · Analytical Thinking,·Legal | · Legal Research,5+ Yrs of Exp,Experienced,,"Sheikh Zayed, Giza, Egypt",Full Time,On-site,2026-02-21,1 month ago,No,Wuzzuf,https://wuzzuf.net/jobs/p/rd9ggkagxhhq-senior-corporate-lawyer-wadi-group-giza-egypt
A7SHLOWCDTZ5,Electrical Service Engineer,MCV - Obour,,· Field Service | · sales skills | · Field | · Service | · Electrical,·Engineering - Mechanical/Electrical | · Engineering | · Sales | · Mechatronics Engineering | · Electrical Engineering,1 - 3 Yrs of Exp,Entry Level,,"Cairo, Egypt",Full Time,On-site,2026-02-21,1 month ago,No,Wuzzuf,https://wuzzuf.net/jobs/p/a7shlowcdtz5-electrical-service-engineer-mcv-obour-cairo-egypt
U4EWQ5442G6K,Export Manager – Egyptian Polymers,Gap Polymers,,· Export Management | · Polymer Sourcing | · Negotiation | · Market Analysis | · Trade Compliance | · Relationship Building | · Export Trading | · Polymers,·Logistics/Supply Chain | · International Sales,8 - 12 Yrs of Exp,Manager,,"Maadi, Cairo, Egypt",Full Time,On-site,2026-02-21,1 month ago,No,Wuzzuf,https://wuzzuf.net/jobs/p/u4ewq5442g6k-export-manager-egyptian-polymers-gap-polymers-cairo-egypt
SIKFUALS6KFU,International Polymer Trade Manager,Gap Polymers,,· International Trade | · Polymer Market Analysis | · Contract Management | · Market Research | · Polyolefins | · PET | · PVC,·Logistics/Supply Chain | · Sales and Negotiation | · Logistics Coordination,7+ Yrs of Exp,Manager,,"Maadi, Cairo, Egypt",Full Time,On-site,2026-02-21,1 month ago,No,Wuzzuf,https://wuzzuf.net/jobs/p/sikfuals6kfu-international-polymer-trade-manager-gap-polymers-cairo-egypt
MH8UTGTNOHGG,Technical Office Engineer,Al Dar Consultant Engineer,,· Technical drawing preparation | · Project coordination | · Quantity surveying | · Construction documentation | · AutoCAD proficiency,·Engineering - Construction/Civil/Architecture,5 - 7 Yrs of Exp,Experienced,,"Hadayek Alahram, Giza, Egypt",Full Time,On-site,2026-02-21,1 month ago,No,Wuzzuf,https://wuzzuf.net/jobs/p/mh8utgtnohgg-technical-office-engineer-al-dar-consultant-engineer-giza-egypt
PRGBNCVJOAQZ,Senior Export Sales Agent (Fruits & Vegetables),Cairo Three A  for Agricultural and Animal Production,,· Client Relationship Management | · Communication | · Strategic Planning | · Market Research | · Negotiation | · Contract Management,·Logistics/Supply Chain | ·Sales/Retail | · Export Sales | · International Business Development,3+ Yrs of Exp,Experienced,,"New Cairo, Cairo, Egypt",Full Time,On-site,2026-02-21,1 month ago,No,Wuzzuf,https://wuzzuf.net/jobs/p/prgbncvjoaqz-senior-export-sales-agent-fruits-vegetables-cairo-three-a-for-agricultural-and-animal-production-cairo-egypt
O2YRAW7CWHPS,Light Current Engineer- Sadat City,Vip Technology solutions,,· AutoCAD | · Microsoft Excel | · Microsoft Word | · Business English | · Light Current | · CCTV System | · Firefighting System | · Low Current Systems (LC),·Engineering - Mechanical/Electrical | · Electrical Engineering,2 - 4 Yrs of Exp,Experienced,,"Alsadat City, Monufya, Egypt",Full Time,On-site,2026-02-21,1 month ago,No,Wuzzuf,https://wuzzuf.net/jobs/p/o2yraw7cwhps-light-current-engineer-sadat-city-vip-technology-solutions-monufya-egypt
CRFLNRHK1JVW,Equity Trader,Apex Financial Holding,,· Equity Trading | · Market Analysis | · Communication,·Accounting/Finance,2+ Yrs of Exp,Experienced,,"Agouza, Giza, Egypt",Full Time,On-site,2026-02-21,1 month ago,No,Wuzzuf,https://wuzzuf.net/jobs/p/crflnrhk1jvw-equity-trader-apex-financial-holding-giza-egypt
1PORMLJO9MMV,Customer Service Team Lead,Zumra Food,,· Team Leadership | · Communication | · Problem Solving | · Coaching and Mentoring | · Time Management | · Data Analysis,·Customer Service/Support | ·Operations/Management | ·Sales/Retail | · Customer Service Management,2 - 3 Yrs of Exp,Experienced,,"Nasr City, Cairo, Egypt",Full Time,On-site,2026-02-21,1 month ago,No,Wuzzuf,https://wuzzuf.net/jobs/p/1pormljo9mmv-customer-service-team-lead-zumra-food-cairo-egypt
8600X4TCK1M4,Compliance Officer,Apex Financial Holding,,· Analytical Thinking | · Communication | · Attention to Detail | · Policy Development | · Regulatory Compliance | · Problem Solving,·Accounting/Finance,5+ Yrs of Exp,Experienced,,"Agouza, Giza, Egypt",Full Time,On-site,2026-02-21,1 month ago,No,Wuzzuf,https://wuzzuf.net/jobs/p/8600x4tck1m4-compliance-officer-apex-financial-holding-giza-egypt
QZQEKS4QUNNS,SAP ABAP Consultant/ Senior Consultant,DAF Holding,,"· SAP ABAP Programming | · SAP Integration (BAPI, IDoc, RFC) | · Agile Methodologies",·IT/Software Development,3 - 10 Yrs of Exp,Experienced,,"Cairo, Egypt",Full Time,Hybrid,2026-02-21,1 month ago,No,Wuzzuf,https://wuzzuf.net/jobs/p/qzqeks4qunns-sap-abap-consultant-senior-consultant-daf-holding-cairo-egypt
BD1UGCLMV1IL,SEO Expert,Confidential,,· Search Engine Optimization (SEO) | · Keyword Research | · Google Analytics | · Technical SEO | · Content Optimization | · Link Building | · Data Analysis,·Business Development | ·Marketing/PR/Advertising | ·Analyst/Research,2 - 4 Yrs of Exp,Experienced,,"Cairo, Egypt",Full Time,Remote,2026-02-21,1 month ago,No,Wuzzuf,https://wuzzuf.net/jobs/p/bd1ugclmv1il-seo-expert-cairo-egypt
SQK2HU56NPZJ,Video Editor,Confidential,,·Creative/Design/Art | · Adobe Premiere | · After Effects | · Video Editing | · Adobe After Effects | · Editing | · video,·Marketing/PR/Advertising,3 - 6 Yrs of Exp,Experienced,,"Cairo, Egypt",Full Time,Remote,2026-02-21,1 month ago,No,Wuzzuf,https://wuzzuf.net/jobs/p/sqk2hu56npzj-video-editor-cairo-egypt
TBF16DXFZ7XG,Technical Support Engineer,IBEX Solutions,,·Installation/Maintenance/Repair | · Networking fundamentals | · Problem-solving | · Communication | · Time management | · Technical troubleshooting,·IT/Software Development,1 - 3 Yrs of Exp,Entry Level,,"Cairo, Egypt",Full Time,On-site,2026-02-21,1 month ago,No,Wuzzuf,https://wuzzuf.net/jobs/p/tbf16dxfz7xg-technical-support-engineer-ibex-solutions-cairo-egypt
IG5NA4FGONKB,HR Learning & Development senior specialist,PICO,,· Learning & Development | · Talent Management,·Human Resources | · Training Facilitation,3 - 4 Yrs of Exp,Experienced,,"Mohandessin, Giza, Egypt",Full Time,On-site,2026-02-21,1 month ago,No,Wuzzuf,https://wuzzuf.net/jobs/p/ig5na4fgonkb-hr-learning-development-senior-specialist-pico-giza-egypt
LQRF3T0LBEK3,CRM Manager (Background 3PL),Marbella For Food Industry,,· CRM and logistics software proficiency | · CRM strategy development | · Team leadership,·Customer Service/Support | · Logistics and supply chain management | · Customer Service,7+ Yrs of Exp,Manager,,"6th of October, Giza, Egypt",Full Time,On-site,2026-02-21,1 month ago,No,Wuzzuf,https://wuzzuf.net/jobs/p/lqrf3t0lbek3-crm-manager-background-3pl-marbella-for-food-industry-giza-egypt
FZIVDLPFCO3V,Senior Business Analyst,DAF Holding,,· Business process analysis | · Digital transformation | · Agile methodologies,·IT/Software Development,4 - 7 Yrs of Exp,Experienced,,"Cairo, Egypt",Full Time,Hybrid,2026-02-21,1 month ago,No,Wuzzuf,https://wuzzuf.net/jobs/p/fzivdlpfco3v-senior-business-analyst-daf-holding-cairo-egypt
GMNEDJEWAX8M,Infographic Designer,Specialized Seamless Services,,·Creative/Design/Art | ·Media/Journalism/Publishing | · Adobe Photoshop | · illustrator | · Graphic Design | · Infographic,,3 - 6 Yrs of Exp,Experienced,,"Heliopolis, Cairo, Egypt",Full Time,On-site,2026-01-22,2 months ago,No,Wuzzuf,https://wuzzuf.net/jobs/p/gmnedjewax8m-infographic-designer-specialized-seamless-services-cairo-egypt
ALF0FZ9CS4FK,Junior Recruiter,Firoz Group,,· Recruitment | · Interview Coordination | · Talent Sourcing | · Applicant Tracking Systems | · Organizational Skills | · Attention to Detail | · Time Management | · Communication,·Administration | ·Human Resources,1 - 2 Yrs of Exp,Entry Level,,"Obour City, Cairo, Egypt",Full Time,On-site,2026-01-22,2 months ago,No,Wuzzuf,https://wuzzuf.net/jobs/p/alf0fz9cs4fk-junior-recruiter-firoz-group-cairo-egypt
KNDDRZXX1BN4,Oracle Apps Developer,Blue Bell Egypt,,· Oracle E-Business Suite | · PL/SQL | · Oracle Workflow | · Oracle Forms | · Technical Documentation,·IT/Software Development,4 - 5 Yrs of Exp,Experienced,,"Bourj Alarab, Alexandria, Egypt",Full Time,On-site,2026-01-22,2 months ago,No,Wuzzuf,https://wuzzuf.net/jobs/p/knddrzxx1bn4-oracle-apps-developer-blue-bell-egypt-alexandria-egypt
J4RLQUJWGFWV,Production Engineer for a steel factory,Confidential,,·Project/Program Management | · Problem Solving | · Communication | · Scheduling | · Documentation | · Team Collaboration | · Lean manufacturing,·Engineering - Construction/Civil/Architecture | ·Engineering - Mechanical/Electrical | · Quality assurance,3 - 6 Yrs of Exp,Experienced,,"Obour City, Cairo, Egypt",Full Time,On-site,2026-01-22,2 months ago,No,Wuzzuf,https://wuzzuf.net/jobs/p/j4rlqujwgfwv-production-engineer-for-a-steel-factory-cairo-egypt
AM59LKJULSZK,Juice Factory Manager (Milk Pasteurization Experience ) - Libya,Midline Group,,· Team Leadership | · Production Planning | · Food Safety Compliance | · Milk Pasteurization | · Process Optimization,·Operations/Management | ·Manufacturing/Production | ·Engineering - Mechanical/Electrical | · Factory Operations Management | · Quality Assurance,15+ Yrs of Exp,Experienced,,"Cairo, Egypt",Full Time,On-site,2026-01-22,2 months ago,No,Wuzzuf,https://wuzzuf.net/jobs/p/am59lkjulszk-juice-factory-manager-milk-pasteurization-experience-libya-midline-group-cairo-egypt
RXVBDROOLWOG,Poultry Farm Manager - Libya,Midline Group,,· Poultry farm management | · Team leadership | · Biosecurity protocols | · Animal health and nutrition | · Problem-solving | · Data analysis | · Inventory management,·Operations/Management | ·Manufacturing/Production | ·Engineering - Other,8 - 15 Yrs of Exp,Experienced,,"Cairo, Egypt",Full Time,On-site,2026-01-22,2 months ago,No,Wuzzuf,https://wuzzuf.net/jobs/p/rxvbdroolwog-poultry-farm-manager-libya-midline-group-cairo-egypt
8P0WVFDBDUFV,Food Products Marketing Manager,Midline Group,,·Media/Journalism/Publishing | · Brand Management | · Market Research | · Team Leadership | · Budget Management | · Campaign Planning,·Business Development | ·Marketing/PR/Advertising | · Strategic Marketing | · Digital Marketing,8 - 15 Yrs of Exp,Experienced,,"Cairo, Egypt",Full Time,On-site,2026-01-22,2 months ago,No,Wuzzuf,https://wuzzuf.net/jobs/p/8p0wvfdbdufv-food-products-marketing-manager-midline-group-cairo-egypt
ER5ID50SJF1W,Factory Manager,Kandil Egypt,,· Lean Six Sigma | · Plant Management,·Operations/Management | ·Manufacturing/Production | · Manufacturing Process | · 5S Lean Manufacturing Methodology | · Operations Management,10 - 20 Yrs of Exp,Manager,,"Belbes, Sharqia, Egypt",Full Time,On-site,2026-01-22,2 months ago,No,Wuzzuf,https://wuzzuf.net/jobs/p/er5id50sjf1w-factory-manager-kandil-egypt-sharqia-egypt
8GQMLOC8HYUJ,Recruitment Consultant,Confidential,,Freelance / Project | · Talent Acquisition | · Candidate Sourcing | · Organizational Skills | · Problem-Solving | · Reporting and Analytics | · Interviewing | · Stakeholder Management | · Negotiation,·Human Resources | ·Engineering - Oil & Gas/Energy,5 - 10 Yrs of Exp,Experienced,,"Maadi, Cairo, Egypt",Freelance / Project,On-site,2026-01-22,2 months ago,No,Wuzzuf,https://wuzzuf.net/jobs/p/8gqmloc8hyuj-recruitment-consultant-cairo-egypt
DVDVQPKYRZZ0,Accountant | Relocation to Libya,Midline Group,,· Financial Reporting | · Account Reconciliation | · General Ledger Management | · Budgeting and Forecasting | · Analytical Thinking | · Attention to Detail | · Excel (Advanced) | · Problem Solving,·Accounting/Finance | · Accounting Software Proficiency,3 - 7 Yrs of Exp,Experienced,,"Cairo, Egypt",Full Time,On-site,2026-01-22,2 months ago,No,Wuzzuf,https://wuzzuf.net/jobs/p/dvdvqpkyrzz0-accountant-relocation-to-libya-midline-group-cairo-egypt
OTIJZTBJ8WIL,IE Data Analyst (Industrial Engineering) - Garments or Apparel Manufacturing,T&C Garments,,· Data Analysis | · Process Improvement | · Time and Motion Study | · Power BI | · Microsoft Excel,·Analyst/Research | ·Engineering - Telecom/Technology | ·Engineering - Mechanical/Electrical | · Industrial Engineering | · Lean Manufacturing,2 - 5 Yrs of Exp,Experienced,,"Obour City, Cairo, Egypt",Full Time,On-site,2026-01-22,2 months ago,No,Wuzzuf,https://wuzzuf.net/jobs/p/otijztbj8wil-ie-data-analyst-industrial-engineering-garments-or-apparel-manufacturing-tc-garments-cairo-egypt
NR08DJVIAOKZ,General Ledger Accountant,Bluebell Pharmaceuticals,,· General Ledger Management | · Account Reconciliation | · Financial Reporting | · Problem Solving | · Journal Entry Preparation | · Analytical Thinking | · ERP Systems | · Attention to Detail,·Accounting/Finance | ·Banking,4 - 6 Yrs of Exp,Experienced,,"Maadi, Cairo, Egypt",Full Time,On-site,2026-01-22,2 months ago,No,Wuzzuf,https://wuzzuf.net/jobs/p/nr08djviaokz-general-ledger-accountant-bluebell-pharmaceuticals-cairo-egypt
EHNN7LR4ZCDC,Industrial Engineering Manager (Garment Industry),T&C Garments,,· Process Optimization | · Six Sigma | · Time and Motion Study | · Production Planning | · Data Analysis | · Workflow Design,·Manufacturing/Production | ·Engineering - Mechanical/Electrical | · Lean Manufacturing | · Quality Assurance,2 - 10 Yrs of Exp,Manager,,"Obour City, Cairo, Egypt",Full Time,On-site,2026-01-22,2 months ago,No,Wuzzuf,https://wuzzuf.net/jobs/p/ehnn7lr4zcdc-industrial-engineering-manager-garment-industry-tc-garments-cairo-egypt
SGTSUTA1KYSU,Marketing & Sales Specialist,Oodipix,,· Social Media,·Business Development | ·Marketing/PR/Advertising | ·Sales/Retail | · Marketing | · Sales | · Business Development | · Online Marketing | · Sales Field | · Sales Target,1 - 3 Yrs of Exp,Entry Level,,"Nasr City, Cairo, Egypt",Full Time,Hybrid,2026-01-22,2 months ago,No,Wuzzuf,https://wuzzuf.net/jobs/p/sgtsuta1kysu-marketing-sales-specialist-oodipix-cairo-egypt
W0Z8LYHWWKHL,Remote Customer Service Representative (US Market),devinliu@ningji-group.com,,· Problem Solving | · Time Management | · Customer Support | · Customer Care | · Customer Relations | · Custom Clearance,·Customer Service/Support | · Customer Service,1+ Yrs of Exp,Entry Level,,"Cairo, Egypt",Full Time,Remote,2026-01-22,2 months ago,No,Wuzzuf,https://wuzzuf.net/jobs/p/w0z8lyhwwkhl-remote-customer-service-representative-us-market-devinliuningji-group-com-cairo-egypt
TR2BGJCIFHMZ,Planning & Production Supervisor – Sheet Metal,Alpha Matar Co. For Elevators & Escalators,,· Technical Drawing Interpretation | · Sheet Metal Fabrication | · Production Planning | · SolidWorks | · Production Supervision | · Cutting | · Bending | · Welding,·Manufacturing/Production | · Quality Control,5 - 6 Yrs of Exp,Experienced,,"6th of October, Giza, Egypt",Full Time,On-site,2026-01-22,2 months ago,No,Wuzzuf,https://wuzzuf.net/jobs/p/tr2bgjcifhmz-planning-production-supervisor-sheet-metal-alpha-matar-co-for-elevators-escalators-giza-egypt
KQPITFZLGVQ4,Tendering Engineer (Civil / Arch.),Concrete Plus,,· Negotiation | · Time Management | · Analytical Thinking | · Construction | · Tendering | · Cost Estimation,·Engineering - Construction/Civil/Architecture | · Civil Engineering,3 - 5 Yrs of Exp,Experienced,,"New Cairo, Cairo, Egypt",Full Time,On-site,2026-01-22,2 months ago,No,Wuzzuf,https://wuzzuf.net/jobs/p/kqpitfzlgvq4-tendering-engineer-civil-arch-concrete-plus-cairo-egypt
CYZTBARQTRM9,Export Manager,hayah pharma,,· Export Management | · Market Research | · Negotiation | · Regulatory Compliance | · Relationship Building | · Strategic Planning | · Communication | · Problem-Solving,·Logistics/Supply Chain | · International Sales,3+ Yrs of Exp,Manager,,"Cairo, Egypt",Full Time,On-site,2026-01-22,2 months ago,No,Wuzzuf,https://wuzzuf.net/jobs/p/cyztbarqtrm9-export-manager-hayah-pharma-cairo-egypt
6WBMJ4GAYJET,Media Buyer,hayah pharma,,·Media/Journalism/Publishing | · media | · Media Buyer | · Social Media | · digital marketing | · digital media | · Buyer,·Marketing/PR/Advertising | · Digital Marketing | · Marketing,3+ Yrs of Exp,Experienced,,"Obour City, Cairo, Egypt",Full Time,On-site,2026-01-22,2 months ago,No,Wuzzuf,https://wuzzuf.net/jobs/p/6wbmj4gayjet-media-buyer-hayah-pharma-cairo-egypt
XYI4IJDFL62U,General Accountant ( Travel Agency ),Cairo Transport & Touring,,· accountant | · Travel | · Accounts | · Accounts Payable | · Accounts Receivable | · Microsoft Excel,·Accounting/Finance | · Accounting | · Finance | · Cost Accounting,5+ Yrs of Exp,Experienced,,"Downtown, Cairo, Egypt",Full Time,On-site,2026-01-22,2 months ago,No,Wuzzuf,https://wuzzuf.net/jobs/p/xyi4ijdfl62u-general-accountant-travel-agency-cairo-transport-touring-cairo-egypt
VX1VHB77LWHY,Branding Manager,Egyptian Company for Cosmetics,,·Media/Journalism/Publishing | · Market Research | · Project Management | · Communication | · Stakeholder Management | · Creative Thinking,·Marketing/PR/Advertising | · Brand Strategy | · Marketing Campaigns,10+ Yrs of Exp,Manager,,"Nasr City, Cairo, Egypt",Full Time,On-site,2026-01-22,2 months ago,No,Wuzzuf,https://wuzzuf.net/jobs/p/vx1vhb77lwhy-branding-manager-egyptian-company-for-cosmetics-cairo-egypt
PPKL4SZVLYTC,Realestate Sales Specialist,The Polygon Real Estate,,· Property Resale | · Negotiation | · Market Analysis | · Communication | · Lead Generation | · Time Management | · Client Relationship Management,·Business Development | ·Sales/Retail | · Real Estate Sales,1+ Yrs of Exp,Entry Level,,"Sheikh Zayed, Giza, Egypt",Full Time,On-site,2026-01-22,2 months ago,No,Wuzzuf,https://wuzzuf.net/jobs/p/ppkl4szvlytc-realestate-sales-specialist-the-polygon-real-estate-giza-egypt
A6RTPNT4BBBC,Account Coordinator - Smart Village,GlobeMed Egypt,,· Client Relationship Management | · Account Coordination | · Communication | · Problem Solving | · Time Management | · Microsoft Office | · Attention to Detail,·Administration | ·Customer Service/Support | · Customer Service,0 - 2 Yrs of Exp,Entry Level,,"6th of October, Giza, Egypt",Full Time,On-site,2026-01-22,2 months ago,No,Wuzzuf,https://wuzzuf.net/jobs/p/a6rtpnt4bbbc-account-coordinator-smart-village-globemed-egypt-giza-egypt
IR6KV4K0IGYF,Pharmaceutical Sales Representative,Soficopharm,,· Pharmacy | · CRM,·Sales/Retail | ·Pharmaceutical | · Pharmaceutical Industry | · Sales Field | · Sales Target,1+ Yrs of Exp,Entry Level,,"Qalyub, Qalubia, Egypt",Full Time,On-site,2026-01-22,2 months ago,No,Wuzzuf,https://wuzzuf.net/jobs/p/ir6kv4k0igyf-pharmaceutical-sales-representative-soficopharm-qalubia-egypt
15PB2CHZAYSS,Junior Help Desk IT Specialist,Aga Khan Cultural services- Egypt (AKCS-E),,·Installation/Maintenance/Repair | · Hardware | · Computer Science | · Information Technology (IT) | · IT | · Installation,·IT/Software Development | ·Engineering - Telecom/Technology | · Engineering | · Computer Engineering,0 - 2 Yrs of Exp,Entry Level,,"Darrasa, Cairo, Egypt",Full Time,On-site,2026-01-22,2 months ago,No,Wuzzuf,https://wuzzuf.net/jobs/p/15pb2chzayss-junior-help-desk-it-specialist-aga-khan-cultural-services-egypt-akcs-e-cairo-egypt
25VT2HVMUJF7,English Academic Advisor,Monglish Academy,,· Student assessment | · Communication | · Negotiation | · Multitasking | · Problem Solving | · English Teaching,·Sales/Retail | ·Education/Teaching | ·Training/Instructor | · Sales,0 - 2 Yrs of Exp,Entry Level,,"Alexandria, Egypt",Full Time,On-site,2026-01-22,2 months ago,No,Wuzzuf,https://wuzzuf.net/jobs/p/25vt2hvmujf7-english-academic-advisor-monglish-academy-alexandria-egypt
F6DFCKWAJFF7,Business Development Executive – AI Solutions,Barkotel,,· Client Relationship Management | · Negotiation | · Presentation Skills | · Market Research | · CRM Software,·Business Development | ·Marketing/PR/Advertising | ·Strategy/Consulting | · Business Development | · AI Solutions Sales,2 - 5 Yrs of Exp,Experienced,,"Sheraton, Cairo, Egypt",Full Time,Hybrid,2026-01-22,2 months ago,No,Wuzzuf,https://wuzzuf.net/jobs/p/f6dfckwajff7-business-development-executive-ai-solutions-barkotel-cairo-egypt
TRKT6UVJN1WY,Real Estate Advisor,The Address Investments for Real Estate Consultancy,,· Real Estate Advisory | · Client Relationship Management | · Market Analysis | · Communication | · Presentation Skills | · Time Management | · Problem Solving,·Sales/Retail | · Sales Negotiation,0 - 2 Yrs of Exp,Entry Level,,"New Cairo, Cairo, Egypt",Full Time,On-site,2026-01-22,2 months ago,No,Wuzzuf,https://wuzzuf.net/jobs/p/trkt6uvjn1wy-real-estate-advisor-the-address-investments-for-real-estate-consultancy-cairo-egypt
LJ6YZ9BCY6NX,Quality Control Executive,Dockland Clothing Company,,· Garment Inspection | · Apparel QC | · QC Inspection | · DUPRO | · Pre-Shipment Inspection,·Manufacturing/Production | ·Quality | ·Fashion | · Quality Control | · Textile Quality,3 - 5 Yrs of Exp,Experienced,,"Maadi, Cairo, Egypt",Full Time,On-site,2026-01-22,2 months ago,No,Wuzzuf,https://wuzzuf.net/jobs/p/lj6yz9bcy6nx-quality-control-executive-dockland-clothing-company-cairo-egypt
NUOHYCXVRLYE,HR Manager,Confidential,,· HR Policy Development | · Organizational Development | · Employee Relations | · Talent Acquisition | · Performance Management | · Compensation and Benefits,·Human Resources | ·Operations/Management | · Human Resources Management | · Training and Development,5 - 8 Yrs of Exp,Manager,,"Nasr City, Cairo, Egypt",Full Time,On-site,2026-01-22,2 months ago,No,Wuzzuf,https://wuzzuf.net/jobs/p/nuohycxvrlye-hr-manager-cairo-egypt
0H4W7QHK37PO,Facilities Maintenance Section Head,ElTarek Group,,·Installation/Maintenance/Repair | · Facilities Management | · Vendor Management | · Team Leadership | · Project Management,·Manufacturing/Production,7 - 10 Yrs of Exp,Experienced,,"Katameya, Cairo, Egypt",Full Time,On-site,2026-01-22,2 months ago,No,Wuzzuf,https://wuzzuf.net/jobs/p/0h4w7qhk37po-facilities-maintenance-section-head-eltarek-group-cairo-egypt
PHEQ9MQPTJB9,"Biomedical Sales Engineer (Cairo, Alexandria, Sharqia, Sohag, Qena, Aswan)",Confidential,,·Installation/Maintenance/Repair | · Biomedical equipment sales | · English | · CRM | · ERP,·Sales/Retail,1 - 5 Yrs of Exp,Entry Level,,"Cairo, Egypt",Full Time,On-site,2026-01-22,2 months ago,No,Wuzzuf,https://wuzzuf.net/jobs/p/pheq9mqptjb9-biomedical-sales-engineer-cairo-alexandria-sharqia-sohag-qena-aswan-cairo-egypt
KJEPPUFRQHGY,Retail Sales Representative,El-Dahan Company,,· sales skills | · Zaher,·Customer Service/Support | ·Sales/Retail | · Sales | · Sales Target | · Customer Service,1 - 3 Yrs of Exp,Entry Level,,"Cairo, Egypt",Full Time,On-site,2026-01-22,2 months ago,No,Wuzzuf,https://wuzzuf.net/jobs/p/kjeppufrqhgy-retail-sales-representative-el-dahan-company-cairo-egypt
DXDENHTKCBUG,Outdoor Sales Representative - Gharbia & Dakahlia,El-Dahan Company,,· Outdoor | · Gharbia,·Customer Service/Support | ·Sales/Retail | · Outdoor Sales | · Sales | · Sales representative,1 - 3 Yrs of Exp,Experienced,,"Gharbia, Egypt",Full Time,On-site,2026-01-22,2 months ago,No,Wuzzuf,https://wuzzuf.net/jobs/p/dxdenhtkcbug-outdoor-sales-representative-gharbia-dakahlia-el-dahan-company-gharbia-egypt
E5NOBKRODAI9,IT Specialist,Confidential,,· System Maintenance | · Troubleshooting | · Technical Support | · Hardware and Software Installation | · Problem Solving | · Communication,·IT/Software Development | · Network Administration,1 - 5 Yrs of Exp,Experienced,,"Sheikh Zayed, Giza, Egypt",Full Time,On-site,2026-01-22,2 months ago,No,Wuzzuf,https://wuzzuf.net/jobs/p/e5nobkrodai9-it-specialist-giza-egypt
TEXICAMDOUQK,Senior Landscape Architect Engineer,TRAVCO GROUP,,·Creative/Design/Art | · Landscape | · Regional Planning | · Urban | · Hotels | · Construction,·Engineering - Construction/Civil/Architecture | · Engineering | · Architecture Engineering | · Landscape Engineering,5 - 8 Yrs of Exp,Experienced,,"Sheikh Zayed, Giza, Egypt",Full Time,On-site,2026-01-22,2 months ago,No,Wuzzuf,https://wuzzuf.net/jobs/p/texicamdouqk-senior-landscape-architect-engineer-travco-group-giza-egypt
KFSG1UBGSCY5,Senior HR Generalist,Gap Polymers,,· Recruitment & Talent Acquisition | · Employee Engagement | · HR Compliance | · Employee Relations | · HR Data Analysis | · HRIS Platform,·Human Resources | · HR Operations | · Odoo HR System Administration | · Personnel Administration,5 - 7 Yrs of Exp,Experienced,,"Maadi, Cairo, Egypt",Full Time,On-site,2026-01-22,2 months ago,No,Wuzzuf,https://wuzzuf.net/jobs/p/kfsg1ubgscy5-senior-hr-generalist-gap-polymers-cairo-egypt
CSNW07UL0O8H,Project/Construction Manager - Fit-Out,KinanCo,,·Project/Program Management | · Project Management | · Fit Out Coordination | · Budgeting and Cost Control | · Team Leadership | · Stakeholder Communication | · Scheduling and Planning | · Problem Solving,·Engineering - Construction/Civil/Architecture | · Quality Assurance,7+ Yrs of Exp,Manager,,"Cairo, Egypt",Full Time,On-site,2026-01-22,2 months ago,No,Wuzzuf,https://wuzzuf.net/jobs/p/csnw07ul0o8h-projectconstruction-manager-fit-out-kinanco-cairo-egypt
IQTS5Y5USPBP,Site Technical Office Engineer,ADCONS,,· Technical Drawing Interpretation | · Project Coordination | · AutoCAD | · Construction Site Management | · Problem Solving | · Time Management | · Communication | · Material Take-off,·Engineering - Construction/Civil/Architecture | · Quality Assurance,3 - 8 Yrs of Exp,Experienced,,"Cairo, Egypt",Full Time,On-site,2026-01-22,2 months ago,No,Wuzzuf,https://wuzzuf.net/jobs/p/iqts5y5uspbp-site-technical-office-engineer-adcons-cairo-egypt
UHRMGASJRG4D,Site Technical Office Engineer - Architecture,Construction Management Systems,,· Technical Office | · Workshop Drawings | · English | · Microsoft Office,·Engineering - Construction/Civil/Architecture | · Engineering | · Civil Engineering,2 - 4 Yrs of Exp,Experienced,,"New Cairo, Cairo, Egypt",Full Time,On-site,2026-01-22,2 months ago,No,Wuzzuf,https://wuzzuf.net/jobs/p/uhrmgasjrg4d-site-technical-office-engineer-architecture-construction-management-systems-cairo-egypt
ZGOI0NSCKWD0,Logistic Specialist,ElEzaby Automotive,,·Purchasing/Procurement | · Supply Chain Management | · Inventory Management | · Shipping and Receiving | · Vendor Management | · Problem Solving | · Time Management,·Logistics/Supply Chain | ·Operations/Management | · Logistics Coordination,1 - 2 Yrs of Exp,Entry Level,,"6th of October, Giza, Egypt",Full Time,On-site,2026-01-22,2 months ago,No,Wuzzuf,https://wuzzuf.net/jobs/p/zgoi0nsckwd0-logistic-specialist-elezaby-automotive-giza-egypt
5OROFG5EBMQS,Senior Sales,Prima Elios,,· Negotiation | · Market Research | · Customer Relationship Management (CRM) | · Product Presentation | · Communication | · Problem Solving,·Sales/Retail | · Sales Strategy,2 - 4 Yrs of Exp,Experienced,,"Menia, Minya, Egypt",Full Time,Hybrid,2026-01-22,2 months ago,No,Wuzzuf,https://wuzzuf.net/jobs/p/5orofg5ebmqs-senior-sales-prima-elios-minya-egypt
GAEDHKGYAPKH,Sales,Ron queen Services INC.,,· Customer Relationship Management (CRM) | · Market Research | · Communication | · Team Collaboration,·Marketing/PR/Advertising | · Sales Negotiation,,Entry Level,,"Nasr City, Cairo, Egypt",Full Time,On-site,2026-01-22,2 months ago,No,Wuzzuf,https://wuzzuf.net/jobs/p/gaedhkgyapkh-sales-ron-queen-services-inc-cairo-egypt
96IHANLA2GL8,Telesales Agent,5 Quarters,,· Telesales | · Problem Solving | · Lead Generation,·Medical/Healthcare | ·Sales/Retail | · Sales Communication,2 - 7 Yrs of Exp,Experienced,,"Nasr City, Cairo, Egypt",Full Time,On-site,2026-01-22,2 months ago,No,Wuzzuf,https://wuzzuf.net/jobs/p/96ihanla2gl8-telesales-agent-5-quarters-cairo-egypt
TMIGUGTGLMYA,Site Technical Office Engineer - Mechanical,Construction Management Systems,,· Technical Office | · Workshop Drawings | · English | · Microsoft Office,·Engineering - Construction/Civil/Architecture | · Engineering | · Civil Engineering,2 - 4 Yrs of Exp,Experienced,,"New Cairo, Cairo, Egypt",Full Time,On-site,2026-01-22,2 months ago,No,Wuzzuf,https://wuzzuf.net/jobs/p/tmigugtglmya-site-technical-office-engineer-mechanical-construction-management-systems-cairo-egypt
1DYGCWFUEGFO,Graphic Designer,ravinia media,,·Creative/Design/Art | · Graphic Design | · Adobe Creative Suite | · Motion Graphics | · 3D Graphics | · Motion Graphic Design | · Design,,3 - 5 Yrs of Exp,Experienced,,"Mansoura, Dakahlia, Egypt",Full Time,On-site,2026-01-22,2 months ago,No,Wuzzuf,https://wuzzuf.net/jobs/p/1dygcwfuegfo-graphic-designer-ravinia-media-dakahlia-egypt
ZFXG1HFHJSOE,Receptionist,ravinia media,,· Time management | · Customer service | · Reception management,·Administration,2 - 3 Yrs of Exp,Experienced,,"Mansoura, Dakahlia, Egypt",Full Time,On-site,2026-01-22,2 months ago,No,Wuzzuf,https://wuzzuf.net/jobs/p/zfxg1hfhjsoe-receptionist-ravinia-media-dakahlia-egypt
TWHMEVXIZHOI,Recruitment & HR Associate,Axios International,,· Recruitment Coordination | · Recruitment | · HR | · Recruiting | · Coordination | · Sourcing | · Microsoft Office,·Human Resources | · Human Resources (HR) | · Administration,4 - 6 Yrs of Exp,Experienced,,"Dokki, Giza, Egypt",Full Time,On-site,2026-01-22,2 months ago,No,Wuzzuf,https://wuzzuf.net/jobs/p/twhmevxizhoi-recruitment-hr-associate-axios-international-giza-egypt
I8JANTD3P4VU,Training Facilitator - BPO,Intouch CX,,· Public Speaking | · Performance Evaluation | · Coaching and Mentoring | · Organizational Skills,·Customer Service/Support | · Training Facilitation | · Customer Service,1 - 4 Yrs of Exp,Entry Level,,"Sheikh Zayed, Giza, Egypt",Full Time,On-site,2026-01-22,2 months ago,No,Wuzzuf,https://wuzzuf.net/jobs/p/i8jantd3p4vu-training-facilitator-bpo-intouch-cx-giza-egypt
EXAAOKBN0OVZ,Administrative Assistant,Gulf English School Cairo,,· Organizational Skills | · Microsoft Office Suite | · Accuracy | · Confidential Information Management,·Administration | · Office Administration,1 - 2 Yrs of Exp,Entry Level,,"New Cairo, Cairo, Egypt",Full Time,On-site,2026-01-22,2 months ago,No,Wuzzuf,https://wuzzuf.net/jobs/p/exaaokbn0ovz-administrative-assistant-gulf-english-school-cairo-cairo-egypt
FHIJGLZNC96H,Export Logistics Associate (KSA Market),Confidential,,· Customs Compliance | · International Shipping | · Documentation Management | · Supply Chain Coordination | · Problem Solving | · Attention to Detail | · Time Management,·Logistics/Supply Chain | ·Operations/Management | · Export Logistics,3 - 5 Yrs of Exp,Experienced,,"Manial, Cairo, Egypt",Full Time,Hybrid,2026-01-22,2 months ago,No,Wuzzuf,https://wuzzuf.net/jobs/p/fhijglznc96h-export-logistics-associate-ksa-market-cairo-egypt
GFJXTXIYHU3A,Quality Control Engineer,La Poire,,· Food Safety | · Teamwork | · Data Analysis,·Quality | · Quality Control,2 - 4 Yrs of Exp,Experienced,,"Basatin, Cairo, Egypt",Full Time,On-site,2026-01-22,2 months ago,No,Wuzzuf,https://wuzzuf.net/jobs/p/gfjxtxiyhu3a-quality-control-engineer-la-poire-cairo-egypt
2HBUWSQECOCP,Personnel Specialist,Cairo Three A  Poultry,,· Personnel administration | · HR documentation | · Payroll support | · Labor law compliance | · Personnel Affairs,·Human Resources,1 - 2 Yrs of Exp,Entry Level,,"Giza, Giza, Egypt",Full Time,On-site,2026-01-22,2 months ago,No,Wuzzuf,https://wuzzuf.net/jobs/p/2hbuwsqecocp-personnel-specialist-cairo-three-a-poultry-giza-egypt
CI20RWIHBUGW,Planning Section Head,Print4Pack,,· Production Planning | · Analytical Thinking | · Problem Solving | · Process Optimization,·Operations/Management,5 - 10 Yrs of Exp,Experienced,,"6th of October, Giza, Egypt",Full Time,On-site,2026-01-22,2 months ago,No,Wuzzuf,https://wuzzuf.net/jobs/p/ci20rwihbugw-planning-section-head-print4pack-giza-egypt
FM5WJDGGDR5S,Warehouse Keeper,Gest For Metals,,· Inventory Management | · Organizational Skills | · Data Entry | · Industrial Environment | · Inventory Management Systems | · Warehouse Software,·Administration | ·Logistics/Supply Chain | · Warehouse Operations | · Manufacturing Industry,2 - 3 Yrs of Exp,Experienced,,"10th of Ramadan City, Sharqia, Egypt",Full Time,On-site,2026-01-22,2 months ago,No,Wuzzuf,https://wuzzuf.net/jobs/p/fm5wjdggdr5s-warehouse-keeper-gest-for-metals-sharqia-egypt
SWSBHOA7TZKC,HR Specialist (HCM Implementation Specialist),Ultimate Solutions Egypt,,· Benefits | · Computer Science | · Development | · Labor | · HR | · Microsoft Office,·Human Resources | · Human Resources | · Human Resources (HR) | · Training,1 - 3 Yrs of Exp,Entry Level,,"Sheikh Zayed, Giza, Egypt",Full Time,On-site,2026-01-22,2 months ago,No,Wuzzuf,https://wuzzuf.net/jobs/p/swsbhoa7tzkc-hr-specialist-hcm-implementation-specialist-ultimate-solutions-egypt-giza-egypt
MWGLTATIM6TL,HR Operations Specialist,Cairo Three A  Poultry,,· Payroll administration | · HRIS management | · HR operations | · Attention to detail,·Human Resources | ·Operations/Management,1 - 2 Yrs of Exp,Entry Level,,"Giza, Giza, Egypt",Full Time,On-site,2026-01-22,2 months ago,No,Wuzzuf,https://wuzzuf.net/jobs/p/mwgltatim6tl-hr-operations-specialist-cairo-three-a-poultry-giza-egypt
PELCMZCNTAXT,Warehouse Senior Supervisor,Gest For Metals,,· Inventory Control | · Process Improvement,·Administration | ·Logistics/Supply Chain | ·Operations/Management | · Warehouse Operations Management,6 - 10 Yrs of Exp,Manager,,"10th of Ramadan City, Sharqia, Egypt",Full Time,On-site,2026-01-22,2 months ago,No,Wuzzuf,https://wuzzuf.net/jobs/p/pelcmzcntaxt-warehouse-senior-supervisor-gest-for-metals-sharqia-egypt
ODSTUMJTKDIL,Frontend Engineer (Vue.js),Tototheo Global,,· Vue.js | · Typescript | · JavaScript,·IT/Software Development | ·Engineering - Telecom/Technology,4 - 10 Yrs of Exp,Experienced,,"Cairo, Egypt",Full Time,Remote,2026-01-22,2 months ago,No,Wuzzuf,https://wuzzuf.net/jobs/p/odstumjtkdil-frontend-engineer-vuejs-tototheo-global-cairo-egypt
SJ0FQVW5BIZM,Product Marketing Manager (Mobile App & EdTech),مؤسسة الناس لبعضها,,Freelance / Project | · Market Analysis,·Marketing/PR/Advertising | · Digital Marketing | · Product Marketing | · Marketing | · Marketing Research | · Marketing Strategy | · Online Marketing | · Internet Marketing,3+ Yrs of Exp,Manager,,"Fayoum, Fayoum, Egypt",Freelance / Project,Remote,2026-01-22,2 months ago,No,Wuzzuf,https://wuzzuf.net/jobs/p/sj0fqvw5bizm-product-marketing-manager-mobile-app-edtech-moss-alnas-lbaadha-fayoum-egypt
EOGDQS8IF1QC,Quality Control (QC) Engineer,IPMagix,,· Software Testing | · Manual Testing | · Automated Testing | · Defect Tracking | · Analytical Thinking | · Attention to Detail | · SDLC Knowledge | · Problem Solving,·IT/Software Development | · Quality Control,2 - 4 Yrs of Exp,Experienced,,"Zamalek, Cairo, Egypt",Full Time,Hybrid,2026-01-22,2 months ago,No,Wuzzuf,https://wuzzuf.net/jobs/p/eogdqs8if1qc-quality-control-qc-engineer-ipmagix-cairo-egypt
D0DGI91J7A86,Art Director,waffarha.com,,·Creative/Design/Art | ·Media/Journalism/Publishing | · Art Direction | · Creative Leadership | · Brand Development | · Digital Design | · Team Management | · Adobe Creative Suite | · UX/UI Design,·Marketing/PR/Advertising,4 - 7 Yrs of Exp,Manager,,"Sheraton, Cairo, Egypt",Full Time,On-site,2026-01-22,2 months ago,No,Wuzzuf,https://wuzzuf.net/jobs/p/d0dgi91j7a86-art-director-waffarha-com-cairo-egypt
TEK4NFEGENKY,Call Center Agent (Chat),waffarha.com,,· Call Center | · Customer Support | · Customer Focus | · Communication skills | · Microsoft Office,·Customer Service/Support | ·Operations/Management | ·Sales/Retail | · Sales | · Customer Service,1 - 2 Yrs of Exp,Entry Level,,"Sheraton, Cairo, Egypt",Full Time,Hybrid,2026-01-22,2 months ago,No,Wuzzuf,https://wuzzuf.net/jobs/p/tek4nfegenky-call-center-agent-chat-waffarha-com-cairo-egypt
E7ELDIU0WXJU,Supply Chain Manager,Etoile,,·Purchasing/Procurement | · Supply Chain Management | · Procurement | · Inventory Management | · Data Analysis | · Team Leadership | · ERP Systems,·Logistics/Supply Chain | ·Operations/Management | · Logistics,8 - 12 Yrs of Exp,Manager,,"Shubra, Cairo, Egypt",Full Time,On-site,2026-01-22,2 months ago,No,Wuzzuf,https://wuzzuf.net/jobs/p/e7eldiu0wxju-supply-chain-manager-etoile-cairo-egypt
SPKL7CUUYOZF,Mail&Chat Agent (B2 English Speakers) e&UAE,Etisalat Egypt,,· Customer Support | · Customer Care | · Customer Relations | · Customer Satisfaction | · Customer Retention | · Customer Experience | · Customer Survey,·Customer Service/Support | · Customer Service | · Customer Service Management,0 - 3 Yrs of Exp,Entry Level,,"Maadi, Cairo, Egypt",Full Time,On-site,2026-01-22,2 months ago,No,Wuzzuf,https://wuzzuf.net/jobs/p/spkl7cuuyozf-mailchat-agent-b2-english-speakers-euae-etisalat-egypt-cairo-egypt
ZF0AECHJNENO,Purchasing Manager,Confidential,,·Purchasing/Procurement | · Negotiation | · Supplier Relationship Management | · Analytical Thinking | · Cost Analysis,,5 - 10 Yrs of Exp,Manager,,"Mohandessin, Giza, Egypt",Full Time,On-site,2026-01-22,2 months ago,No,Wuzzuf,https://wuzzuf.net/jobs/p/zf0aechjneno-purchasing-manager-giza-egypt
WWCDJFTYHKM8,General Accountant,Confidential,,· Cost Control | · Microsoft Excel (Advanced) | · Attention to Detail | · Financial Reporting & Analysis,·Accounting/Finance | · Finance,10 - 15 Yrs of Exp,Experienced,,"Mohandessin, Giza, Egypt",Full Time,On-site,2026-01-22,2 months ago,No,Wuzzuf,https://wuzzuf.net/jobs/p/wwcdjftyhkm8-general-accountant-giza-egypt
JJOHO6RWVEH3,Toll Manufacturing & Supply Chain Coordinator,EPIDIS Pharma,,· Supply Chain Management | · Project Management | · Communication | · Problem Solving | · Data Analysis,·Logistics/Supply Chain | ·Medical/Healthcare | · Toll Manufacturing Coordination | · Logistics,1 - 3 Yrs of Exp,Entry Level,,"Cairo, Egypt",Full Time,Hybrid,2026-01-22,2 months ago,No,Wuzzuf,https://wuzzuf.net/jobs/p/jjoho6rwveh3-toll-manufacturing-supply-chain-coordinator-epidis-pharma-cairo-egypt
BE9R8J3Z96AL,Marketing Executive,El Mostakbal Co.,,· Content Creation | · Digital Realm | · English | · Arabic | · Data Analysis,·Marketing/PR/Advertising | · Digital Marketing | · Marketing Strategy,2 - 4 Yrs of Exp,Experienced,,"Nasr City, Cairo, Egypt",Full Time,On-site,2026-01-22,2 months ago,No,Wuzzuf,https://wuzzuf.net/jobs/p/be9r8j3z96al-marketing-executive-el-mostakbal-co-cairo-egypt
IPU2YPZOAFIF,Procurement Quoter,FIT Solutions,,·Purchasing/Procurement | · Procurement | · Quotation Management | · Supplier Negotiation | · Vendor Relationship Management | · Time Management | · Contract Analysis | · Remote Collaboration | · Fluent in written and spoken English,,2 - 4 Yrs of Exp,Entry Level,,"Cairo, Egypt",Full Time,Remote,2026-01-22,2 months ago,No,Wuzzuf,https://wuzzuf.net/jobs/p/ipu2ypzoafif-procurement-quoter-fit-solutions-cairo-egypt
YMZTT7UW91TD,Sr. Internal Audit Executive (KSA),Afaqy,,· Risk Assessment | · Internal Auditing | · Data Analysis | · Auditing | · External Auditing | · CIA | · CPA | · Internal Controls,·Accounting/Finance | · Accounting,5 - 9 Yrs of Exp,Experienced,,"Maadi, Cairo, Egypt",Full Time,Hybrid,2026-01-22,2 months ago,No,Wuzzuf,https://wuzzuf.net/jobs/p/ymztt7uw91td-sr-internal-audit-executive-ksa-afaqy-cairo-egypt
T1FDWAXJR1IV,CEO Office Manager,waffarha.com,,· Office Management | · Executive Support | · Calendar Management | · Communication | · Time Management | · Stakeholder Management | · Attention to Detail | · Problem Solving,·Administration | ·Operations/Management,5+ Yrs of Exp,Experienced,,"Nozha, Cairo, Egypt",Full Time,On-site,2026-01-22,2 months ago,No,Wuzzuf,https://wuzzuf.net/jobs/p/t1fdwaxjr1iv-ceo-office-manager-waffarha-com-cairo-egypt
QMWRBIVDHP3Z,Payroll and Personnel Manager,Outservingplus,,· Payroll Management | · Labor Law Compliance | · HRIS Systems | · Process Improvement | · Analytical Thinking | · Problem Solving | · Communication,·Human Resources | · Personnel Administration | · HR Operations,4 - 6 Yrs of Exp,Experienced,,"Mohandessin, Giza, Egypt",Full Time,On-site,2026-01-22,2 months ago,No,Wuzzuf,https://wuzzuf.net/jobs/p/qmwrbivdhp3z-payroll-and-personnel-manager-outservingplus-giza-egypt
QMRAOM1RNTBV,Senior IT Procurement,Gulf Data International,,·Purchasing/Procurement | · IT Procurement | · Vendor Management | · Project Management | · Analytical Thinking | · Communication Skills | · Contract Negotiation | · Strategic Sourcing,·IT/Software Development | ·Engineering - Telecom/Technology,2 - 5 Yrs of Exp,Experienced,,"Alexandria, Egypt",Full Time,On-site,2026-01-22,2 months ago,No,Wuzzuf,https://wuzzuf.net/jobs/p/qmraom1rntbv-senior-it-procurement-gulf-data-international-alexandria-egypt
DXMDYWSDTG0T,Interior Designer,Guillam,,·Creative/Design/Art | · Research | · Analysis | · Business English | · Interior Design | · AutoCAD | · Adobe Creative Suite | · Material Selection | · SketchUp | · 3D Visualization,,0 - 2 Yrs of Exp,Entry Level,,"San Stefano, Alexandria, Egypt",Full Time,On-site,2026-01-22,2 months ago,No,Wuzzuf,https://wuzzuf.net/jobs/p/dxmdywsdtg0t-interior-designer-guillam-alexandria-egypt
ETXJKSBAQGIK,UI-UX Designer,Rehabitaire,,·Creative/Design/Art | · UI Design | · Wireframes | · Prototyping | · Visual Design | · UX Design | · WCAG | · Adobe XD | · Sketch | · Figma,,3 - 5 Yrs of Exp,Experienced,,"Maadi, Cairo, Egypt",Full Time,On-site,2026-01-22,2 months ago,No,Wuzzuf,https://wuzzuf.net/jobs/p/etxjksbaqgik-ui-ux-designer-rehabitaire-cairo-egypt
UFH3N2XEIKUZ,Operations Executive - Travel Agency,Trip Pedia Group,,· B2B Client Relations | · Supplier Coordination | · Booking Systems | · Travel | · Travel Coordination | · Outbound,·Operations/Management | ·Tourism/Travel | · Travel Operations Management | · Tourism,1 - 2 Yrs of Exp,Entry Level,,"Cairo, Egypt",Full Time,Remote,2026-01-22,2 months ago,No,Wuzzuf,https://wuzzuf.net/jobs/p/ufh3n2xeikuz-operations-executive-travel-agency-trip-pedia-group-cairo-egypt
FQ5VNLZNG4VG,Accounting Manager (Fintech Experience),Erada,,· Microfinance | · financing,·Accounting/Finance | · Finance | · Financial Accounting | · Accounting | · Accounting Management | · Banking | · Banking Sector,7 - 10 Yrs of Exp,Manager,,"Maadi, Cairo, Egypt",Full Time,On-site,2026-01-22,2 months ago,No,Wuzzuf,https://wuzzuf.net/jobs/p/fq5vnlzng4vg-accounting-manager-fintech-experience-erada-cairo-egypt
W02ZTHM06RDR,Senior Mobile Developer | Flutter,MOWEEX Digital Solutions,,· Flutter | · Dart | · RESTful API Integration | · iOS Development | · Android Development | · Mobile Application Development | · Problem Solving,·IT/Software Development,4+ Yrs of Exp,Experienced,,"Sheikh Zayed, Giza, Egypt",Full Time,On-site,2026-01-22,2 months ago,No,Wuzzuf,https://wuzzuf.net/jobs/p/w02zthm06rdr-senior-mobile-developer-flutter-moweex-digital-solutions-giza-egypt
FISKKLEHM4GC,Tracking Specialist – Container Transport,Ship & C.R.E.W,,· Transportation | · Fleet Management | · Microsoft Excel | · Applicant Tracking Systems,·Logistics/Supply Chain | ·Operations/Management | · Logistics | · Customer Service,1 - 3 Yrs of Exp,Entry Level,,"Ameria, Alexandria, Egypt",Full Time,On-site,2026-01-22,2 months ago,No,Wuzzuf,https://wuzzuf.net/jobs/p/fiskklehm4gc-tracking-specialist-container-transport-ship-c-r-e-w-alexandria-egypt
0D7NFMYKCO7G,Quality Assurance Head-Foods Industry,KRM for Foods industry,,· Food Safety | · Regulatory Compliance | · Audit Management | · Process Improvement | · Team Leadership | · Communication | · Root Cause Analysis,·Quality | · Quality Assurance,5 - 10 Yrs of Exp,Manager,,"New Cairo, Cairo, Egypt",Full Time,On-site,2026-01-22,2 months ago,No,Wuzzuf,https://wuzzuf.net/jobs/p/0d7nfmykco7g-quality-assurance-head-foods-industry-krm-for-foods-industry-cairo-egypt
LFN4PVMODVPR,Customer Service Representative,Carina Wear,,· Customer Support | · Customer Care | · Call Center | · Inbound Calls | · Customer Handling | · Communication skills | · Problem Solving | · Active Listening,·Customer Service/Support | · Customer Service,0 - 3 Yrs of Exp,Entry Level,,"New Cairo, Cairo, Egypt",Full Time,On-site,2026-01-22,2 months ago,No,Wuzzuf,https://wuzzuf.net/jobs/p/lfn4pvmodvpr-customer-service-representative-carina-wear-cairo-egypt
75HRNJM2TDWI,Administrative Assistant,Digizilla,,· Administrative support | · Office management | · Calendar management | · Time management | · Communication | · Document preparation | · Problem-solving,·Administration | ·Customer Service/Support | ·Operations/Management,0 - 2 Yrs of Exp,Entry Level,,"Nasr City, Cairo, Egypt",Full Time,On-site,2026-01-22,2 months ago,No,Wuzzuf,https://wuzzuf.net/jobs/p/75hrnjm2tdwi-administrative-assistant-digizilla-cairo-egypt
YJBNKNYXMUDW,QA Engineer,Kama Manufacturing,,· ISO 9001 | · QA | · QC | · Analytical Skills | · ISO,·Quality | ·Engineering - Mechanical/Electrical | · Quality Control | · Quality Assurance | · Engineering,3 - 7 Yrs of Exp,Experienced,,"10th of Ramadan City, Sharqia, Egypt",Full Time,On-site,2026-01-22,2 months ago,No,Wuzzuf,https://wuzzuf.net/jobs/p/yjbnknyxmudw-qa-engineer-kama-manufacturing-sharqia-egypt
A3LL7WHRUWOM,Mechanical Sales Engineer,Orient Egypt,,· Problem-Solving | · Market Analysis | · Mechanical,·Sales/Retail | ·Engineering - Mechanical/Electrical | · Mechanical Engineering | · Technical Sales | · Sales | · Sales Field | · Sales Target,3 - 7 Yrs of Exp,Experienced,,"Dokki, Giza, Egypt",Full Time,On-site,2026-01-22,2 months ago,No,Wuzzuf,https://wuzzuf.net/jobs/p/a3ll7whruwom-mechanical-sales-engineer-orient-egypt-giza-egypt
O51JJE489B6N,Senior Architect,SCALES Homes,,·Creative/Design/Art | · Architectural Design | · Project Management | · Revit | · SketchUp | · Team Leadership | · Client Consultation | · AutoCAD,·Engineering - Construction/Civil/Architecture | ·IT/Software Development,5 - 7 Yrs of Exp,Experienced,,"Heliopolis, Cairo, Egypt",Full Time,On-site,2026-01-22,2 months ago,No,Wuzzuf,https://wuzzuf.net/jobs/p/o51jje489b6n-senior-architect-scales-homes-cairo-egypt
BRJ8ACPZCQMR,Architecture Technical Office Engineer,SCALES Homes,,· Technical Drawing | · Revit | · AutoCAD | · Project Coordination | · Material Submittals | · Problem Solving | · Communication | · Interior Fit-Out | · Construction Standards,·Engineering - Construction/Civil/Architecture,3 - 5 Yrs of Exp,Experienced,,"Heliopolis, Cairo, Egypt",Full Time,On-site,2026-01-22,2 months ago,No,Wuzzuf,https://wuzzuf.net/jobs/p/brj8acpzcqmr-architecture-technical-office-engineer-scales-homes-cairo-egypt
DM8MXXBBPUN3,Technical Office Architecture Engineer,YetTrace,,· Shop Drawings | · AutoCAD Architecture | · AutoCAD | · Technical Office | · Architectural Design | · Architecture,·Engineering - Construction/Civil/Architecture | · Technical Office Engineering | · Architectural Engineering,2 - 5 Yrs of Exp,Experienced,,"Sheikh Zayed, Giza, Egypt",Full Time,On-site,2026-01-22,2 months ago,No,Wuzzuf,https://wuzzuf.net/jobs/p/dm8mxxbbpun3-technical-office-architecture-engineer-yettrace-giza-egypt
1NLMU2HAEKRW,Health and safety Section head,Sadko Plast,,· Health and Safety Management | · Risk Assessment | · Regulatory Compliance | · Team Leadership | · Communication | · Incident Investigation,·R&D/Science | ·Operations/Management | ·Engineering - Other | · Training and Development,5 - 9 Yrs of Exp,Manager,,"10th of Ramadan City, Sharqia, Egypt",Full Time,On-site,2026-01-22,2 months ago,No,Wuzzuf,https://wuzzuf.net/jobs/p/1nlmu2haekrw-health-and-safety-section-head-sadko-plast-sharqia-egypt
IDX5FO9TDGY3,Senior Civil Technical Office Engineer,PRE Group,,· Technical drawing review | · Quantity surveying | · Cost estimation | · AutoCAD proficiency | · Problem-solving | · Team coordination | · Analytical thinking | · Residential Projects,·Engineering - Construction/Civil/Architecture,7+ Yrs of Exp,Experienced,,"Sheikh Zayed, Giza, Egypt",Full Time,On-site,2026-01-22,2 months ago,No,Wuzzuf,https://wuzzuf.net/jobs/p/idx5fo9tdgy3-senior-civil-technical-office-engineer-pre-group-giza-egypt
XDZNSURYVQRJ,HR Manager,Egast,,· Recruitment and Talent Acquisition | · Employee Relations | · Performance Management | · HR Policy Development | · Conflict Resolution | · Organizational Development,·Human Resources | · Human Resources Management | · Training and Development | · Compensation and Benefits Administration,10 - 20 Yrs of Exp,Manager,,"Bab Sharq, Alexandria, Egypt",Full Time,On-site,2026-01-22,2 months ago,No,Wuzzuf,https://wuzzuf.net/jobs/p/xdznsuryvqrj-hr-manager-egast-alexandria-egypt
LMLMG0JIYN0G,Accountant,ASC for Construction and Engineering,,· Bank Reconciliation | · Financial Reporting | · Accounts Payable and Receivable | · Communication Skills | · Excel Expertise | · Accounts Payable/Receivable,·Accounting/Finance | · Project Accounting,4 - 6 Yrs of Exp,Experienced,,"Nasr City, Cairo, Egypt",Full Time,On-site,2026-01-22,2 months ago,No,Wuzzuf,https://wuzzuf.net/jobs/p/lmlmg0jiyn0g-accountant-asc-for-construction-and-engineering-cairo-egypt
9MJIDNJIZHWN,Senior Odoo Functional Consultant,OdooTec,,· ERP | · Functional Consultant | · Implementation | · IT | · Software | · Odoo | · Computer Science,·IT/Software Development | · Accounting,5 - 7 Yrs of Exp,Experienced,,"New Cairo, Cairo, Egypt",Full Time,On-site,2026-01-22,2 months ago,No,Wuzzuf,https://wuzzuf.net/jobs/p/9mjidnjizhwn-senior-odoo-functional-consultant-odootec-cairo-egypt
MFCKYG6ZKSRE,Production Engineer - Foods Industry,KRM for Foods industry,,· Production process optimization | · Food safety and quality assurance | · Team leadership | · Problem-solving | · Lean manufacturing,·Manufacturing/Production,5 - 10 Yrs of Exp,Experienced,,"New Cairo, Cairo, Egypt",Full Time,On-site,2026-01-22,2 months ago,No,Wuzzuf,https://wuzzuf.net/jobs/p/mfckyg6zksre-production-engineer-foods-industry-krm-for-foods-industry-cairo-egypt
GW8OB702QAHG,Media Designer,CLI EGYPT,,·Media/Journalism/Publishing | · Graphic Design | · Aftereffect | · Social Media | · Advertising Media | · Mass Media | · Media Production,·IT/Software Development | ·Marketing/PR/Advertising | · Digital Media Sales,,Student,,"Giza, Egypt",Internship,Hybrid,2026-01-22,2 months ago,No,Wuzzuf,https://wuzzuf.net/internship/gw8ob702qahg-media-designer-cli-egypt-giza-egypt
WCQPSDBCOJTT,Quality Control Lead Engineer,Rotem SRS,,· Root Cause Analysis | · Process Improvement | · Team Leadership | · Audit and Inspection | · Data Analysis | · Problem Solving | · Communication,·Quality | · Quality Assurance | · Quality Control,2 - 4 Yrs of Exp,Experienced,,"New Cairo, Cairo, Egypt",Full Time,On-site,2026-01-22,2 months ago,No,Wuzzuf,https://wuzzuf.net/jobs/p/wcqpsdbcojtt-quality-control-lead-engineer-rotem-srs-cairo-egypt
EEGO3LQGTHLU,Junior PHP Developer,CLI EGYPT,,· HTML | · PHP Development | · Microsoft Certified Solutions Developer | · Software Development | · Program Development,·IT/Software Development,0 - 2 Yrs of Exp,Entry Level,,"Giza, Egypt",Full Time,Hybrid,2026-01-22,2 months ago,No,Wuzzuf,https://wuzzuf.net/jobs/p/eego3lqgthlu-junior-php-developer-cli-egypt-giza-egypt
MYYVDWSZX6QH,Area Sales Manager (Alexandria) - Bisco Misr,Arma-HSA,,· Team Leadership | · Communication | · Customer Relationship Management | · Negotiation | · Presentation Skills,·Operations/Management | ·Sales/Retail | · Sales Strategy Development,4 - 8 Yrs of Exp,Manager,,"New Cairo, Cairo, Egypt",Full Time,On-site,2026-01-22,2 months ago,No,Wuzzuf,https://wuzzuf.net/jobs/p/myyvdwszx6qh-area-sales-manager-alexandria-bisco-misr-arma-hsa-cairo-egypt
YWHZCLQT5978,Senior Electrical Engineer,Confidential,,· Electrical | · Electrical Circuits | · Electrical Rotating | · Simulation | · Modelling | · Operation,·Engineering - Mechanical/Electrical | · Engineering | · Electrical Engineering,3 - 5 Yrs of Exp,Experienced,,"6th of October, Giza, Egypt",Full Time,On-site,2026-01-22,2 months ago,No,Wuzzuf,https://wuzzuf.net/jobs/p/ywhzclqt5978-senior-electrical-engineer-giza-egypt
D3VNVES7XTHQ,Senior Marketing Executive,Chloride,,·Media/Journalism/Publishing | · Public Relations (PR) | · Communications | · SEO | · PPC | · E-marketing,·Marketing/PR/Advertising | · Marketing | · Digital Marketing | · Marketing Diploma,3 - 5 Yrs of Exp,Experienced,,"Abu Rawash, Giza, Egypt",Full Time,On-site,2026-01-22,2 months ago,No,Wuzzuf,https://wuzzuf.net/jobs/p/d3vnves7xthq-senior-marketing-executive-chloride-giza-egypt
8RFKKNONDNLM,Lab Chemist,Chloride,,· Science | · Lab | · Chemistry | · Chemist | · Laboratory | · English | · Technical Laboratory,·R&D/Science | ·Quality | · Medical,2+ Yrs of Exp,Experienced,,"Abu Rawash, Giza, Egypt",Full Time,On-site,2026-01-22,2 months ago,No,Wuzzuf,https://wuzzuf.net/jobs/p/8rfkknondnlm-lab-chemist-chloride-giza-egypt
DART0MUIMGKF,Sales and Account Manager,Alef Software Company,,· Communication | · Presentations | · Account Management | · CRM Software,·Business Development | ·Customer Service/Support | ·Sales/Retail | · Outdoor Sales | · Sales Target | · Sales Leads,1 - 2 Yrs of Exp,Entry Level,,"Cairo, Egypt",Full Time,On-site,2026-01-22,2 months ago,No,Wuzzuf,https://wuzzuf.net/jobs/p/dart0muimgkf-sales-and-account-manager-alef-software-company-cairo-egypt
VQRK43WMIAST,Tender & Procurement Mep Engineer,United Engineering company,,·Purchasing/Procurement | · Procurement | · Tendering | · MEP,·Engineering - Construction/Civil/Architecture | ·Engineering - Mechanical/Electrical | · Mechanical Engineering | · Technical Office Engineering,3 - 5 Yrs of Exp,Experienced,,"Haram, Giza, Egypt",Full Time,On-site,2026-01-22,2 months ago,No,Wuzzuf,https://wuzzuf.net/jobs/p/vqrk43wmiast-tender-procurement-mep-engineer-united-engineering-company-giza-egypt
CZDTYCRYYPNJ,Call Center Agent (B1+ English Speakers) Maadi,Etisalat Egypt,,· Customer Support | · Customer Care | · Customer Relations | · Customer Retention | · Customer Satisfaction | · Customer Experience | · Customer Survey,·Customer Service/Support | · Customer Service | · Customer Service Management,0 - 3 Yrs of Exp,Entry Level,,"Maadi, Cairo, Egypt",Full Time,On-site,2026-01-22,2 months ago,No,Wuzzuf,https://wuzzuf.net/jobs/p/czdtycryypnj-call-center-agent-b1-english-speakers-maadi-etisalat-egypt-cairo-egypt
A3T3L3HW9F3X,Consumer Manager,MLF FINANCE,,· Team Leadership | · Customer Support | · Customer Care,·Business Development | · Consumer Finance | · Consumer Marketing | · Customer Service,10+ Yrs of Exp,Manager,,"Sheikh Zayed, Giza, Egypt",Full Time,On-site,2026-01-22,2 months ago,No,Wuzzuf,https://wuzzuf.net/jobs/p/a3t3l3hw9f3x-consumer-manager-mlf-finance-giza-egypt
JBQLKGEHYDYC,Export Sales Executive,European Group,,· Agriculture | · Fresh & Frozen,·Sales/Retail | · Export Sales,3 - 10 Yrs of Exp,Experienced,,"Smouha, Alexandria, Egypt",Full Time,On-site,2026-01-22,2 months ago,No,Wuzzuf,https://wuzzuf.net/jobs/p/jbqlkgehydyc-export-sales-executive-european-group-alexandria-egypt
N90LLFW4AQVF,Warehouse Manager,Lecico Egypt,,·Purchasing/Procurement | · Warehouse | · English | · Supply Chain,·Logistics/Supply Chain | ·Operations/Management,5 - 7 Yrs of Exp,Manager,,"Alexandria, Egypt",Full Time,On-site,2026-01-22,2 months ago,No,Wuzzuf,https://wuzzuf.net/jobs/p/n90llfw4aqvf-warehouse-manager-lecico-egypt-alexandria-egypt
XJTQCNFPQOOX,Senior Procurement Specialist,Kandil Glass,,·Purchasing/Procurement | · Procurement Management | · Supplier Negotiation | · Supply Chain Optimization | · Inventory Management | · ERP and Procurement Software | · Contract Management | · Data Analysis | · Cost Reduction Strategies,·Logistics/Supply Chain,3 - 7 Yrs of Exp,Experienced,,"10th of Ramadan City, Sharqia, Egypt",Full Time,On-site,2026-01-22,2 months ago,No,Wuzzuf,https://wuzzuf.net/jobs/p/xjtqcnfpqoox-senior-procurement-specialist-kandil-glass-sharqia-egypt
MQX6PWRLZFL5,Tax section Head,Haier Electric Egypt,,· ERP and Tax Software Proficiency | · Attention to Detail | · Problem Solving | · Analytical Thinking | · Communication | · Team Management | · Financial Reporting,·Accounting/Finance,5+ Yrs of Exp,Manager,,"10th of Ramadan City, Sharqia, Egypt",Full Time,On-site,2026-01-22,2 months ago,No,Wuzzuf,https://wuzzuf.net/jobs/p/mqx6pwrlzfl5-tax-section-head-haier-electric-egypt-sharqia-egypt
XR43C5K7CBHI,Graphic Designer,inspire gate education,,·Creative/Design/Art | · Adobe Photoshop | · Adobe InDesign | · Layout Design | · Graphic Design | · Graphic Web Design | · Motion Graphics,,0 - 2 Yrs of Exp,Entry Level,,"6th of October, Giza, Egypt",Full Time,On-site,2026-01-22,2 months ago,No,Wuzzuf,https://wuzzuf.net/jobs/p/xr43c5k7cbhi-graphic-designer-inspire-gate-education-giza-egypt
M0F61W8TNSST,System Administrator,Hamasat Fragrances,,·Installation/Maintenance/Repair,·IT/Software Development | · System Administration | · Network Administration,3+ Yrs of Exp,Experienced,,"Obour City, Cairo, Egypt",Full Time,On-site,2026-01-22,2 months ago,No,Wuzzuf,https://wuzzuf.net/jobs/p/m0f61w8tnsst-system-administrator-hamasat-fragrances-cairo-egypt
GTAVGIEPVLFN,Sales Executive,Dar Al Maghraby,,· Real Estate,·Sales/Retail | · Sales Executive | · Sales | · Sales Field | · Sales Target | · Property Sales | · Real Estate Sales | · Sales Plan | · Sales Planning,2 - 2 Yrs of Exp,Experienced,,"6th of October, Giza, Egypt",Full Time,On-site,2026-01-22,2 months ago,No,Wuzzuf,https://wuzzuf.net/jobs/p/gtavgiepvlfn-sales-executive-dar-al-maghraby-giza-egypt
DESXVENB8AAK,Digital Marketing Executive,Dar Al Maghraby,,· Social Media Management | · Content Creation | · Copywriting | · Market Research | · Google Analytics | · SEO,·Marketing/PR/Advertising | · Digital Marketing,0 - 2 Yrs of Exp,Entry Level,,"Downtown, Cairo, Egypt",Full Time,On-site,2026-01-22,2 months ago,No,Wuzzuf,https://wuzzuf.net/jobs/p/desxvenb8aak-digital-marketing-executive-dar-al-maghraby-cairo-egypt
UC5QSODWLP3D,Architect Site Engineer,Dar Al Maghraby,,· Site Supervision | · Construction Management | · Project Coordination | · Architectural Design | · Time Management | · Architecture | · Architecture Design,·Engineering - Construction/Civil/Architecture | · Quality Assurance | · Architectural Engineering,7 - 15 Yrs of Exp,Experienced,,"6th of October, Giza, Egypt",Full Time,On-site,2026-01-22,2 months ago,No,Wuzzuf,https://wuzzuf.net/jobs/p/uc5qsodwlp3d-architect-site-engineer-dar-al-maghraby-giza-egypt
KYSCTR10UJUW,Customer Service Representative,Diar Developments,,· Client Relations | · Communication | · Problem Solving | · CRM Software | · Time Management | · Multitasking | · Attention to Detail,·Customer Service/Support | ·Operations/Management | · Customer Service,3 - 5 Yrs of Exp,Experienced,,"New Cairo, Cairo, Egypt",Full Time,On-site,2026-01-22,2 months ago,No,Wuzzuf,https://wuzzuf.net/jobs/p/kysctr10ujuw-customer-service-representative-diar-developments-cairo-egypt
83PLOAZZBDVM,Junior Material Planner ( MRP Specialist),GB Corp,,· Material Planning | · Supply Chain Coordination | · Oracle ERP | · English,·Logistics/Supply Chain,1 - 2 Yrs of Exp,Entry Level,,"Ain Sokhna, Suez, Egypt",Full Time,On-site,2026-01-22,2 months ago,No,Wuzzuf,https://wuzzuf.net/jobs/p/83ploazzbdvm-junior-material-planner-mrp-specialist-gb-corp-suez-egypt
U8T009BBE97O,Master Data Management Specialist (MDM Specialist),NERIC,,"· Master Data Management (MDM) | · Analytical Thinking | · MDM Tools (Informatica, SAP MDG, Oracle MDM) | · Problem Solving",·Logistics/Supply Chain,3 - 5 Yrs of Exp,Entry Level,,"Port Said, Egypt",Full Time,On-site,2026-01-22,2 months ago,No,Wuzzuf,https://wuzzuf.net/jobs/p/u8t009bbe97o-master-data-management-specialist-mdm-specialist-neric-port-said-egypt
3ZEZH3GHASFR,People Operations Specialist,Your Parts,,· Employee Relations | · Onboarding and Offboarding | · HRIS Management | · Communication | · Problem Solving | · Data Management | · Organizational Skills,·Human Resources | · Human Resources Administration,1 - 3 Yrs of Exp,Entry Level,,"Maadi, Cairo, Egypt",Full Time,On-site,2026-01-22,2 months ago,No,Wuzzuf,https://wuzzuf.net/jobs/p/3zezh3ghasfr-people-operations-specialist-your-parts-cairo-egypt
VFSAUK5ZJK7V,Technical Sales Specialist - Wood Flooring,Smart wood,,· Flooring | · Wood | · Interior Finishing | · computer | · Computer Skills | · English | · Furniture,·Engineering - Construction/Civil/Architecture | ·Sales/Retail | · Customer Service,2+ Yrs of Exp,Experienced,,"Nasr City, Cairo, Egypt",Full Time,On-site,2026-01-22,2 months ago,No,Wuzzuf,https://wuzzuf.net/jobs/p/vfsauk5zjk7v-technical-sales-specialist-wood-flooring-smart-wood-cairo-egypt
RA2YLMKKRW9M,senior tax accountant,Memaar Alashraaf,,· Corporate Taxation | · Tax Compliance | · Communication | · Regulatory Reporting | · Analytical Thinking | · Tax Planning,·Accounting/Finance | ·Administration | ·Banking | · Accounting,3 - 7 Yrs of Exp,Experienced,,"New Cairo, Cairo, Egypt",Full Time,On-site,2026-01-22,2 months ago,No,Wuzzuf,https://wuzzuf.net/jobs/p/ra2ylmkkrw9m-senior-tax-accountant-memaar-alashraaf-cairo-egypt
7WHCHWNDCXXD,Senior Financial Analyst,Confidential,,· Financial Analysis | · Budgeting and Forecasting | · Data Interpretation | · Financial Modeling | · Advanced Excel | · Report Preparation,·Accounting/Finance | ·Analyst/Research,10 - 15 Yrs of Exp,Experienced,,"10th of Ramadan City, Sharqia, Egypt",Full Time,On-site,2025-11-23,4 months ago,Yes,Wuzzuf,https://wuzzuf.net/jobs/p/7whchwndcxxd-senior-financial-analyst-sharqia-egypt
XRQF2FLZWE3X,Receptionist,Tristar Cargo System,,· Management | · Microsoft Office | · MS Office | · Secretary | · Office management | · Time Management,·Administration | ·Customer Service/Support | ·Operations/Management | · Administration,2 - 4 Yrs of Exp,Experienced,,"Sheraton, Cairo, Egypt",Full Time,On-site,2025-11-23,4 months ago,Yes,Wuzzuf,https://wuzzuf.net/jobs/p/xrqf2flzwe3x-receptionist-tristar-cargo-system-cairo-egypt
TQDMYB13K2ZJ,Showroom sales engineer,ROCOCO,,· Customer Relationship Management | · Negotiation,·Engineering - Construction/Civil/Architecture | ·Sales/Retail | · Technical Sales,1 - 6 Yrs of Exp,Entry Level,,"Sheikh Zayed, Giza, Egypt",Full Time,On-site,2025-11-23,4 months ago,Yes,Wuzzuf,https://wuzzuf.net/jobs/p/tqdmyb13k2zj-showroom-sales-engineer-rococo-giza-egypt
QSR1QCF4OQLW,BIM Engineer,Scope PM,,Freelance / Project | · Autodesk Revit | · BIM Modeling | · Navisworks | · AutoCAD | · Construction Project Management | · Clash Detection | · 3D Visualization | · Technical Documentation,·Engineering - Construction/Civil/Architecture | ·Engineering - Mechanical/Electrical,5+ Yrs of Exp,Experienced,,"Nasr City, Cairo, Egypt",Full Time,Hybrid,2025-11-23,4 months ago,Yes,Wuzzuf,https://wuzzuf.net/jobs/p/qsr1qcf4oqlw-bim-engineer-scope-pm-cairo-egypt
QOAKAXJKJZZQ,B2B Technical Sales Engineer,Partech for integrated solutions,,· Presentation Skills | · Negotiation | · Industry Knowledge | · Communication | · Problem Solving | · Client Relationship Management | · Analytical Thinking,·Sales/Retail | ·Engineering - Mechanical/Electrical | · Technical Sales,2+ Yrs of Exp,Experienced,,"Alsadat City, Monufya, Egypt",Full Time,On-site,2025-11-23,4 months ago,Yes,Wuzzuf,https://wuzzuf.net/jobs/p/qoakaxjkjzzq-b2b-technical-sales-engineer-partech-for-integrated-solutions-monufya-egypt
4O1PUXEYJJLO,Plumbing / FireFighting BIM Engineer,ACE Consulting Engineers  (Moharram - Bakhoum,,· BIM Modeling | · Plumbing System Design | · Firefighting System Design | · Autodesk Revit MEP | · Navisworks | · AutoCAD | · Clash Detection,·Engineering - Mechanical/Electrical,3 - 7 Yrs of Exp,Experienced,,"Dokki, Giza, Egypt",Full Time,On-site,2025-11-23,4 months ago,Yes,Wuzzuf,https://wuzzuf.net/jobs/p/4o1puxeyjjlo-plumbing-firefighting-bim-engineer-ace-consulting-engineers-moharram-bakhoum-giza-egypt
8BAPPWJAEYBY,SQD Engineer,Pharco Corporation,,· Problem Solving | · Regulatory Compliance | · Communication | · Documentation | · Data Analysis | · Auditing,·Quality | ·Pharmaceutical | ·Engineering - Mechanical/Electrical | · Supplier Quality Management,0 - 2 Yrs of Exp,Entry Level,,"Ameria, Alexandria, Egypt",Full Time,On-site,2025-11-23,4 months ago,Yes,Wuzzuf,https://wuzzuf.net/jobs/p/8bappwjaeyby-sqd-engineer-pharco-corporation-alexandria-egypt
TI6VK4JRDHI1,Senior BIM Infrastructure Engineer,Apply and More,,·Installation/Maintenance/Repair | · BIM Coordination | · Revit | · Navisworks | · Civil 3D | · Infrastructure Design | · Clash Detection | · Project Management,·Engineering - Telecom/Technology | · Quality Assurance,5+ Yrs of Exp,Experienced,,"Mokattam, Cairo, Egypt",Full Time,On-site,2025-11-23,4 months ago,Yes,Wuzzuf,https://wuzzuf.net/jobs/p/ti6vk4jrdhi1-senior-bim-infrastructure-engineer-apply-and-more-cairo-egypt
AFDFZCG3NOSY,Technical Office Engineer – Water Hammer,Egyptian Engineering Company,,· Mechanical | · Pressure Vessels | · PV | · Steel Structure | · Water Treatment | · Water hammer,·Manufacturing/Production | ·Engineering - Mechanical/Electrical | · Mechanical Engineering | · Manufacturing Process,3 - 5 Yrs of Exp,Experienced,,"6th of October, Giza, Egypt",Full Time,On-site,2025-11-23,4 months ago,Yes,Wuzzuf,https://wuzzuf.net/jobs/p/afdfzcg3nosy-technical-office-engineer-water-hammer-egyptian-engineering-company-giza-egypt
ZK9MKX15PSPY,Internal Auditor,Confidential,,· Internal Auditing | · Time Management | · Analytical Thinking | · Report Writing | · Communication | · Problem Solving | · Attention to Detail,·Accounting/Finance | ·Operations/Management | ·Manufacturing/Production,5 - 10 Yrs of Exp,Senior Management,,"Abu Rawash, Giza, Egypt",Full Time,On-site,2025-11-23,4 months ago,Yes,Wuzzuf,https://wuzzuf.net/jobs/p/zk9mkx15pspy-internal-auditor-giza-egypt
H1DJIEQJXXI4,Senior Biomedical Procurement Engineer,Mersal,,· Biomedical | · Communication | · English | · MS | · Negotiation,·R&D/Science | ·Logistics/Supply Chain | ·Engineering - Other | · Biomedical Engineering | · Engineering,5 - 7 Yrs of Exp,Experienced,,"Maadi, Cairo, Egypt",Full Time,On-site,2025-11-23,4 months ago,Yes,Wuzzuf,https://wuzzuf.net/jobs/p/h1djieqjxxi4-senior-biomedical-procurement-engineer-mersal-cairo-egypt
Y0MQMDBSPPVV,Electronic Security System Engineer,BGB Security,,·Installation/Maintenance/Repair | · Access control systems | · CCTV and video surveillance | · System integration | · Intrusion detection systems | · Technical documentation | · Project management | · Electronic security systems design,·Customer Service/Support | ·Engineering - Telecom/Technology,7 - 10 Yrs of Exp,Experienced,,"New Heliopolis, Cairo, Egypt",Full Time,On-site,2025-11-23,4 months ago,Yes,Wuzzuf,https://wuzzuf.net/jobs/p/y0mqmdbsppvv-electronic-security-system-engineer-bgb-security-cairo-egypt
WPEDYKXFNYYO,Sales Engineer (Internship),Heliopolis Engineering and Trading HETO,,· HVAC Systems | · vrf,·Sales/Retail | ·Engineering - Mechanical/Electrical | · Technical Sales,,Entry Level,,"Heliopolis, Cairo, Egypt",Internship,Remote,2025-11-23,4 months ago,Yes,Wuzzuf,https://wuzzuf.net/internship/wpedykxfnyyo-sales-engineer-internship-heliopolis-engineering-and-trading-heto-cairo-egypt
URLKC4XI4BEV,Senior Marketing Executive,ALJAR Development,,·Creative/Design/Art | ·Media/Journalism/Publishing | · Market Analysis | · Stakeholder Engagement | · Content Creation | · Event Planning | · Brand Management,·Marketing/PR/Advertising | · Marketing Strategy | · Online Marketing,3 - 5 Yrs of Exp,Experienced,,"Cairo, Egypt",Full Time,On-site,2025-11-23,4 months ago,Yes,Wuzzuf,https://wuzzuf.net/jobs/p/urlkc4xi4bev-senior-marketing-executive-aljar-development-cairo-egypt
UXRIVJAMJ17D,Media Buyer,7P,,·Media/Journalism/Publishing | · Media Buying | · Digital Advertising | · Negotiation | · Campaign Optimization | · Analytics | · Budget Management | · Market Research | · Programmatic Advertising,·Marketing/PR/Advertising,,Student,,"Dokki, Giza, Egypt",Internship,On-site,2025-11-23,4 months ago,Yes,Wuzzuf,https://wuzzuf.net/internship/uxrivjamj17d-media-buyer-7p-giza-egypt
