Job_ID,Titre,Societe,Description,Skills,Categories,Annees_Experience,Niveau_Experience,Education,Salaire,Lieu,Type_Contrat,Mode_Travail,Date_Publication,Date_Relative,Expire,Source,Lien
236980,Customer Services Officer - Sfax,BANK ABC,Bank ABC is reinforcing their network with the hiring of a Customer Services Officer within one of its Branches in Sfax. As a CSO you will be treating desk operations …,,banque / finance / assurances,,,,,Sfax,CDI,,2026-03-23,23 mars 2026,Non,Keejob,https://www.keejob.com/offres-emploi/236980/customer-services-officer-sfax/
235337,International Payments Officer-Domiciliation.,BANK ABC,"Bank ABC cherche à renforcer son département Banking Operations par le recrutement d'un International Payments Officer – Domiciliation.. L'International Payments Officer - Domiciliation. assurera, en toute autonomie, la gestion et le suivi des opérations …",,banque / finance / assurances,,,,,Tunis,CDI,,2026-03-23,23 mars 2026,Non,Keejob,https://www.keejob.com/offres-emploi/235337/international-payments-officer/
224034,Agent de Service Général / Agent de Sécurité,BANK ABC,"Bank ABC recrute pour le poste d’Agent de Service Général / Agent de Sécurité. L’agent de Service Général est chargé d'assurer la sécurité des locaux, des personnes (employés, clients) et …",,banque / finance / assurances,,,,,Tunis,CDI | CDD,,2026-03-23,23 mars 2026,Non,Keejob,https://www.keejob.com/offres-emploi/224034/agent-de-service-g%C3%A9n%C3%A9ral-agent-de-s%C3%A9curit%C3%A9/
224036,Agent de Service Support/Agent(e) d’Entretien,BANK ABC,"Bank ABC Tunisie recrute pour le poste d’Agent(e) de Service Support/ Agent(e) d’Entretien. Principales tâches & Responsabilités:Entretien des locaux : Nettoyage des sols (balayage, aspiration, lavage) Dépoussiérage des surfaces, mobilier, …",,banque / finance / assurances,,,,,Tunis,CDI | CDD,,2026-03-23,23 mars 2026,Non,Keejob,https://www.keejob.com/offres-emploi/224036/agent-de-service-supportagente-dentretien/
223139,Wholesale Banking Analyst,BANK ABC,Bank ABC is reinforcing its Wholesale Banking department with the recruitment of a Wholesale Banking Analyst . The Wholesale Banking Analyst function is a key enabler in the Wholesale Banking delivery chain acting …,,banque / finance / assurances,,,,,Tunis,CDI | SIVP,,2026-03-23,23 mars 2026,Non,Keejob,https://www.keejob.com/offres-emploi/223139/wholesale-banking-analyst/
222930,Head of Corporate,BANK ABC,"Bank ABC Tunisia is hiring within its Wholesale Banking Division a Head of Corporate reporting directly to the Head of Wholesale Banking. I - Principal Responsibilities, Accountabilities and Deliverables of …",,banque / finance / assurances,,,,,Tunis,,,2026-03-23,23 mars 2026,Non,Keejob,https://www.keejob.com/offres-emploi/222930/head-of-corporate/
238074,Delivery Manager H/F,EVERIENCE TUNISIA,"Dans le cadre du développement de nos prestations en infogérance sur notre centre de services basé à Tunis, nous recherchons pour rejoindre nos équipes un :DELIVERY MANAGER H/FVous intégrez le Service Desk dédié …",,informatique / télécoms,,Manager,,,Tunis,CDI,,2026-03-23,23 mars 2026,Non,Keejob,https://www.keejob.com/offres-emploi/238074/delivery-manager-hf/
238073,Service Desk analyst H/F,EVERIENCE TUNISIA,"Et si vous choisissez plus qu’un job ? Vous avez la possibilité d’entamer un parcours dans le domaine IT, Notre cœur de métier est le support informatique. On vous offre : Des …",,informatique / télécoms,,,,,Tunis,CDI,,2026-03-23,23 mars 2026,Non,Keejob,https://www.keejob.com/offres-emploi/238073/service-desk-analyst-hf/
238078,Auditeur,EL AMEL MICROFINANCE,"Missions: Participer à l'élaboration et la réalisation du plan d'audit Réaliser les travaux d'investigation nécessaires pour s'assurer de la fiabilité des informations financières, comptables et extra-comptables.Réaliser des missions d'audit au niveau de …",,banque / finance / assurances,,,,,Ben Arous,CDI,,2026-03-23,23 mars 2026,Non,Keejob,https://www.keejob.com/offres-emploi/238078/auditeur/
238091,Gestionnaire De Magasin,BEN YAGHLANE SHOPS,"La Société Centrale Commerciale "" Biwai Shops"" cherche à recruter des Gestionnaires de Magasin. Missions: - Participer au schéma directeur du magasin - Réaliser le lancement des activités journalière - Evaluer les résultats en fonction …",,commerce / vente / distribution,,Directeur,,,Tunis,,,2026-03-23,23 mars 2026,Non,Keejob,https://www.keejob.com/offres-emploi/238091/gestionnaire-de-magasin/
238083,SUPPORT CLIENT,ETAI TUNISIE/INFOPRO DIGITAL,"Infopro Digital est un groupe B2B spécialiste de l’information et des technologies. Présent dans 21 pays, dont la Tunisie, le groupe comprend 4 000 collaborateurs de 80 nationalités. Nos …",,communication / publicité / média,,,,1000 - 1300 TND,"La Soukra, Ariana",CDI,,2026-03-23,23 mars 2026,Non,Keejob,https://www.keejob.com/offres-emploi/238083/support-client/
238095,Chef d'équipe,ASTEELFLASH,"MISSION PRINCIPALE OU FINALITÉ DE LA FONCTION : Organiser et mettre en œuvre le programme de production, les moyens humains, la matière première et garantir la qualité et les délais de …",,électronique / électricité / énergie,,,,,"La Soukra, Ariana",CDI,,2026-03-23,23 mars 2026,Non,Keejob,https://www.keejob.com/offres-emploi/238095/chef-d%C3%A9quipe/
238081,Webmaster (H/F),ETAI TUNISIE/INFOPRO DIGITAL,"Dans le cadre du renforcement de notre équipe, nous recherchons un(e) Webmaster pour assurer la gestion, l’évolution et la qualité de nos projets web. Vos missions: Analyser et traiter …",,communication / publicité / média,,,,1000 - 1500 TND,"La Soukra, Ariana",CDI | SIVP,,2026-03-23,23 mars 2026,Non,Keejob,https://www.keejob.com/offres-emploi/238081/webmaster-hf/
238082,CHARGÉ DE RECOUVREMENT ET DE FACTURATION,ETAI TUNISIE/INFOPRO DIGITAL,"Infopro Digital est un groupe B2B spécialisé dans l’information et la technologie, présent dans 21 pays, dont la Tunisie. Le groupe compte 4 000 collaborateurs de 80 nationalités différentes. …",,communication / publicité / média,,,,,"La Soukra, Ariana",CDI,,2026-03-23,23 mars 2026,Non,Keejob,https://www.keejob.com/offres-emploi/238082/charg%C3%A9-de-recouvrement-et-de-facturation/
238071,SUPERVISEUR SUPPORT IT H/F,EVERIENCE TUNISIA,"Missions: Directement rattaché au Delivery Manager, vous aurez en charge la gestion opérationnelle d’une équipe de techniciens HelpDesk en vous assurant du respect des procédures et des engagements.- Vous managez la …",,informatique / télécoms,,Manager,,,Tunis,CDI,,2026-03-23,23 mars 2026,Non,Keejob,https://www.keejob.com/offres-emploi/238071/superviseur-support-it-hf/
238092,Chargé (e) Achat,BEN YAGHLANE SHOPS,"La Société La Centrale Commerciale "" Biwai Shops"" cherche à recruter "" Un (e) Chargé(e) Achat "" Missions: - Assurer la prospection des fournisseurs et évaluer leurs capacités à répondre aux impératifs de coût, de délais …",,commerce / vente / distribution,,,,,"Oued Ellil, La Manouba",,,2026-03-23,23 mars 2026,Non,Keejob,https://www.keejob.com/offres-emploi/238092/charg%C3%A9-e-achat/
238090,Auditeur Interne,BEN YAGHLANE SHOPS,"La Société La Centrale Commerciale ""Biwai Shops"" cherche à recruter ""Un Auditeur Interne (H)"" L’auditeur interne joue un rôle clé dans la sécurisation des actifs et l'optimisation des flux opérationnels de …",,commerce / vente / distribution,,,,,La Manouba,,,2026-03-23,23 mars 2026,Non,Keejob,https://www.keejob.com/offres-emploi/238090/auditeur-interne/
238072,SDA italien ou allemand et anglais,EVERIENCE TUNISIA,En tant que technicien support vous serez amené à : Diagnostiquer à distance un dysfonctionnement informatique matériel ou logiciel Configurer le poste de travail aux besoins de l'utilisateur et effectuer les tests …,,informatique / télécoms,,,,,Tunis,CDI,,2026-03-23,23 mars 2026,Non,Keejob,https://www.keejob.com/offres-emploi/238072/sda-italien-ou-allemand-et-anglais/
238079,Télévendeurs,TP,TELEPERFORMANCE Tunisie ouvre ses portes aux Experts de l’expérience client et recrute des télévendeurs ! Alors si tu as un excellent niveau en français et tu es doté d’un fort sens …,,informatique / télécoms,,,,,Tunis,CDI | SIVP,,2026-03-23,23 mars 2026,Non,Keejob,https://www.keejob.com/offres-emploi/238079/t%C3%A9l%C3%A9vendeurs/
236651,Gestionnaire en Assurances IARD,PROTECT + TUNISIE,"« Protect Plus Tunisie » filiale de l’assurance française « Protect Plus Assurances » ; un véritable spécialiste qui offre à ses clients une gamme complète d’assurance auto, deux roues et …",,banque / finance / assurances,,,,1200 - 1400 TND,"Ariana Ville, Ariana",CDI | SIVP,,2026-03-23,23 mars 2026,Non,Keejob,https://www.keejob.com/offres-emploi/236651/gestionnaire-en-assurances-iard/
236650,Chargé Recouvrement en Assurances IARD,PROTECT + TUNISIE,"«Protect Plus Tunisie » filiale de l’assurance française « Protect Plus Assurances », un véritable spécialiste de l’assurance en ligne qui offre à ses clients une gamme complète d’assurance auto, …",,banque / finance / assurances,,,,1100 - 1400 TND,"Ariana Ville, Ariana",CDI | SIVP,,2026-03-23,23 mars 2026,Non,Keejob,https://www.keejob.com/offres-emploi/236650/charg%C3%A9-recouvrement-en-assurances-iard/
238059,Ingénieur(e) Electronique Software Sousse,PARTNER RECRUITMENT,"Nous recherchons pour le compte de notre partenaire un profil Ingénieur(e) Electronique Software SousseSous la responsabilité du responsable du bureau d’étude Electronique/Logiciel/Système, vous aurez la charge de concevoir l’électronique d’équipements …",,recrutement / ressources humaines,,,,,"Hammam Sousse, Sousse",CDI,,2026-03-23,23 mars 2026,Non,Keejob,https://www.keejob.com/offres-emploi/238059/ing%C3%A9nieure-electronique-software-sousse/
238068,Téléprospecteur En Produit Bancaire,OUTSOURCIA,"Le groupe Outsourcia est un opérateur spécialisé dans les métiers de l'outsourcing: gestion de la relation client à distance, multiservice, multilingue et multicanal (centres d'appels, gestion des e-mails, solutions de …",,call center / télévente,,,,,"Tunis, Tunis",CDI,,2026-03-23,23 mars 2026,Non,Keejob,https://www.keejob.com/offres-emploi/238068/t%C3%A9l%C3%A9prospecteur-en-produit-bancaire/
238052,Assistante Administrative et Financière,ACTIVE CONTACT,"Afin de renforcer son équipe finance, Active recrute une Assistante AdministrativeMissions- FinancePréparer les relevés de facturation clientGérer les règlements des fournisseurs : Organisation et SuiviAssurer la relation avec la banque, …",,call center / télévente,,,,,"Centre ville, Tunis",CDI,,2026-03-23,23 mars 2026,Non,Keejob,https://www.keejob.com/offres-emploi/238052/assistant-te-administratif-ve/
238057,Ingénieur(e) Electronique Embarquée HW Sousse,PARTNER RECRUITMENT,"Sous la responsabilité du responsable du bureau d’étude Electronique/Logiciel/Système, vous aurez la charge de concevoir l’électronique d’équipements aéronautique, qui intègrent des fonctions de d’affichage graphique. Vous serez également amené à …",,recrutement / ressources humaines,,,,,"Hammam Sousse, Sousse",CDI,,2026-03-23,23 mars 2026,Non,Keejob,https://www.keejob.com/offres-emploi/238057/ing%C3%A9nieure-electronique-embarqu%C3%A9e-hw/
238048,chef d’équipe conditionnement,ETABLISSEMENTS ABDELMOULA,- Compétences exigéesMaîtrise des techniques de conditionnement et des équipements associés (compresseur frigorifique) Maîtrise des équipements industriels. Maîtrise des outils de contrôle et de mesure. Compétences en contrôle qualité. Utilisation d’outils …,,agriculture / agro-alimentaire / environnement,,,,800 - 1100 TND,"Le Bardo, Tunis",CDI,,2026-03-23,23 mars 2026,Non,Keejob,https://www.keejob.com/offres-emploi/238048/chef-d%C3%A9quipe-conditionnement/
238010,Technicien Maintenance Electrique Anglophone,PARTNER RECRUITMENT,"We are recruiting on behalf of a renowned industrial company operating across North Africa, specialized in high-precision machinery and committed to reliability and continuous learning.Technicien Maintenance Electrique AnglophoneMain MissionThe Field …",,recrutement / ressources humaines,,,,,"Bab Bhar, Tunis",,,2026-03-23,23 mars 2026,Non,Keejob,https://www.keejob.com/offres-emploi/238010/technicien-maintenance-electrique-anglophone/
237999,Sr Finance Analyst,PARTNER RECRUITMENT,We are hiring for our partner a multinational company : Sr Finance AnalystJOB PROFILE● Prepare bi-weekly cash flow forecast and variance analysis● Ensure accurate partners invoicing and payment● Produce regular …,,recrutement / ressources humaines,,,,2500 - 4000 TND,"Cite El Khadra, Tunis",CDI,,2026-03-23,23 mars 2026,Non,Keejob,https://www.keejob.com/offres-emploi/237999/sr-finance-analyst/
238027,Embedded Systems Technical Referent Sousse,PARTNER RECRUITMENT,"Nous recherchons pour le compte de notre partenaire une multinationale industrie automobile un profil Embedded Systems Technical Referent basé à SousseRattaché(e) à l’Engineering Office Manager, vous serez le référent technique …",,recrutement / ressources humaines,,Manager,,4000 - 5000 TND,"Akouda, Sousse",CDI,,2026-03-23,23 mars 2026,Non,Keejob,https://www.keejob.com/offres-emploi/238027/embedded-systems-technical-referent-hf/
238000,"Gestionnaire des Stocks (PF, MP & Emb)",L'APPETISSANTE,"Suite à une mobilité interne, nous recherchons notre nouveau Gestionnaire des Stocks. Rattaché(e) au Responsable Logistique, vous serez garant(e) de la fiabilité des stocks et de la fluidité des flux …",,agriculture / agro-alimentaire / environnement,,,,1500 - 2500 TND,"Oued Ellil, La Manouba",CDI,,2026-03-23,23 mars 2026,Non,Keejob,https://www.keejob.com/offres-emploi/238000/gestionnaire-des-stocks-pf-mp-emb/
238001,Ingénieur Projet & Vie Série,PARTNER RECRUITMENT,"Nous recrutons pour le compte de notre client, une multinationale de renommée internationale opérant dans le secteur de l’électronique.Ingénieur Projet & Vie SérieMISSIONS: Pilotage de projets & APQP / PPAPPiloter les …",,recrutement / ressources humaines,,,,,Tunis,CDI,,2026-03-23,23 mars 2026,Non,Keejob,https://www.keejob.com/offres-emploi/238001/ing%C3%A9nieur-projet-vie-s%C3%A9rie/
238019,Responsable Ressources Humaines (Enfidha),PARTNER RECRUITMENT,"Dans le cadre de son développement, notre client, une société industrielle faisant partie d’un groupe de renommée recrute un(e)Responsable Ressources HumainesMISSIONS :Rattaché(e) à la Direction Générale, vous aurez un rôle clé …",,recrutement / ressources humaines,,,,,"Enfidha, Sousse",CDI,,2026-03-23,23 mars 2026,Non,Keejob,https://www.keejob.com/offres-emploi/238019/responsable-ressources-humaines-enfidha/
237892,Technico-commercial,Entreprise Anonyme,"Mission Principale :Développer le chiffre d’affaires et la part de marché de l’entreprise en assurant la promotion, la vente et le suivi des produits électriques destinés à la bureautique auprès des …",,,,,,1000 - 1300 TND,"Megrine, Ben Arous",,,2026-03-23,23 mars 2026,Non,Keejob,https://www.keejob.com/offres-emploi/237892/technico-commercial/
237811,Conseiller Clientèle - Secteur Fintech,TRANSCOM,"Chez Transcom, nous sommes des passionnés de l’expérience client (CX) et nous accompagnons la révolution numérique. Nous lançons aujourd'hui un tout nouveau partenariat stratégique avec un leader de la Fintech …",,call center / télévente,,,,,"El Kram, Tunis",CDI,,2026-03-23,23 mars 2026,Non,Keejob,https://www.keejob.com/offres-emploi/237811/conseiller-client%C3%A8le-secteur-fintech/
237829,Chef Comptable,Entreprise Anonyme,"Rattaché(e) à la Direction Générale, vous assurez la supervision de la comptabilité générale, le management d’une équipe comptables, la fiabilité des états financiers, le respect des délais de clôture et …",,,,,,1800 - 2500 TND,"Raoued, Ariana",CDI,,2026-03-23,23 mars 2026,Non,Keejob,https://www.keejob.com/offres-emploi/237829/chef-comptable/
237855,Chargé Service Technique Terrain,SMART SOLUTIONS,"SMART SOLUTIONS, entreprise innovante spécialisée dans le développement de solutions industrielles, recherche un Spécialiste Service Technique Terrain afin de renforcer son département technique. Ce poste vise à assurer l’installation, le …",,commerce / vente / distribution,,,,,"Fouchana, Ben Arous",CDI | SIVP,,2026-03-23,23 mars 2026,Non,Keejob,https://www.keejob.com/offres-emploi/237855/sp%C3%A9cialiste-service-technique-terrain/
237752,Ingénieur Process électronique,PARTNER RECRUITMENT,Nous recherchons pour notre partenaire une multinationale industrie électronique un profil Ingénieur ProcessMissions :Enrichir la collaboration en favorisant ainsi un environnement propice à l'apprentissage continu et à l'amélioration collective.Gérer les …,,recrutement / ressources humaines,,,,,"Bab Souika, Tunis",,,2026-03-23,23 mars 2026,Non,Keejob,https://www.keejob.com/offres-emploi/237752/ing%C3%A9nieur-process-%C3%A9lectronique/
237680,Conseillers Clients Réception d'appels FR/ANG,CONCENTRIX,Concentrix Nous sommes un leader mondial en matière de technologie et de services qui propulse les marques du futur.Nous aidons des marques connues – celles que vous utilisez quotidiennement – à …,,call center / télévente,,,,800 - 1000 TND,Ariana,CDI,,2026-03-23,23 mars 2026,Non,Keejob,https://www.keejob.com/offres-emploi/237680/conseillers-clients-r%C3%A9ception-dappels-frang/
237717,Production HRBP,ZOPPAS INDUSTRIES,"Zoppas Industries Heating Element Technologies (ZIHET) based in Italy in Vittorio Veneto with a global presence boasting over 8000 employees and 15 production sites across Europe, Africa, America, and Asia, ZIHET plays …",,électronique / électricité / énergie,,,,,"Sahline, Monastir",CDI,,2026-03-23,23 mars 2026,Non,Keejob,https://www.keejob.com/offres-emploi/237717/production-hrbp/
237681,Conseillers Clients Réception d'appels FR/ANG,CONCENTRIX,Concentrix Nous sommes un leader mondial en matière de technologie et de services qui propulse les marques du futur.Nous aidons des marques connues – celles que vous utilisez quotidiennement – à …,,call center / télévente,,,,800 - 1000 TND,Ariana,CDI,,2026-03-23,23 mars 2026,Non,Keejob,https://www.keejob.com/offres-emploi/237681/conseillers-clients-r%C3%A9ception-dappels-frang/
237605,Formateur Textile à Bizerte,PARTNER RECRUITMENT,Nous recherchons pour el compte de notre partenaire une multinationale industrie automobile des Formateurs Profil :-De Formation en Textile/Méthode/Qualité/Styliste ModélisteVotre mission sera:- Enseigner aux employés les méthodes de confection- Veiller …,,recrutement / ressources humaines,,,,,"Bizerte Nord, Bizerte",CDI,,2026-03-23,23 mars 2026,Non,Keejob,https://www.keejob.com/offres-emploi/237605/formateur-%C3%A0-bizerte/
237650,Directeur HSE H/F,SEGOR SOCIETE DU GROUPE SUEZ,"SEGOR, société du Groupe SUEZ, spécialisée dans la gestion et le traitement des déchets solides et liquides, recrute un(e) Directeur HSE (Hygiène, Sécurité, Environnement).Le poste s’inscrit dans un environnement opérationnel …",,autres,,Directeur,,3000 - 4500 TND,Tunis,CDI,,2026-03-23,23 mars 2026,Non,Keejob,https://www.keejob.com/offres-emploi/237650/directeur-hse-hf/
237645,Chargé Relation Client / Gestion Commerciale,PARTNER RECRUITMENT,"Nous recrutons pour le compte de notre client, Chargé(e) de la Relation Client et de la Gestion Commerciale MISSIONS: Assurer la liaison entre les clients et l’équipe commerciale, en recueillant …",,recrutement / ressources humaines,,,,1300 - 1500 TND,Tunis,,,2026-03-23,23 mars 2026,Non,Keejob,https://www.keejob.com/offres-emploi/237645/charg%C3%A9-relation-client-gestion-commerciale/
237602,Chef de ligne Bizerte,PARTNER RECRUITMENT,Nous recherchons pour le compte de notre partenaire une multinationale industrie automobile basée à Bizerte des chefs de lignes de production.Profil :De formation en confection: Qualité/méthode/stylismeConnaisseur en machine à coudreUn …,,recrutement / ressources humaines,,,,1000 - 1500 TND,"Bizerte Nord, Bizerte",CDI,,2026-03-23,23 mars 2026,Non,Keejob,https://www.keejob.com/offres-emploi/237602/chef-de-ligne-bizerte/
237572,ACHETEUR,Entreprise Anonyme,Une société de renommée dans le milieu industriel recrute : UN ACHETEUR Mission : Rattaché au Responsable Achat vous serez charge de : . Identification et analyse des besoins d’achats quantitatifs et qualitatifs ; …,,,,,,1200 - 1600 TND,Tunis,CDI,,2026-03-23,23 mars 2026,Non,Keejob,https://www.keejob.com/offres-emploi/237572/acheteur/
237571,Technicien de Maintenance Electrique,Entreprise Anonyme,Une société renommé opérant dans le milieu industriel recrute :TECHNICIEN DE MAINTENANCE ELECTRIQUEMission: - Planifier et exécuter tous types de maintenance des installations électriques. -Levée des réserves suite aux contrôles …,,,,,,,"Beja Nord, Béja",CDD | SIVP,,2026-03-23,23 mars 2026,Non,Keejob,https://www.keejob.com/offres-emploi/237571/technicien-de-maintenance-electrique/
237579,Comptable Confirmé,LUXOR,"Dans le cadre du renforcement de son équipe, une société opérant dans le secteur du traitement des eaux usées et de l’assainissement cherche à recruter un(e) Comptable Confirmé(e), Rattaché directement …",,commerce / vente / distribution,,,,,"La Soukra, Ariana",CDI,,2026-03-23,23 mars 2026,Non,Keejob,https://www.keejob.com/offres-emploi/237579/comptable-confirm%C3%A9/
237560,Vendeur / Conseiller de vente,HAMADI ABID,"Dans le cadre du développement de notre activité, nous recrutons des conseillers(ères) de vente pour notre magasin de GAFSA, passionné(e)s par la mode et le service client.*MissionsAccueillir, conseiller et fidéliser …",,commerce / vente / distribution,,,,,Gafsa,CDI | SIVP,,2026-03-23,23 mars 2026,Non,Keejob,https://www.keejob.com/offres-emploi/237560/vendeur-conseiller-de-vente/
237567,Un Expert IT Operations – SAP FICO (H/F),HR HOUSE INTERNATIONAL,"HR House International recrute pour le compte de l’un de ses clients, une multinationale de grande envergure, opérant dans le secteur de l’industrie automobile, Un Expert IT Operations – SAP …",,recrutement / ressources humaines,,,,,Sousse,CDI,,2026-03-23,23 mars 2026,Non,Keejob,https://www.keejob.com/offres-emploi/237567/un-expert-it-operations-sap-fico-hf/
237568,Un Expert IT Software Engineering (H/F),HR HOUSE INTERNATIONAL,"HR House International recrute pour le compte de l’un de ses clients, une multinationale de renommée, opérant dans le secteur de l’industrie automobile Un Expert IT Software Engineering (H/F) Missions …",,recrutement / ressources humaines,,,,,Sousse,CDI,,2026-03-23,23 mars 2026,Non,Keejob,https://www.keejob.com/offres-emploi/237568/un-expert-it-software-engineering-hf/
237557,Chargé Ressources Humaines,PARTNER RECRUITMENT,"Nous recrutons pour le compte de notre client, une multinationale de renommée, Chargé Ressources Humaines MISSIONS : …",,recrutement / ressources humaines,,,,,Tunis,SIVP,,2026-03-23,23 mars 2026,Non,Keejob,https://www.keejob.com/offres-emploi/237557/charg%C3%A9-ressources-humaines/
237566,Chargé RH [H/F],UPERGY,"Acteur de la décarbonations et de la transition énergétique, membres de l’association NSE (Nouveaux Systèmes Energétiques). Upergy est un groupe français leader dans la vente de solutions d’énergie mobile et …",,électronique / électricité / énergie,,,,,"Mannouba, La Manouba",CDI,,2026-03-23,23 mars 2026,Non,Keejob,https://www.keejob.com/offres-emploi/237566/charg%C3%A9-rh-hf/
237563,Chef/Cheffe comptable [H/F] – CDI - Manouba,UPERGY,"Qui sommes-nous ? Upergy est un groupe français leader dans la vente de solutions d’énergie mobile et autonome à travers ses marques internationales : Allbatteries, Enix Energies, Enix Power Solutions, …",,électronique / électricité / énergie,,,,,La Manouba,CDI,,2026-03-23,23 mars 2026,Non,Keejob,https://www.keejob.com/offres-emploi/237563/chefcheffe-comptable-hf-cdi-manouba/
237564,Chef d'Atelier de Production [H/F],UPERGY,"Acteur de la décarbonation et de la transition énergétique, membres de l’association NSE (Nouveaux Systèmes Energétiques). Upergy est un groupe français leader dans la vente de solutions d’énergie mobile et …",,électronique / électricité / énergie,,,,,"Mannouba, La Manouba",CDI,,2026-03-23,23 mars 2026,Non,Keejob,https://www.keejob.com/offres-emploi/237564/chef-datelier-de-production-hf/
237565,Opérateur de montage [H/F],UPERGY,"Acteur de la décarbonations et de la transition énergétique, membres de l’association NSE (Nouveaux Systèmes Energétiques). Upergy est un groupe français leader dans la vente de solutions d’énergie mobile et …",,électronique / électricité / énergie,,,,,"Mannouba, La Manouba",CDI,,2026-03-23,23 mars 2026,Non,Keejob,https://www.keejob.com/offres-emploi/237565/op%C3%A9rateur-de-montage-hf/
237506,Coach Qualité et Formation (H/F),OUTSOURCIA,"Le groupe Outsourcia est un opérateur spécialisé dans les métiers de l'outsourcing: gestion de la relation client à distance, multiservice, multilingue et multicanal (centres d'appels, gestion des e-mails, solutions de …",,call center / télévente,,,,,"Ariana, Ariana",CDI,,2026-03-23,23 mars 2026,Non,Keejob,https://www.keejob.com/offres-emploi/237506/coach-qualit%C3%A9-et-formation-hf/
237456,Ingénieur Agronome,GROUPE MABROUKA,"Le Groupe MABROUKA, leader national du secteur agricole, est constitué de plusieurs pôles d’activités : production/pépinière, commerce et industrie. Dans le cadre du renforcement de nos équipes et de notre …",,agriculture / agro-alimentaire / environnement,,,,,"Ben Arous, Ben Arous",CDI,,2026-03-23,23 mars 2026,Non,Keejob,https://www.keejob.com/offres-emploi/237456/ing%C3%A9nieur-agronome/
237463,Gourmandise recrute :Plusieurs Profils,GOURMANDISE,"Gourmandise recrute : Plusieurs Profils – Grand Tunis Caissiers, Vendeurs et Vendeuses : Profil recherché : Minimum niveau bac Bonne présentation Disponible Parle bien le français Minimum 1 an d’expérience + …",,tourisme / hôtellerie / restauration / loisirs,1 an d’exp,,,30 - 9999 TND,Tunis,CDD | SIVP,,2026-03-23,23 mars 2026,Non,Keejob,https://www.keejob.com/offres-emploi/237463/gourmandise-recrute-plusieurs-profils/
237399,Agent en réception d’appels – Francophone,CONCENTRIX,"Concentrix est un acteur majeur dans le milieu des centres d’appels, avec une reconnaissance par plusieurs d’un lieu où commencent des incroyables carrières. Offre d’emploi : Nous recherchons activement des agents …",,call center / télévente,,,,900 - 1200 TND,Tunis,CDI,,2026-03-23,23 mars 2026,Non,Keejob,https://www.keejob.com/offres-emploi/237399/agent-en-r%C3%A9ception-dappels-francophone/
237433,"Kundenberatung, Prämie+Vorteile",OUTSOURCIA,"Outsourcia Group ist ein führender tunesischer Anbieter im internationalen Offshore-Kundenbeziehungsmarkt. Seit 17 Jahren unterstützt Outsourcia seine Partner aus verschiedenen Tätigkeitsbereichen (Banken, Telekommunikation, E-Commerce, Personal Services, Zeitarbeit, Energie, etc. ) beim Management …",,call center / télévente,,,,,"Ariana, Ariana",CDI,,2026-03-23,23 mars 2026,Non,Keejob,https://www.keejob.com/offres-emploi/237433/kundenberatung-pr%C3%A4mievorteile/
237434,Operatori call center di lingua Italiana,OUTSOURCIA,"Come parte dello sviluppo della sua attività, Outsourcia sta reclutando operatori telefonici per attività Inbound/Outbound.Cosa offriamo:1.Stipendio: Uno stipendio competitivo.Un regime orario di 40 ore a settimana con 2 giorni di riposo.2. …",,call center / télévente,,,,,"Ariana, Ariana",CDI,,2026-03-23,23 mars 2026,Non,Keejob,https://www.keejob.com/offres-emploi/237434/operatori-call-center-di-lingua-italiana/
237369,Directeur Production & Technique,PARTNER RECRUITMENT,"Nous recrutons pour le compte d'une multinationale, Directeur Production & Technique MISSIONS: Le Directeur Production et Technique est responsable de la performance industrielle globale du site. Il pilote les activités de production, process, …",,recrutement / ressources humaines,,Directeur,,6500 - 8000 TND,Ben Arous,,,2026-03-23,23 mars 2026,Non,Keejob,https://www.keejob.com/offres-emploi/237369/directeur-production-technique/
237435,Motion Designer (Monteur Vidéo) (H/F),OUTSOURCIA,"Le groupe Outsourcia est un opérateur spécialisé dans les métiers de l'outsourcing: gestion de la relation client à distance, multiservice, multilingue et multicanal (centres d'appels, gestion des e-mails, solutions de …",,call center / télévente,,,,,"Ariana, Ariana",CDI,,2026-03-23,23 mars 2026,Non,Keejob,https://www.keejob.com/offres-emploi/237435/motion-designer-monteur-vid%C3%A9o-hf/
237352,Responsable Ressources Humaines,BARIOLO,"Afin d’accompagner son développement, et sa chargée RH, BARIOLO, la première enseigne bar à jus frais en Tunisie cherche à recruter un Responsable Ressources Humaines: MISSIONS : Élaborer et mettre en œuvre des stratégies et projets …",,tourisme / hôtellerie / restauration / loisirs,,,,,"La Marsa, Tunis",CDI,,2026-03-23,23 mars 2026,Non,Keejob,https://www.keejob.com/offres-emploi/237352/responsable-ressources-humaines/
237321,Ingénieur Méthodes (Monastir),PARTNER RECRUITMENT,"Nous recrutons pour une industrie automobile multinationale, Ingénieur MéthodesMISSIONS: Se servir des moyens existants pour améliorer les méthodes de production. Développer et mettre à jour les méthodes de production. Réaliser les …",,recrutement / ressources humaines,,,,,Monastir,,,2026-03-23,23 mars 2026,Non,Keejob,https://www.keejob.com/offres-emploi/237321/ing%C3%A9nieur-m%C3%A9thodes-monastir/
237326,Chargé(e) Marketing,L'ACCUMULATEUR TUNISIEN ASSAD,"🚀 Jeune diplômé(e), êtes-vous à la recherche de votre première opportunité professionnelle ? Vous venez d’obtenir votre diplôme et souhaitez mettre votre créativité et votre énergie au sein de notre …",,électronique / électricité / énergie,,,,,"Ben Arous, Ben Arous",SIVP,,2026-03-23,23 mars 2026,Non,Keejob,https://www.keejob.com/offres-emploi/237326/charg%C3%A9e-marketing/
237276,Technico-Commercial- EPI - Clientèle Offshore,Entreprise Anonyme,"Société Offshore basée à MégrineDans le cadre du développement de notre activité dédiée aux entreprises totalement exportatrices (offshore), nous recrutons un(e) Technico-Commercial(e) spécialisé(e) dans la commercialisation d’Équipements de Protection Individuelle (EPI).Nous travaillons exclusivement …",,,,,,1200 - 2000 TND,"Megrine, Ben Arous",CDI,,2026-03-23,23 mars 2026,Non,Keejob,https://www.keejob.com/offres-emploi/237276/technico-commercial-epi-client%C3%A8le-offshore/
237248,Technicien Support SAV,GEMADDIS,Gemaddis est une société totalement exportatrice basée à ZI industrielle Chotrana II Lot 94 Ariana 2080. Les trois domaines d’activité de l’entreprise sont : - La distribution de machines pour l'industrie …,,électronique / électricité / énergie,,,,,"Ariana Ville, Ariana",CDI,,2026-03-23,23 mars 2026,Non,Keejob,https://www.keejob.com/offres-emploi/237248/technicien-support-sav/
237200,Conseillers Client Anglophones – Bizerte,Entreprise Anonyme,Rejoignez Concentrix Tunisie et démarrez votre carrière autrement 2 mois de formation & nesting sur site à Tunis Passage en télétravail garanti à Bizerte après la formation Profil recherché : …,,,,,,800 - 1200 TND,Bizerte,CDI,Sur site,2026-03-23,23 mars 2026,Non,Keejob,https://www.keejob.com/offres-emploi/237200/conseillers-client-anglophones-bizerte/
237195,Télévendeurs Mutuelle Santé,Entreprise Anonyme,"Prêt à Booster Votre Carrière Commerciale ? Oubliez les annonces barbantes ! Si vous avez la tchatche, l'énergie à revendre et une passion pour le contact humain, alors cette annonce est …",,,,,,1000 - 1700 TND,Tunis,CDI | CDD | SIVP,,2026-03-23,23 mars 2026,Non,Keejob,https://www.keejob.com/offres-emploi/237195/t%C3%A9l%C3%A9vendeurs-mutuelle-sant%C3%A9/
237116,Manager Télévente - Mutuelle Santé,ECG ASSURANCES,Rejoignez ECG Groupe Assurance et prenez la tête d’une équipe santé où votre leadership fera réellement la différence.À propos d’ECG Groupe AssuranceECG Pereire Assurance est un groupe spécialisé dans la …,,call center / télévente,,,,2000 - 4000 TND,"Centre ville, Tunis",CDI,,2026-03-23,23 mars 2026,Non,Keejob,https://www.keejob.com/offres-emploi/237116/manager-d%C3%A9quipe-mutuelle-sant%C3%A9/
237114,Manager Télévente – Assurance Automobile IARD,ECG ASSURANCES,"Envie de manager, d’innover et de faire bouger le monde de l’assurance auto ? Votre prochaine opportunité est iciÀ propos d’ECG Groupe AssuranceECG Groupe Assurance est un acteur reconnu du …",,call center / télévente,,Manager,,2000 - 4000 TND,"Centre ville, Tunis",CDI,,2026-03-23,23 mars 2026,Non,Keejob,https://www.keejob.com/offres-emploi/237114/manager-assurance-automobile-iard/
237115,Manager Télévente - Mutuelle Santé Sousse,ECG ASSURANCES,Rejoignez ECG Groupe Assurance et prenez la tête d’une équipe santé où votre leadership fera réellement la différence.À propos d’ECG Groupe AssuranceECG Pereire Assurance est un groupe spécialisé dans la …,,call center / télévente,,,,,Tunis,CDI,,2026-03-23,23 mars 2026,Non,Keejob,https://www.keejob.com/offres-emploi/237115/manager-d%C3%A9quipe-mutuelle-sant%C3%A9-sousse/
237108,Conseillers Client,TP,Tu cherches un emploi ou une nouvelle expérience ? TP Tunisie t’ouvre ses portes : tu choisis ton régime horaire par semaine (40H ou 28H) et tu signes ton contrat dès l’embauche ! …,,informatique / télécoms,,,,,"Centre ville, Tunis",,,2026-03-23,23 mars 2026,Non,Keejob,https://www.keejob.com/offres-emploi/237108/conseillers-client/
237068,Téléprospecteur En Produit Bancaire,OUTSOURCIA,"Le groupe Outsourcia est un opérateur spécialisé dans les métiers de l'outsourcing: gestion de la relation client à distance, multiservice, multilingue et multicanal (centres d'appels, gestion des e-mails, solutions de …",,call center / télévente,,,,,"Tunis, Tunis",CDI,,2026-03-23,23 mars 2026,Non,Keejob,https://www.keejob.com/offres-emploi/237068/t%C3%A9l%C3%A9prospecteur-en-produit-bancaire/
237071,Planificateur Transport Routier (Oil&Gas),PARTNER RECRUITMENT,"Nous recrutons pour le compte d’une multinationale pétrolière de premier plan, reconnue à l’échelle internationale, Planificateur Transport Routier MISSIONS : Planifier et coordonner les livraisons Fuel & Lubes selon les SLA …",,recrutement / ressources humaines,,,,,"Rades, Ben Arous",,,2026-03-23,23 mars 2026,Non,Keejob,https://www.keejob.com/offres-emploi/237071/planificateur-transport-routier-oilgas/
237004,Responsable Commercial (SFAX),PARTNER RECRUITMENT,"Nous recrutons pour le compte de notre client, acteur majeur de l’industrie métallique en Tunisie, Responsable Commercial (SFAX)MISSIONS: Développer le portefeuille clients sur la zone Sfax : grossistes, promoteurs immobiliers, professionnels du bâtiment …",,recrutement / ressources humaines,,,,2000 - 2500 TND,Sfax,,,2026-03-23,23 mars 2026,Non,Keejob,https://www.keejob.com/offres-emploi/237004/responsable-commercial-sfax/
237020,RESPONSABLE TECHNIQUE,Entreprise Anonyme,"Assurer la performance, la fiabilité et l’amélioration continue des installations techniques de l’entreprise, tout en pilotant les projets techniques et en encadrant les équipes, dans un environnement industriel exigeant (idéalement …",,,,,,,"Megrine, Ben Arous",CDI,,2026-03-23,23 mars 2026,Non,Keejob,https://www.keejob.com/offres-emploi/237020/responsable-technique/
237002,Directeur Administratif et financier (SFAX),PARTNER RECRUITMENT,"Nous recrutons pour le compte de notre client, acteur majeur de l’industrie métallique en Tunisie, Directeur Administratif et financier (SFAX)MISSIONS: Piloter la stratégie financière et assurer la fiabilité des états financiers Superviser la …",,recrutement / ressources humaines,,Directeur,,3500 - 4000 TND,Sfax,CDI,,2026-03-23,23 mars 2026,Non,Keejob,https://www.keejob.com/offres-emploi/237002/directeur-administratif-et-financier-sfax/
236985,Planner,BULGIN TUNISIE,"DescriptionPlease send your CV in English otherwise it won't be taken into consideration. Description:Our Planner is responsible for planning, coordinating, and monitoring the flow of materials and products through the supply …",,électronique / électricité / énergie,,,,,"Mannouba, La Manouba",CDI,,2026-03-23,23 mars 2026,Non,Keejob,https://www.keejob.com/offres-emploi/236985/planner/
236960,Chargé Permanence,AZIZA,"Société AZIZA, opérant dans le commerce de détail et filiale d’un groupe de grande envergure, recrute un Chargé Permanence.Missions :Assurer la permanence de nuit : surveillance continue et réaction en cas …",,commerce / vente / distribution,,,,,"Ben Arous, Ben Arous",CDI,,2026-03-23,23 mars 2026,Non,Keejob,https://www.keejob.com/offres-emploi/236960/charg%C3%A9-permanence/
236926,Vendeur/ Caissier Bershka Mall of Sousse,TUNTEX,"Pour Accompagner son développement, le groupe Indigo Company, leader du marché du Retail en Tunisie, avec plus de 15 enseignes d’envergure internationale, recherche ses futurs conseillers en mode.Véritable ambassadeur de …",,commerce / vente / distribution,,,,,Sousse,,,2026-03-23,23 mars 2026,Non,Keejob,https://www.keejob.com/offres-emploi/236926/vendeur-caissier-oysho-mall-of-sousse/
236878,Technicien(ne) d'habillement,Entreprise Anonyme,"Nous recherchons actuellement un Technicien motivé et expérimenté, disposant d’une expertise spécifique dans la confection de chemises, pour rejoindre notre équipe dynamique.Missions et Responsabilités Principales* Gestion de la production : * …",,,,,,2500 - 3000 TND,"La Chebba, Mahdia",CDI,,2026-03-23,23 mars 2026,Non,Keejob,https://www.keejob.com/offres-emploi/236878/technicienne-dhabillement/
238085,Analyste Physico-chimie (Poste Nuit),LABORATOIRE THERA,"Laboratoire THERA, situé dans la Zone Industrielle El Agba, recrute un Analyste Physico-chimie . Formation : Licence ou Mastère en Chimie, Biochimie, Biologie ou diplôme équivalent. Missions principales : Réaliser …",,santé / paramédical / optique,,,,700 - 900 TND,"Mannouba, La Manouba",CDD | SIVP,,2026-03-21,21 mars 2026,Non,Keejob,https://www.keejob.com/offres-emploi/238085/analyste-physico-chimie-poste-nuit/
238086,Technicien maintenance,LABORATOIRE THERA,"Le Laboratoire THERA recrute pour son département maintenance un technicien maintenance. Profil recherché : Formation supérieure (BTS ou BTP) en maintenance industrielle, automatisme industriel ou équivalent. Compétences : …",,santé / paramédical / optique,,,,,"Mannouba, La Manouba",CDI,,2026-03-21,21 mars 2026,Non,Keejob,https://www.keejob.com/offres-emploi/238086/technicien-maintenance/
238096,Assistant(e) de Cabinet d’Assurance,ASSURANCE MONASTIR,Nous recherchons un(e) assistant(e) pour rejoindre notre équipe en agence d’assurance. Votre rôle sera de soutenir la gestion quotidienne du cabinet et d'assurer un service de qualité à nos clients.*Missions …,,banque / finance / assurances,,,,700 - 800 TND,"Monastir, Monastir",CDI | SIVP,,2026-03-21,21 mars 2026,Non,Keejob,https://www.keejob.com/offres-emploi/238096/assistante-de-cabinet-dassurance/
237518,Conseiller Technique Pâtisserie Boulangerie,ROSE BLANCHE GROUP,"Conseiller technique Pâtisserie Boulangerie Envie de rejoindre le leader tunisien de l’agroalimentaire dans le secteur des céréales et dérivés, fort de plus de 100 ans d’innovation et de croissance continue …",,agriculture / agro-alimentaire / environnement,,,,,"Sousse Ville, Sousse",CDI,,2026-03-21,21 mars 2026,Non,Keejob,https://www.keejob.com/offres-emploi/237518/conseiller-technique-p%C3%A2tisserie-boulangerie/
237540,Technicien maintenance,DAR ESSAYDALI,Le technicien maintenance a pour mission :- Organisation et Réalisation des interventions de maintenance préventive et corrective sur les équipements et installations en zone propre- Respecter les normes d’hygiène et de sécurité- Réaliser …,,santé / paramédical / optique,,,,,"Sfax Ville, Sfax",,,2026-03-21,21 mars 2026,Non,Keejob,https://www.keejob.com/offres-emploi/237540/technicien-maintenance/
237541,Ingénieur en Electromécanique,DAR ESSAYDALI,"L’ingénieur en Electromécanique gère la maintenance, l’amélioration de l’équipement de production et son adaptation aux évolutions d’organisation ou de technologies.Il/elle garantit la mise à disposition et la conformité des installations …",,santé / paramédical / optique,,,,,Sfax,,,2026-03-21,21 mars 2026,Non,Keejob,https://www.keejob.com/offres-emploi/237541/ing%C3%A9nieur-en-electrom%C3%A9canique/
237543,Technicien maintenance,GROUPE JUDY,"Le groupe JUDY, acteur de l'industrie des détergents en Tunisie, renforce son équipe et recrute son Technicien en maintenance pour l'une de ses filiales à Zriba .Vous interviendrez principalement sur …",,chimie / biologie / physique,,,,,"Hammam Zriba, Zaghouan",CDI,,2026-03-21,21 mars 2026,Non,Keejob,https://www.keejob.com/offres-emploi/237543/technicien-maintenance/
237548,Opérateur machine CNC,Entreprise Anonyme,"Jeune technicien en mécanique ou construction métallique, discipliné et sérieux Capacité à travailler en équipe Responsabilités: Conduite et surveillance des machines CNCMaintenir et 'outillage en bon état, vérification de la conformité des pièces. bonne …",,,,,,,"Megrine, Ben Arous",CDI | SIVP,,2026-03-21,21 mars 2026,Non,Keejob,https://www.keejob.com/offres-emploi/237548/op%C3%A9rateur-machine-cnc/
237555,Conseiller Commercial Emprunteur,FILIASSUR TUNISIE,Nous recherchons un profil exceptionnel !Maître de la communication et de la persuasion.Capable de déceler et comprendre les besoins uniques des clients.Doté(e) d'une écoute active et d'une grande empathie.Expert(e) dans l'utilisation …,,banque / finance / assurances,,,,,Ariana,CDI | SIVP,,2026-03-21,21 mars 2026,Non,Keejob,https://www.keejob.com/offres-emploi/237555/conseiller-commercial-emprunteur/
237556,Responsable RH Opérationnel,KROMBERG & SCHUBERT TUNISIE,"🚀 Rejoignez Kromberg & Schubert à Béja en tant que Responsable RH Opérationnel !Qui sommes-nous ?Kromberg & Schubert-Béja, filiale d'une multinationale allemande située dans le nord-ouest de la Tunisie, est …",,automobile / moteurs / engins mécaniques,,,,,"Beja Nord, Béja",CDI,,2026-03-21,21 mars 2026,Non,Keejob,https://www.keejob.com/offres-emploi/237556/responsable-rh-op%C3%A9rationnel/
237559,Expert IT Software Engineering,HR HOUSE INTERNATIONAL,"HR House International recrute pour le compte de l’un de ses clients, une société d'envergure opérant dans le secteur de l’automobile, un Expert IT Software Engineering. Missions:Valider les concepts techniques et …",,recrutement / ressources humaines,,,,,Sousse,CDI,,2026-03-21,21 mars 2026,Non,Keejob,https://www.keejob.com/offres-emploi/237559/expert-it-software-engineering/
237562,Senior Consultant SAP BW/4,HR HOUSE INTERNATIONAL,"HR House International recrute pour le compte de l’un de ses clients, une société d'envergure opérant dans le secteur de l’automobile, un SAP BW/4 Senior Consultant.Missions:Collaborer avec les équipes métiers …",,recrutement / ressources humaines,,Senior,,,Sousse,CDI,,2026-03-21,21 mars 2026,Non,Keejob,https://www.keejob.com/offres-emploi/237562/senior-consultant-sap-bw4/
237552,Expert IT Infrastructure (SCCM / Intune),HR HOUSE INTERNATIONAL,"HR House International recrute pour le compte de l’un de ses clients, une société d'envergure opérant dans le secteur de l’automobile, un Expert IT Infrastructure (SCCM / Intune).Missions:Assurer le support …",,recrutement / ressources humaines,,,,,Sousse,CDI,,2026-03-21,21 mars 2026,Non,Keejob,https://www.keejob.com/offres-emploi/237552/expert-it-infrastructure-sccm-intune/
237553,Agent Logistique et Parc Roulant,STAROIL,"Agent Logistique et Parc RoulantSociété : TransoilLieu : TunisieType de contrat : CDI / CivpDisponibilité : ImmédiateDescription du posteDans le cadre du renforcement de son équipe, la société Transoil recrute …",,commerce / vente / distribution,,,,,"Rades, Ben Arous",CDI,,2026-03-21,21 mars 2026,Non,Keejob,https://www.keejob.com/offres-emploi/237553/agent-logistique-et-parc-roulant/
237558,Responsable Nuit,KROMBERG & SCHUBERT TUNISIE,"Responsabilités :Superviser l’ensemble des opérations de production pendant la nuit, en veillant à ce que la fabrication des câblages respecte les standards de qualité et de sécurité.Assurer le suivi des …",,automobile / moteurs / engins mécaniques,,,,,"Beja Nord, Béja",CDI,,2026-03-21,21 mars 2026,Non,Keejob,https://www.keejob.com/offres-emploi/237558/responsable-nuit/
237512,Stratifieur,CRIT,"CRIT Tunisie recrute pour le compte de son client, acteur du secteur nautique, un(e) Stratifieur(se) pour renforcer ses équipes de production.Missions principales :Réaliser des opérations de stratification au contactEffectuer des …",,recrutement / ressources humaines,,,,,France,CDI,,2026-03-21,21 mars 2026,Non,Keejob,https://www.keejob.com/offres-emploi/237512/stratifieur-france/
237525,Vendeur / Préparateur de Jus - MALL OF SOUSSE,BARIOLO,"BARIOLO, la référence du jus frais en Tunisie, cherche à recruter des vendeurs / préparateurs de jus, passionnés et dynamiques, pour renforcer ses équipes sur les points de vente suivants:MALL OF …",,tourisme / hôtellerie / restauration / loisirs,,,,,"Sousse Ville, Sousse",CDI | CDD | SIVP,,2026-03-21,21 mars 2026,Non,Keejob,https://www.keejob.com/offres-emploi/237525/vendeur-pr%C3%A9parateur-de-jus-mall-of-sousse/
237542,Conseillers en Relations Humaines,TANIS,"🌟 TANIS RECRUTE – REJOIGNEZ UNE ÉQUIPE PAS COMME LES AUTRES ! TANIS, filiale d’un groupe français, leader international dans le domaine des relations humaines et de la parapsychologie, basée …",,call center / télévente,,,,800 - 1500 TND,"Ariana Ville, Ariana",CDI | SIVP,,2026-03-21,21 mars 2026,Non,Keejob,https://www.keejob.com/offres-emploi/237542/conseillers-en-relations-humaines/
237513,Responsable d’Équipe en Télévente,ACTIVE CONTACT,"Active Contact recrute un Responsable d’Équipe en Télévente ! Vous êtes un leader dans l'âme, passionné par la vente et le management d'équipe ? Rejoignez Active Contact, un centre de relation …",,call center / télévente,,,,1500 - 2000 TND,"Centre ville, Tunis",CDI,,2026-03-21,21 mars 2026,Non,Keejob,https://www.keejob.com/offres-emploi/237513/responsable-d%C3%A9quipe-en-t%C3%A9l%C3%A9vente/
237515,Commercial Mutuelle santé (télévente),FILIASSUR TUNISIE,Filiassur recrute des conseillers commerciaux Mutuelle Santé (expérimentés)Horaires plein temps : 9H00 – 17H45 du Lundi au Vendredi Ou Horaires aménagés Salaire plein temps de 1130 dt net (intégrant la …,,banque / finance / assurances,,,,,Ariana,CDI | SIVP,,2026-03-21,21 mars 2026,Non,Keejob,https://www.keejob.com/offres-emploi/237515/conseillers-en-assurance-mutuelle-sant%C3%A9/
237547,Commercial,HR HOUSE INTERNATIONAL,"HR House International recrute pour le compte de l’un de ses clients, une société d'envergure opérant dans le secteur de la pétrochimie, un Profil Commercial.Missions:Prospecter et développer un portefeuille de …",,recrutement / ressources humaines,,,,,Tunis,CDI,,2026-03-21,21 mars 2026,Non,Keejob,https://www.keejob.com/offres-emploi/237547/commercial/
237530,Conseillers Commerciaux en Réception d'appel,OUTSOURCIA,"Le groupe Outsourcia est un opérateur spécialisé dans les métiers de l'outsourcing: gestion de la relation client à distance, multiservice, multilingue et multicanal (centres d'appels, gestion des e-mails, solutions de …",,call center / télévente,,,,,"Tunis, Tunis",CDI,,2026-03-21,21 mars 2026,Non,Keejob,https://www.keejob.com/offres-emploi/237530/conseillers-commerciaux-en-r%C3%A9ception-dappel/
237528,Responsable COMEX,ALMES MATEUR,"Dans le cadre de son développement, ALMES MATEUR, filiale du Groupe POULINA, recrute un(e) Responsable COMEXMissions principalesGérer et optimiser les relations avec les fournisseurs Négocier les contrats d’achats dans le respect …",,agriculture / agro-alimentaire / environnement,,,,,Bizerte,CDI | SIVP,,2026-03-21,21 mars 2026,Non,Keejob,https://www.keejob.com/offres-emploi/237528/responsable-comex/
237554,Expert IT Operations – SAP FICO,HR HOUSE INTERNATIONAL,"HR House International recrute pour le compte de l’un de ses clients, une société d'envergure opérant dans le secteur de l’automobile, un Expert IT Operations – SAP FICO.Missions:Assurer le bon …",,recrutement / ressources humaines,,,,,Sousse,CDI,,2026-03-21,21 mars 2026,Non,Keejob,https://www.keejob.com/offres-emploi/237554/expert-it-operations-sap-fico/
237551,technicien maintenance,Entreprise Anonyme,missions:Assurer les travaux d’entretien et de maintenance préventive et curative des machinesIdentifier les problèmes mécaniques ou électriques.Lecture des plans Application des règles et standards en vigueur en garantissant la qualité des …,,,,,,,"Megrine, Ben Arous",CDI,,2026-03-21,21 mars 2026,Non,Keejob,https://www.keejob.com/offres-emploi/237551/technicien-maintenance/
237502,Boulanger,BARIOLO,"Afin d’accompagner son développement, BARIOLO, la première enseigne bar à jus frais et desserts en Tunisie cherche à recruter:UN BOULANGERProfile recherché:· Une expérience de 2 ans minimum dans un poste similaire.· Une personne …",,tourisme / hôtellerie / restauration / loisirs,,,,,"La Marsa, Tunis",CDI,,2026-03-21,21 mars 2026,Non,Keejob,https://www.keejob.com/offres-emploi/237502/boulanger/
237503,Senior Accountant,VEO WORLDWIDE SERVICES,"Comptable Senior (Révision) -Sousse Prêt à entrer dans le monde passionnant des services B2B ? Découvrez VEO Worldwide – votre porte d'entrée vers une carrière dynamique ! Depuis 19 ans, …",,consulting / étude / stratégie,,Senior,,,"Sousse, Sousse",CDI,,2026-03-21,21 mars 2026,Non,Keejob,https://www.keejob.com/offres-emploi/237503/senior-accountant/
237501,Patissier,BARIOLO,"Afin d’accompagner son développement, BARIOLO, la première enseigne bar à jus frais et desserts en Tunisie cherche à recruter:UN PATISSIERProfile recherché:· Une expérience de 2 ans minimum dans un poste similaire.· Une personne …",,tourisme / hôtellerie / restauration / loisirs,,,,,"La Marsa, Tunis",CDI,,2026-03-21,21 mars 2026,Non,Keejob,https://www.keejob.com/offres-emploi/237501/patissier/
226153,Corporate Relationship Manager,BANK ABC,Bank ABC is reinforcing its Wholesale Banking Department with the recruitment of a Corporate Relationship Manager. The Corporate Relationship Manager is responsible for managing and developing a portfolio of top …,,banque / finance / assurances,,Manager,,,Tunis,CDI,,2026-03-20,20 mars 2026,Non,Keejob,https://www.keejob.com/offres-emploi/226153/corporate-relationship-manager/
224766,Agent de Service Support/ d’Entretien - Sfax,BANK ABC,"Bank ABC Tunisie recrute pour le poste d’Agent(e) de Service Support/ Agent(e) d’Entretien sur SFAX.Principales tâches & Responsabilités:Entretien des locaux :Nettoyage des sols (balayage, aspiration, lavage)Dépoussiérage des surfaces, mobilier, objets …",,banque / finance / assurances,,,,,Sfax,,,2026-03-20,20 mars 2026,Non,Keejob,https://www.keejob.com/offres-emploi/224766/agent-de-service-support-dentretien-sfax/
237883,Technicien Management Qualité,MOULIN D'OR,Un groupe leader dans le secteur agroalimentaire recrute de suite un Technicien SMQ pour renforcer sa gouvernance opérationnelle et accompagner sa croissanceMissions principales Vous serez en charge de piloter les dispositifs d’audit …,,agriculture / agro-alimentaire / environnement,,,,25000 - 30000 TND,"Bir Mcherga, Zaghouan",CDI,,2026-03-20,20 mars 2026,Non,Keejob,https://www.keejob.com/offres-emploi/237883/technicien-management-qualit%C3%A9/
237440,Directeur de Restauration,GROUPE STUNAS INDUSTRIES,Hôtel Sousse Pearl Marriott Resort & Spa est un établissement 5*reconnu pour son excellence et son sens du service. Notre hôtel propose plusieurs points de restauration et de convivialité : …,,industrie métalliques,,,,1500 - 2000 TND,"Sousse Ville, Sousse",CDD,,2026-03-20,20 mars 2026,Non,Keejob,https://www.keejob.com/offres-emploi/237440/directeur-de-restauration/
237481,Gafsa-Commerciaux terrain en Microfinance,ADVANS TUNISIE MICROFINANCE,"Advans, groupe international de Microfinance Advans Tunisie œuvre dans le domaine du développement économique, avec l'objectif d'offrir aux entrepreneurs tunisiens exclus du système financier traditionnel, des services de crédit adaptés …",,banque / finance / assurances,,,,,Gafsa,CDI | SIVP,,2026-03-20,20 mars 2026,Non,Keejob,https://www.keejob.com/offres-emploi/237481/gafsa-commerciaux-terrain-en-microfinance/
237482,Intilaka-Commerciaux terrain en Microfinance,ADVANS TUNISIE MICROFINANCE,"Advans, groupe international de Microfinance Advans Tunisie œuvre dans le domaine du développement économique, avec l'objectif d'offrir aux entrepreneurs tunisiens exclus du système financier traditionnel, des services de crédit …",,banque / finance / assurances,,,,,Tunis,CDI | SIVP,,2026-03-20,20 mars 2026,Non,Keejob,https://www.keejob.com/offres-emploi/237482/intilaka-commerciaux-terrain-en-microfinance/
237483,Hammam Sousse-Commerciaux terrain,ADVANS TUNISIE MICROFINANCE,"Advans, groupe international de Microfinance Advans Tunisie œuvre dans le domaine du développement économique, avec l'objectif d'offrir aux entrepreneurs tunisiens exclus du système financier traditionnel, des services de crédit adaptés …",,banque / finance / assurances,,,,,"Hammam Sousse, Sousse",CDI | SIVP,,2026-03-20,20 mars 2026,Non,Keejob,https://www.keejob.com/offres-emploi/237483/hammam-sousse-commerciaux-terrain/
237484,Médnine-Commerciaux terrain en Microfinance,ADVANS TUNISIE MICROFINANCE,"Advans, groupe international de Microfinance Advans Tunisie œuvre dans le domaine du développement économique, avec l'objectif d'offrir aux entrepreneurs tunisiens exclus du système financier traditionnel, des services de crédit adaptés …",,banque / finance / assurances,,,,,Médenine,CDI | SIVP,,2026-03-20,20 mars 2026,Non,Keejob,https://www.keejob.com/offres-emploi/237484/m%C3%A9dnine-commerciaux-terrain-en-microfinance/
237485,Gabes-Commerciaux terrain en Microfinance,ADVANS TUNISIE MICROFINANCE,"Advans, groupe international de Microfinance Advans Tunisie œuvre dans le domaine du développement économique, avec l'objectif d'offrir aux entrepreneurs tunisiens exclus du système financier traditionnel, des services de crédit adaptés …",,banque / finance / assurances,,,,,Gabes,,,2026-03-20,20 mars 2026,Non,Keejob,https://www.keejob.com/offres-emploi/237485/gabes-commerciaux-terrain-en-microfinance/
237444,Technicien HSE,Entreprise Anonyme,"Le groupe JUDY, acteur de l'industrie des détergents en Tunisie, renforce son équipe et recrute son Technicien HSE.Le technicien sécurité est le garant de la mise en œuvre de la …",,,,,,1000 - 1200 TND,"Dar Chaabane Elfehri, Nabeul",CDI,,2026-03-20,20 mars 2026,Non,Keejob,https://www.keejob.com/offres-emploi/237444/technicien-hse/
237478,TECHNICIEN SUPERIEUR MAINTENANCE,SOTUBI,"* Coordonner, mettre en priorité les actions de maintenance. * Assurer la maintenance curative, préventive de l’ensemble des ateliers de Production * Maintenir une collaboration ouverte avec les différents services …",,agriculture / agro-alimentaire / environnement,,,,,"Borj El Amri, La Manouba",CDI,,2026-03-20,20 mars 2026,Non,Keejob,https://www.keejob.com/offres-emploi/237478/technicien-superieur-maintenance/
237439,Directeur Food & Beverage,GROUPE STUNAS INDUSTRIES,Hôtel Sousse Pearl Marriott Resort & Spa est un établissement 5*reconnu pour son excellence et son sens du service. Notre hôtel propose plusieurs points de restauration et de convivialité : …,,industrie métalliques,,,,1500 - 3000 TND,"Sousse Ville, Sousse",CDD,,2026-03-20,20 mars 2026,Non,Keejob,https://www.keejob.com/offres-emploi/237439/directeur-food-beverage/
237469,Assistante comptable,BARIOLO,"BARIOLO, la référence du jus frais en Tunisie, cherche à recruter une Comptable, pour couvrir les tâches suivantes:Etablir et effectuer les déclarations fiscales et sociales légalessaisie divers pièces comptables avec justification …",,tourisme / hôtellerie / restauration / loisirs,,,,,"La Marsa, Tunis",,,2026-03-20,20 mars 2026,Non,Keejob,https://www.keejob.com/offres-emploi/237469/assistante-comptable/
237465,Directeur de Site Adjoint (H/F) –BPO– Sousse,Entreprise Anonyme,Offre d’emploi : Directeur de Site Adjoint (H/F) – Centre d’appels / BPO – Sousse Secteur : BPO – Centre de contacts Type de contrat : CDI Localisation : Sousse …,,,,Directeur,,,Sousse,CDI,,2026-03-20,20 mars 2026,Non,Keejob,https://www.keejob.com/offres-emploi/237465/directeur-de-site-adjoint-hf-bpo-sousse/
237461,Responsable Gestion des Archives Groupe,ROSE BLANCHE GROUP,"Responsable Gestion des Archives Groupe Envie de rejoindre le leader tunisien de l’agroalimentaire dans le secteur des céréales et dérivés, fort de plus de 100 ans d’innovation et de …",,agriculture / agro-alimentaire / environnement,,,,,"Sousse Ville, Sousse",CDI,,2026-03-20,20 mars 2026,Non,Keejob,https://www.keejob.com/offres-emploi/237461/responsable-gestion-des-archives-groupe/
237471,Gestionnaire financière,PLASTIC ELECTROMECHANIC COMPANY PEC,"Notre entreprise est à la recherche d’une Gestionnaire Financière dynamique et rigoureuse pour rejoindre notre équipe.Profil recherché :Diplôme en finance, comptabilité, gestion ou domaine équivalentExpérience professionnelle minimum de 2 ans …",,industrie électro-mécaniques,,,,,"Zaghouan, Zaghouan",CDI,,2026-03-20,20 mars 2026,Non,Keejob,https://www.keejob.com/offres-emploi/237471/gestionnaire-financi%C3%A8re/
237475,02- Assistante RH,PLASTIC ELECTROMECHANIC COMPANY PEC,"Profil recherché :Diplôme en Ressources Humaines, Gestion, Administration ou domaine équivalentExpérience souhaitée minimum 1 à 2 ans dans un poste similaireBonne maîtrise des outils informatiques (Word, Excel)Connaissance des bases de …",,industrie électro-mécaniques,,,,,"Zaghouan, Zaghouan",CDI,,2026-03-20,20 mars 2026,Non,Keejob,https://www.keejob.com/offres-emploi/237475/02-assistante-rh/
237447,Vendeur/ Caissier Zara Tunis City,TUNTEX,"Pour Accompagner son développement, le groupe Indigo Company, leader du marché du Retail en Tunisie, avec plus de 15 enseignes d’envergure internationale, recherche ses futurs conseillers en mode.Véritable ambassadeur de …",,commerce / vente / distribution,,,,,Ariana,,,2026-03-20,20 mars 2026,Non,Keejob,https://www.keejob.com/offres-emploi/237447/vendeur-caissier-zara-tunis-city/
237470,Assistant Manager Stradivarius Mall of Sfax,TUNTEX,"Indigo Company recrute pour sa marque Stradivarius Mall of Sfax un(e) Assistant(e) Manager.En tant qu’Assistant(e) Manager, vous êtes l’image de l’entreprise. Vous êtes directement responsable de la réussite de votre …",,commerce / vente / distribution,,Manager,,,Sfax,,,2026-03-20,20 mars 2026,Non,Keejob,https://www.keejob.com/offres-emploi/237470/assistant-manager-stradivarius-mall-of-sfax/
237448,Vendeur/ Caissier Bershka Tunis City,TUNTEX,"Pour Accompagner son développement, le groupe Indigo Company, leader du marché du Retail en Tunisie, avec plus de 15 enseignes d’envergure internationale, recherche ses futurs conseillers en mode.Véritable ambassadeur de …",,commerce / vente / distribution,,,,,Ariana,,,2026-03-20,20 mars 2026,Non,Keejob,https://www.keejob.com/offres-emploi/237448/vendeur-caissier-bershka-tunis-city/
237445,Technicien maintenance,MEDINA GROUP,"🚀 Offre d’emploi « Technicien supérieur maintenance industrielle » 🔍 Dans le cadre du développement de son activité, Carthage Land Les Berges du Lac, leader incontesté du divertissement et des loisirs, recherche 2 …",,tourisme / hôtellerie / restauration / loisirs,,,,,Ariana,CDI,,2026-03-20,20 mars 2026,Non,Keejob,https://www.keejob.com/offres-emploi/237445/recrutement-technicien-maintenance/
237467,Vendeur/ Caissier LCW Mall of Sousse,TUNTEX,"Pour Accompagner son développement, le groupe Indigo Company, leader du marché du Retail en Tunisie, avec plus de 15 enseignes d’envergure internationale, recherche ses futurs conseillers en mode.Véritable ambassadeur de …",,commerce / vente / distribution,,,,,Sousse,,,2026-03-20,20 mars 2026,Non,Keejob,https://www.keejob.com/offres-emploi/237467/vendeur-caissier-bershka-mall-of-sousse/
237466,Ingénieur Technico-Commercial,GROUPE MABROUKA,"Le Groupe MABROUKA, leader national du secteur agricole, est constitué de plusieurs pôles d’activités : production/pépinière, commerce et industrie.Dans le cadre du renforcement de nos équipes et de notre stratégie …",,agriculture / agro-alimentaire / environnement,,,,,Gafsa,CDI,,2026-03-20,20 mars 2026,Non,Keejob,https://www.keejob.com/offres-emploi/237466/ing%C3%A9nieur-technico-commercial/
237497,Responsable RH Sidi El Heni - Sousse,SNA,SNA Sidi El Heni - Sousse filiale de poulina holding groupe est à la recherche d'un(e) talentueux(se) Responsable RH et pour rejoindre notre équipe et contribuer à notre développement : Responsabilités …,,agriculture / agro-alimentaire / environnement,,,,,"Sidi El Heni, Sousse",CDI,,2026-03-20,20 mars 2026,Non,Keejob,https://www.keejob.com/offres-emploi/237497/responsable-rh-sidi-el-heni-sousse/
237446,Responsable Régional Export,ROSE BLANCHE GROUP,"Envie de rejoindre le leader tunisien de l’agroalimentaire dans le secteur des céréales et dérivés, fort de plus de 100 ans d’innovation et de croissance continue ? Vous souhaitez dynamiser votre carrière au sein …",,agriculture / agro-alimentaire / environnement,,,,,"Sousse Ville, Sousse",CDI,,2026-03-20,20 mars 2026,Non,Keejob,https://www.keejob.com/offres-emploi/237446/responsable-r%C3%A9gional-territorial/
238070,Technicien de laboratoire CQ,CEVA TUNISIE,Technicien de laboratoire CQMissions principaleso Réaliser les analyses physico-chimiques des matières premières et des produits finis et assurer la conformité aux bons pratiques de fabrication (BPF-BPL)o Contrôler la conformité des …,,santé / paramédical / optique,,,,800 - 1500 TND,Tunis,CDI,,2026-03-19,19 mars 2026,Non,Keejob,https://www.keejob.com/offres-emploi/238070/technicien-de-laboratoire-cq/
238064,Data Systems Architect - Tunis,LIBRA TAX AND ACCOUNTANCY,"À propos de LIBRA :LIBRA est un cabinet d'experts-comptables et fiscaux, réunissant une cinquantaine de professionnels passionnés, présents en Belgique et au Grand-Duché de Luxembourg. Notre mission ? Offrir un …",,comptabilité / gestion / audit,,,,1000 - 3000 TND,Tunis,CDI,,2026-03-19,19 mars 2026,Non,Keejob,https://www.keejob.com/offres-emploi/238064/data-systems-architect-tunis/
238066,technico-commerciale,DIAGVET LAB,Nous sommes un leader dans la distribution de solutions médicales innovantes et recherchons une Technico-Commerciale dynamique et passionnée pour rejoindre notre équipe. Votre rôle : Développer et gérer votre portefeuille …,,santé / paramédical / optique,,,,1000 - 1200 TND,Tunis,CDI | CDD | SIVP,,2026-03-19,19 mars 2026,Non,Keejob,https://www.keejob.com/offres-emploi/238066/technico-commerciale/
238067,Responsable magasin - Commercial(e),Ben Cheikh Garden Center,"Assurer la vente, le conseil client et la gestion opérationnelle quotidienne de la boutique botanique, tout en garantissant une excellente expérience client et une bonne présentation des plantes et accessoires.Profil …",,agriculture / agro-alimentaire / environnement,,,,800 - 1000 TND,"La Soukra, Ariana",CDI | SIVP,,2026-03-19,19 mars 2026,Non,Keejob,https://www.keejob.com/offres-emploi/238067/responsable-magasin-commerciale/
238055,Responsable ressources humaines Junior,DAR ZARROUK,"Dans le cadre du développement de nos activités, notre groupe hôtelier recherche un Responsable Ressources humaines junior pour accompagner la gestion et le développement de nos équipes. Missions principales Sous la …",,tourisme / hôtellerie / restauration / loisirs,,Junior,,1500 - 1700 TND,"La Marsa, Tunis",CDI,,2026-03-19,19 mars 2026,Non,Keejob,https://www.keejob.com/offres-emploi/238055/responsable-ressources-humaines-junior/
238056,Directeur commercial (H/F) hôtel,DAR ZARROUK,Un groupe hôtelier basé à Tunis recrute un Directeur Commercial (H/F) pour piloter la stratégie commerciale et développer la performance de ses établissements. Missions principales : Définir et mettre en …,,tourisme / hôtellerie / restauration / loisirs,,Directeur,,2500 - 3000 TND,"Centre ville, Tunis",CDI,,2026-03-19,19 mars 2026,Non,Keejob,https://www.keejob.com/offres-emploi/238056/recrutement-directeur-commercial-hf-h%C3%B4tel/
236648,Assureur Conseil en Assurance IARD,PROTECT + TUNISIE,"""Protect Plus Tunisie » filiale de l’assurance française « Protect Plus Assurances » ; un véritable spécialiste qui offre à ses clients une gamme complète d’assurance auto, deux roues et habitation …",,banque / finance / assurances,,,,1200 - 1600 TND,"Ariana Ville, Ariana",CDI | SIVP,,2026-03-19,19 mars 2026,Non,Keejob,https://www.keejob.com/offres-emploi/236648/assureur-conseil-en-assurance-iard/
236647,Souscripteur en Assurances IARD,PROTECT + TUNISIE,"""Protect Plus Tunisie » filiale de l’assurance française « Protect Plus Assurances » ; un véritable spécialiste qui offre à ses clients une gamme complète d’assurance auto, deux roues et habitation …",,banque / finance / assurances,,,,1200 - 1400 TND,"Ariana Ville, Ariana",CDI | SIVP,,2026-03-19,19 mars 2026,Non,Keejob,https://www.keejob.com/offres-emploi/236647/souscripteur-en-assurances-iard/
237934,Responsable formation,GREEN PRO ACADEMY,"Un bureau de formation spécialisé dans la formation professionnelle pour les entreprises recrute une Responsable Formation pour renforcer son équipe.Missions principalesSous la supervision de la direction, la Responsable Formation sera …",,enseignement / formation / puériculture,,,,900 - 2000 TND,"La Soukra, Ariana",CDI,,2026-03-19,19 mars 2026,Non,Keejob,https://www.keejob.com/offres-emploi/237934/responsable-formation/
237825,Assistant ressources humaines,Entreprise Anonyme,"Notre société leader dans le domaine de la distribution de gros membre du GROUPE KILANI souhaite recruter un(e) assistant(e) RH:Missions principales :Rattaché au Responsable Ressources Humaines, vous serez chargé de …",,,,,,1000 - 1200 TND,"La Marsa, Tunis",CDI | SIVP,,2026-03-19,19 mars 2026,Non,Keejob,https://www.keejob.com/offres-emploi/237825/assistant-ressources-humaines/
237420,Technicien de Maintenance,HUBER SUHNER,Nous recherchons un technicien de maintenance passionné et compétent pour rejoindre notre équipe. Si vous avez de l’expérience dans le domaine de la maintenance et que vous êtes prêt à relever de nouveaux …,,industrie électro-mécaniques,,,,,Sousse,CDI,,2026-03-19,19 mars 2026,Non,Keejob,https://www.keejob.com/offres-emploi/237420/technicien-de-maintenance/
237415,Vendeur / Caissier Adidas Tunisia Mall,TUNTEX,"Pour Accompagner son développement, le groupe Indigo Company, leader du marché du Retail en Tunisie, avec plus de 15 enseignes d’envergure internationale, recherche ses futurs conseillers en mode.Véritable ambassadeur de …",,commerce / vente / distribution,,,,,Ariana,,,2026-03-19,19 mars 2026,Non,Keejob,https://www.keejob.com/offres-emploi/237415/vendeur-caissier-adidas-tunisia-mall/
237375,Manager d’Équipe Télévente,COMETE TN.AI,"📢 Nous recrutons un(e) Manager d’Équipe Télévente Poste basé en TunisieSecteur : Centre d’appel / Relation clientActivité : Télévente BtoB / BtoC Votre mission En tant que Manager d’Équipe Télévente, …",,call center / télévente,,Manager,,,"La Marsa, Tunis",CDI,,2026-03-19,19 mars 2026,Non,Keejob,https://www.keejob.com/offres-emploi/237375/manager-d%C3%A9quipe-t%C3%A9l%C3%A9vente/
237374,AGENT IMMOBILIER TECNOCASA M'SAKEN,TECNOCASA GROUP,TECNOCASA TUNISIE est devenue le premier groupe d'agence immobilières indépendantes du pays et compte actuellement 80 agences dans les régions suivantes:- le Grand Tunis: la banlieue nord-la banlieue sud -El Manezeh-El …,,architecture / immobilier / BTP,,,,,"Msaken, Sousse",,,2026-03-19,19 mars 2026,Non,Keejob,https://www.keejob.com/offres-emploi/237374/agent-immobilier-tecnocasa-msaken/
237419,Vendeur/ Caissier Oysho Tunisia Mall,TUNTEX,"Pour Accompagner son développement, le groupe Indigo Company, leader du marché du Retail en Tunisie, avec plus de 15 enseignes d’envergure internationale, recherche ses futurs conseillers en mode.Véritable ambassadeur de …",,commerce / vente / distribution,,,,,Ariana,,,2026-03-19,19 mars 2026,Non,Keejob,https://www.keejob.com/offres-emploi/237419/vendeur-caissier-oysho-tunisia-mall/
237381,Assistant(e) Comptable,STRAM GROUPE,"STRAM Group, fondé en 2007 en Tunisie, est un acteur clé dans le secteur du génie civil et des énergies renouvelables. Fort de son expertise, le groupe se distingue par …",,architecture / immobilier / BTP,,,,,"Megrine, Ben Arous",CDI | SIVP,,2026-03-19,19 mars 2026,Non,Keejob,https://www.keejob.com/offres-emploi/237381/assistante-comptable/
237418,Vendeur/ Caissier Massimo Tunisia Mall,TUNTEX,"Pour Accompagner son développement, le groupe Indigo Company, leader du marché du Retail en Tunisie, avec plus de 15 enseignes d’envergure internationale, recherche ses futurs conseillers en mode.Véritable ambassadeur de …",,commerce / vente / distribution,,,,,Ariana,,,2026-03-19,19 mars 2026,Non,Keejob,https://www.keejob.com/offres-emploi/237418/vendeur-caissier-massimo-tunisia-mall/
237395,Ingénieur Support IT,PARTNER RECRUITMENT,"Nous recrutons pour le compte de notre client, une multinationale de renom dans le secteur pétrolier, Ingénieur Support ITMISSIONS: Assurer le support IT aux utilisateurs (locaux et distants) et être le …",,recrutement / ressources humaines,,,,,Tunis,,,2026-03-19,19 mars 2026,Non,Keejob,https://www.keejob.com/offres-emploi/237395/ing%C3%A9nieur-support-it/
237417,Vendeur/ Caissier Bershka Tunisia Mall,TUNTEX,"Pour Accompagner son développement, le groupe Indigo Company, leader du marché du Retail en Tunisie, avec plus de 15 enseignes d’envergure internationale, recherche ses futurs conseillers en mode.Véritable ambassadeur de …",,commerce / vente / distribution,,,,,Ariana,,,2026-03-19,19 mars 2026,Non,Keejob,https://www.keejob.com/offres-emploi/237417/vendeur-caissier-bershka-tunisia-mall/
237410,Vendeur/ Caissier LCW Habib Bourguiba,TUNTEX,"Pour Accompagner son développement, le groupe Indigo Company, leader du marché du Retail en Tunisie, avec plus de 15 enseignes d’envergure internationale, recherche ses futurs conseillers en mode.Véritable ambassadeur de …",,commerce / vente / distribution,,,,,Tunis,,,2026-03-19,19 mars 2026,Non,Keejob,https://www.keejob.com/offres-emploi/237410/vendeur-caissier-lcw-habib-bourguiba/
237407,Manager d’Équipe – Service Client DE / FR,COMETE TN.AI,"Comete.ai recrute un(e) Manager d’Équipe – Service Client DE / FR Lac 2 – TunisVotre missionEncadrer et animer une équipe de conseillers client (appels & chat).Piloter les indicateurs de performance (qualité, …",,call center / télévente,,Manager,,1500 - 2000 TND,"El Kram, Tunis",CDI,,2026-03-19,19 mars 2026,Non,Keejob,https://www.keejob.com/offres-emploi/237407/manager-d%C3%A9quipe-service-client-de-fr/
237372,Vendeur / Préparateur de Jus - TUNIS,BARIOLO,"BARIOLO, la référence du jus frais en Tunisie, cherche à recruter des vendeurs / préparateurs de jus, passionnés et dynamiques, pour renforcer ses équipes sur les points de vente suivants: …",,tourisme / hôtellerie / restauration / loisirs,,,,,Tunis,CDD | SIVP,,2026-03-19,19 mars 2026,Non,Keejob,https://www.keejob.com/offres-emploi/237372/vendeur-pr%C3%A9parateur-de-jus-tunis/
237416,vendeur/ Caissier Zara Tunisia Mall,TUNTEX,"Pour Accompagner son développement, le groupe Indigo Company, leader du marché du Retail en Tunisie, avec plus de 15 enseignes d’envergure internationale, recherche ses futurs conseillers en mode.Véritable ambassadeur de …",,commerce / vente / distribution,,,,,Ariana,,,2026-03-19,19 mars 2026,Non,Keejob,https://www.keejob.com/offres-emploi/237416/vendeur-caissier-zara-tunisia-mall/
237373,Vendeur / Préparateur de Jus - MALL OF SOUSSE,BARIOLO,"BARIOLO, la référence du jus frais en Tunisie, cherche à recruter des vendeurs / préparateurs de jus, passionnés et dynamiques, pour renforcer ses équipes sur les points de vente …",,tourisme / hôtellerie / restauration / loisirs,,,,,Sousse,CDD | SIVP,,2026-03-19,19 mars 2026,Non,Keejob,https://www.keejob.com/offres-emploi/237373/vendeur-pr%C3%A9parateur-de-jus-mall-of-sousse/
237377,Comptable Sénior,BEN YAGHLANE SHOPS,"La Société Centrale Commerciale "" Biwai Shops "" , sise à Oued Elil, recrute Un Comptable Sénior qui a pour mission : - Gérer le volet comptable selon les obligations légales - Assurer la …",,commerce / vente / distribution,,,,,La Manouba,,,2026-03-19,19 mars 2026,Non,Keejob,https://www.keejob.com/offres-emploi/237377/comptable-s%C3%A9nior/
237398,Responsable RMQ,STAROIL,Responsable Management Qualité (RMQ)📍 Lieu : Ben Arous – Tunisie (EZZAHRA / Site SETCAR)🏢 Société : SETCAR Tunisie📅 Type de contrat : CDI🎯 Disponibilité : Immédiate / à convenirSETCAR est une société …,,commerce / vente / distribution,,,,,"Ezzahra, Ben Arous",CDI,,2026-03-19,19 mars 2026,Non,Keejob,https://www.keejob.com/offres-emploi/237398/responsable-rmq/
237392,Consultant SAP S/4HANA,L'ACCUMULATEUR TUNISIEN ASSAD,"Vous êtes Ingénieur(e) en informatique ou équivalent et souhaitez relever un nouveau défi ? Nous recherchons un talent passionné, prêt à explorer l’univers SAP S/4HANA. Profil recherché : Certifié(e) SAP …",,électronique / électricité / énergie,,,,,"Bou Argoub, Nabeul",CDI,,2026-03-19,19 mars 2026,Non,Keejob,https://www.keejob.com/offres-emploi/237392/consultant-sap-s4hana/
237382,Directeur(trice) de magasin - Mall of Sousse,TUNTEX,"🚀 We are hiring – Directeur(trice) de Magasin | Mall of Sousse 🏆Vous avez l’esprit de compétition, le goût du challenge et l’envie de mener une équipe vers la performance ?Adidas recrute son/sa …",,commerce / vente / distribution,,Directeur,,,Sousse,,,2026-03-19,19 mars 2026,Non,Keejob,https://www.keejob.com/offres-emploi/237382/directeurtrice-de-magasin-mall-of-sousse/
237357,Sales Operator,ASTRAGALE,"We are a branch of an international French company, leaders in its industry, we are recruiting Sales Operator Service for the English commercial department.Your profile , Our office is located in Sousse• Proficient …",,call center / télévente,,,,1000 - 5000 TND,"Sousse Ville, Sousse",CDI | SIVP,,2026-03-19,19 mars 2026,Non,Keejob,https://www.keejob.com/offres-emploi/237357/sales-operator/
237360,Assistant(e) support vente,VEO WORLDWIDE SERVICES,"Store Network Support Assistants Profil : Commercial, acheteur et négociateur Prêt à entrer dans le monde passionnant des services B2B ? Découvrez VEO Worldwide – votre porte d'entrée vers une …",,consulting / étude / stratégie,,,,,"Sousse, Sousse",CDI,,2026-03-19,19 mars 2026,Non,Keejob,https://www.keejob.com/offres-emploi/237360/assistante-support-vente/
238031,Technicien Support Matériels,ROSE BLANCHE GROUP,"Envie de rejoindre le leader tunisien de l’agroalimentaire dans le secteur des céréales et dérivés, fort de plus de 100 ans d’innovation et de croissance continue? Vous souhaitez dynamiser votre …",,agriculture / agro-alimentaire / environnement,,,,,Sousse,CDI,,2026-03-18,18 mars 2026,Non,Keejob,https://www.keejob.com/offres-emploi/238031/technicien-support-mat%C3%A9riels/
238034,Ingénieur Recherche et Développement,VAKAY,"Dans le cadre de son programme de développement et de renforcement des équipes, La société Carthage Eyewear International Cherche à recruter des ingénieurs Recherche et développementMissionsContribuer activement aux réunions du …",,autres,,,,1600 - 1800 TND,Sfax,CDI,,2026-03-18,18 mars 2026,Non,Keejob,https://www.keejob.com/offres-emploi/238034/ing%C3%A9nieur-recherche-et-d%C3%A9veloppement/
238036,Chargé Conduite D'activité Francophone,PARTNER RECRUITMENT,"Nous recrutons pour le compte de notre client, une filiale appartenant à un groupe français reconnu, Chargé Conduite D'activité Francophone MISSIONS: Préparer les plannings des prestations de déménagement Préparer et …",,recrutement / ressources humaines,,,,1300 - 1500 TND,Tunis,CDI,,2026-03-18,18 mars 2026,Non,Keejob,https://www.keejob.com/offres-emploi/238036/charg%C3%A9-conduite-dactivit%C3%A9-francophone/
238039,Administrateur Systèmes & Réseaux,Entreprise Anonyme,"Votre missionRejoignez notre centre d’ingénierie tunisien, filiale d'un éditeur de logiciels français avec une présence internationale spécialisée dans la protection et le management des données des environnements exigeants.En tant qu’Administrateur Systèmes & Réseaux, vous serez en charge …",,,,,,2000 - 3000 TND,Tunis,CDI,,2026-03-18,18 mars 2026,Non,Keejob,https://www.keejob.com/offres-emploi/238039/administrateur-syst%C3%A8mes-r%C3%A9seaux/
238038,Chargé-e des moyens généraux,ISC CARTHAGE,"L’École Internationale de Carthage, établissement privé d’enseignement français homologué par l'AEFE, recrute un-e Chargé-e des moyens généraux.Finalité du poste : Assurer, en coordination avec sa hiérarchie, l’entretien, la maintenance préventive et corrective …",,enseignement / formation / puériculture,,,,,Tunis,CDI,,2026-03-18,18 mars 2026,Non,Keejob,https://www.keejob.com/offres-emploi/238038/charg%C3%A9-e-des-moyens-g%C3%A9n%C3%A9raux/
238040,Assistante de direction,Entreprise Anonyme,"Entreprise spécialisée dans l’entretien automobile et la vente de pièces détachées, cherchant à renforcer son équipe avec une assistante administrative organisée et dynamique.Missions :Accueil des clients et gestion des appels …",,,,,,600 - 650 TND,"Mnihla, Ariana",CDI | SIVP,,2026-03-18,18 mars 2026,Non,Keejob,https://www.keejob.com/offres-emploi/238040/assistante-de-direction/
238044,Opérateurs de Production Spécialisés,ETABLISSEMENTS ABDELMOULA,"Objet : Recrutement d'Opérateurs de Production Spécialisés - Secteur Huiles & Corps GrasPrésentation : Les Établissements ABDELMOULA, leader dans le secteur de l'agroalimentaire spécialisé dans la production d'huiles et de graisses …",,agriculture / agro-alimentaire / environnement,,,,,"Mannouba, La Manouba",CDI,,2026-03-18,18 mars 2026,Non,Keejob,https://www.keejob.com/offres-emploi/238044/op%C3%A9rateurs-de-production-sp%C3%A9cialis%C3%A9s/
238045,Production Pharmacist,Entreprise Anonyme,"Accountabilities : •Follows all relevant Plant policies, processes and standard operating procedures so that work is carried out in a controlled and consistent manner. •Implements the day-to-day operations assigned for …",,,,,,999 - 9999 TND,Tunis,CDI,,2026-03-18,18 mars 2026,Non,Keejob,https://www.keejob.com/offres-emploi/238045/production-pharmacist/
238046,Chef de Fabrication - Agroalimentaire,ETABLISSEMENTS ABDELMOULA,"Pionnier de son secteur et forte de plus de 60 ans d’expertise dans le domaine de l’industrie des corps gras et des huiles végétales, Etablissements ABDELMOULA recherche pour son usine sise à …",,agriculture / agro-alimentaire / environnement,60 ans d’exp,,,,"Mannouba, La Manouba",CDI,,2026-03-18,18 mars 2026,Non,Keejob,https://www.keejob.com/offres-emploi/238046/chef-de-fabrication-agroalimentaire/
238047,QC Analyst,Entreprise Anonyme,"Assurer la conformité aux BPF, BPL, BPD, règles de sécurité, et standards de Hikma. Rédiger, appliquer et respecter les procédures opérationnelles standard (SOP). Assurer la mission de Data Reviewer au sein d’un …",,,,,,1000 - 2000 TND,Tunis,CDI,,2026-03-18,18 mars 2026,Non,Keejob,https://www.keejob.com/offres-emploi/238047/qc-analyst/
238041,Comptable,AB AUDIT,Cabinet de Conseil situé au Lac 1 recrute Jeune Diplomé(e) en comptabilité avec ou sans expérience Possibilité d'évoluer en interne vers les activité de conseil en fonction de vos aptitudes. …,,comptabilité / gestion / audit,,Sans exp,,599 - 750 TND,"La Marsa, Tunis",SIVP,,2026-03-18,18 mars 2026,Non,Keejob,https://www.keejob.com/offres-emploi/238041/comptable/
238051,Gestionnaire backoffice(Français/Anglais),CPL JOBS,"Nous recrutons au sein de notre structure des gestionnaires Santé :- Vous Conseillez les assurés et les accompagnez quelque soit le canal qu'ils choisissent : Téléphone, mail ou courrier -Vous contribuez …",,recrutement / ressources humaines,,,,1050 - 1200 TND,"El Kram, Tunis",CDI,,2026-03-18,18 mars 2026,Non,Keejob,https://www.keejob.com/offres-emploi/238051/gestionnaire-backofficefran%C3%A7aisanglais/
238053,"commercial grand tunis, nord ouest et sud",Entreprise Anonyme,"Société de Distribution de marques de renommées en électroménagers; piles, ustensiles de cuisine et puériculture recrute des commerciaux et commerciales dans la région du grand Tunis, nord ouest qui sera …",,,,,,999 - 1500 TND,"Cite El Khadra, Tunis",CDI,,2026-03-18,18 mars 2026,Non,Keejob,https://www.keejob.com/offres-emploi/238053/commercial-grand-tunis-nord-ouest-et-sud/
238054,responsable marketing senior,Entreprise Anonyme,Nous recherchons un(e) Responsable Marketing Senior expérimenté(e) et stratégique pour piloter et dynamiser nos activités marketing. Ce rôle clé consiste à définir et à mettre en œuvre une stratégie marketing …,,,,Senior,,1500 - 2700 TND,"Cite El Khadra, Tunis",CDI,,2026-03-18,18 mars 2026,Non,Keejob,https://www.keejob.com/offres-emploi/238054/responsable-marketing-senior/
238026,Production Engineer,ZOPPAS INDUSTRIES,"Zoppas Industries Heating Element Technologies (ZIHET) based in Italy in Vittorio Veneto with a global presence boasting over 8000 employees and 15 production sites across Europe, Africa, America, and Asia, ZIHET plays …",,électronique / électricité / énergie,,,,,"Sahline, Monastir",CDI,,2026-03-18,18 mars 2026,Non,Keejob,https://www.keejob.com/offres-emploi/238026/production-engineer/
238029,commercial,GEI,"GEI distribue en Tunisie des marques internationales telles que Braun, Fackelmann, Mellita, Kühne, etc...Depuis 35 ans, GEI fait partie des leaders de la distribution en Tunisie et est présente dans …",,commerce / vente / distribution,,,,,"Sousse Ville, Sousse",CDI,,2026-03-18,18 mars 2026,Non,Keejob,https://www.keejob.com/offres-emploi/238029/commercial/
238013,Profs de physique et Maths,CASCADE TUNISIE,Notre centre de formation recherche des étudiant(e)s d'Ecoles d’ingénieur ou Ecoles de commerce ou des jeunes diplômé(e)s pour donner des cours de Physique chimie et Mathématiques en Télétravail en langue française à …,,enseignement / formation / puériculture,,,,1500 - 3000 TND,"Cite El Khadra, Tunis",CDI | CDD | Indépendant/Freelance | Saisonnier | Stage,,2026-03-18,18 mars 2026,Non,Keejob,https://www.keejob.com/offres-emploi/238013/profs-de-physique-et-maths-en-t%C3%A9l%C3%A9travail/
237950,commerciaux,STE EXPERTS DE VITRAGE AUTOS,"Nous recrutons des commerciaux avec expérience pour développer et fidéliser notre portefeuille clients.Missions :Prospection et développement commercialGestion et fidélisation des clientsNégociation et conclusion des ventesProfil :Expérience commerciale confirméeAutonomie, dynamisme, sens du résponsabiltéFormation …",,commerce / vente / distribution,,,,30 - 100 TND,"Mornaguia, La Manouba",CDI,,2026-03-18,18 mars 2026,Non,Keejob,https://www.keejob.com/offres-emploi/237950/commerciaux/
237309,Professeur de technologie,ISC CARTHAGE,"L’École Internationale de Carthage, établissement privé d’enseignement français homologué par l'AEFE, recrute un(e) Professeur(e) de Technologie.Mission principale :Accompagner les élèves dans leur progression scolaire, promouvoir leur développement personnel et intellectuel, encourager leur …",,enseignement / formation / puériculture,,,,,Ariana,CDI,,2026-03-18,18 mars 2026,Non,Keejob,https://www.keejob.com/offres-emploi/237309/professeur-de-technologie/
237331,Ingénieur Structures,SCET TUNISIE,SCET-TUNISIE (Société Centrale Pour l’Equipement du Territoire –TUNISIE) bureau d’études leader dans le domaine de l’ingénierie recrute un ingénieur structure. Profil recherché : ✅Ingénieur Génie Civil - Structure (Bac+5) …,,consulting / étude / stratégie,,,,1111 - 2222 TND,Tunis,CDI,,2026-03-18,18 mars 2026,Non,Keejob,https://www.keejob.com/offres-emploi/237331/ing%C3%A9nieur-structures/
237337,Planificateur,ASTEELFLASH,"Mission : Sous la responsabilité hiérarchique et fonctionnelle du Program Manager, vous aurez comme mission : Saisir les commandes et les prévisionnels client à temps.Assurer le bon lissage des besoins client …",,électronique / électricité / énergie,,Manager,,,"La Soukra, Ariana",CDI,,2026-03-18,18 mars 2026,Non,Keejob,https://www.keejob.com/offres-emploi/237337/planificateur/
237324,Vendeur/ Caissier Stradivarius Mall of Sfax,TUNTEX,"Pour Accompagner son développement, le groupe Indigo Company, leader du marché du Retail en Tunisie, avec plus de 15 enseignes d’envergure internationale, recherche ses futurs conseillers en mode.Véritable ambassadeur de …",,commerce / vente / distribution,,,,,Sfax,,,2026-03-18,18 mars 2026,Non,Keejob,https://www.keejob.com/offres-emploi/237324/vendeur-caissier-stradivarius-mall-of-sfax/
237316,Vendeur/ Caissier Zara Tunisia Mall,TUNTEX,"Pour Accompagner son développement, le groupe Indigo Company, leader du marché du Retail en Tunisie, avec plus de 15 enseignes d’envergure internationale, recherche ses futurs conseillers en mode.Véritable ambassadeur de …",,commerce / vente / distribution,,,,,Ariana,,,2026-03-18,18 mars 2026,Non,Keejob,https://www.keejob.com/offres-emploi/237316/vendeur-caissier-zara-tunisia-mall/
237325,Vendeur/ Caissier Massimo Dutti Mall of Sfax,TUNTEX,"Pour Accompagner son développement, le groupe Indigo Company, leader du marché du Retail en Tunisie, avec plus de 15 enseignes d’envergure internationale, recherche ses futurs conseillers en mode.Véritable ambassadeur de …",,commerce / vente / distribution,,,,,Sfax,,,2026-03-18,18 mars 2026,Non,Keejob,https://www.keejob.com/offres-emploi/237325/vendeur-caissier-massimo-dutti-mall-of-sfax/
237347,ouvrier polyvalent,Entreprise Anonyme,Nous recherchons un ouvrier dynamique et motivé pour rejoindre notre équipe. Vos missions incluront :La réalisation de tâches manuelles et techniques.Le respect des normes de sécurité et de qualité.La participation …,,,,,,700 - 750 TND,"Ben Arous, Ben Arous",CDI,,2026-03-18,18 mars 2026,Non,Keejob,https://www.keejob.com/offres-emploi/237347/ouvrier-polyvalent/
237303,Télé-gestionnaire avec un bon Français,CPL JOBS,"Vous Parlez trés bien l'anglais et le Français et vous cherchez la melleure opportunité, nous recrutons des conseillers clients pour plusieurs opérations ( Niveau C1 anglais et français).Votre Mission : Recevoir …",,recrutement / ressources humaines,,,,,"Raoued, Ariana",CDI,,2026-03-18,18 mars 2026,Non,Keejob,https://www.keejob.com/offres-emploi/237303/t%C3%A9l%C3%A9-gestionnaire-avec-un-bon-fran%C3%A7ais/
237302,Agent Helpdesk langue Portugaise,CPL JOBS,"Vous maîtrisez parfaitement la langue Portugaise ?Vous maîtrisez l’outil informatique ?Vous recherchez un job d’avenir, valorisant et évolutif ?Dans le Cadre de son développement continu, CPLJOBS recrute des conseillers en Portugais …",,recrutement / ressources humaines,,,,1500 - 1700 TND,"Raoued, Ariana",CDI | SIVP,,2026-03-18,18 mars 2026,Non,Keejob,https://www.keejob.com/offres-emploi/237302/agent-helpdesk-langue-portugaise/
237307,Contrôleur de gestion,Entreprise Anonyme,"Nous recherchons un(e) Contrôleur de Gestion Confirmé(e) pour rejoindre notre équipe afin d’assurer la fiabilité et la précision de nos analyses financières, soutenir la prise de décision, et participer activement …",,,,,,,"Cite El Khadra, Tunis",CDI,,2026-03-18,18 mars 2026,Non,Keejob,https://www.keejob.com/offres-emploi/237307/contr%C3%B4leur-de-gestion/
237317,Vendeur/ Caissier LCW Tunisia Mall,TUNTEX,"Pour Accompagner son développement, le groupe Indigo Company, leader du marché du Retail en Tunisie, avec plus de 15 enseignes d’envergure internationale, recherche ses futurs conseillers en mode.Véritable ambassadeur de …",,commerce / vente / distribution,,,,,Ariana,,,2026-03-18,18 mars 2026,Non,Keejob,https://www.keejob.com/offres-emploi/237317/vendeur-caissier-lcw-tunisia-mall/
237308,Technicien Sécurité et Accueil,SOTUCHOC,"SOTUCHOC, Société Tunisienne de Chocolaterie et de Confiserie, spécialisée dans la fabrication de produits à base de chocolat et de confiseries diverses, Leader national dans le domaine de l’agroalimentaire. Nous …",,agriculture / agro-alimentaire / environnement,,,,,"Mornaguia, La Manouba",CDI | SIVP,,2026-03-18,18 mars 2026,Non,Keejob,https://www.keejob.com/offres-emploi/237308/technicien-s%C3%A9curit%C3%A9-et-accueil/
237305,Você domina perfeitamente a língua portuguesa,CPL JOBS,"Você domina perfeitamente a língua portuguesa? Você tem conhecimentos em informática? Está à procura de um emprego promissor, valorizador e com oportunidades de crescimento? No âmbito do seu desenvolvimento contínuo, …",,recrutement / ressources humaines,,,,1000 - 1001 TND,"Raoued, Ariana",CDI | SIVP,,2026-03-18,18 mars 2026,Non,Keejob,https://www.keejob.com/offres-emploi/237305/voc%C3%AA-domina-perfeitamente-a-l%C3%ADngua-portuguesa/
237311,Ingénieur Applicatif,CRIT,"CRIT Tunisie recrute pour le compte de son client, acteur majeur dans le secteur financier, un Ingénieur Applicatif passionné par le développement logiciel et les technologies Data, Machine Learning et Intelligence Artificielle.En tant qu’Ingénieur …",,recrutement / ressources humaines,,,,,Tunis,CDI,,2026-03-18,18 mars 2026,Non,Keejob,https://www.keejob.com/offres-emploi/237311/ing%C3%A9nieur-applicatif/
237313,Chargé(e) de Création Multimédia,ISC CARTHAGE,"L’École Internationale de Carthage, établissement privé d’enseignement français homologué par l'AEFE, recrute un(e) Chargé(e) de Création Multimédia.Finalité du poste :Contribuer à la valorisation de l’image et des activités de l’ISC en concevant et …",,enseignement / formation / puériculture,,,,,"Carthage, Tunis",CDI,,2026-03-18,18 mars 2026,Non,Keejob,https://www.keejob.com/offres-emploi/237313/charg%C3%A9e-de-cr%C3%A9ation-multim%C3%A9dia/
237335,Chargé(e) de Recouvrement Contentieux,EL AMEL MICROFINANCE,Mission principale:Assurer le recouvrement des créances en phase contentieuse et suivre les dossiers en procédure judiciaire afin de réduire le taux d’impayés.Activités et responsabilités:Identifier et traiter les dossiers transférés au …,,banque / finance / assurances,,,,,Ben Arous,CDI,,2026-03-18,18 mars 2026,Non,Keejob,https://www.keejob.com/offres-emploi/237335/charg%C3%A9e-de-recouvrement-contentieux/
237328,Caissier / Caissière,POULINA GROUP HOLDING,"🚀 Nous recrutons ! Vous êtes dynamique, rigoureux(se) et doté(e) d’un excellent sens du service client ? Vous souhaitez évoluer dans le secteur de la grande distribution, avec ou sans …",,agriculture / agro-alimentaire / environnement,,,,,Mahdia,,,2026-03-18,18 mars 2026,Non,Keejob,https://www.keejob.com/offres-emploi/237328/caissier-caissi%C3%A8re/
237336,Responsable Point de vente City Market,POULINA GROUP HOLDING,"🚀 Nous recrutons ! Vous avez le sens du leadership, une forte capacité d’organisation et une orientation résultats ? Vous disposez d’une expérience confirmé (de 2 à 5 ans) en …",,agriculture / agro-alimentaire / environnement,,,,,Mahdia,,,2026-03-18,18 mars 2026,Non,Keejob,https://www.keejob.com/offres-emploi/237336/responsable-point-de-vente-city-market/
237332,Urbaniste,SCET TUNISIE,"SCET-TUNISIE, faisant part des leaders de l’ingénierie en Afrique souhaite renforcer son équipe et poursuivre le développement des activités dans le domaine de l’urbanisme et de l’aménagement du territoire sur …",,consulting / étude / stratégie,,,,1111 - 2222 TND,"Centre ville, Tunis",CDI,,2026-03-18,18 mars 2026,Non,Keejob,https://www.keejob.com/offres-emploi/237332/urbaniste/
237333,Chef de caisse,POULINA GROUP HOLDING,"🚀 Nous recrutons ! Vous avez le sens des responsabilités, une capacité d’organisation et une expérience en gestion des opérations de caisse ? Vous disposez d’une expérience confirmée dans un …",,agriculture / agro-alimentaire / environnement,,,,,Mahdia,,,2026-03-18,18 mars 2026,Non,Keejob,https://www.keejob.com/offres-emploi/237333/chef-de-caisse/
237340,Téléconseillers en Relations Humaines,TANIS,"🌟 TANIS RECRUTE – REJOIGNEZ UNE ÉQUIPE PAS COMME LES AUTRES ! TANIS, filiale d’un groupe français, leader international dans le domaine des relations humaines et de la parapsychologie, basée …",,call center / télévente,,,,700 - 1500 TND,"Ariana Ville, Ariana",CDI | SIVP,,2026-03-18,18 mars 2026,Non,Keejob,https://www.keejob.com/offres-emploi/237340/t%C3%A9l%C3%A9conseillers-en-relations-humaines/
237339,Commercial Zone Tunisia,Entreprise Anonyme,"Société, leader sur le marché tunisien , cherche à renforcer son capital humain par le recrutement un jeune homme commercialDescriptif du poste– Développer, animer et fidéliser une clientèle sur notre …",,,,,,1500 - 1700 TND,"Sbikha, Kairouan",CDI,,2026-03-18,18 mars 2026,Non,Keejob,https://www.keejob.com/offres-emploi/237339/commercial-zone-tunisia/
237341,Responsable Planification,ETABLISSEMENTS ABDELMOULA,📍 Lieu : Usine Denden – Manouba🏢 Entreprise : Etablissements ABDELMOULA – Leader dans l’industrie des corps gras et huiles végétales depuis plus de 60 ans À propos de …,,agriculture / agro-alimentaire / environnement,,,,,"Mannouba, La Manouba",CDI,,2026-03-18,18 mars 2026,Non,Keejob,https://www.keejob.com/offres-emploi/237341/responsable-planification/
237348,technicien de maintenance,Entreprise Anonyme,Description du poste : Nous recherchons un technicien de maintenance compétent et motivé pour rejoindre notre équipe. Vous serez responsable de : Assurer la maintenance préventive et corrective des équipements. …,,,,,,700 - 800 TND,"Ben Arous, Ben Arous",CDI,,2026-03-18,18 mars 2026,Non,Keejob,https://www.keejob.com/offres-emploi/237348/technicien-de-maintenance/
237346,Vendeur/ Caissier Zara Mall of Sousse,TUNTEX,"Pour Accompagner son développement, le groupe Indigo Company, leader du marché du Retail en Tunisie, avec plus de 15 enseignes d’envergure internationale, recherche ses futurs conseillers en mode.Véritable ambassadeur de …",,commerce / vente / distribution,,,,,Sousse,,,2026-03-18,18 mars 2026,Non,Keejob,https://www.keejob.com/offres-emploi/237346/vendeur-caissier-zara-mall-of-sousse/
237349,RESPONSABLE CONTROLE DE GESTION,Entreprise Anonyme,"La société ""L'ART DE DECORATION"" cherche un responsable contrôle de gestion, pour joindre son équipe.Son rôle consiste à assurer le pilotage de la performance économique et financière de l’entreprise. Il …",,,,,,2800 - 3000 TND,"Sousse Riadh, Sousse",CDI,,2026-03-18,18 mars 2026,Non,Keejob,https://www.keejob.com/offres-emploi/237349/responsable-controle-de-gestion/
237353,"Agent Immobilier, Chez Tecnocasa Kélibia",TECNOCASA GROUP,"Dans le cadre du développement de notre agence, nous recherchons des agents immobiliers motivés, ambitieux et prêts à relever de nouveaux défis.Missions :Prospection terrain et téléphoniqueDéveloppement et gestion d’un portefeuille …",,architecture / immobilier / BTP,,,,600 - 800 TND,"Kelibia, Nabeul",CDI | SIVP,,2026-03-18,18 mars 2026,Non,Keejob,https://www.keejob.com/offres-emploi/237353/agent-immobilier-chez-tecnocasa-k%C3%A9libia/
237295,Sourcer France,VEO WORLDWIDE SERVICES,"Chargé(e) de recherche en Recrutement ( France) ,SoussePrêt à entrer dans le monde passionnant des services B2B ?Découvrez VEO Worldwide – votre porte d'entrée vers une carrière dynamique !Depuis 19 …",,consulting / étude / stratégie,,,,,"Sousse, Sousse",CDI,,2026-03-18,18 mars 2026,Non,Keejob,https://www.keejob.com/offres-emploi/237295/sourcer-france/
237289,Développeur Sénior Wordpress (Basé à Sfax),METAM,"Metam Tunisie est une entreprise offrant des services de développement de logiciel, des solutions WEB, ainsi que des services conseil pour les implémentations des ERP. Une organisation dynamique résolument ouverte sur le monde avec des bureaux au Canada,Tunisie, Irland e France. Les projets …",,informatique / télécoms,,,,,Sfax,CDI,,2026-03-18,18 mars 2026,Non,Keejob,https://www.keejob.com/offres-emploi/237289/d%C3%A9veloppeur-s%C3%A9nior-wordpress-bas%C3%A9-%C3%A0-sfax/
237293,Customer Service Support,OUTSOURCIA,"The Outsourcia Group specialises in outsourcing services: remote, multiservice, multilingual and multichannel customer relationship management (call centres, e-mail management, chat solutions, telemarketing and customer relations on social networks), back office …",,call center / télévente,,,,1300 - 3000 TND,Ariana,CDI | SIVP,Teletravail,2026-03-18,18 mars 2026,Non,Keejob,https://www.keejob.com/offres-emploi/237293/customer-service-support/
237975,Cariste,ARTUS,Artus recrute pour le compte de son client un Cariste (H/F). Missions : Conduire un chariot élévateur pour la manutention des marchandises. Assurer le chargement et le déchargement des produits. …,,recrutement / ressources humaines,,,,,"Bab Bhar, Tunis",CDI,,2026-03-17,17 mars 2026,Non,Keejob,https://www.keejob.com/offres-emploi/237975/cariste/
237979,OPERATEUR PRODUCTION,PHARMAGHREB,"les Laboratoires Pharmaghreb recrute immédiatement pour son site de production situé dans la zone industrielle Charguia 2 , Ariana , des Opérateurs de production (H/F) Rattaché(e) au Superviseur de Production, Missions principales :-Réaliser …",,santé / paramédical / optique,,,,,"La Soukra, Ariana",CDI | CDD,,2026-03-17,17 mars 2026,Non,Keejob,https://www.keejob.com/offres-emploi/237979/prodrh-032026/
237982,operateur de fabrication formes pâteuses,PHARMAGHREB,"Pharmaghreb cherche pour son site de production situé dans la zone industrielle Charguia 2 , Ariana , Opérateur de fabrication pharmaceutique (H/F) Rattaché(e) au Superviseur de Production, vos missions seront les …",,santé / paramédical / optique,,,,800 - 1000 TND,"La Soukra, Ariana",CDI | CDD,,2026-03-17,17 mars 2026,Non,Keejob,https://www.keejob.com/offres-emploi/237982/operateur-de-fabrication-formes-p%C3%A2teuses/
237981,Retail Marketing Products Officer,BANK ABC,"Bank ABC is reinforcing their Retail & Digital Banking Department with the hiring of a Retail Marketing Products Officer.As part of its ongoing growth and expansion strategy, ABC Bank Tunisia is …",,banque / finance / assurances,,,,,Tunis,CDI,,2026-03-17,17 mars 2026,Non,Keejob,https://www.keejob.com/offres-emploi/237981/retail-marketing-products-officer/
237983,Technicien superieur labo,PHARMAGHREB,La Société Pharmaghreb recrute : Technicien(e) supérieur(e) en chimie Analytique ou fine ou diplôme équivalent ( BTS ) avec un minimum d’ancienneté de 2-4 années dans le laboratoire physicochimique …,,santé / paramédical / optique,2-4 an,,,800 - 1100 TND,"La Soukra, Ariana",CDI | CDD,,2026-03-17,17 mars 2026,Non,Keejob,https://www.keejob.com/offres-emploi/237983/technicien-superieur-labo/
237974,Commercial,TRUSTSAFE SECURITY,"Chargé(e) de la gestion administrative et de la relation clientèle au sein de notre entreprise.📌 Missions :• Suivi et gestion de la relation avec les clients• Préparation des devis, factures …",,informatique / télécoms,,,,500 - 1000 TND,Tunis,CDI | CDD | SIVP,,2026-03-17,17 mars 2026,Non,Keejob,https://www.keejob.com/offres-emploi/237974/commercial-informatique/
237986,Superviseur Senior Électricité & Déploiement,CRIT,"CRIT recrute pour le compte de son client, un Superviseur Senior Électricité & Déploiement - Coordinateur planification:Mission principale :Le Coordinateur Déploiement des Compteurs Intelligents est responsable de la coordination des opérations entre la …",,recrutement / ressources humaines,,Senior,,,Ben Arous,CDI | Indépendant/Freelance,,2026-03-17,17 mars 2026,Non,Keejob,https://www.keejob.com/offres-emploi/237986/superviseur-senior-%C3%A9lectricit%C3%A9-d%C3%A9ploiement/
237990,Ingénieur Qualité,ROLCAR TUNISIA,"La société ROLCar, spécialisée dans la fabrication de lève-vitres manuels et électriques destinés au secteur automobile, recrute un jeune diplômé (Homme) ""Ingénieur Qualité"" pour renforcer son équipe.🎯 Missions :Mettre en …",,industrie électro-mécaniques,,,,800 - 1000 TND,"Nabeul, Nabeul",SIVP,,2026-03-17,17 mars 2026,Non,Keejob,https://www.keejob.com/offres-emploi/237990/ing%C3%A9nieur-qualit%C3%A9/
237992,Approvisionneur,ASTEELFLASH,Mission Assurer le passage des ordres d’achat en commandes fournisseurs dans les délais.Assurer la réception des accusés des commandes fournisseurs.Alerter le responsable hiérarchique pour toute non-conformité dans les accusées des fournisseurs.Envoyer …,,électronique / électricité / énergie,,,,,"La Soukra, Ariana",CDI,,2026-03-17,17 mars 2026,Non,Keejob,https://www.keejob.com/offres-emploi/237992/approvisionneur/
237988,ingénieur Électromécanique,ROLCAR TUNISIA,"La société ROLCar, spécialisée dans la fabrication de lève-vitres manuels et électriques destinés au secteur automobile, recrute un jeune diplômé(Homme) ""ingénieur Électromécanique"" pour renforcer son équipe.🎯 Missions :Assurer la maintenance …",,industrie électro-mécaniques,,,,800 - 1000 TND,"Nabeul, Nabeul",SIVP,,2026-03-17,17 mars 2026,Non,Keejob,https://www.keejob.com/offres-emploi/237988/ing%C3%A9nieur-%C3%A9lectrom%C3%A9canique/
237989,Ingénieur Développement Mobile,Entreprise Anonyme,"INGÉNIEUR DÉVELOPPEMENT MOBILE Missions principales En tant qu’Ingénieur Mobile, vous serez au cœur du développement de nos applications. Développement mobile Concevoir et développer l’application mobile (Android & iOS) Assurer la …",,,,,,1400 - 2500 TND,"El Kram, Tunis",CDI,,2026-03-17,17 mars 2026,Non,Keejob,https://www.keejob.com/offres-emploi/237989/ing%C3%A9nieur-d%C3%A9veloppement-mobile/
237994,Directeur Financier,Entreprise Anonyme,"MissionsRattaché au Directeur Général et membre du Codir, vous modélisez les flux financiers de l’entreprise dans le respect des normes en vigueur afin de consolider les informations nécessaires pour toute …",,,,Directeur,,7000 - 10000 TND,Ariana,CDI,,2026-03-17,17 mars 2026,Non,Keejob,https://www.keejob.com/offres-emploi/237994/directeur-financier/
237995,Ingénieur Electrique,PROBAT,"PROBAT recrute 2 ingénieurs en électricité pour suivi des projets : Plans et attachement. La connaissance pratique en AUTOCAD est exigée, Revit (optionnel). La mission sera sur chantier : suivi …",,architecture / immobilier / BTP,,,,1800 - 2800 TND,"Le Bardo, Tunis",CDI | CDD | SIVP,,2026-03-17,17 mars 2026,Non,Keejob,https://www.keejob.com/offres-emploi/237995/ing%C3%A9nieur-electrique/
238005,Chef de Projet dynamique,CREATIV INCENTIVE TUNISIA,"📍 Lieu : La Marsa Plage 🧭 Description du poste En tant que Chef de Projet en tourisme d’affaires, vous êtes responsable de la conception, de l’organisation et de la …",,tourisme / hôtellerie / restauration / loisirs,,,,600 - 1200 TND,"La Marsa, Tunis",CDI | Saisonnier,,2026-03-17,17 mars 2026,Non,Keejob,https://www.keejob.com/offres-emploi/238005/chef-de-projet-dynamique/
238007,Comptable,Entreprise Anonyme,"CMR AUDIT, cabinet d’expertise comptable situé à El Menzah 9A, recrute des comptables dans le cadre du renforcement de son équipe. Nous sommes à la recherche de candidats motivés, rigoureux …",,,,,,,"El Menzah, Tunis",CDI | SIVP,,2026-03-17,17 mars 2026,Non,Keejob,https://www.keejob.com/offres-emploi/238007/comptables/
238008,Responsable études et chiffrage,TUNISIE PROFILES ALUMINIUM,"Rejoignez le leader du secteur de l'aluminium en Tunisie !Tunisie Profilés Aluminium est une société tunisienne leader dans le domaine de l'aluminium depuis plus que 45 ans, elle est spécialisée …",,industrie métalliques,,,,,"Megrine, Ben Arous",,,2026-03-17,17 mars 2026,Non,Keejob,https://www.keejob.com/offres-emploi/238008/responsable-%C3%A9tudes-et-chiffrage/
238009,Responsable Ressources Humaines (H/F),VAKAY,"Dans le cadre de notre développement, nous recherchons un(e) Responsable Ressources Humaines dynamique et expérimenté(e) pour rejoindre notre équipe à Sfax.Mission principale : Définir et piloter la stratégie RH en alignement …",,autres,,,,1200 - 1600 TND,Sfax,CDI,,2026-03-17,17 mars 2026,Non,Keejob,https://www.keejob.com/offres-emploi/238009/responsable-ressources-humaines-hf/
238011,Ingénieur Technico-commercial,GEI,Nous recrutons : un Ingénieur Technico-commercial Vous êtes ingénieur de formation avec un sens aigu du commerce ?Vous souhaitez relever le défi de développer la vente de machines de nettoyage professionnelles auprès d’une …,,commerce / vente / distribution,,,,,"Ben Arous, Ben Arous",CDI,,2026-03-17,17 mars 2026,Non,Keejob,https://www.keejob.com/offres-emploi/238011/ingenieur-technico-commercial/
238012,Chargé(e) de Service Client BtoB,ACTIVE CONTACT,Vous avez une solide expérience en service client BtoB et des compétences techniques ? Vous êtes dynamique et capable de jongler entre différents types de demandes ? Nous recherchons un(e) Chargé(e) de …,,call center / télévente,,,,900 - 1000 TND,"Centre ville, Tunis",CDI | SIVP,,2026-03-17,17 mars 2026,Non,Keejob,https://www.keejob.com/offres-emploi/238012/charg%C3%A9e-de-service-client-btob/
238015,Infirmière,ASTEELFLASH,Missions principales :Assurer les soins infirmiers et les premiers secours en cas d’accident de travail ou de malaiseGarantir le suivi médical du personnel en coordination avec la médecine du travailParticiper …,,électronique / électricité / énergie,,,,,"La Soukra, Ariana",CDI,,2026-03-17,17 mars 2026,Non,Keejob,https://www.keejob.com/offres-emploi/238015/infirmi%C3%A8re/
238017,Conducteur machine,Entreprise Anonyme,"Multinationale activant dans le secteur pharmaceutique recrute :Conducteur machine:Exigences du poste:Responsable du saisi des paramètres de la machine, notamment la pression, la stabilité et la vitesse, pour s’assurer que la ligne …",,,,,,1000 - 2000 TND,Tunis,CDI,,2026-03-17,17 mars 2026,Non,Keejob,https://www.keejob.com/offres-emploi/238017/conducteur-machine/
238018,Auditeur Comptable,Entreprise Anonyme,"Cabinet d'expertise comptable sis à rue Syrie- Tunis, cherche à recruter :- Titulaire d’un Mastère Professionnel en Comptabilité ou d’un diplôme de CES/CCA de Révision Comptable.- Maîtrise des logiciels de bureautique (notamment Excel, …",,,,,,700 - 1000 TND,"Centre ville, Tunis",CDI | CDD | SIVP,,2026-03-17,17 mars 2026,Non,Keejob,https://www.keejob.com/offres-emploi/238018/auditeur-comptable/
238004,Cyber Security Analyst,BANK ABC,"Bank ABC is further reinforcing their Cyber Security Unit with the hiring of a Cyber Security Analyst.I - Principal Responsibilities, Accountabilities and Deliverables of Role:As a Cyber Security Analyst you will …",,banque / finance / assurances,,,,,Tunis,,,2026-03-17,17 mars 2026,Non,Keejob,https://www.keejob.com/offres-emploi/238004/cybersecurity-analyst/
238016,Business Analyst Transport,VEO WORLDWIDE SERVICES,Business Analyst Transport – Senior (H/F)📍 Sousse | CDI🌍 À propos de VEO Worldwide ServicesFournisseur de services B2B basé en Europe et un acteur reconnu du secteur depuis plus de …,,consulting / étude / stratégie,,Senior,,,"Sousse, Sousse",CDI,,2026-03-17,17 mars 2026,Non,Keejob,https://www.keejob.com/offres-emploi/238016/business-analyst-transport/
238020,CHEF DE PRODUIT,GEI,"GEI distribue en Tunisie des marques internationales de premier plan telles que TITANIA , BRAUN, BEURER , PHERGAL, BELL,etc...Depuis 36 ans, GEI fait partie des leaders de la distribution en …",,commerce / vente / distribution,,,,,"Ben Arous, Ben Arous",CDI,,2026-03-17,17 mars 2026,Non,Keejob,https://www.keejob.com/offres-emploi/238020/chef-de-produit/
238021,Analyste Reporting & KPI,ROSE BLANCHE GROUP,"Envie de rejoindre le leader tunisien de l’agroalimentaire dans le secteur des céréales et dérivés, fort de plus de 100 ans d’innovation et de croissance continue? Vous souhaitez dynamiser votre …",,agriculture / agro-alimentaire / environnement,,,,,"Sousse Ville, Sousse",CDI,,2026-03-17,17 mars 2026,Non,Keejob,https://www.keejob.com/offres-emploi/238021/analyste-reporting-kpi/
238014,Community Manager,Entreprise Anonyme,MissionsVous êtes la voix de la société sur le web. Votre objectif est de faire rayonner notre marque auprès des enseignants et des étudiants. Vos principales sont :Animation et modération des …,,,,,,800 - 1000 TND,"Ariana Ville, Ariana",SIVP,,2026-03-17,17 mars 2026,Non,Keejob,https://www.keejob.com/offres-emploi/238014/community-manager/
238022,TECHNICO-COMMERCIAL,GEI,"GEI distribue en Tunisie des marques internationales telles que Kärcher, Braun, Beurer, Techwood, etc...Depuis 35 ans, GEI fait partie des leaders de la distribution en Tunisie et est présente aussi bien …",,commerce / vente / distribution,,,,,"Ben Arous, Ben Arous",CDI,,2026-03-17,17 mars 2026,Non,Keejob,https://www.keejob.com/offres-emploi/238022/technico-commercial/
238023,COMMERCIAUX PRODUITS COSMETIQUES,GEI,"GEI distribue en Tunisie des marques internationales de premier plan telles que TITANIA , BRAUN, BEURER , PHERGAL, BELL,etc...Depuis 35 ans, GEI fait partie des leaders de la distribution en …",,commerce / vente / distribution,,,,,"Ben Arous, Ben Arous",CDI,,2026-03-17,17 mars 2026,Non,Keejob,https://www.keejob.com/offres-emploi/238023/commerciaux-produits-cosmetiques/
238024,CADRE GESTIONNAIRE,GEI,"GEI représente en Tunisie des marques internationales de petit électroménager et d'articles de ménage telles que Braun, Kärcher, Beurer, Fackelmann, MelittaDepuis 32 ans, GEI fait partie des leaders de la …",,commerce / vente / distribution,,,,,"Ben Arous, Ben Arous",CDI,,2026-03-17,17 mars 2026,Non,Keejob,https://www.keejob.com/offres-emploi/238024/cadre-gestionnaire/
238003,Formateur,INSTITUT DES SCIENCES ECONOMIQUES ET DE GESTION,Nous recherchons des formateurs qualifiés en commerce pour rejoindre notre équipe et dispenser des cours dans les domaines du commerce international et de la gestion.🎓 Spécialités demandées :CommerceMarketing internationalÉtudes de marchéTransactions …,,enseignement / formation / puériculture,,,,800 - 900 TND,Tunis,CDI,,2026-03-17,17 mars 2026,Non,Keejob,https://www.keejob.com/offres-emploi/238003/formateur-formatrice-en-commerce/
237966,Psychics Advisors,TANIS,"Jupiter, call center at Tunis: We are a French multinational that is recruiting for our branch based in Tunisia for the last 10 years ,we are recruiting for the english …",,call center / télévente,,,,700 - 1500 TND,"Ettadhamen, Ariana",CDI | SIVP,,2026-03-17,17 mars 2026,Non,Keejob,https://www.keejob.com/offres-emploi/237966/psychics-advisors/
237968,Coordinateur marketing,AZIZA,"AZIZA, enseigne leader de la grande distribution en Tunisie et filiale d’un groupe de renom, poursuit sa croissance et renforce ses équipes en recrutant un(e) Coordinateur(trice) Marketing.Vos principales responsabilités : Gérer le …",,commerce / vente / distribution,,,,,"Ben Arous, Ben Arous",CDI,,2026-03-17,17 mars 2026,Non,Keejob,https://www.keejob.com/offres-emploi/237968/coordinateur-marketing/
237970,Assistant de Manager de communication,Entreprise Anonyme,Niveau d’études :Bac+5 ou supérieurExigences linguistiques :Maîtrise du français et de l’anglais (maîtrise du français et chinois est également acceptable)Profil :1.Se familiariser avec les processus et procédures locales tunisiennes dans la secteur de BTP ou y …,,,,,,1000 - 2000 TND,"Jarzouna, Bizerte",CDI | SIVP,,2026-03-17,17 mars 2026,Non,Keejob,https://www.keejob.com/offres-emploi/237970/assistant-de-manager-de-communication/
237973,Technicien réseaux et informatique,TRUSTSAFE SECURITY,📌 Missions :• Installation et maintenance des systèmes d’alarme• Installation des caméras de vidéosurveillance• Maintenance des ordinateurs et équipements informatiques• Diagnostic des pannes et assistance technique chez les clientsNous recherchons …,,informatique / télécoms,,,,,Tunis,SIVP | Stage/PFE | Saisonnier | Stage,,2026-03-17,17 mars 2026,Non,Keejob,https://www.keejob.com/offres-emploi/237973/technicien-r%C3%A9seaux-et-informatique/
237980,Chargé exploitation,SOTUMERIS,Mission principale : Traiter les renseignements bancaires. Assurer le traitement et le suivi des dossiers d’investigation économique. Activités principales : Traiter et vérifier les renseignements bancaires. Analyser et instruire les …,,consulting / étude / stratégie,,,,500 - 700 TND,"Ariana Ville, Ariana",SIVP,,2026-03-17,17 mars 2026,Non,Keejob,https://www.keejob.com/offres-emploi/237980/charge-exploitation/
237972,Chargé commercial et administratif,STE SBPI,"Nous sommes à la recherche d’un conseiller commercial et administratif : dynamique et talentueux pour rejoindre notre équipe de vente. Si vous êtes passionné(e) par la vente, vous avez d'excellentes …",,commerce / vente / distribution,,,,500 - 700 TND,"Sidi Hassine, Tunis",CDI,,2026-03-17,17 mars 2026,Non,Keejob,https://www.keejob.com/offres-emploi/237972/charg%C3%A9-commercial-et-administratif/
237952,Chauffeur,STE EXPERTS DE VITRAGE AUTOS,Nous recrutons un chauffeur-livreur pour assurer la livraison de nos produits auprès de nos clients.Missions :Charger et livrer les commandesRespecter les itinéraires et délais de livraisonVeiller au bon état du véhiculeAssurer un …,,commerce / vente / distribution,,,,30 - 100 TND,"Mornaguia, La Manouba",CDI,,2026-03-17,17 mars 2026,Non,Keejob,https://www.keejob.com/offres-emploi/237952/chauffeur-livreur/
237286,Agent de sécurité Tunisia Mall,TUNTEX,"Nous recrutons pour nos magasins à Tunisia Mall et Soukra des agents de securité.Missions: •Veiller sur la sécurité des personnes et des biens de l’entreprise: personnel, clients, stock, fonds(caisse, coffre fort..), …",,commerce / vente / distribution,,,,,Ariana,,,2026-03-17,17 mars 2026,Non,Keejob,https://www.keejob.com/offres-emploi/237286/agent-de-s%C3%A9curit%C3%A9-tunisia-mall/
237245,Télévendeurs Energie et Telco,ACTIVE CONTACT,"Rejoignez notre équipe et boostez votre carrière en tant que télévendeur exceptionnel !Transformez chaque appel en opportunité, dominez les ventes et évoluez dans un environnement stimulant.📣 Active Contact recrute des télévendeurs …",,call center / télévente,,,,,"Centre ville, Tunis",CDI | SIVP,,2026-03-17,17 mars 2026,Non,Keejob,https://www.keejob.com/offres-emploi/237245/t%C3%A9l%C3%A9vendeurs-energie-et-telco/
237259,Chargé(e) Clientèle_Ariana,ADVANS TUNISIE MICROFINANCE,"Advans, groupe international de Microfinance Advans Tunisie œuvre dans le domaine du développement économique, avec l'objectif d'offrir aux entrepreneurs tunisiens exclus du système financier traditionnel, des services de crédit adaptés …",,banque / finance / assurances,,,,,Tunis,,,2026-03-17,17 mars 2026,Non,Keejob,https://www.keejob.com/offres-emploi/237259/charg%C3%A9e-client%C3%A8le_ariana/
237282,Continuous Improvement Engineer,HUBER SUHNER,"We are a leading Swiss multinational company with operations in Tunisia (Sousse), and we are looking for a highly motivated and experienced Continuous Improvement Engineer to strengthen our operational excellence …",,industrie électro-mécaniques,,,,,Sousse,CDI,,2026-03-17,17 mars 2026,Non,Keejob,https://www.keejob.com/offres-emploi/237282/continuous-improvement-engineer/
237262,Chargé(e) Clientèle_Jendouba,ADVANS TUNISIE MICROFINANCE,"Advans, groupe international de Microfinance Advans Tunisie œuvre dans le domaine du développement économique, avec l'objectif d'offrir aux entrepreneurs tunisiens exclus du système financier traditionnel, des services de crédit adaptés …",,banque / finance / assurances,,,,,Jendouba,,,2026-03-17,17 mars 2026,Non,Keejob,https://www.keejob.com/offres-emploi/237262/charg%C3%A9e-client%C3%A8le_jendouba/
237260,Chargé(e) Clientèle_Nabeul,ADVANS TUNISIE MICROFINANCE,"Advans, groupe international de Microfinance Advans Tunisie œuvre dans le domaine du développement économique, avec l'objectif d'offrir aux entrepreneurs tunisiens exclus du système financier traditionnel, des services de crédit adaptés …",,banque / finance / assurances,,,,,Nabeul,,,2026-03-17,17 mars 2026,Non,Keejob,https://www.keejob.com/offres-emploi/237260/charg%C3%A9e-client%C3%A8le_nabeul/
237269,Vendeur/ Caissier Stradivarius Mall of Sousse,TUNTEX,"Pour Accompagner son développement, le groupe Indigo Company, leader du marché du Retail en Tunisie, avec plus de 15 enseignes d’envergure internationale, recherche ses futurs conseillers en mode.Véritable ambassadeur de …",,commerce / vente / distribution,,,,,Sousse,,,2026-03-17,17 mars 2026,Non,Keejob,https://www.keejob.com/offres-emploi/237269/vendeur-caissierstradivarius-mall-of-sousse/
237243,Responsable Crèche / Maternelle - Carthage,ISC CARTHAGE,"Dans le cadre de son développement, notre établissement d’accueil de la petite enfance et d’éducation préscolaire basé à Tunis recherche une Responsable Crèche/Maternelle passionnée, organisée et dotée d’un réel sens des responsabilités.Missions …",,enseignement / formation / puériculture,,,,,"Carthage, Tunis",CDI,,2026-03-17,17 mars 2026,Non,Keejob,https://www.keejob.com/offres-emploi/237243/responsable-cr%C3%A8che-maternelle-carthage/
237283,INSTRUMENTISTE,AMEN SANTE,"Pour les besoins de ses activités au bloc opératoire, La Polyclinique Cardiologique de Bizerte souhaite renforcer son équipe et recrute :Un(e) Technicien(ne) Instrumentiste du Bloc Opératoire📍 Poste basé à La Marsa– Disponibilité …",,santé / paramédical / optique,,,,,"Bizerte Nord, Bizerte",CDI | SIVP,,2026-03-17,17 mars 2026,Non,Keejob,https://www.keejob.com/offres-emploi/237283/instrumentiste/
237263,Chargé(e) Clientèle_Gabes,ADVANS TUNISIE MICROFINANCE,"Advans, groupe international de Microfinance Advans Tunisie œuvre dans le domaine du développement économique, avec l'objectif d'offrir aux entrepreneurs tunisiens exclus du système financier traditionnel, des services de crédit adaptés …",,banque / finance / assurances,,,,,Gabes,,,2026-03-17,17 mars 2026,Non,Keejob,https://www.keejob.com/offres-emploi/237263/charg%C3%A9e-client%C3%A8le_gabes/
237261,Chargé(e) Clientèle_Monastir,ADVANS TUNISIE MICROFINANCE,"Advans, groupe international de Microfinance Advans Tunisie œuvre dans le domaine du développement économique, avec l'objectif d'offrir aux entrepreneurs tunisiens exclus du système financier traditionnel, des services de crédit adaptés …",,banque / finance / assurances,,,,,Monastir,,,2026-03-17,17 mars 2026,Non,Keejob,https://www.keejob.com/offres-emploi/237261/charg%C3%A9e-client%C3%A8le_monastir/
237264,Vendeur/ Caissier Zara Mall of Sousse,TUNTEX,"Pour Accompagner son développement, le groupe Indigo Company, leader du marché du Retail en Tunisie, avec plus de 15 enseignes d’envergure internationale, recherche ses futurs conseillers en mode.Véritable ambassadeur de …",,commerce / vente / distribution,,,,,Sousse,,,2026-03-17,17 mars 2026,Non,Keejob,https://www.keejob.com/offres-emploi/237264/vendeur-caissier-bershka-mall-of-sousse/
237275,Vendeur/ Caissier Adidas Mall of Sousse,TUNTEX,"Pour Accompagner son développement, le groupe Indigo Company, leader du marché du Retail en Tunisie, avec plus de 15 enseignes d’envergure internationale, recherche ses futurs conseillers en mode.Véritable ambassadeur de …",,commerce / vente / distribution,,,,,Sousse,,,2026-03-17,17 mars 2026,Non,Keejob,https://www.keejob.com/offres-emploi/237275/vendeur-caissier-adidas-mall-of-sousse/
237240,Ingénieur Maintenance & Infrastructures,ETABLISSEMENTS ABDELMOULA,"À propos de nousPionnier dans son secteur, Etablissements ABDELMOULA s’appuie sur une expertise reconnue et une culture d’innovation pour offrir des produits de qualité. Dans le cadre de notre développement, …",,agriculture / agro-alimentaire / environnement,,,,,"Le Bardo, Tunis",CDI,,2026-03-17,17 mars 2026,Non,Keejob,https://www.keejob.com/offres-emploi/237240/ing%C3%A9nieur-maintenance-infrastructures/
237242,Verkaufsberater(in) - DACH,NATIONAL PEN,Überblick über die Rolle:Als Outbound Inside Sales Agent (m/w) sind Sie für den Verkauf einer Reihevon National Pen-Produkten an bestehende Kunden durch Outbound-Telefonate zuständig. Dazu kontaktieren Sie die Kunden anhand …,,communication / publicité / média,,,,9998 - 9999 TND,Tunis,CDI,,2026-03-17,17 mars 2026,Non,Keejob,https://www.keejob.com/offres-emploi/237242/verkaufsberaterin-dach/
237256,Commerciaux Terrain (H/F)_Djerba,ADVANS TUNISIE MICROFINANCE,"Advans, groupe international de Microfinance Advans Tunisie œuvre dans le domaine du développement économique, avec l'objectif d'offrir aux entrepreneurs tunisiens, souvent exclus du système financier traditionnel, des services de crédit …",,banque / finance / assurances,,,,,Médenine,,,2026-03-17,17 mars 2026,Non,Keejob,https://www.keejob.com/offres-emploi/237256/commerciaux-terrain-hf_djerba/
237274,Vendeur/ Caissier Oysho Tunisia Mall,TUNTEX,"Pour Accompagner son développement, le groupe Indigo Company, leader du marché du Retail en Tunisie, avec plus de 15 enseignes d’envergure internationale, recherche ses futurs conseillers en mode.Véritable ambassadeur de …",,commerce / vente / distribution,,,,,Ariana,,,2026-03-17,17 mars 2026,Non,Keejob,https://www.keejob.com/offres-emploi/237274/vendeur-caissier-oysho-tunisia-mall/
237273,Responsable opérationnel Régional,Entreprise Anonyme,Une institution financière d'envergure implémentée sur tout le territoire tunisien cherche à étoffer ses effectifs en recrutant un Responsable opérationnel Régional Missions principales Le/la Responsable Régional(e) aura pour rôle de …,,,,,,,Tunis,CDI,,2026-03-17,17 mars 2026,Non,Keejob,https://www.keejob.com/offres-emploi/237273/responsable-op%C3%A9rationnel-r%C3%A9gional/
237277,Chargé(e) de Recouvrement francophone,FINOPTI TN,"A propos de FINOPTI:FINOPTI est une société spécialisée dans l'externalisation comptable et financière au service d'une clientèle variée composée de PME, de Startups et de Grandes entreprises. Présente en Tunisie, …",,comptabilité / gestion / audit,,,,,"La Soukra, Ariana",CDI | SIVP,,2026-03-17,17 mars 2026,Non,Keejob,https://www.keejob.com/offres-emploi/237277/charg%C3%A9e-de-recouvrement-francophone/
237278,Développeur full stack,METAM,"Metam Tunisie est une entreprise offrant des services de développement de logiciel, des solutions WEB, ainsi que des services conseil pour les implémentations des ERP. Une organisation dynamique résolument ouverte sur le monde avec des bureaux au Canada et en Tunisie. Les projets …",,informatique / télécoms,,,,1500 - 3000 TND,"Menzel Jemil, Bizerte",CDI | SIVP,,2026-03-17,17 mars 2026,Non,Keejob,https://www.keejob.com/offres-emploi/237278/d%C3%A9veloppeur-full-stack/
237279,Debt Recovery Advisor,FINOPTI TN,"Due to our rapid growth, we are looking for a few ""brilliant profiles"" who are self-motivated and looking for an opportunity to prove themselves and have tremendous advancement. At FINOPTI, we promote people, …",,comptabilité / gestion / audit,,,,,"La Soukra, Ariana",CDI | SIVP,,2026-03-17,17 mars 2026,Non,Keejob,https://www.keejob.com/offres-emploi/237279/debt-recovery-advisor/
237280,Réviseur Comptable en comptabilité française,FINOPTI TN,Société en plein développement Franco-Tunisienne de plus de 200 personnes située à charguia 2 recherche de nouveaux talents pour étoffer ses équipes. Il s'agit d'une création de poste !! Venez …,,comptabilité / gestion / audit,,,,,"La Soukra, Ariana",CDI,,2026-03-17,17 mars 2026,Non,Keejob,https://www.keejob.com/offres-emploi/237280/r%C3%A9viseur-comptable-en-comptabilit%C3%A9-fran%C3%A7aise/
237281,Comptable / Expérience en compta Française,FINOPTI TN,Société Franco-Tunisienne en plein développement de 200 personnes située à charguia 2 recherche de nouveaux talents pour étoffer ses équipes. COMPTABLE Expérience en comptabilité Française Le poste d'opérateur de …,,comptabilité / gestion / audit,,,,,"La Soukra, Ariana",CDI,,2026-03-17,17 mars 2026,Non,Keejob,https://www.keejob.com/offres-emploi/237281/comptable-exp%C3%A9rience-en-compta-fran%C3%A7aise/
237172,Développeur Web SIRH,MEDIGEST ACADEMY,"Novea, filiale du groupe Medigest, est un cabinet spécialisé dans la gestion et la digitalisation des processus RH. Dans le cadre de notre stratégie de transformation digitale, nous développons une …",,enseignement / formation / puériculture,,,,1700 - 2200 TND,Tunis,CDI,,2026-03-17,17 mars 2026,Non,Keejob,https://www.keejob.com/offres-emploi/237172/d%C3%A9veloppeur-web-sirh-2-ans-dexp%C3%A9rience/
232669,Retail Relationship Manager - Sfax,BANK ABC,We are reinforcing our Retail & Digital Banking Department with the recruitment of a Retail Relationship Manager in Sfax (Chargés d'Affaires Particuliers).The Retail Relationship Manager is responsible for managing and …,,banque / finance / assurances,,Manager,,,Tunis,CDI,,2026-03-16,16 mars 2026,Non,Keejob,https://www.keejob.com/offres-emploi/232669/retail-relationship-manager-sfax/
232670,SMEs Relationship Manager - Sfax,BANK ABC,"Bank ABC is reinforcing its Retail & Digital Banking Department with the recruitment of an SMEs Relationship Manager for its Branch in Sfax.Reporting to the Head of Retail, the Relationship Manager is responsible …",,banque / finance / assurances,,Manager,,,Tunis,CDI,,2026-03-16,16 mars 2026,Non,Keejob,https://www.keejob.com/offres-emploi/232670/smes-relationship-manager-sfax/
237963,Technicien Maintenance Electrique - BJO,CARTHAGO SANITAIRE,"Poulina Group Holding, Leader sur le marché tunisien et opérant dans plusieurs secteurs d'activités, cherche à renforcer son Capital Humain par le recrutement des "" Techniciens Maintenance Electrique"" pour le compte de …",,autres,,,,1000 - 1500 TND,"Bir Mcherga, Zaghouan",CDI | SIVP,,2026-03-16,16 mars 2026,Non,Keejob,https://www.keejob.com/offres-emploi/237963/technicien-maintenance-electrique-bjo/
237957,Dispatcheur / Coordinateur Logistique,SEPT SUR SEPT DISPATCHING&LOGISTIC,"Description du poste – Dispatcheur / Coordinateur Logistique Le dispatcheur est un organisateur de transports et un spécialiste de la logistique, chargé de superviser et contrôler l’acheminement des véhicules ainsi …",,transport / logistique,,,,,Tunis,,,2026-03-16,16 mars 2026,Non,Keejob,https://www.keejob.com/offres-emploi/237957/dispatcheur-coordinateur-logistique/
237965,Conseiller commercial,TECH SOLAIRE INNOVATION,📣 TSI recrute un Technico-Commercial Photovoltaïque ! ⚡🌞🔹 Prospection et développement de clients🔹 Visites techniques et propositions de solutions solaires🔹 Suivi des dossiers STEG🔹 Assurer le service après-vente (SAV)🔹 Accompagnement …,,électronique / électricité / énergie,,,,1200 - 1700 TND,Ariana,CDI,,2026-03-16,16 mars 2026,Non,Keejob,https://www.keejob.com/offres-emploi/237965/conseiller-technico-commercial/
237946,Agents Logistique,PROLOGIC,Dans le cadre de notre développement nous recrutons : Des Agents Logistique Qui auront pour mission :-Contrôler les produits selon les procédures mises en place (contrôle quantitatif et qualitatif).-Ranger les produits selon les méthodes …,,informatique / télécoms,,,,800 - 1200 TND,"Cite El Khadra, Tunis",CDI | SIVP,,2026-03-16,16 mars 2026,Non,Keejob,https://www.keejob.com/offres-emploi/237946/agents-logistique/
237958,Professeur,COLLÈGE DU LAC,"Nous recherchons des enseignants passionnés et innovants pour rejoindre notre équipe à la rentrée 2026. Si vous croyez en une pédagogie active et bienveillante, rejoignez-nous !Postes à pourvoir :ArabeMathématiquesFrançaisEPSVotre Profil …",,enseignement / formation / puériculture,,,,800 - 1500 TND,"Cite El Khadra, Tunis",CDI | CDD | SIVP,,2026-03-16,16 mars 2026,Non,Keejob,https://www.keejob.com/offres-emploi/237958/recrutement-de-professeurs/
237941,Responsable Logistique,Entreprise Anonyme,"Mission principale :Sous la responsabilité du site, vous avez la responsabilité du service logistique.Vous faites parti du comité de direction.Tâches :Organiser, Coordonner, Optimiser et Superviser les activités logistiquesMise à disposition …",,,,,,,Tunis,CDI,,2026-03-16,16 mars 2026,Non,Keejob,https://www.keejob.com/offres-emploi/237941/responsable-logistique/
237943,Conseiller Client,GRAIET,"Société de distribution Graiet cherche à recruter un Conseiller Client pour la zone Hay Intilaka.Profil recherché : niveau Bac+ (ou plus), bonnes capacités de communication et sens du service client.Missions principales :Saisie et mise à jour des données.Vérification …",,commerce / vente / distribution,,,,684 - 800 TND,"El Omrane, Tunis",CDI | SIVP,,2026-03-16,16 mars 2026,Non,Keejob,https://www.keejob.com/offres-emploi/237943/conseiller-client-hay-intilaka/
237944,Télévendeurs (es) Telco,ACTIVE CONTACT,"Nous recrutons des télévendeurs (es) pour une activité de vente sur leads de forfaits (téléphonie / internet). Ce que nous offrons: Salaire motivant + primes sur vos ventes Formation rémunérée Possibilité d’évolution rapide (Team Leader, Coach…) Un environnement …",,call center / télévente,,,,,"Centre ville, Tunis",CDI | SIVP,,2026-03-16,16 mars 2026,Non,Keejob,https://www.keejob.com/offres-emploi/237944/t%C3%A9l%C3%A9vendeurs-es-telco/
237935,Animatrice en Pharmacie,HOLISTIX HEALTH,"🌿 Nous recrutons des Animatrices en Pharmacie – Compléments Alimentaires 🌿 Dans le cadre du développement de notre marque de compléments alimentaires, nous recherchons des animatrices dynamiques et passionnées par …",,santé / paramédical / optique,,,,850 - 950 TND,"El Menzah, Tunis",CDI,,2026-03-16,16 mars 2026,Non,Keejob,https://www.keejob.com/offres-emploi/237935/animatrice-en-pharmacie/
237947,Superviseur Commerciale (Zone: BIZERTE),GROUPE JUDY,« Le Groupe Judy » cherche son Superviseur Commerciale (Zone: BIZERTE) Voulez-vous donner un nouvel élan à votre carrière ?MISSION :Le superviseur a pour mission de développer les ventes dans le circuit à sa …,,chimie / biologie / physique,,,,1500 - 1800 TND,Bizerte,CDI,,2026-03-16,16 mars 2026,Non,Keejob,https://www.keejob.com/offres-emploi/237947/superviseur-commerciale-zone-bizerte/
237937,Visiteur Pharmaceutique,HOLISTIX HEALTH,"Dans le cadre du développement de notre activité, nous recrutons des Visiteurs Pharmaceutiques pour assurer la promotion et le développement de notre gamme de compléments alimentaires auprès des pharmacies. Missions …",,santé / paramédical / optique,,,,1100 - 1400 TND,"El Menzah, Tunis",CDI,,2026-03-16,16 mars 2026,Non,Keejob,https://www.keejob.com/offres-emploi/237937/visiteur-pharmaceutique/
237936,INGENIEUR CHIMISTE,DEUTSCHCOLOR,"Dans le cadre d'amélioration de ses activités de recherche et développement de ces produits, DC INDUSTRIES ( Deutschcolor ) cherche à recruter Ingénieur en Chimie ayant une expérience dans le domaine de …",,commerce / vente / distribution,,,,,"Kairouan Nord, Kairouan",CDI,,2026-03-16,16 mars 2026,Non,Keejob,https://www.keejob.com/offres-emploi/237936/ingenieur-chimiste/
237951,Monastir-Commerciaux terrain en Microfinance,ADVANS TUNISIE MICROFINANCE,"Advans, groupe international de Microfinance Advans Tunisie œuvre dans le domaine du développement économique, avec l'objectif d'offrir aux entrepreneurs tunisiens exclus du système financier traditionnel, des services de crédit adaptés …",,banque / finance / assurances,,,,,Monastir,,,2026-03-16,16 mars 2026,Non,Keejob,https://www.keejob.com/offres-emploi/237951/monastir-commerciaux-terrain-en-microfinance/
237953,Agent de saisie,LOG SYSTEM NORTH AFRICA,"TeamXtend (groupe LOG System) est un acteur spécialisé en Business Process Outsourcing (BPO), avec un centre de compétences basé à Tunis.Nous accompagnons des entreprises internationales dans l’externalisation de leurs processus administratifs, financiers et …",,informatique / télécoms,,,,900 - 1000 TND,Tunis,CDI | SIVP,,2026-03-16,16 mars 2026,Non,Keejob,https://www.keejob.com/offres-emploi/237953/agent-de-saisie-hf/
237955,Chargé Logistique/Gestion des Sous-traitants,SEPT SUR SEPT DISPATCHING&LOGISTIC,"Description du poste Notre société, spécialisée dans le transport de luxe pour une clientèle VIP et opérant à l’échelle internationale, recherche dans le cadre de son développement un(e) Chargé(e) Logistique …",,transport / logistique,,,,,Tunis,CDI,,2026-03-16,16 mars 2026,Non,Keejob,https://www.keejob.com/offres-emploi/237955/charg%C3%A9-logistiquegestion-des-sous-traitants/
237956,agent immobilier à Hergla,TECNOCASA GROUP,TECNOCASA TUNISIE est devenue le premier groupe d'agence immobilières indépendantes du pays et compte actuellement 80 agences dans les régions suivantes:- le Grand Tunis: la banlieue nord-la banlieue sud -El Manezeh-El …,,architecture / immobilier / BTP,,,,,"Hergla, Sousse",CDI | SIVP,,2026-03-16,16 mars 2026,Non,Keejob,https://www.keejob.com/offres-emploi/237956/agent-immobilier/
237954,Directeur Comptabilité & Finance Filiale,ROSE BLANCHE GROUP,"Directeur Comptabilité & FinanceEnvie de rejoindre le leader tunisien de l’agroalimentaire dans le secteur des céréales et dérivés, fort de plus de 100 ans d’innovation et de croissance continue ? …",,agriculture / agro-alimentaire / environnement,,Directeur,,,Sfax,CDI,,2026-03-16,16 mars 2026,Non,Keejob,https://www.keejob.com/offres-emploi/237954/directeur-comptabilit%C3%A9-finance/
237959,Frontend Developer Senior(React / TypeScript),EITA CONSULTING,Nous recherchons un Frontend Developer Senior pour rejoindre une équipe tech et intervenir sur le développement d’une application web en environnement moderne.Le développeur interviendra au sein d’une équipe produit/tech entièrement …,,informatique / télécoms,,Senior,,1000 - 3500 TND,"Cite El Khadra, Tunis",CDI | Indépendant/Freelance,,2026-03-16,16 mars 2026,Non,Keejob,https://www.keejob.com/offres-emploi/237959/frontend-developer-seniorreact-typescript/
237961,Technicien de Maintenance – Agro,CRIT,"Notre client, entreprise reconnue du secteur agroalimentaire, recherche un Technicien de Maintenance Polyvalent pour renforcer ses équipes en France.Missions :Réaliser la maintenance préventive et corrective des équipements de productionDiagnostiquer les pannes et assurer …",,recrutement / ressources humaines,,,,,France,CDI,,2026-03-16,16 mars 2026,Non,Keejob,https://www.keejob.com/offres-emploi/237961/technicien-de-maintenance-agro-france/
237962,Senior Recruiter,VEO WORLDWIDE SERVICES,"Êtes-vous une personne enthousiaste et motivée, dotée d’un véritable talent pour identifier des profils d’exception ?Nous recherchons un Senior Recruiter compétent et motivé qui sera responsable de la mise en …",,consulting / étude / stratégie,,Senior,,,"Sousse, Sousse",CDI,,2026-03-16,16 mars 2026,Non,Keejob,https://www.keejob.com/offres-emploi/237962/senior-recruiter/
237933,Auditeur,Entreprise Anonyme,"Cabinet d'expertise comptable cherche à recruter un(e) auditeur(rice) comptable • Vous avez au minimum Bac+3 comptabilité ou mastère CCA,• Vous avez au moins 2 ans d'expérience en cabinet d'audit comptable,• Vous …",,,2 ans d'exp,,,1500 - 2000 TND,Tunis,CDI,,2026-03-16,16 mars 2026,Non,Keejob,https://www.keejob.com/offres-emploi/237933/auditeur-confirm%C3%A9/
237938,Poste : Approvisionneur de magasins (H/F),MERCURE RETAIL TUNISIA,"🎯 Mission principale Assurer et piloter les flux de marchandises entre le dépôt central et le réseau de magasins, afin de garantir la disponibilité des produits et d’optimiser les niveaux de …",,commerce / vente / distribution,,,,,Tunis,CDI,,2026-03-16,16 mars 2026,Non,Keejob,https://www.keejob.com/offres-emploi/237938/poste-approvisionneur-de-magasins-hf/
237893,Gestionnaire IDA,ASSURANCES COMAR,"📢 COMAR Assurances, Recrute : Un Gestionnaire IDA📍 𝐕𝐨𝐬 𝐌𝐢𝐬𝐬𝐢𝐨𝐧𝐬 :Gérer les dossiers recours IDAEtude et instruction des dossiers de sinistre IDAInventaire permanent des dossiers recours et défenses.📍 Profil recherché …",,banque / finance / assurances,,,,,"Centre ville, Tunis",CDI,,2026-03-16,16 mars 2026,Non,Keejob,https://www.keejob.com/offres-emploi/237893/gestionnaire-ida/
237769,Chargé Marketing stratégique et opérationnel,ASSURANCES COMAR,M1 : Préparation et organisation des actions Effectuer le suivi des dossiers en relation avec le plan marketing Effectuer une étude de marché relative sur l’opération marketing ou …,,banque / finance / assurances,,,,,"Bab Bhar, Tunis",CDI,,2026-03-16,16 mars 2026,Non,Keejob,https://www.keejob.com/offres-emploi/237769/charg%C3%A9-marketing-strat%C3%A9gique-et-op%C3%A9rationnel/
237770,Chargé(e) conformité & lutte anti-blanchiment,ASSURANCES COMAR,"Profil recherché : Formation : BAC+5 (Comptabilité, audit, Finance, Droit, Gestion des risques, sécurité financière et conformité) Expérience : Entre 1an et 3 ans dans un environnement similaire📍 𝐕𝐨𝐬 𝐌𝐢𝐬𝐬𝐢𝐨𝐧𝐬 :Maîtriser le risque de …",,banque / finance / assurances,,,,,"Bab Bhar, Tunis",CDI,,2026-03-16,16 mars 2026,Non,Keejob,https://www.keejob.com/offres-emploi/237770/charg%C3%A9e-conformit%C3%A9-lutte-anti-blanchiment/
237209,First Line Manager,LABORATOIRES ADWYA,"Dans le cadre de son développement, MEDICIS recrute un(e) First Line Manager pour encadrer et accompagner une équipe de délégués médicaux.Exigences de l'emploi Missions : Encadrer, coacher et développer l’équipe de délégués …",,santé / paramédical / optique,,Manager,,,Ariana,CDI | Stage,,2026-03-16,16 mars 2026,Non,Keejob,https://www.keejob.com/offres-emploi/237209/first-ligne-manager/
237208,Délégués Médicaux,LABORATOIRES ADWYA,"Dans le cadre de son développement, MEDICIS recrute des délégués médicaux:Exigences de l'emploi Missions : Assurer la promotion des médicaments auprès des professionnels de santé dans le respect de la …",,santé / paramédical / optique,,,,,Ariana,CDI,,2026-03-16,16 mars 2026,Non,Keejob,https://www.keejob.com/offres-emploi/237208/d%C3%A9l%C3%A9gu%C3%A9s-m%C3%A9dicaux/
237198,Chef d’Équipe Service Client,MOONSIDE CONSULTING & SERVICES,"À propos de Moonside (anciennement Binit NS) Moonside est un cabinet de conseil en Tech & Ops qui accompagne les entreprises européennes dans leurs transformations de bout en bout, tant …",,consulting / étude / stratégie,,,,,"Centre ville, Tunis",CDI,,2026-03-16,16 mars 2026,Non,Keejob,https://www.keejob.com/offres-emploi/237198/chef-d%C3%A9quipe-service-client/
237199,Gestionnaire en assurance,MOONSIDE CONSULTING & SERVICES,"À propos de Moonside (anciennement Binit NS) Moonside est un cabinet de conseil en Tech & Ops qui accompagne les entreprises européennes dans leurs transformations de bout en bout, tant …",,consulting / étude / stratégie,,,,,"Centre ville, Tunis",CDI,,2026-03-16,16 mars 2026,Non,Keejob,https://www.keejob.com/offres-emploi/237199/gestionnaire-en-assurance/
237205,Support Technique Helpdesk,CPL JOBS,Note importanteℹ️ Précision importante : Ce poste de Helpdesk s'exerce uniquement par téléphone (support à distance). Il ne s'agit PAS d'un centre d'appel avec des objectifs de volume d'appels. Vous êtes un expert technique qui apporte des solutions …,,recrutement / ressources humaines,,,,1100 - 2500 TND,"Ariana Ville, Ariana",CDI,,2026-03-16,16 mars 2026,Non,Keejob,https://www.keejob.com/offres-emploi/237205/support-technique-helpdesk/
237206,Savez-vous convaincre ?,CPL JOBS,Vous êtes un(e) communicant(e) né(e) avec le sens de l'écoute et le goût du challenge ? Vous aimez persuadez et trouvez des solutions sur mesure ? Nous vous offrons l'opportunité …,,recrutement / ressources humaines,,,,1000 - 1400 TND,Tunis,CDI,,2026-03-16,16 mars 2026,Non,Keejob,https://www.keejob.com/offres-emploi/237206/savez-vous-convaincre/
237211,Spécialiste Affaires Réglementaires,LABORATOIRES ADWYA,"Dans le cadre de son développement, MEDICIS recrute un(e) un(e) Spécialiste en Affaires Réglementaires pour assurer et coordonner l’ensemble des activités liées à l’enregistrement et au suivi des Autorisations de Mise …",,santé / paramédical / optique,,,,,Ariana,,,2026-03-16,16 mars 2026,Non,Keejob,https://www.keejob.com/offres-emploi/237211/sp%C3%A9cialiste-affaires-r%C3%A9glementaires/
237910,Assistante Administrative et Commerciale,FREE HEALTH CARE,"Assistante Administrative et CommercialeLa société Free Health Care, spécialisée dans la distribution de matériel médical et respiratoire (CPAP, concentrateurs d’oxygène, monitoring respiratoire), recrute une assistante administrative et commerciale.Missions :Gestion des …",,santé / paramédical / optique,,,,800 - 900 TND,"Mnihla, Ariana",CDI | SIVP,,2026-03-15,15 mars 2026,Non,Keejob,https://www.keejob.com/offres-emploi/237910/assistante-administrative-et-commerciale/
237871,Assistant Acheteur,SAYDERMA,"Missions principales Sous la supervision de la Direction des Achats, l’Assistant Acheteur participe à la gestion et au suivi des opérations d’approvisionnement nécessaires à l’activité du laboratoire. Ses principales missions …",,santé / paramédical / optique,,,,650 - 800 TND,"Sidi Thabet, Ariana",CDI | SIVP,,2026-03-15,15 mars 2026,Non,Keejob,https://www.keejob.com/offres-emploi/237871/assistant-acheteur/
237903,Technicien en Electronique,MAISON DE L ENERGIE,"Société spécialisée dans le domaine de l'Energie, désire recruter un Technicien supérieur en Maintenance industrielle, de spécialité Electronique/Electricité, possédant un permis de conduire.1. Diagnostic et Maintenance :Identifier les pannes et assurer …",,électronique / électricité / énergie,,,,700 - 850 TND,"Ariana Ville, Ariana",SIVP,,2026-03-15,15 mars 2026,Non,Keejob,https://www.keejob.com/offres-emploi/237903/technicien-en-electronique/
237907,Technicien/ingénieur en plasturgie,Entreprise Anonyme,"- Affectation hebdomadaire des ouvriers - Affectation journalière des ouvriers selon les incidents (absence/besoin urgent, ceintrage/Bobine/chargement du camion pour la livraison…)- Contrôle journalier des rapports de la production (prélèvement et …",,,,,,1200 - 1400 TND,"Sfax Sud, Sfax",CDI,,2026-03-15,15 mars 2026,Non,Keejob,https://www.keejob.com/offres-emploi/237907/techniciening%C3%A9nieur-en-plasturgie/
237870,Chef d’Équipe Comptabilité,SAYDERMA,"Sous la supervision de la Direction Administrative et Financière, le Chef d’Équipe Comptabilité assure la gestion opérationnelle et la supervision des travaux comptables de la société. À ce titre, il …",,santé / paramédical / optique,,,,1400 - 1800 TND,"Sidi Thabet, Ariana",CDI,,2026-03-15,15 mars 2026,Non,Keejob,https://www.keejob.com/offres-emploi/237870/chef-d%C3%A9quipe-comptabilit%C3%A9/
237913,Assistant Production,Entreprise Anonyme,Activités principales · Planifier la production avec les responsables d'atelier · Coordonner les exigences de production et les nécessités de maintenance · Assurer les communications avec les autres services · …,,,,,,,"Ben Arous, Ben Arous",CDI | SIVP,,2026-03-14,14 mars 2026,Non,Keejob,https://www.keejob.com/offres-emploi/237913/assistant-production/
237917,Responsable Maintenance Mécanique BBM BM,CARTHAGO SANITAIRE,"Poulina Group Holding, leader sur le marché tunisien et opérant dans plusieurs secteurs d'activités, cherche à renforcer son capital humain par le recrutement d'un Responsable Maintenance Mécanique pour le compte …",,autres,,,,1500 - 2000 TND,"Bir Mcherga, Zaghouan",CDI,,2026-03-14,14 mars 2026,Non,Keejob,https://www.keejob.com/offres-emploi/237917/responsable-maintenance-m%C3%A9canique-bbm-bm/
237918,Conducteur Machine - BBM BM,CARTHAGO SANITAIRE,"Poulina Group Holding, Leader sur le marché tunisien et opérant dans plusieurs secteurs d'activités, cherche à renforcer son Capital Humain par le recrutement des "" Conducteurs Machines "" pour le compte …",,autres,,,,900 - 1300 TND,"Bir Mcherga, Zaghouan",CDI,,2026-03-14,14 mars 2026,Non,Keejob,https://www.keejob.com/offres-emploi/237918/conducteur-machine-bbm-bm/
237920,Ingénieur en Génie Civil (Travaux),STRAM GROUPE,"Afin de renforcer son équipe, STRAM Groupe, leader dans le domaine des travaux spéciaux, cherche à recruter : Ingénieur Travaux Les attributions principales du poste sont : - Réaliser des études …",,architecture / immobilier / BTP,,,,,"Megrine, Ben Arous",CDD,,2026-03-14,14 mars 2026,Non,Keejob,https://www.keejob.com/offres-emploi/237920/ing%C3%A9nieur-en-g%C3%A9nie-civil-travaux/
237921,Métreur,STRAM GROUPE,"STRAM Groupe, leader reconnu dans le domaine des Travaux spéciaux en génie civil. Depuis sa création, on s'est engagée à fournir des solutions innovantes et durables pour répondre aux …",,architecture / immobilier / BTP,,,,,Tunis,CDD | SIVP,,2026-03-14,14 mars 2026,Non,Keejob,https://www.keejob.com/offres-emploi/237921/m%C3%A9treur/
237922,Relais administratif de chantier,STRAM GROUPE,"STRAM Groupe, leader reconnu dans le domaine des Travaux spéciaux en génie civil. Depuis sa création, on s'est engagée à fournir des solutions innovantes et durables pour répondre aux besoins …",,architecture / immobilier / BTP,,,,,Ben Arous,CDI | SIVP,,2026-03-14,14 mars 2026,Non,Keejob,https://www.keejob.com/offres-emploi/237922/relais-administratif-de-chantier/
237916,COMPTABLE,Entreprise Anonyme,"Sous l’autorité hiérarchique du Directeur Administratif et Financier, le Comptable prendra en charge l’ensemble des travaux liées à la comptabilité générale en garantissant l’application de la réglementation en vigueur. Elle …",,,,Directeur,,,"Ben Arous, Ben Arous",CDI,,2026-03-14,14 mars 2026,Non,Keejob,https://www.keejob.com/offres-emploi/237916/compatbilite/
237912,Technicien Maintenance Electrique - BBM BM,CARTHAGO SANITAIRE,"Poulina Group Holding, Leader sur le marché tunisien et opérant dans plusieurs secteurs d'activités, cherche à renforcer son Capital Humain par le recrutement des "" Techniciens Maintenance Electrique"" pour le compte de …",,autres,,,,1000 - 1500 TND,"Bir Mcherga, Zaghouan",CDI | SIVP,,2026-03-14,14 mars 2026,Non,Keejob,https://www.keejob.com/offres-emploi/237912/technicien-maintenance-electrique-bbm-bm/
237914,Responsable RH,Entreprise Anonyme,"Missions : 1. Gestion de l’équipe RH (doit avoir une expérience dans la gestion d’équipe), 2. Amélioration du climat social avec des actions sociales, 3. Conseiller et assister la Direction et les Responsables de …",,,,,,,"Ben Arous, Ben Arous",CDI,,2026-03-14,14 mars 2026,Non,Keejob,https://www.keejob.com/offres-emploi/237914/responsable-rh/
237928,RESPONSABLE COMPTABILITE ET FINANCE,Entreprise Anonyme,"Sous l’autorité hiérarchique du Directeur Administratif et Financier, le Comptable prendra en charge l’ensemble des travaux liées à la comptabilité générale en garantissant l’application de la réglementation en vigueur. Elle …",,,,Directeur,,,"Ben Arous, Ben Arous",CDI,,2026-03-14,14 mars 2026,Non,Keejob,https://www.keejob.com/offres-emploi/237928/responsable-compatbilite-et-finance/
237919,Maçon - BBM BM,CARTHAGO SANITAIRE,"Poulina Group Holding, Leader sur le marché tunisien et opérant dans plusieurs secteurs d'activités, cherche à renforcer son Capital Humain par le recrutement un "" Maçon "" pour le compte de …",,autres,,,,800 - 1300 TND,"Bir Mcherga, Zaghouan",CDI,,2026-03-14,14 mars 2026,Non,Keejob,https://www.keejob.com/offres-emploi/237919/ma%C3%A7on-bbm-bm/
237926,Responsable Achat et Approvisionnement,Entreprise Anonyme,"Industrie pharmaceutique de renommée, recrute un Responsable Achat et Approvisionnement.Missions :· Participer à l’élaboration de la politique d’achat et d’approvisionnement et s’assurer de sa bonne application ;· Identifier les besoins d’achat et …",,,,,,,"Bir Mcherga, Zaghouan",,,2026-03-14,14 mars 2026,Non,Keejob,https://www.keejob.com/offres-emploi/237926/responsable-achat-et-approvisionnement/
237927,agent immobilier,TECNOCASA SAHLOUL,L'agence Tecnocasa sahloul recrute pour le poste : Agent Immobilier les missions seront de: Rechercher et recenser sur terrain les meilleurs biens immobilier sur le secteur. Assurer les visites et les négociation auprès …,,architecture / immobilier / BTP,,,,650 - 750 TND,"Sousse Jaouhara, Sousse",CDI | SIVP,,2026-03-14,14 mars 2026,Non,Keejob,https://www.keejob.com/offres-emploi/237927/agent-immobilier/
237923,Ingénieur affaires réglementaires,PHARMAGHREB,Dans le cadre de son développement de son activité Les Laboratoires Pharmaghreb ( industrie pharmaceutique ) cherche à recruter un Ingénieur chargé affaires réglementaires MissionsAssurer le suivi des dossiers réglementaires jusqu’à …,,santé / paramédical / optique,,,,,"La Soukra, Ariana",CDI | SIVP,,2026-03-14,14 mars 2026,Non,Keejob,https://www.keejob.com/offres-emploi/237923/ing%C3%A9nieur-affaires-r%C3%A9glementaires/
237189,Manager Celio Mall of Sfax,TUNTEX,"Indigo Company recrute pour sa marque Celio Mall of Sfax un(e) Assistant(e) Manager.En tant qu’Assistant(e) Manager, vous êtes l’image de l’entreprise. Vous êtes directement responsable de la réussite de votre …",,commerce / vente / distribution,,Manager,,,Sfax,,,2026-03-14,14 mars 2026,Non,Keejob,https://www.keejob.com/offres-emploi/237189/manager-celio-mall-of-sfax/
237151,Ingénieur Sécurité HSE (Fejja),SOTUCHOC,"SOTUCHOC, Société Tunisienne de Chocolaterie et de Confiserie, spécialisée dans la fabrication de produits à base de chocolat et de confiseries diverses, Leader national dans le domaine de l’agroalimentaire. Nous …",,agriculture / agro-alimentaire / environnement,,,,,"Mornaguia, La Manouba",CDI,,2026-03-14,14 mars 2026,Non,Keejob,https://www.keejob.com/offres-emploi/237151/ing%C3%A9nieur-s%C3%A9curit%C3%A9-hse-fejja/
237152,Magasinier PDR (N),SOTUCHOC,"SOTUCHOC, Société Tunisienne de Chocolaterie et de Confiserie, spécialisée dans la fabrication de produits à base de chocolat et de confiseries diverses, Leader national dans le domaine de l’agroalimentaire. Nous …",,agriculture / agro-alimentaire / environnement,,,,,"Fouchana, Ben Arous",CDI,,2026-03-14,14 mars 2026,Non,Keejob,https://www.keejob.com/offres-emploi/237152/magasinier-pdr-n/
237162,AGENT DE RECOUVREMENT,Entreprise Anonyme,Nous Recrutons ! 📢 une société agroalimentaire est à la recherche d'un(e) Agent de Recouvrement dynamique et motivé(e) pour rejoindre notre équipe ! Responsabilités : Gérer les créances impayées et …,,,,,,800 - 1000 TND,"El Hencha, Sfax",CDI,,2026-03-14,14 mars 2026,Non,Keejob,https://www.keejob.com/offres-emploi/237162/agent-de-recouvrement/
237168,Agent de Recouvrement,Entreprise Anonyme,une société agroalimentaire est à la recherche d'un(e) Agent de Recouvrement dynamique et motivé(e) pour rejoindre notre équipe !Responsabilités :Gérer les créances impayées et effectuer des relances.Négocier des plans de …,,,,,,,"Ben Arous, Ben Arous",CDI | SIVP,,2026-03-14,14 mars 2026,Non,Keejob,https://www.keejob.com/offres-emploi/237168/agent-de-recouvrement/
237190,Ingénieur Chimie analytique instrumentation,DAR ESSAYDALI,"1- Assure le suivi et la réalisation des activités de qualification des équipements de production, des équipements de contrôle qualité et des utilités pharmaceutiques2- Elaborer et veiller à l’application du …",,santé / paramédical / optique,,,,,Sfax,,,2026-03-14,14 mars 2026,Non,Keejob,https://www.keejob.com/offres-emploi/237190/ing%C3%A9nieur-chimie-analytique-instrumentation/
237147,Chef d’équipe cristallisation,ETABLISSEMENTS ABDELMOULA,- Compétences exigées*Maîtrise des techniques de cristallisation et des équipements associés (compresseur frigorifique) *Maîtrise des équipements industriels. *Maîtrise des outils de contrôle et de mesure. *Compétences en contrôle qualité. *Utilisation d’outils …,,agriculture / agro-alimentaire / environnement,,,,800 - 1100 TND,"Le Bardo, Tunis",CDI,,2026-03-14,14 mars 2026,Non,Keejob,https://www.keejob.com/offres-emploi/237147/chef-d%C3%A9quipe-cristallisation/
237149,Chaudiériste (Fejja),SOTUCHOC,"SOTUCHOC, Société Tunisienne de Chocolaterie et de Confiserie, spécialisée dans la fabrication de produits à base de chocolat et de confiseries diverses, Leader national dans le domaine de l’agroalimentaire. Nous …",,agriculture / agro-alimentaire / environnement,,,,,"Mornaguia, La Manouba",CDI | SIVP,,2026-03-14,14 mars 2026,Non,Keejob,https://www.keejob.com/offres-emploi/237149/chaudi%C3%A9riste-fejja/
237155,Responsable Magasin (H/F),SEGOR SOCIETE DU GROUPE SUEZ,📍 Lieu : Zone Industrielle EL MGHIRA 🏢 Entreprise : SEGOR – Société du Groupe SUEZ 📄 Type de contrat : CDI ⏰ Disponibilité : Temps plein À propos de …,,autres,,,,1300 - 1800 TND,"Fouchana, Ben Arous",CDI,,2026-03-14,14 mars 2026,Non,Keejob,https://www.keejob.com/offres-emploi/237155/responsable-magasin-hf/
237160,Contrôleur de Gestion (H/F),SEGOR SOCIETE DU GROUPE SUEZ,"📍 Localisation : Siège / Lac 1🏢 Entreprise : SEGOR – Société du Groupe SUEZ📄 Type de contrat : CDIÀ propos de l’entrepriseSEGOR, société du Groupe SUEZ, est un acteur …",,autres,,,,1500 - 2500 TND,"Centre ville, Tunis",CDI,,2026-03-14,14 mars 2026,Non,Keejob,https://www.keejob.com/offres-emploi/237160/contr%C3%B4leur-de-gestion-hf/
237181,Sage-femme,AMEN SANTE,"Pour les besoins de ses activités, La Clinique la Marsa souhaite recruter des Sages-femmes pour les services : hospitalisation et maternité.Diplômé(e) (bac+3) (Ecole de la Santé Publique ou Ecole de Formation Privée …",,santé / paramédical / optique,,,,,"La Marsa, Tunis",CDI | SIVP,,2026-03-14,14 mars 2026,Non,Keejob,https://www.keejob.com/offres-emploi/237181/sage-femme/
237184,AGENT IMMOBILIER TECNOCASA LAFAYETTE,TECNOCASA GROUP,ECNOCASA TUNISIE est devenue le premier groupe d'agence immobilières indépendantes du pays et compte actuellement 80 agences dans les régions suivantes:- le Grand Tunis: la banlieue nord-la banlieue sud -Sousse: Sahloul-Sousse Bouhssina-Jaouhara-Corniche-Monastir: …,,architecture / immobilier / BTP,,,,,"Centre ville, Tunis",CDI,,2026-03-14,14 mars 2026,Non,Keejob,https://www.keejob.com/offres-emploi/237184/agent-immobilier-tecnocasa-lafayette/
237187,Opérateur de fabrication,DAR ESSAYDALI,"Mission : Réaliser les opérations de fabrication dans le respect des Bonnes Pratiques de fabrication, des règles hygiène et de sécurité et des procédures de travailEtre en charge d’une ou de …",,santé / paramédical / optique,,,,,Sfax,CDI,,2026-03-14,14 mars 2026,Non,Keejob,https://www.keejob.com/offres-emploi/237187/op%C3%A9rateur-de-fabrication/
237186,INFIRMIERS(ES),AMEN SANTE,"La Clinique la Marsa souhaite renforcer ses équipes et recrute :INFIRMIERS(ES) Affectation possible au : service d’hospitalisation, Service de soins intensifs 🎓 Profil requisDiplôme en soins infirmier (Bac +3) délivré par une École de la Santé Publique ou une École de Formation Privée …",,santé / paramédical / optique,,,,,"La Marsa, Tunis",CDI | SIVP,,2026-03-14,14 mars 2026,Non,Keejob,https://www.keejob.com/offres-emploi/237186/infirmierses/
237153,Ingénieur Chef d'Atelier de Production (N),SOTUCHOC,"SOTUCHOC, Société Tunisienne de Chocolaterie et de Confiserie, spécialisée dans la fabrication de produits à base de chocolat et de confiseries diverses, Leader national dans le domaine de l’agroalimentaire. Nous …",,agriculture / agro-alimentaire / environnement,,,,,"Fouchana, Ben Arous",CDI,,2026-03-14,14 mars 2026,Non,Keejob,https://www.keejob.com/offres-emploi/237153/ing%C3%A9nieur-chef-datelier-de-production-n/
237150,Technicien Supérieur Électrique (Fejja),SOTUCHOC,"SOTUCHOC, Société Tunisienne de Chocolaterie et de Confiserie, spécialisée dans la fabrication de produits à base de chocolat et de confiseries diverses, Leader national dans le domaine de l’agroalimentaire. Nous …",,agriculture / agro-alimentaire / environnement,,,,,"Mornaguia, La Manouba",CDI,,2026-03-14,14 mars 2026,Non,Keejob,https://www.keejob.com/offres-emploi/237150/technicien-sup%C3%A9rieur-%C3%A9lectrique-fejja/
237183,Customer Services Officer - Sousse,BANK ABC,Bank ABC is reinforcing their network with the hiring of a Customer Services Officer within one of its Branches in Sousse.As a CSO you will be treating desk operations for all customers …,,banque / finance / assurances,,,,,Sousse,CDI,,2026-03-14,14 mars 2026,Non,Keejob,https://www.keejob.com/offres-emploi/237183/customer-services-officer-sousse/
237159,Responsable HSE (H/F),SEGOR SOCIETE DU GROUPE SUEZ,"📍 Lieu : Lac 1🏢 Entreprise : SEGOR – Société du Groupe SUEZ📄 Type de contrat : CDI⏰ Disponibilité : Temps pleinContexte du posteSEGOR, société du Groupe SUEZ, spécialisée dans …",,autres,,,,2500 - 3500 TND,"Centre ville, Tunis",CDI,,2026-03-14,14 mars 2026,Non,Keejob,https://www.keejob.com/offres-emploi/237159/responsable-hse-hf/
237191,Chauffeur Livreur,Entreprise Anonyme,"BARIOLO, la référence du jus frais en Tunisie, cherche à recruter Un chauffeur livreur, sérieux et dynamiques, pour assurer les missions suivantes :Gérer l'intégralité du processus de livraison (chargement, déchargement …",,,,,,700 - 900 TND,Tunis,CDI,,2026-03-14,14 mars 2026,Non,Keejob,https://www.keejob.com/offres-emploi/237191/chauffeur-livreur/
237193,Directeur Administratif et Financier,Entreprise Anonyme,"Etablir les prévisions budgétaires et prévoir le financement des investissements.Réaliser une analyse financière de l’entreprise.Piloter la trésorerie et identifier les moyens de l’optimiser.Superviser la tenue comptable, les déclarations mensuelles et …",,,,,,,Sfax,,,2026-03-14,14 mars 2026,Non,Keejob,https://www.keejob.com/offres-emploi/237193/directeur-administratif-et-financier/
237119,Ingénieur Production,HR HOUSE INTERNATIONAL,"HR House International recrute pour le compte de l'un de ses clients, une société dans le secteur pétrochimique :Ingénieur Production Missions:Assurer la lecture et l’application des plans industriels PID & PFD.Programmer …",,recrutement / ressources humaines,,,,,Bizerte,CDI,,2026-03-14,14 mars 2026,Non,Keejob,https://www.keejob.com/offres-emploi/237119/ing%C3%A9nieur-production/
237128,chargé sécurité de travail,Entreprise Anonyme,🚀 Nous recrutons !Vous êtes passionné(e) par la sécurité industrielle et la prévention des risques au travail.Vous disposez d’une expérience professionnelle dans un environnement industriel ?👉 Cette opportunité est faite …,,,,,,1000 - 1200 TND,"Sbikha, Kairouan",CDI,,2026-03-14,14 mars 2026,Non,Keejob,https://www.keejob.com/offres-emploi/237128/charg%C3%A9-s%C3%A9curit%C3%A9-de-travail/
237127,Responsable Management Qualité - RMQ,SNA,"SNA SIDI EL HENI , filiale de Poulina Group Holding, cherche à renforcer son capital humain par le recrutement d'un responsable management qualité De formation mastère ou ingénieur en …",,agriculture / agro-alimentaire / environnement,,,,,"Sidi El Heni, Sousse",CDI,,2026-03-14,14 mars 2026,Non,Keejob,https://www.keejob.com/offres-emploi/237127/responsable-management-qualit%C3%A9-rmq/
237129,Dessinateur– Unité Laser,SOQUIBAT,"SOQUIBAT, groupe multinational fondé en 1983 et spécialisé dans l’import, l’export et la commercialisation de produits sidérurgiques, métallurgiques et de construction métallique, recrute un(e) : 🔹 Dessinateur / Unité Laser …",,commerce / vente / distribution,,,,,"Bir Mcherga, Zaghouan",CDI,,2026-03-14,14 mars 2026,Non,Keejob,https://www.keejob.com/offres-emploi/237129/dessinateur-unit%C3%A9-laser/
237137,Technicien Maintenance Générale,ASTEELFLASH,Mission: Sous la responsabilité hiérarchique et fonctionnelle du responsable maintenance site: •Assurer la maintenance des équipements et de même pour les nouvelles installations. •Réaliser les interventions de maintenance préventive et curative …,,électronique / électricité / énergie,,,,,"La Soukra, Ariana",CDI,,2026-03-14,14 mars 2026,Non,Keejob,https://www.keejob.com/offres-emploi/237137/technicien-maintenance-g%C3%A9n%C3%A9rale/
237145,Développeur Microsoft Dynamics CE CRM,METAM,"Metam est une entreprise Montréalaise en plein essor qui se spécialise dans la digitalisation d’entreprises offrant des services d’implémentation d’ERP, d’intégration de systèmes et de développement sur mesure. Nous sommes …",,informatique / télécoms,,,,1000 - 3000 TND,Sfax,CDI,,2026-03-14,14 mars 2026,Non,Keejob,https://www.keejob.com/offres-emploi/237145/d%C3%A9veloppeur-microsoft-dynamics-ce-crm/
237136,Technicien Maintenance CMS,ASTEELFLASH,"Mission:Sous la responsabilité hiérarchique et fonctionnelle du Responsable Maintenance, le technicien maintenance CMS est chargé de: •Effectuer la maintenance préventive et curative dans l’atelier CMS. •Assurer le support nécessaire afin …",,électronique / électricité / énergie,,,,,"La Soukra, Ariana",CDI,,2026-03-14,14 mars 2026,Non,Keejob,https://www.keejob.com/offres-emploi/237136/technicien-maintenance-cms/
237135,Automaticien,SNA,"La Société de Nutrition Animale SNA, basée à la zone industrielle Sidi El Heni, cherche à renforcer son capital humain par le recrutement d'un automaticien.Vous aurez pour mission de :- Participer à …",,agriculture / agro-alimentaire / environnement,,,,,"Sidi El Heni, Sousse",,,2026-03-14,14 mars 2026,Non,Keejob,https://www.keejob.com/offres-emploi/237135/automaticien/
237121,Ingénieur Mécanique 2D_ Harness Designer,KROMBERG SCHUBERT CENTRE TEHNOLOGIQUE,"Le Centre Technologique KROMBERG & SCHUBERT, implanté au technopole Elghazela, est à la recherche de profils expérimentés dans le domaine de l'industrie automobile!Appartenant à un groupe allemand établi depuis 1903, notre centre de recherche et développement …",,automobile / moteurs / engins mécaniques,,,,,"Raoued, Ariana",CDI,,2026-03-14,14 mars 2026,Non,Keejob,https://www.keejob.com/offres-emploi/237121/ing%C3%A9nieur-m%C3%A9canique-2d_-harness-designer/
237138,Chargé(e) Conformité,ADVANS TUNISIE MICROFINANCE,"Advans, groupe international de Microfinance Advans Tunisie œuvre dans le domaine du développement économique, avec l'objectif d'offrir aux entrepreneurs tunisiens exclus du système financier traditionnel, des services de crédit adaptés …",,banque / finance / assurances,,,,,Tunis,,,2026-03-14,14 mars 2026,Non,Keejob,https://www.keejob.com/offres-emploi/237138/charg%C3%A9e-conformit%C3%A9/
237144,Stagiaire RH - Bizerte,Entreprise Anonyme,"Metam est une entreprise Montréalaise en plein essor qui se spécialise dans la digitalisation d’entreprises offrant des services d’implémentation d’ERP, d’intégration de systèmes et de développement sur mesure. Nous sommes …",,,,,,,"Menzel Jemil, Bizerte",SIVP,,2026-03-14,14 mars 2026,Non,Keejob,https://www.keejob.com/offres-emploi/237144/stagiaire-rh-bizerte/
237132,Préparatrice-technicienne de production,NEW BOX TUNISIA,Nous cherchons à recruter en urgence un préparateur de commandes qui aura pour missions:- Préparation des commandes et colisage des produits- Renseignement des documents relatifs à l'expédition des produits.- Garantir …,,autres,,,,500 - 1000 TND,"Sbikha, Kairouan",CDI | SIVP,,2026-03-14,14 mars 2026,Non,Keejob,https://www.keejob.com/offres-emploi/237132/pr%C3%A9paratrice-technicienne-de-production/
234709,Retail Relationship Manager,BANK ABC,We are reinforcing our Retail & Digital Banking Department with the recruitment of a Retail Relationship Manager (Chargés d'Affaires Particuliers).The Retail Relationship Manager is responsible for managing and developing a …,,banque / finance / assurances,,Manager,,,Tunis,CDI,,2026-03-13,13 mars 2026,Non,Keejob,https://www.keejob.com/offres-emploi/234709/retail-relationship-manager/
237856,Laborantin,MED OIL CAMPANY,"Med Oil Company recrute un Laborantin pour sa filiale basée à Bir Mchergua Zaghouan. Missions : Analyses physico-chimiques : Réaliser des analyses physico-chimiques sur les matières premières, produits en cours de fabrication, et …",,commerce / vente / distribution,,,,,"Bir Mcherga, Zaghouan",,,2026-03-13,13 mars 2026,Non,Keejob,https://www.keejob.com/offres-emploi/237856/laborantin/
237859,Logistics Coordinator,ENPAL,"Enpal è il primo green unicorn in Europa.Fondata a Berlino nel 2017 e attiva in Italia dal 2023, Enpal ha già conquistato oltre 55.000 clienti soddisfatti. Offriamo soluzioni innovative per l'indipendenza energetica, …",,autres,,,,1000 - 2000 TND,Tunis,CDI,,2026-03-13,13 mars 2026,Non,Keejob,https://www.keejob.com/offres-emploi/237859/logistics-coordinator-taliano-fluente/
237861,Sales Representative,ISNACK,"PRIMARY OBJECTIVE OF POSITIONThe Sales Representative is responsible for generating new business, maintaining client relationships, and achieving monthly and quarterly sales targets. This role involves prospecting, product presentation, negotiation, and closing sales while ensuring …",,agriculture / agro-alimentaire / environnement,,,,1700 - 2000 TND,"Enfidha, Sousse",CDI,,2026-03-13,13 mars 2026,Non,Keejob,https://www.keejob.com/offres-emploi/237861/sales-representative-english-speaker-required/
237863,Technicien de compression (Pharmaceutique),LABORATOIRE THERA,"Laboratoire THERA sis à Zone Industrielle El Agba recrute pour son département Production un technicien de compression- Formation :ayant un diplôme de brevet de technicien professionnel, un brevet de technicien supérieur en production ou préparateur …",,santé / paramédical / optique,,,,1000 - 1400 TND,"El Hrairia, Tunis",CDI,,2026-03-13,13 mars 2026,Non,Keejob,https://www.keejob.com/offres-emploi/237863/technicien-de-compression-pharmaceutique/
237865,Responsable Transit,LABORATOIRE THERA,"THERA recrute un Responsable Transit Profil recherché : - Licence/Mastère en gestion ou équivalent - Expérience minimum de 2 ans Tâches principales : - Gérer les opérations douanières nécessaires aux importations et exportations - Constituer, …",,santé / paramédical / optique,,,,900 - 1500 TND,"Essijoumi, Tunis",,,2026-03-13,13 mars 2026,Non,Keejob,https://www.keejob.com/offres-emploi/237865/responsable-transit/
237858,Déléguée médicale,Entreprise Anonyme,"Recrutement de déléguée médicale sur SfaxLaboratoire pharmaceutique recrute, dans le cadre du renforcement de son réseau de promotion médicale, une déléguée médicale basée SfaxProfil de la candidate :De formation médicale …",,,,,,1000 - 1200 TND,"Sfax Ville, Sfax",CDI | CDD | SIVP,,2026-03-13,13 mars 2026,Non,Keejob,https://www.keejob.com/offres-emploi/237858/recrutement-d%C3%A9l%C3%A9gu%C3%A9e-m%C3%A9dicale-bas%C3%A9e-sur-sfax/
237867,Technicien elctromecanique,REPUBLIC OF MLAWI,"Société agroalimentaire en pleine expansion, recrute un technicien électromécanique motivé et compétent pour rejoindre son équipe sur le shift soir.Missions principales :Assurer la maintenance préventive et corrective (1er et 2eme niveau) …",,agriculture / agro-alimentaire / environnement,,,,1000 - 1200 TND,"El Hrairia, Tunis",CDI,,2026-03-13,13 mars 2026,Non,Keejob,https://www.keejob.com/offres-emploi/237867/technicien-elctromecanique/
237868,Machiniste,MED OIL CAMPANY,"Med Oil Company recherche des Machinistes pour sa filiale basée à Bir Mcherga, Zaghouan. Missions : Assurer la réalisation de la production en terme qualitative et quantitative Assurer le rendement optimal des machines Assurer l'entretien …",,commerce / vente / distribution,,,,,"Bir Mcherga, Zaghouan",,,2026-03-13,13 mars 2026,Non,Keejob,https://www.keejob.com/offres-emploi/237868/machiniste/
237873,Commerciale,MEDAGRO,"Âge maximum : 30 ans Excellentes compétences commerciales Excellentes compétences en communication Excellentes compétences rédactionnelles et de présentation Esprit créatif Exigences : Diplôme universitaire ou professionnel en marketing digital Compétence linguistique ,français et …",,agriculture / agro-alimentaire / environnement,,,,1111 - 1112 TND,Tunis,CDI,,2026-03-13,13 mars 2026,Non,Keejob,https://www.keejob.com/offres-emploi/237873/une-repr%C3%A9sentante-commerciale/
237869,Responsable ressources humaines,REPUBLIC OF MLAWI,"Société agroalimentaire en pleine expansion cherche à recruter un (e) Responsable ressources humaines Missions principales :Définir et mettre en œuvre la stratégie RH de l’entreprise.Gérer le recrutement, l’intégration et le suivi …",,agriculture / agro-alimentaire / environnement,,,,1000 - 1500 TND,"El Hrairia, Tunis",CDI,,2026-03-13,13 mars 2026,Non,Keejob,https://www.keejob.com/offres-emploi/237869/responsable-ressources-humaines/
237875,Responsable Maintenance,L'ACCUMULATEUR TUNISIEN ASSAD,"Vous êtes Ingénieur en électromécanique, mécanique ou équivalent et prêt à piloter et optimiser l’ensemble des opérations de maintenance de nos installations industrielles ? Ce poste est fait pour vous …",,électronique / électricité / énergie,,,,,"Bou Argoub, Nabeul",CDI,,2026-03-13,13 mars 2026,Non,Keejob,https://www.keejob.com/offres-emploi/237875/responsable-maintenance/
237877,Mateur-Commerciaux terrain en Microfinance,ADVANS TUNISIE MICROFINANCE,"Advans, groupe international de Microfinance Advans Tunisie œuvre dans le domaine du développement économique, avec l'objectif d'offrir aux entrepreneurs tunisiens exclus du système financier traditionnel, des services de crédit adaptés …",,banque / finance / assurances,,,,,"Mateur, Bizerte",CDI | SIVP,,2026-03-13,13 mars 2026,Non,Keejob,https://www.keejob.com/offres-emploi/237877/mateur-commerciaux-terrain-en-microfinance/
237874,BIM Modeleur,Entreprise Anonyme,"Notre société recrute un BIM Modeleur Confirmé , spécialisé dans le traitement à partir de nuages de points.📐 Intervention sur :• Architecture• Structure• MEP (CVC, plomberie, électricité)🛠 Vos missions :Modélisation BIM …",,,,,,1200 - 1600 TND,"El Menzah, Tunis",CDI,,2026-03-13,13 mars 2026,Non,Keejob,https://www.keejob.com/offres-emploi/237874/bim-modeleur-confirm%C3%A9-hf/
237876,Dessinateur/Projeteur 2D,Entreprise Anonyme,"Notre société recrute un Dessinateur/Projeteur 2D expérimenté, spécialisé dans le traitement à partir de nuages de points.🔎 Profil recherché :Maîtrise des logiciels AutoCAD et BricsCADExpérience professionnelle d’au moins 2 ansBonne maîtrise de la langue française (écrit et oral)Disponibilité …",,,,,,1000 - 1500 TND,"El Menzah, Tunis",CDI,,2026-03-13,13 mars 2026,Non,Keejob,https://www.keejob.com/offres-emploi/237876/dessinateurprojeteur-2d-confirm%C3%A9/
237880,Auditeur Comptable,BUISINESS SOLUTIONS,"Le cabinet Business Solutions recrute pour le compte de son partenaire à Sousse : Auditeur ComptableMissions principales :Saisie comptable des factures d’achats, ventes, banque, caisse, etc.Préparation des bulletins de paieRédaction des …",,recrutement / ressources humaines,,,,,"Sousse Ville, Sousse",CDI,,2026-03-13,13 mars 2026,Non,Keejob,https://www.keejob.com/offres-emploi/237880/auditeur-comptable/
237881,Vendeur/ Caissier Mango Tunis City,TUNTEX,"Pour Accompagner son développement, le groupe Indigo Company, leader du marché du Retail en Tunisie, avec plus de 15 enseignes d’envergure internationale, recherche ses futurs conseillers en mode.Véritable ambassadeur de …",,commerce / vente / distribution,,,,,Ariana,,,2026-03-13,13 mars 2026,Non,Keejob,https://www.keejob.com/offres-emploi/237881/vendeur-caissier-mango-tunis-city/
237887,Commercial,Entreprise Anonyme,"Réf : 128 Lieu : Grand-TunisType de contrat : CDI/SIVPPrise de poste : immédiatementMode : MixteProfil : fémininVotre missionRejoignez notre centre d’ingénierie tunisien, filiale d'un éditeur de logiciels français avec une présence internationale spécialisée dans la protection et le management …",,,,,,1000 - 1500 TND,Tunis,CDI | SIVP,,2026-03-13,13 mars 2026,Non,Keejob,https://www.keejob.com/offres-emploi/237887/commercial-juniorjunior-sales-associate/
237886,Technicien Maintenance Electrique - BBM TAJ,CARTHAGO SANITAIRE,"Poulina Group Holding, Leader sur le marché tunisien et opérant dans plusieurs secteurs d'activités, cherche à renforcer son Capital Humain par le recrutement des "" Techniciens Maintenance Electrique"" pour le compte de …",,autres,,,,800 - 1500 TND,"Tajerouine, Le Kef",CDD | SIVP,,2026-03-13,13 mars 2026,Non,Keejob,https://www.keejob.com/offres-emploi/237886/technicien-maintenance-electrique-bbm-taj/
237888,Assistante Ressources Humaines,Entreprise Anonyme,Nous recrutons un(e) Assistant(e) RH dont les missions seront principalement orientées vers le suivi des habilitations du personnel et la préparation des audits qualité.Missions principales :Assurer le suivi et la …,,,,,,800 - 1000 TND,"Kalaa El Kebira, Sousse",CDI | SIVP,,2026-03-13,13 mars 2026,Non,Keejob,https://www.keejob.com/offres-emploi/237888/assistante-ressources-humaines/
237890,Superviseur Ben Arous,GROUPE JUDY,« Le Groupe Judy » cherche son Superviseur Commerciale (Zone: BEN AROUS) Voulez-vous donner un nouvel élan à votre carrière ?MISSION :Le superviseur a pour mission de développer les ventes dans le circuit …,,chimie / biologie / physique,,,,1500 - 1800 TND,"Ben Arous, Ben Arous",CDI,,2026-03-13,13 mars 2026,Non,Keejob,https://www.keejob.com/offres-emploi/237890/superviseur-ben-arous/
237879,Aide comptable,Entreprise Anonyme,"Nous recherchons un(e) Aide-Comptable dynamique et rigoureux(se) pour rejoindre notre équipe. Sous la supervision du comptable, vous participerez aux opérations comptables quotidiennes et assurerez le bon suivi des finances de …",,,,,,650 - 750 TND,"La Goulette, Tunis",CDI | SIVP,,2026-03-13,13 mars 2026,Non,Keejob,https://www.keejob.com/offres-emploi/237879/aide-comptable/
237891,RESPONSABLE RH,Entreprise Anonyme,Dans le cadre de notre stratégie de développement et dans le but de renforcé l'equipe RH nous recrute:RESPONSABLE RHMission Gérer les entrées et sorties de personnel Participe aux …,,,,,,,"Zaghouan, Zaghouan",CDI,,2026-03-13,13 mars 2026,Non,Keejob,https://www.keejob.com/offres-emploi/237891/responsable-rh/
237894,Chargé Trade Marketing (H/F),ROSE BLANCHE GROUP,"Envie de rejoindre le leader tunisien de l’agroalimentaire dans le secteur des céréales et dérivés, fort de plus de 100 ans d’innovation et de croissance continue ?Vous souhaitez dynamiser votre carrière au sein …",,agriculture / agro-alimentaire / environnement,,,,,"Sousse Ville, Sousse",CDI,,2026-03-13,13 mars 2026,Non,Keejob,https://www.keejob.com/offres-emploi/237894/charg%C3%A9-trade-marketing-hf/
237898,Magasinier,PARAFENDRI,"La société « Parafendri », Leader dans le domaine de la vente des produits parapharmaceutiques et paramédicales dans la Tunisie, recrute pour renforcer son équipe deux magasiniersUne première expérience réussie d’une année …",,commerce / vente / distribution,,,,800 - 1000 TND,"Sfax Ville, Sfax",CDI,,2026-03-13,13 mars 2026,Non,Keejob,https://www.keejob.com/offres-emploi/237898/magasinier/
237897,Sales Manager,AGBL AFRIQUE,"Alliance Global, l’un des leaders régionaux de la distribution d’équipement médical en Afrique recrute pour son bureau de la TunisieTâche :Prévision des ventes par produit et par mois et atteinte des …",,autres,,,,2500 - 3000 TND,"Centre ville, Tunis",CDI,,2026-03-13,13 mars 2026,Non,Keejob,https://www.keejob.com/offres-emploi/237897/sales-manager/
237899,Comptable Senior,Entreprise Anonyme,"Vous êtes rigoureux(se) et passionné(e) par la comptabilité et la finance ? Organisé(e) et ayant le sens de l'écoute! Rejoignez notre équipe pour superviser la comptabilité générale et analytique, gérer …",,,,,,,"Ariana Ville, Ariana",CDI,,2026-03-13,13 mars 2026,Non,Keejob,https://www.keejob.com/offres-emploi/237899/comptable-senior/
237901,Cuisinier,EL MAZRAA,"Principales responsabilités : Préparer et cuisiner les plats selon les recettes et les fiches techniques établies. Réaliser les différentes étapes de préparation (découpe, cuisson, assemblage des ingrédients). Participer à la …",,agriculture / agro-alimentaire / environnement,,,,,"Grombalia, Nabeul",CDI,,2026-03-13,13 mars 2026,Non,Keejob,https://www.keejob.com/offres-emploi/237901/cuisinier/
237902,Technicien regleur-injection plastique,Entreprise Anonyme,Missions: Assiste l’équipe de montage- démontage moule.Assiste le chef de production au réglage lors du démarrage d’un moule.Assiste le chef de production à l’élaboration de fiche de réglage Vérifie et ajuste le …,,,,,,1000 - 1500 TND,"Ben Arous, Ben Arous",CDI,,2026-03-13,13 mars 2026,Non,Keejob,https://www.keejob.com/offres-emploi/237902/technicien-regleur-injection-plastique/
237840,Assistante de direction,ELF CONSEIL,"Notre cabinet d’expertise comptable désire recruter une Assistante de direction :Missions Générales :AccueilAssurer les communications (téléphonique, e-mails, etc.)Facturation et suivi des recouvrementsAssurer les différentes tâches juridiques, fiscales et sociales, ...Saisie des pièces comptablesDéplacement Atouts …",,comptabilité / gestion / audit,,,,500 - 700 TND,"Ariana Ville, Ariana",CDI | CDD | SIVP | Saisonnier,,2026-03-13,13 mars 2026,Non,Keejob,https://www.keejob.com/offres-emploi/237840/assistante-de-direction/
237841,Ingénieur AGRO ALIMENTAIRE,IAT,Diplômes requis: IngénieurConnaissances théoriques de base en IAA:Industries Fromagère et laitièreMaitrise des démarches qualité Aisance d'analyse sensoriellePrésence de potentiel rédactionnel Présence de potentiel analytiqueMaitrise de l'outil informatiqueConnaissances des bonnes pratiques d'hygièneFormations requises …,,agriculture / agro-alimentaire / environnement,,,,1300 - 1500 TND,"Fouchana, Ben Arous",CDI,,2026-03-13,13 mars 2026,Non,Keejob,https://www.keejob.com/offres-emploi/237841/ing%C3%A9nieur-agro-alimentaire/
237843,Responsable commercial,AUTOP,"AUTOP est une société en pleine expansion, spécialisée dans la réparation de véhicules et la gestion de garages conventionnés.Dans le cadre de son développement, nous recherchons un ( e ) responsable …",,automobile / moteurs / engins mécaniques,,,,,"La Soukra, Ariana",CDI,,2026-03-13,13 mars 2026,Non,Keejob,https://www.keejob.com/offres-emploi/237843/responsable-commercial/
237844,Chef de projet marketing,AUTOP,"AUTOP est une société en pleine expansion, spécialisée dans la réparation de véhicules et la gestion de garages conventionnés.Dans le cadre de son développement, nous recrutons un chef de projet marketing Missions et …",,automobile / moteurs / engins mécaniques,,,,,"Ariana Ville, Ariana",CDI,,2026-03-13,13 mars 2026,Non,Keejob,https://www.keejob.com/offres-emploi/237844/chef-de-projet-marketing/
237845,Comptable,AUTOP,"AUTOP est une société en pleine expansion, spécialisée dans la réparation de véhicules et la gestion de garages conventionnés.Dans le cadre de son développement, nous recrutons un comptableMissions principalesAssurer l’enregistrement des …",,automobile / moteurs / engins mécaniques,,,,,Ariana,CDI,,2026-03-13,13 mars 2026,Non,Keejob,https://www.keejob.com/offres-emploi/237845/comptable/
237846,Formateur énergie,AMIANE,Amiane Call recrute un profil de Formateur en énergie ayant une expérience dans les techniques de vente pour intégrer notre équipe.* Missions Principales• Maîtrise des techniques de formation initiale & continue• Mise en place …,,call center / télévente,,,,1000 - 2000 TND,"Cite El Khadra, Tunis",CDI,,2026-03-13,13 mars 2026,Non,Keejob,https://www.keejob.com/offres-emploi/237846/formateur-%C3%A9nergie-hf/
237848,Tecnico Helpdesk,CPL JOBS,Tecnico Helpdesk (m/f/d) – Lingua Italiana Stiamo reclutando un Tecnico Helpdesk di lingua italiana per il nostro partner! Cosa offriamo: • Trasporto gratuito per il lavoro • Stipendio interessante a …,,recrutement / ressources humaines,,,,1500 - 1501 TND,Ariana,CDI,,2026-03-13,13 mars 2026,Non,Keejob,https://www.keejob.com/offres-emploi/237848/tecnico-helpdesk/
237849,Técnico Helpdesk (m/f/d) – Língua Portuguesa,CPL JOBS,Técnico Helpdesk (m/f/d) – Língua Portuguesa Estamos recrutando um Técnico Helpdesk de língua portuguesa para o nosso parceiro! O que oferecemos: • Transporte gratuito para o trabalho • Salário atrativo …,,recrutement / ressources humaines,,,,1700 - 1701 TND,Ariana,CDI,,2026-03-13,13 mars 2026,Non,Keejob,https://www.keejob.com/offres-emploi/237849/t%C3%A9cnico-helpdesk-mfd-l%C3%ADngua-portuguesa/
237850,Télégestionnaire Assurance -Service Rétention,CPL JOBS,"Dans le cadre du renforcement de notre service Rétention, nous recrutons des Télégestionnaires Assurance expérimentés, passionnés par la relation client et la négociation. Votre rôle principal sera de fidéliser notre …",,recrutement / ressources humaines,,,,1100 - 1400 TND,"Centre ville, Tunis",CDI,,2026-03-13,13 mars 2026,Non,Keejob,https://www.keejob.com/offres-emploi/237850/t%C3%A9l%C3%A9gestionnaire-assurance-service-r%C3%A9tention/
237851,Agent sans faire de vente ni de prospection,CPL JOBS,"Vous avez un excellent niveau en français et en anglais, vous aimez aider, expliquer et accompagner les clients sans faire de vente ni de prospection ? Cette opportunité est faite …",,recrutement / ressources humaines,,,,1100 - 1400 TND,"Centre ville, Tunis",CDI,,2026-03-13,13 mars 2026,Non,Keejob,https://www.keejob.com/offres-emploi/237851/agent-sans-faire-de-vente-ni-de-prospection/
237852,Téléconseiller en régime mi-temps,CPL JOBS,"Votre mission: Vous assurez le conseil et l’accompagnement à distance des clients et prospects, en identifiant leurs besoins et en leur proposant des produits et offres adaptés. Vous contribuez activement …",,recrutement / ressources humaines,,,,,"Centre ville, Tunis",CDI,,2026-03-13,13 mars 2026,Non,Keejob,https://www.keejob.com/offres-emploi/237852/t%C3%A9l%C3%A9conseiller-en-r%C3%A9gime-mi-temps/
237842,GESTIONNAIRE DE MATIERES PREMIERES,DEUTSCHCOLOR,"Dc Industries Sarl, avec la marque DEUTSCHCOLOR d'origine allemande, fait partie du secteur industriel tunisien depuis 2019.Avec cette extension en cours, DC INDUSTRIES cherche a recruter un Responsable Gestion …",,commerce / vente / distribution,,,,850 - 1000 TND,"Kairouan Nord, Kairouan",,,2026-03-13,13 mars 2026,Non,Keejob,https://www.keejob.com/offres-emploi/237842/gestionnaire-des-mati%C3%A8res-premi%C3%A8res/
237835,Standardiste,FOLLA IMMOBILIERE,"Fille d’Accueil / Standardiste (Débutante) Profil recherché : Niveau bac ou équivalent Expérience : débutante acceptée Bonne présentation et bon sens de la communication Sens de l’organisation, ponctualité et sérieux …",,architecture / immobilier / BTP,,,,600 - 700 TND,"Monastir, Monastir",CDI | SIVP,,2026-03-13,13 mars 2026,Non,Keejob,https://www.keejob.com/offres-emploi/237835/standardiste/
237837,Ingénieur Hydraulique,FOLLA IMMOBILIERE,"Description du poste :Dans le cadre du développement de nos activités, nous recherchons un(e) Ingénieur(e) Hydraulique et Aménagement ou Ingénieur(e) Énergétique débutant(e) pour intervenir sur des projets liés à la …",,architecture / immobilier / BTP,,,,1000 - 1200 TND,Monastir,CDI | SIVP,,2026-03-13,13 mars 2026,Non,Keejob,https://www.keejob.com/offres-emploi/237837/ing%C3%A9nieur/
237853,Chef de zone,EPICES SMAOUI,"Société ESSAFA propriétaire de plusieurs marques alimentaires et non alimentaires, cherche à recruter à Sfax un chef de zone pour renforcer notre force de vente de la distribution numérique.Vos principales …",,agriculture / agro-alimentaire / environnement,,,,1300 - 1800 TND,"Sfax Sud, Sfax",CDI,,2026-03-13,13 mars 2026,Non,Keejob,https://www.keejob.com/offres-emploi/237853/chef-de-zone/
237847,Programmeur Régleur Fraisage CN,MECATECH INDUSTRIE,Programmation des pièces mécaniques sur centre d’usinage CNC (programmation ISO ou FAO).Préparation complète des montages et des outils de coupe.Réglage précis de la machine et mise au point des programmes.Optimisation …,,industrie métalliques,,,,1000 - 2000 TND,"Mahdia, Mahdia",CDI | CDD | SIVP,,2026-03-13,13 mars 2026,Non,Keejob,https://www.keejob.com/offres-emploi/237847/programmeur-r%C3%A9gleur-fraisage-cn/
237820,Développeur Full Stack IT,DECLITECH,"Lieu : SousseType de contrat : CIVP / CDINiveau : Bac+3 à Bac+5 en informatique ou domaines connexesVos missions :Sous la supervision de notre CTO, vous participerez au développement et …",,enseignement / formation / puériculture,,,,1000 - 1500 TND,Sousse,CDI | SIVP,,2026-03-13,13 mars 2026,Non,Keejob,https://www.keejob.com/offres-emploi/237820/d%C3%A9veloppeur-full-stack-it-%C3%A0-sousse/
237854,Assistante,MEDIFORM MANAR,"Nous recherchons une assistante administrative pour rejoindre notre cabinet de kinésithérapie. Vous serez en charge de l’accueil des patients (physique et téléphonique), de la gestion et de la planification des …",,santé / paramédical / optique,,,,,"El Menzah, Tunis",Stage,,2026-03-13,13 mars 2026,Non,Keejob,https://www.keejob.com/offres-emploi/237854/assistante/
237786,Assistante comptable,Entreprise Anonyme,"Nous cherchons une assistante comptable pour :Saisie et enregistrement des pièces comptables (factures, notes de frais, écritures de banque…)Lettrage et rapprochements bancairesSuivi des comptes clients et fournisseursClassement et archivage des …",,,,,,500 - 600 TND,"Ariana Ville, Ariana",SIVP,,2026-03-13,13 mars 2026,Non,Keejob,https://www.keejob.com/offres-emploi/237786/comptable-junior/
237785,Comptable,HESAB CONSULTING FINANCIER,"Rattaché(e) au manager, vous assurez la supervision de la comptabilité générale, le management des collaborateurs, la fiabilité des états financiers, le respect des délais de clôture et la conformité comptable …",,comptabilité / gestion / audit,,Manager,,10000 - 15000 TND,"Ariana Ville, Ariana",CDI,,2026-03-13,13 mars 2026,Non,Keejob,https://www.keejob.com/offres-emploi/237785/comptable-confirm%C3%A9e/
237109,Conseillers Clients (SOUSSE),TP,Tu cherches un emploi ou une nouvelle expérience ? TP Tunisie t’ouvre ses portes ! Tu maîtrises la langue française et tu voues une passion à l’art de la communication et aux …,,informatique / télécoms,,,,,"Sousse Ville, Sousse",CDI,,2026-03-13,13 mars 2026,Non,Keejob,https://www.keejob.com/offres-emploi/237109/conseillers-clients-sousse/
237110,Logistics & Compliance Coordinator,BULGIN TUNISIE,"Please send your CV in English otherwise it won't be taken into consideration. Description :Purpose of Role :our Logistics & Compliance Coordinator will be responsible on ;Planning, implementing and overseeing transport …",,électronique / électricité / énergie,,,,,"Mannouba, La Manouba",CDI,,2026-03-13,13 mars 2026,Non,Keejob,https://www.keejob.com/offres-emploi/237110/logistics-compliance-coordinator/
237107,Conseillers commerciaux en réception d'appels,MEZZO,"SoMezzo du groupe Outsourcia recrute !Boostez votre carrière avec nous !Nous sommes l’un des leaders de la télévente et du service client, implanté en Tunisie depuis 2005. Nous vous offrons …",,call center / télévente,,,,,Tunis,CDI | SIVP,,2026-03-13,13 mars 2026,Non,Keejob,https://www.keejob.com/offres-emploi/237107/conseillers-commerciaux-en-r%C3%A9ception-dappels/
237105,Conseillers Commerciaux en Réception d'Appel,ACTIVE CONTACT,Nous recrutons des Conseillers Commerciaux en Réception d'Appels pour offrir une expérience exceptionnelle à nos clients.Vos missions :- Relation Client : Répondre aux appels entrants et établir des relations de confiance avec nos …,,call center / télévente,,,,1000 - 1500 TND,"Centre ville, Tunis",CDI | SIVP,,2026-03-13,13 mars 2026,Non,Keejob,https://www.keejob.com/offres-emploi/237105/conseillers-commerciaux-en-r%C3%A9ception-dappel/
237088,Conseiller(e)s de Vente / Caissier(e)s,BEN YAGHLANE SHOPS,"La Centrale Commerciale ""Biwai Shops"" lance une campagne de recrutement pour renforcer ses équipes au sein de ses points de vente situés à CENTRE URBAIN NORD, MARSA,MENZAH5, LAC2 ET BARDO- Des Caissier(e)s, - …",,commerce / vente / distribution,,,,,"Le Bardo, Tunis",,,2026-03-13,13 mars 2026,Non,Keejob,https://www.keejob.com/offres-emploi/237088/conseilleres-de-vente-caissieres/
237096,Technicien HELPDESK Germanophone,CPL JOBS,"Vous êtes à la recherche d’un emploi stable, motivant avec de réelles opportunités d’évolution au sein d’une entreprise de renommé leader dans son domaine, vous êtes dynamique et motivé(e), doté(e) …",,recrutement / ressources humaines,,,,1800 - 1900 TND,"El Kram, Tunis",CDI,,2026-03-13,13 mars 2026,Non,Keejob,https://www.keejob.com/offres-emploi/237096/technicien-helpdesk-germanophone/
237095,HELPDESK techniker in deutscher Sprache,CPL JOBS,"Cpl jobs stellt für seinen Partner HELPDESK-Techniker in deutscher Sprache ein.Sie sind dynamisch und motiviert, so dass Ihr Profil für uns von großem Interesse ist.Deine Vorteile:Wir sorgen für kostenlosen Transport …",,recrutement / ressources humaines,,,,1800 - 2000 TND,"El Kram, Tunis",CDI,,2026-03-13,13 mars 2026,Non,Keejob,https://www.keejob.com/offres-emploi/237095/helpdesk-techniker-in-deutscher-sprache/
237792,Magasinier,SIM,"Nous recherchons un magasinier sérieux et dynamique pour rejoindre notre équipe à Sfax. Le candidat aura pour mission principale de gérer les entrées et sorties de marchandises, d’assurer le rangement, la préparation des …",,commerce / vente / distribution,,,,550 - 750 TND,"Sfax Ville, Sfax",CDI | SIVP,,2026-03-12,12 mars 2026,Non,Keejob,https://www.keejob.com/offres-emploi/237792/magasinier/
237793,CHAUFFEUR MINI-BUS (14 PLACES),OLYMPIA COMPANY,La société cherche un chauffeur mini-bus ( 14 places) résident à Ksar Helal - Moknine pour assurer le transfert des ouvriers de Ksar Helal à Msaken ( aller et retour).Ses …,,commerce / vente / distribution,,,,850 - 900 TND,"Ksar Helal, Monastir",CDI | SIVP,,2026-03-12,12 mars 2026,Non,Keejob,https://www.keejob.com/offres-emploi/237793/chauffeur-mini-bus-14-places/
237794,Assistante DAF,STE DES EAUX BARGOU,"Assistante DAF Rattachée à la Direction Administratives et Financière, vous aurez pour principales missions : -Assister la DAF dans la gestion administratives et financière quotidienne-Suivi et classement des pièces comptables-Préparation des dossiers …",,agriculture / agro-alimentaire / environnement,,,,1200 - 1300 TND,"Ariana Ville, Ariana",CDI,,2026-03-12,12 mars 2026,Non,Keejob,https://www.keejob.com/offres-emploi/237794/assistante-daf/
WG6OUY5T4IQN,Architect Site Engineer,Confidential,,· Architecture | · AutoCAD | · Project Management,·Engineering - Construction/Civil/Architecture | · Civil Engineering | · Engineering,7+ Yrs of Exp,Experienced,,,"Mohandessin, Giza, Egypt",Full Time,On-site,2026-03-12,11 days ago,No,Wuzzuf,https://wuzzuf.net/jobs/p/wg6ouy5t4iqn-architect-site-engineer-giza-egypt
JDD0TKVKYIEP,Customer Service Engineer (New Cairo),NCR,,· Technical Support | · Mechatronics | · Customer Care | · Mechanical | · Electrical,·Customer Service/Support | ·Engineering - Mechanical/Electrical | · Electrical Engineering | · Mechanical Engineering | · Customer Service,1 - 3 Yrs of Exp,Entry Level,,,"New Cairo, Cairo, Egypt",Full Time,On-site,2026-03-12,11 days ago,No,Wuzzuf,https://wuzzuf.net/jobs/p/jdd0tkvkyiep-customer-service-engineer-new-cairo-ncr-cairo-egypt
CAAYKVUNTIYQ,Customer Service Engineer (Nasr City),NCR,,· Technical Support | · Mechatronics | · Customer Care | · Mechanical | · Electrical,·Customer Service/Support | ·Engineering - Mechanical/Electrical | · Electrical Engineering | · Mechanical Engineering | · Customer Service,1 - 3 Yrs of Exp,Entry Level,,,"Nasr City, Cairo, Egypt",Full Time,On-site,2026-03-12,11 days ago,No,Wuzzuf,https://wuzzuf.net/jobs/p/caaykvuntiyq-customer-service-engineer-nasr-city-ncr-cairo-egypt
YLD51VEDBFSP,Customer Service Engineer (Alexandria),NCR,,· Technical Support | · Mechatronics | · Customer Care | · Mechanical | · Electrical,·Customer Service/Support | ·Engineering - Mechanical/Electrical | · Electrical Engineering | · Mechanical Engineering | · Customer Service,1 - 3 Yrs of Exp,Entry Level,,,"Alexandria, Egypt",Full Time,On-site,2026-03-12,11 days ago,No,Wuzzuf,https://wuzzuf.net/jobs/p/yld51vedbfsp-customer-service-engineer-alexandria-ncr-alexandria-egypt
FDOZMSLV0Y0N,Export Coordinator - Frozen Fruits & Vegetables,Confidential,,· Export | · Shipping | · Supply Chain Management | · International Trade,·Logistics/Supply Chain | ·Manufacturing/Production | ·Sales/Retail | · Logistics | · Manufacturing Processes | · Sales Coordination,3 - 7 Yrs of Exp,Experienced,,,"Heliopolis, Cairo, Egypt",Full Time,On-site,2026-03-12,11 days ago,No,Wuzzuf,https://wuzzuf.net/jobs/p/fdozmslv0y0n-export-coordinator-frozen-fruits-vegetables-cairo-egypt
GV1VYEXKXJPZ,Engineering Lead / Senior Full-Stack Engineer,Global,,· .NET Core | · C# | · ASP.Net | · System Design | · React.js | · React js | · React Native | · React,·IT/Software Development | ·Engineering - Telecom/Technology,5+ Yrs of Exp,Experienced,,,"Heliopolis, Cairo, Egypt",Full Time,On-site,2026-03-12,11 days ago,No,Wuzzuf,https://wuzzuf.net/jobs/p/gv1vyexkxjpz-engineering-lead-senior-full-stack-engineer-global-cairo-egypt
DBBNTQAJGTWY,Design and Manufacturing Engineer / Prototyping Engineer,Zewail City,,· Design | · Prototyping,·Manufacturing/Production | ·Engineering - Mechanical/Electrical | · Engineering | · Manufacturing,0 - 3 Yrs of Exp,Entry Level,,,"6th of October, Giza, Egypt",Full Time,On-site,2026-03-12,11 days ago,No,Wuzzuf,https://wuzzuf.net/jobs/p/dbbntqajgtwy-design-and-manufacturing-engineer-prototyping-engineer-zewail-city-giza-egypt
NRP6N2MB8NVO,Planning Engineer (Interior Finishing & Decoration),indoor innovations,,· Project Management | · Planning | · Construction | · Management,·Engineering - Construction/Civil/Architecture | · Civil Engineering | · Engineering,3 - 8 Yrs of Exp,Experienced,,,"Giza, Egypt",Full Time,Hybrid,2026-03-12,11 days ago,No,Wuzzuf,https://wuzzuf.net/jobs/p/nrp6n2mb8nvo-planning-engineer-interior-finishing-decoration-indoor-innovations-giza-egypt
NBVYWSZBDWEA,Accounting Analyst,Frutal for Food Industries,,· Financial Analysis | · Commerce | · Budgeting | · Forecasting | · Variance Analysis | · Financial Reporting,·Accounting/Finance | ·Analyst/Research | · Accounting | · Finance,5 - 15 Yrs of Exp,Experienced,,,"Heliopolis, Cairo, Egypt",Full Time,On-site,2026-03-12,11 days ago,No,Wuzzuf,https://wuzzuf.net/jobs/p/nbvywszbdwea-accounting-analyst-frutal-for-food-industries-cairo-egypt
2R9R6ZNDXRZ3,Export Coordinator,Confidential,,· Export | · Shipping | · Supply Chain Management | · International Trade,·Logistics/Supply Chain | ·Manufacturing/Production | ·Sales/Retail | · Logistics | · Manufacturing Processes | · Sales Coordination,3 - 7 Yrs of Exp,Experienced,,,"Heliopolis, Cairo, Egypt",Full Time,On-site,2026-03-12,11 days ago,No,Wuzzuf,https://wuzzuf.net/jobs/p/2r9r6zndxrz3-export-coordinator-cairo-egypt
CPNSGXCAYUVN,Electrical BIM Specialist,Eracore,,· BIM | · Revit | · Navisworks,·Engineering - Construction/Civil/Architecture | ·Engineering - Mechanical/Electrical | · Electrical Engineering | · Engineering | · Engineering Services | · Engineering Service | · Engineering Field,2+ Yrs of Exp,Experienced,,,"Cairo, Egypt",Full Time,Remote,2026-03-12,11 days ago,No,Wuzzuf,https://wuzzuf.net/jobs/p/cpnsgxcayuvn-electrical-bim-specialist-eracore-cairo-egypt
EFUOPAES444K,Property Advisor - Real Estate Sales (entry-level),BODE Realty,,· Communication | · Negotiation | · Real Estate | · Property,·Business Development | ·Customer Service/Support | ·Sales/Retail | · Sales | · Sales Target | · Real Estate Sales,,Entry Level,,,"New Cairo, Cairo, Egypt",Internship,On-site,2026-03-12,11 days ago,No,Wuzzuf,https://wuzzuf.net/internship/efuopaes444k-property-advisor-real-estate-sales-entry-level-bode-realty-cairo-egypt
2ORYA5UF1FZG,Digital Marketing Manager - Global Role,Decotam,,·Media/Journalism/Publishing | · Social Media | · Communication | · Design | · Management,·Marketing/PR/Advertising | · Digital Marketing | · Marketing | · E-Marketing | · Sales,7 - 10 Yrs of Exp,Manager,,,"6th of October, Giza, Egypt",Full Time,Hybrid,2026-03-12,11 days ago,No,Wuzzuf,https://wuzzuf.net/jobs/p/2orya5uf1fzg-digital-marketing-manager-global-role-decotam-giza-egypt
YHSGIDCIJVJC,Business Development Lead/Manager,Amplify Growth,,· Development,·Business Development | ·Marketing/PR/Advertising | ·Sales/Retail | · Business Development | · Sales Target | · Sales,3 - 7 Yrs of Exp,Experienced,,,"Smouha, Alexandria, Egypt",Full Time,Hybrid,2026-03-12,11 days ago,No,Wuzzuf,https://wuzzuf.net/jobs/p/yhsgidcijvjc-business-development-leadmanager-amplify-growth-alexandria-egypt
ZKI3PWQULA2M,Influencer Account Manager,Amplify Growth,,· Content Management | · Public Relations (PR) | · Research,·Customer Service/Support | ·Marketing/PR/Advertising | ·Sales/Retail | · Marketing | · Customer Service | · Sales | · Sales Target,0 - 10 Yrs of Exp,Experienced,,,"Cairo, Egypt",Full Time,Hybrid,2026-03-12,11 days ago,No,Wuzzuf,https://wuzzuf.net/jobs/p/zki3pwqula2m-influencer-account-manager-amplify-growth-cairo-egypt
ZKHYCRBM7CDZ,Dental Assistant/Dentist,Shiny White Dental Center,,· Dental Care | · Dentistry | · Health | · Dental | · Dental Implant | · Cosmetic Dentistry | · Dentist,·Operations/Management | ·Medical/Healthcare | · Medical,1+ Yrs of Exp,Entry Level,,,"Cairo, Egypt",Full Time,On-site,2026-03-11,12 days ago,No,Wuzzuf,https://wuzzuf.net/jobs/p/zkhycrbm7cdz-dental-assistantdentist-shiny-white-dental-center-cairo-egypt
IGRUO20ACGC0,Architectural Projects Manager,Darna for real estate & Construction (DRC),,·Project/Program Management | · Project Management | · Projects,·Engineering - Construction/Civil/Architecture | · Engineering,12 - 15 Yrs of Exp,Senior Management,,,"Nasr City, Cairo, Egypt",Full Time,On-site,2026-03-11,12 days ago,No,Wuzzuf,https://wuzzuf.net/jobs/p/igruo20acgc0-architectural-projects-manager-darna-for-real-estate-construction-drc-cairo-egypt
QK693XE5BTLE,English Teachers (National Division),Modern American School of Egypt 2000,,· English Teaching | · Teaching | · Literature,·Education/Teaching,3 - 5 Yrs of Exp,Experienced,,,"New Cairo, Cairo, Egypt",Full Time,On-site,2026-03-11,12 days ago,No,Wuzzuf,https://wuzzuf.net/jobs/p/qk693xe5btle-english-teachers-national-division-modern-american-school-of-egypt-2000-cairo-egypt
B1L7NUFFCUHN,Frontend Engineer (Flutter),Oliv,,· Flutter | · Dart Programming | · Mobile Application Development | · Cross Platform Development | · Flutter SDK | · UI/UX | · UI | · RESTful APIs,·IT/Software Development | ·Engineering - Telecom/Technology,3 - 6 Yrs of Exp,Experienced,,,"Zamalek, Cairo, Egypt",Full Time,Hybrid,2026-03-10,13 days ago,No,Wuzzuf,https://wuzzuf.net/jobs/p/b1l7nuffcuhn-frontend-engineer-flutter-oliv-cairo-egypt
V9MCGTKVGGVX,Mentor / Supervisor Kids Instructor,SYE English Community,,· Teaching | · English Teaching | · Professional Teaching Certificate | · Teaching Certificate | · Instructor | · TEFL | · English Instructing,·Education/Teaching | ·Training/Instructor,3 - 7 Yrs of Exp,Experienced,,,"Dokki, Giza, Egypt",Full Time,On-site,2026-03-10,13 days ago,No,Wuzzuf,https://wuzzuf.net/jobs/p/v9mcgtkvggvx-mentor-supervisor-kids-instructor-sye-english-community-giza-egypt
Q2IVHP2CGHUX,Personal Assistant To The Principal,"British International School, Cairo",,· Office management | · Microsoft Office | · Time Management | · Communication | · Computer Skills | · office organization,·Administration | · Administration,3 - 5 Yrs of Exp,Experienced,,,"Sheikh Zayed, Giza, Egypt",Full Time,On-site,2026-03-10,13 days ago,No,Wuzzuf,https://wuzzuf.net/jobs/p/q2ivhp2cghux-personal-assistant-to-the-principal-british-international-school-cairo-giza-egypt
VNGNLW1QYLPA,Quantity Surveying Engineer,Khater Sports Group,,·Creative/Design/Art | · AutoCAD | · Quantity Surveying | · Surveying,·Engineering - Construction/Civil/Architecture | ·Engineering - Mechanical/Electrical | · Civil Engineering | · Engineering,2 - 5 Yrs of Exp,Experienced,,,"Nasr City, Cairo, Egypt",Full Time,On-site,2026-03-10,13 days ago,No,Wuzzuf,https://wuzzuf.net/jobs/p/vngnlw1qylpa-quantity-surveying-engineer-khater-sports-group-cairo-egypt
94Z2EOGZZONY,Regional Export Sales Manager,Confidential,,· Export | · Market Research | · Research Analysis,·Business Development | ·Customer Service/Support | ·Sales/Retail | · Export Sales | · Sales Target | · Sales | · Sales Strategies,10 - 15 Yrs of Exp,Manager,,,"Bourj Alarab, Alexandria, Egypt",Full Time,On-site,2026-03-10,13 days ago,No,Wuzzuf,https://wuzzuf.net/jobs/p/94z2eogzzony-regional-export-sales-manager-alexandria-egypt
CGUIRKC5QTID,Head of Maintenance – Food Manufacturing,International Coffee Industries (Café Najjar Egypt),,·Installation/Maintenance/Repair | · Coffee Industry,·Operations/Management | ·Manufacturing/Production | · Food Manufacturing | · Operations Management | · Mechanical Engineering,10 - 15 Yrs of Exp,Manager,,,"6th of October, Giza, Egypt",Full Time,On-site,2026-03-10,13 days ago,No,Wuzzuf,https://wuzzuf.net/jobs/p/cguirkc5qtid-head-of-maintenance-food-manufacturing-international-coffee-industries-cafe-najjar-egypt-giza-egypt
MQAUXOK9OFWQ,Junior Purchasing Specialist,ABCO Group,,·Purchasing/Procurement | · Procurement | · Purchasing | · Supply Chain Management | · Negotiation | · Vendor Management | · Cost Analysis | · Contract Negotiation | · Inventory Management,·Logistics/Supply Chain,1 - 2 Yrs of Exp,Entry Level,,,"Bourj Alarab, Alexandria, Egypt",Full Time,On-site,2026-03-10,13 days ago,No,Wuzzuf,https://wuzzuf.net/jobs/p/mqauxok9ofwq-junior-purchasing-specialist-abco-group-alexandria-egypt
KA32HYYZMEY4,Warehouse Section Head,Confidential,,· ERP System | · Warehousing Management | · SAP Business Warehouse | · Warehouse Management System | · Inventory Management,·Logistics/Supply Chain | ·Operations/Management | ·Manufacturing/Production | · Warehouse Operations,5 - 10 Yrs of Exp,Manager,,,"Bourj Alarab, Alexandria, Egypt",Full Time,On-site,2026-03-10,13 days ago,No,Wuzzuf,https://wuzzuf.net/jobs/p/ka32hyyzmey4-warehouse-section-head-alexandria-egypt
LOWL4ZLVQ2S1,Food Laboratory Marketer,Life for studies & research,,· Social Media | · Management | · Market Analysis | · Market Research,·Marketing/PR/Advertising | ·Sales/Retail | · E-Marketing | · Marketing | · Marketing Campaigns,1 - 3 Yrs of Exp,Entry Level,,,"6th of October, Giza, Egypt",Full Time,On-site,2026-03-10,13 days ago,No,Wuzzuf,https://wuzzuf.net/jobs/p/lowl4zlvq2s1-food-laboratory-marketer-life-for-studies-research-giza-egypt
7CVWZSQLACCR,Mentor ( Gamification & Activities Designer - English Courses ),SYE English Community,,· Teaching | · English Teaching | · Online Teaching | · teaching certificate | · TEFL | · tesol | · CELTA | · TESOL,·Education/Teaching | ·Training/Instructor,3 - 7 Yrs of Exp,Experienced,,,"Giza, Egypt",Full Time,On-site,2026-03-10,13 days ago,No,Wuzzuf,https://wuzzuf.net/jobs/p/7cvwzsqlaccr-mentor-gamification-activities-designer-english-courses-sye-english-community-giza-egypt
QNJM3MWFYOIT,Cost Accountant,Growxcel,,· Variance Analysis | · Inventory Management | · ERP Systems | · Excel | · Reporting | · Budgeting | · Financial Analysis,·Accounting/Finance | · Cost Accounting,3 - 7 Yrs of Exp,Experienced,,,"Cairo, Egypt",Full Time,On-site,2026-03-10,13 days ago,No,Wuzzuf,https://wuzzuf.net/jobs/p/qnjm3mwfyoit-cost-accountant-growxcel-cairo-egypt
NXLPABFSWKJO,Finance Compliance Supervisor,MTS,,· Auditing | · Certified Internal Auditor (CIA) | · Financial Auditing | · Reporting,·Accounting/Finance | · Finance,7 - 10 Yrs of Exp,Experienced,,,"Heliopolis, Cairo, Egypt",Full Time,On-site,2026-03-10,13 days ago,No,Wuzzuf,https://wuzzuf.net/jobs/p/nxlpabfswkjo-finance-compliance-supervisor-mts-cairo-egypt
Q3CVZWHQ7TUF,Senior Product Designer,almentor,,·Creative/Design/Art | · Product Design | · Figma | · UI/UX | · UI Design | · UX Design | · User Interface (UI) | · User Experience (UX),·IT/Software Development | ·Engineering - Telecom/Technology,5+ Yrs of Exp,Experienced,,,"Cairo, Egypt",Full Time,Hybrid,2026-03-09,14 days ago,No,Wuzzuf,https://wuzzuf.net/jobs/p/q3cvzwhq7tuf-senior-product-designer-almentor-cairo-egypt
F81VVWVH2H3U,Warehouse Manager,Gest For Metals,,· Warehousing | · Supply Chain,·Logistics/Supply Chain | ·Operations/Management | · Logistics,7 - 10 Yrs of Exp,Manager,,,"10th of Ramadan City, Sharqia, Egypt",Full Time,On-site,2026-03-09,14 days ago,No,Wuzzuf,https://wuzzuf.net/jobs/p/f81vvwvh2h3u-warehouse-manager-gest-for-metals-sharqia-egypt
9RKHHHVDSDC8,Technical Order Processing Engineer,Aerzen North Africa,,· Order Processing | · ERP Systems | · Industrial Equipment Knowledge | · Production Process | · Process Validation,·Manufacturing/Production | ·Engineering - Mechanical/Electrical | · Manufacturing Process,1 - 3 Yrs of Exp,Entry Level,,,"Heliopolis, Cairo, Egypt",Full Time,On-site,2026-03-09,14 days ago,No,Wuzzuf,https://wuzzuf.net/jobs/p/9rkhhhvdsdc8-technical-order-processing-engineer-aerzen-north-africa-cairo-egypt
P8XJZIGQVUEE,Lawyer,Confidential,,· Drafting Contracts | · Contract Writing | · Negotiation | · Corporate Law | · Governmental Affairs,·Administration | ·Legal,5 - 7 Yrs of Exp,Experienced,,,"Heliopolis, Cairo, Egypt",Full Time,On-site,2026-03-09,14 days ago,No,Wuzzuf,https://wuzzuf.net/jobs/p/p8xjzigqvuee-lawyer-cairo-egypt
B4GMNX45MVVR,Sales Engineer - Compressor & Air Blower,Aerzen North Africa,,· Communication | · B2B | · sales skills,·Sales/Retail | ·Engineering - Mechanical/Electrical | ·Engineering - Oil & Gas/Energy | · Engineering | · Sales Target | · Mechanical Engineering | · Electrical Engineering,3 - 7 Yrs of Exp,Experienced,,,"Heliopolis, Cairo, Egypt",Full Time,On-site,2026-03-09,14 days ago,No,Wuzzuf,https://wuzzuf.net/jobs/p/b4gmnx45mvvr-sales-engineer-compressor-air-blower-aerzen-north-africa-cairo-egypt
S4PDH15TQFTC,Quality Control Specialist,voestalpine Turnout Technology Egypt S.A.E.,,,·Manufacturing/Production | ·Quality | · Quality Assurance | · Quality Control,3 - 4 Yrs of Exp,Experienced,,,"Abbassia, Cairo, Egypt",Full Time,On-site,2026-03-09,14 days ago,No,Wuzzuf,https://wuzzuf.net/jobs/p/s4pdh15tqftc-quality-control-specialist-voestalpine-turnout-technology-egypt-s-a-e-cairo-egypt
ZJ23QR0DIE8O,Senior Database Admin & Developer (SQL),BI-Technologies,,·Installation/Maintenance/Repair | · Database Administrator | · Information Technology (IT) | · Computer Science | · Database | · SQL | · backend | · API,·IT/Software Development | ·Engineering - Telecom/Technology,5+ Yrs of Exp,Experienced,,,"New Cairo, Cairo, Egypt",Full Time,Hybrid,2026-03-09,14 days ago,No,Wuzzuf,https://wuzzuf.net/jobs/p/zj23qr0die8o-senior-database-admin-developer-sql-bi-technologies-cairo-egypt
XCQEQEBVUXIE,Motion Graphics Designer,El Mansour Development,,·Creative/Design/Art | · Design | · Designer | · Editing | · Graphic | · Graphic Design | · graphic designer | · photoshop | · Real Estate,·Marketing/PR/Advertising,1 - 4 Yrs of Exp,Entry Level,,,"Mokattam, Cairo, Egypt",Full Time,On-site,2026-03-09,14 days ago,No,Wuzzuf,https://wuzzuf.net/jobs/p/xcqeqebvuxie-motion-graphics-designer-el-mansour-development-cairo-egypt
AJI2TRZBQSUB,Software Technical Lead,Efada Technology,,· Computer Science | · Information Technology (IT) | · Software Development | · Architecture | · AWS | · Cloud,·IT/Software Development | ·Operations/Management | ·Engineering - Telecom/Technology | · Engineering,6 - 15 Yrs of Exp,Experienced,,,"Cairo, Egypt",Full Time,Remote,2026-03-09,14 days ago,No,Wuzzuf,https://wuzzuf.net/jobs/p/aji2trzbqsub-software-technical-lead-efada-technology-cairo-egypt
QTIV5XCPVGN7,Engineering Projects Manager,Cairo Three A  for International Industries.,,·Project/Program Management | · Project Management | · MEP | · Project Execution | · Subcontract Management,·Manufacturing/Production | ·Engineering - Mechanical/Electrical | · Engineering | · Electrical Engineering | · Manufacturing,5 - 10 Yrs of Exp,Manager,,,"Cairo, Egypt",Full Time,On-site,2026-03-09,14 days ago,No,Wuzzuf,https://wuzzuf.net/jobs/p/qtiv5xcpvgn7-engineering-projects-manager-cairo-three-a-for-international-industries-cairo-egypt
IM46C8EF4OW0,Sales Engineer Supervisor,Storm Electric,,· Lighting | · LED Lighting | · Team Leadership | · Performance Management,·Sales/Retail | ·Engineering - Mechanical/Electrical | · Sales | · Sales Target | · Sales Management | · Electrical Engineering,5 - 10 Yrs of Exp,Manager,,,"Giza, Egypt",Full Time,Hybrid,2026-03-09,14 days ago,No,Wuzzuf,https://wuzzuf.net/jobs/p/im46c8ef4ow0-sales-engineer-supervisor-storm-electric-giza-egypt
ASQHLHSLUKII,Quality Engineer,voestalpine Turnout Technology Egypt S.A.E.,,,·Manufacturing/Production | · Engineering | · Quality Assurance | · Quality Control,1 - 1 Yrs of Exp,Entry Level,,,"Abbassia, Cairo, Egypt",Full Time,On-site,2026-03-09,14 days ago,No,Wuzzuf,https://wuzzuf.net/jobs/p/asqhlhslukii-quality-engineer-voestalpine-turnout-technology-egypt-s-a-e-cairo-egypt
JP8WNHM2HLTI,"Backend Developer ""Outsource""",Efada Technology,,· Computer Science | · Information Technology (IT) | · Software Development | · Design | · AWS | · Docker | · Git,·IT/Software Development | ·Engineering - Telecom/Technology | · Software Engineering,2 - 7 Yrs of Exp,Experienced,,,"Cairo, Egypt",Full Time,Remote,2026-03-09,14 days ago,No,Wuzzuf,https://wuzzuf.net/jobs/p/jp8wnhm2hlti-backend-developer-outsource-efada-technology-cairo-egypt
GMAPRELIBBHT,Financial &Treasury Supervisor,Confidential,,· Financial | · Financial Analysis | · Financial Management | · Treasury | · Reporting,·Accounting/Finance | ·Banking | ·Analyst/Research | · Finance | · Accounting,4 - 6 Yrs of Exp,Manager,,,"Smouha, Alexandria, Egypt",Full Time,On-site,2026-03-09,14 days ago,No,Wuzzuf,https://wuzzuf.net/jobs/p/gmaprelibbht-financial-treasury-supervisor-alexandria-egypt
NSDRBMCIABIZ,Procurement Specialist,Macro Group,,·Purchasing/Procurement | · Microsoft Office | · Procurement | · Economics | · ERP | · Microsoft Excel | · Microsoft PowerPoint(PPT) | · Purchasing,·Logistics/Supply Chain | · Business Administration,2+ Yrs of Exp,Experienced,,,"Sheraton, Cairo, Egypt",Full Time,On-site,2026-03-09,14 days ago,No,Wuzzuf,https://wuzzuf.net/jobs/p/nsdrbmciabiz-procurement-specialist-macro-group-cairo-egypt
2OEBYES1IPFB,Senior Accountant,Landmarks consulting solutions CO,,· Financial Management | · Financial Analysis,·Accounting/Finance | · Accounting | · Finance | · Financial Accounting | · Payable Accounting | · Treasury Accounting,5+ Yrs of Exp,Experienced,,,"Maadi, Cairo, Egypt",Full Time,On-site,2026-03-06,17 days ago,No,Wuzzuf,https://wuzzuf.net/jobs/p/2oebyes1ipfb-senior-accountant-landmarks-consulting-solutions-co-cairo-egypt
CDUQLV2J5UAC,Sales Real Estate,BODE Realty,,· Real Estate | · Client Support | · Communication | · Time Management | · Teamwork,·Business Development | ·Sales/Retail | · Real Estate Sales | · Sales | · Property Sales,1 - 3 Yrs of Exp,Entry Level,,,"New Cairo, Cairo, Egypt",Full Time,On-site,2026-03-06,17 days ago,No,Wuzzuf,https://wuzzuf.net/jobs/p/cduqlv2j5uac-sales-real-estate-bode-realty-cairo-egypt
NEFTTQQEFLEY,Fresh Real Estate Sales,BODE Realty,,· Time Management | · Time Scheduling | · Real Estate | · Communication | · Lead Generation,·Sales/Retail | · Sales | · Sales Field | · Sales Target | · Real Estate Sales,3+ Yrs of Exp,Experienced,,,"New Cairo, Cairo, Egypt",Full Time,On-site,2026-03-06,17 days ago,No,Wuzzuf,https://wuzzuf.net/jobs/p/nefttqqefley-fresh-real-estate-sales-bode-realty-cairo-egypt
KUYGZAM645IE,E Commerce Specialist,Sakr Group,,·Media/Journalism/Publishing | · Commerce | · Social Media | · Communication,·Marketing/PR/Advertising | ·Sales/Retail | · E-Marketing | · Marketing | · Business Administration | · Digital Marketing,1 - 3 Yrs of Exp,Entry Level,,,"Nasr City, Cairo, Egypt",Full Time,On-site,2026-03-06,17 days ago,No,Wuzzuf,https://wuzzuf.net/jobs/p/kuygzam645ie-e-commerce-specialist-sakr-group-cairo-egypt
ZV2ZIPY1OQ69,Pre School Teacher,Innovera for Education Technology,,· Teaching | · Nursery | · Schools | · Pre school,·Education/Teaching,0 - 2 Yrs of Exp,Entry Level,,,"New Cairo, Cairo, Egypt",Full Time,On-site,2026-03-06,17 days ago,No,Wuzzuf,https://wuzzuf.net/jobs/p/zv2zipy1oq69-pre-school-teacher-innovera-for-education-technology-cairo-egypt
HKOPSTJWKTSA,Secretary,Via Egypt,,· Organizing | · Planning | · Reception | · Booking | · Computer Skills | · Communication | · Microsoft Office,·Administration | · Administration | · Office Administration,1 - 2 Yrs of Exp,Entry Level,,,"Madinaty, Cairo, Egypt",Full Time,On-site,2026-03-06,17 days ago,No,Wuzzuf,https://wuzzuf.net/jobs/p/hkopstjwktsa-secretary-via-egypt-cairo-egypt
IXVVHMTIQYSE,Senior Media Buyer - Tech Field,Confidential,,· Advertising | · Social Media | · SEO,·IT/Software Development | ·Marketing/PR/Advertising | ·Sales/Retail | · Digital Marketing | · E-Marketing | · Marketing | · Retail Sales,4 - 5 Yrs of Exp,Experienced,,,"Sheraton, Cairo, Egypt",Full Time,On-site,2026-03-06,17 days ago,No,Wuzzuf,https://wuzzuf.net/jobs/p/ixvvhmtiqyse-senior-media-buyer-tech-field-cairo-egypt
B9BTCV1PRWZA,ERP Sales Executive – B2B,Ofis Soft,,· B2B | · CRM | · Presentation Skills | · Financial Proposals | · Contract Negotiation | · Data Entry,·Business Development | ·Sales/Retail | · Sales | · Sales Target,2 - 5 Yrs of Exp,Experienced,,,"Alexandria, Egypt",Full Time,Hybrid,2026-03-06,17 days ago,No,Wuzzuf,https://wuzzuf.net/jobs/p/b9btcv1prwza-erp-sales-executive-b2b-ofis-soft-alexandria-egypt
GTNWNR2PNLGF,Senior Graphic Designer,RUSHBRUSH INC,,·Creative/Design/Art | · Graphic Design | · adobe | · photoshop | · Adobe illustrator | · Adobe Photoshop | · illustrator | · Graphic | · Design,·Marketing/PR/Advertising,2 - 4 Yrs of Exp,Experienced,,,"Alexandria, Egypt",Full Time,On-site,2026-03-06,17 days ago,No,Wuzzuf,https://wuzzuf.net/jobs/p/gtnwnr2pnlgf-senior-graphic-designer-rushbrush-inc-alexandria-egypt
ZICBXUFCV903,CAD Operator,Alshaya,,Freelance / Project | · Architectural Design | · AutoCAD | · 2D Design | · 3D Design | · SolidWorks | · Revit | · CAD Software | · CAD,·Engineering - Construction/Civil/Architecture,3 - 5 Yrs of Exp,Experienced,,,"Nasr City, Cairo, Egypt",Freelance / Project,On-site,2026-03-06,17 days ago,No,Wuzzuf,https://wuzzuf.net/jobs/p/zicbxufcv903-cad-operator-alshaya-cairo-egypt
AJW8ZETQB0UZ,HR Section Head,The Dutch Egyptian - Capri,,· HR | · Management | · Microsoft Office | · KPI'S | · Payroll System | · ERP System,·Administration | ·Human Resources | ·Legal | · Human Resources (HR),5 - 7 Yrs of Exp,Manager,,,"Bourj Alarab, Alexandria, Egypt",Full Time,On-site,2026-03-06,17 days ago,No,Wuzzuf,https://wuzzuf.net/jobs/p/ajw8zetqb0uz-hr-section-head-the-dutch-egyptian-capri-alexandria-egypt
TE410WLRIKZY,Strategic Finance Development Director,Confidential,,· Strategic Planning,·Accounting/Finance | · Finance | · Finance Management,12 - 15 Yrs of Exp,Manager,,,"Nasr City, Cairo, Egypt",Full Time,On-site,2026-03-06,17 days ago,No,Wuzzuf,https://wuzzuf.net/jobs/p/te410wlrikzy-strategic-finance-development-director-cairo-egypt
LPBAO2ZFX6TX,Technical Office Civil Engineer,Misr Elhegaz Group,,· AutoCAD | · Microsoft Office | · Technical Office | · Design | · Projects,·Engineering - Construction/Civil/Architecture | · Civil Engineering | · Engineering,8 - 10 Yrs of Exp,Experienced,,,"Heliopolis, Cairo, Egypt",Full Time,On-site,2026-03-06,17 days ago,No,Wuzzuf,https://wuzzuf.net/jobs/p/lpbao2zfx6tx-technical-office-civil-engineer-misr-elhegaz-group-cairo-egypt
W8QKUAS0WUTT,E-commerce Platforms Specialist,Top Chef,,· Commerce | · E-Commerce | · Market Analysis | · Customer Relationship Management (CRM),·Marketing/PR/Advertising | ·Sales/Retail | · E-Marketing | · Marketing | · Digital Marketing Strategy | · Sales Strategy,3 - 7 Yrs of Exp,Experienced,,,"Obour City, Cairo, Egypt",Full Time,On-site,2026-03-06,17 days ago,No,Wuzzuf,https://wuzzuf.net/jobs/p/w8qkuas0wutt-e-commerce-platforms-specialist-top-chef-cairo-egypt
LWVA5NHDBSAN,Quality Assurance Manager,El Banna Group Company,,,·Quality | · Quality Assurance | · Quality Control | · Engineering,7 - 10 Yrs of Exp,Manager,,,"Alsadat City, Monufya, Egypt",Full Time,On-site,2026-03-06,17 days ago,No,Wuzzuf,https://wuzzuf.net/jobs/p/lwva5nhdbsan-quality-assurance-manager-el-banna-group-company-monufya-egypt
AKSNP1CYC7WT,Junior Export Sales,Sega_m,,· sales strategy | · Market Research | · B2G | · Business Analysis,·Business Development | ·Customer Service/Support | ·Sales/Retail | · Sales Plan | · Export Sales | · B2B Sales,1 - 1 Yrs of Exp,Entry Level,,,"10th of Ramadan City, Sharqia, Egypt",Full Time,On-site,2026-03-04,19 days ago,No,Wuzzuf,https://wuzzuf.net/jobs/p/aksnp1cyc7wt-junior-export-sales-segam-sharqia-egypt
DGATEBQZXQVG,3D Max Designer,On Time,,·Creative/Design/Art | · 3ds Max | · Creative | · booth design | · Adobe Photoshop | · Design | · Visualization,,2 - 3 Yrs of Exp,Experienced,,,"Nasr City, Cairo, Egypt",Full Time,On-site,2026-03-04,19 days ago,No,Wuzzuf,https://wuzzuf.net/jobs/p/dgatebqzxqvg-3d-max-designer-on-time-cairo-egypt
7HWCORPYY88U,Biomedical Engineer,Cairoscan,,· English,·Medical/Healthcare | ·Sales/Retail | · Engineering | · Biomedical Engineering | · Medical Engineering | · Medical Equipment,3 - 5 Yrs of Exp,Experienced,,,"Mohandessin, Giza, Egypt",Full Time,On-site,2026-03-04,19 days ago,No,Wuzzuf,https://wuzzuf.net/jobs/p/7hwcorpyy88u-biomedical-engineer-cairoscan-giza-egypt
JJ1XXIHJJUQP,HSE Manager,Olam SVI,,"· Health and Safety Management | · Health, Safety and Environment | · Safety | · Fire Safety | · Environment, Health, and Safety (EHS) | · HSE",·Quality | ·Engineering - Other | · Training and Development | · Occupational Safety and Health Administration (OSHA),8 - 12 Yrs of Exp,Experienced,,,"6th of October, Giza, Egypt",Full Time,On-site,2026-03-04,19 days ago,No,Wuzzuf,https://wuzzuf.net/jobs/p/jj1xxihjjuqp-hse-manager-olam-svi-giza-egypt
YQLXGSOH9X6W,Warehouse Manager,SAGE Hospitality,,· Food & Beverage warehouse managment | · Warehousing Management | · Food Safety Management | · ERP System | · Food & Beverage Warehouse Management | · ERP Systems | · Inventory Control,·Accounting/Finance | ·Hospitality/Hotels/Food Services | ·Logistics/Supply Chain,10 - 15 Yrs of Exp,Manager,,,"New Cairo, Cairo, Egypt",Full Time,On-site,2026-03-04,19 days ago,No,Wuzzuf,https://wuzzuf.net/jobs/p/yqlxgsoh9x6w-warehouse-manager-sage-hospitality-cairo-egypt
UDBUUDB0J5S0,System Administrator,Sega_m,,· Information Technology (IT) | · System Admin | · MS Active Directory | · Backup Solutions | · recovery | · Technical Support | · LAN | · Wlan,·IT/Software Development | ·Engineering - Telecom/Technology,1 - 2 Yrs of Exp,Entry Level,,,"10th of Ramadan City, Sharqia, Egypt",Full Time,On-site,2026-03-04,19 days ago,No,Wuzzuf,https://wuzzuf.net/jobs/p/udbuudb0j5s0-system-administrator-segam-sharqia-egypt
M1VPHVD91WDK,Survey Engineer,ASC for Construction and Engineering,,· Data Analysis | · Calculations | · Land Surveying | · Communication | · Problem Solving | · AutoCAD | · Civil 3D | · Total Station Operation | · GPS Data Processing,·Engineering - Construction/Civil/Architecture,8 - 10 Yrs of Exp,Experienced,,,"Cairo, Egypt",Full Time,On-site,2026-03-04,19 days ago,No,Wuzzuf,https://wuzzuf.net/jobs/p/m1vphvd91wdk-survey-engineer-asc-for-construction-and-engineering-cairo-egypt
OZMQPZNW7ZML,Purchasing Specialist,Master Egypt Factory,,·Purchasing/Procurement | · Purchasing | · Purchasing Management | · Foreign Purchasing | · International Purchasing,,0 - 5 Yrs of Exp,Entry Level,,,"Giza, Egypt",Full Time,On-site,2026-03-04,19 days ago,No,Wuzzuf,https://wuzzuf.net/jobs/p/ozmqpznw7zml-purchasing-specialist-master-egypt-factory-giza-egypt
LUMNTFZAKMRY,Planning Section Head,Jazeera Paints,,· Supply Management | · Planning | · Google Keyword Planner | · Work Planning | · Business Planning,·Logistics/Supply Chain | · Logistics | · Sales Planning,7 - 10 Yrs of Exp,Manager,,,"Sharqia, Egypt",Full Time,On-site,2026-03-04,19 days ago,No,Wuzzuf,https://wuzzuf.net/jobs/p/lumntfzakmry-planning-section-head-jazeera-paints-sharqia-egypt
OGBYLWYTATBW,HSE Supervisor (Medical Background),Alfa Laboratories,,· Analytical & Problem-Solving | · Emergency Response & Safety Equipment Knowledge | · Technical Tools & Software | · Documentation & Reporting | · Audit & Inspection Skills | · Safety Procedures Implementation | · Incident & Accident Investigation | · Risk Assessment & Hazard Identification | · HSE Compliance & Regulations,·Medical/Healthcare,3 - 5 Yrs of Exp,Manager,,,"6th of October, Giza, Egypt",Full Time,On-site,2026-03-04,19 days ago,No,Wuzzuf,https://wuzzuf.net/jobs/p/ogbylwytatbw-hse-supervisor-medical-background-alfa-laboratories-giza-egypt
NLLIGE6LKQ6S,Video Content Creator,Confidential,,Freelance / Project | ·Writing/Editorial | · AI video | · Storytelling | · Automation | · Synthesia | · Adobe Premiere Pro | · Final Cut Pro | · After Effects,·Marketing/PR/Advertising,3 - 5 Yrs of Exp,Experienced,,,"Cairo, Egypt",Freelance / Project,Remote,2026-03-04,19 days ago,No,Wuzzuf,https://wuzzuf.net/jobs/p/nllige6lkq6s-video-content-creator-cairo-egypt
DOSAYCSIL7NY,Senior Performance Marketer,Safa Soft,,·Media/Journalism/Publishing | · Google Ads | · Lead Generation | · Ads | · B2B,·Marketing/PR/Advertising | · B2B Marketing | · Marketing Campaigns | · Digital Marketing | · E-Marketing,5+ Yrs of Exp,Experienced,,,"Maadi, Cairo, Egypt",Full Time,On-site,2026-03-04,19 days ago,No,Wuzzuf,https://wuzzuf.net/jobs/p/dosaycsil7ny-senior-performance-marketer-safa-soft-cairo-egypt
FJRXOMYHIY5N,QA/ QC Engineer,GlassRock Insulation Co.,,· QA | · ISO 9001 | · Communication | · Negotiation,·Quality | ·Engineering - Telecom/Technology | · Engineering | · Quality Assurance | · Engineering Services | · Engineering Service,1 - 3 Yrs of Exp,Entry Level,,,"Alsadat City, Monufya, Egypt",Full Time,On-site,2026-03-04,19 days ago,No,Wuzzuf,https://wuzzuf.net/jobs/p/fjrxomyhiy5n-qa-qc-engineer-glassrock-insulation-co-monufya-egypt
BQ21NX4AZUCW,Marketing Specialist,MY WAY,,· Brand Assistant | · MS Office | · Presentations,·Marketing/PR/Advertising | · Marketing Specialist | · Marketing Coordinator | · Marketing Analyst,0 - 2 Yrs of Exp,Entry Level,,,"Obour City, Cairo, Egypt",Full Time,On-site,2026-03-04,19 days ago,No,Wuzzuf,https://wuzzuf.net/jobs/p/bq21nx4azucw-marketing-specialist-my-way-cairo-egypt
RLGNJRPEDJOP,Receptionist,Makki Labs,,· Reception | · Microsoft Office | · English Translation | · Administrative Assistant,·Administration | ·Medical/Healthcare | · Medical | · Sales | · Administration,3 - 7 Yrs of Exp,Experienced,,,"Rehab City, Cairo, Egypt",Full Time,On-site,2026-03-04,19 days ago,No,Wuzzuf,https://wuzzuf.net/jobs/p/rlgnjrpedjop-receptionist-makki-labs-cairo-egypt
9ILYVIRPBG0T,Senior Architect Technical Office Engineer,Raafat Miller Consulting,,· Revit Architecture | · AutoCAD Architecture | · RFI | · Shop Drawings,·Engineering - Construction/Civil/Architecture | ·Engineering - Mechanical/Electrical | ·Engineering - Other | · Engineering | · Engineering Services | · Engineering Field,10+ Yrs of Exp,Experienced,,,"Giza, Egypt",Full Time,On-site,2026-03-02,21 days ago,No,Wuzzuf,https://wuzzuf.net/jobs/p/9ilyvirpbg0t-senior-architect-technical-office-engineer-raafat-miller-consulting-giza-egypt
Y2ZNPTZJ4M8H,Junior Financial Controlling Specialist (Outsource).,Prometeon tyres group – Egypt,,· Power BI | · Microsoft Excel | · CMA | · ACCA | · IFRS,·Accounting/Finance | · Finance | · Accounting,0 - 2 Yrs of Exp,Entry Level,,,"Alexandria, Egypt",Full Time,On-site,2026-03-02,21 days ago,No,Wuzzuf,https://wuzzuf.net/jobs/p/y2znptzj4m8h-junior-financial-controlling-specialist-outsource-prometeon-tyres-group-egypt-alexandria-egypt
M8WML11T3AVT,Airfreight Import Coordinator,Unisas International Freight,,· Freight Forwarding | · Supply Chain | · Import / Export | · Export,·Logistics/Supply Chain | · Logistics,1 - 3 Yrs of Exp,Entry Level,,,"Giza, Egypt",Full Time,On-site,2026-03-02,21 days ago,No,Wuzzuf,https://wuzzuf.net/jobs/p/m8wml11t3avt-airfreight-import-coordinator-unisas-international-freight-giza-egypt
RXKMJ0ALUNKM,Civil site Technical Office Manager,Upwyde,,,·Engineering - Construction/Civil/Architecture | · Technical Office Engineering | · Civil Engineering,5 - 10 Yrs of Exp,Manager,,,"6th of October, Giza, Egypt",Full Time,On-site,2026-03-02,21 days ago,No,Wuzzuf,https://wuzzuf.net/jobs/p/rxkmj0alunkm-civil-site-technical-office-manager-upwyde-giza-egypt
LH38BLG4KKYJ,Product Support Specialist,Elsewedy industries,,· Communication | · Problem Solving | · Customer Support | · Customer Care,·Customer Service/Support,1 - 2 Yrs of Exp,Entry Level,,,"New Cairo, Cairo, Egypt",Full Time,On-site,2026-03-02,21 days ago,No,Wuzzuf,https://wuzzuf.net/jobs/p/lh38blg4kkyj-product-support-specialist-elsewedy-industries-cairo-egypt
ERWJATWQP3AA,Talent Acquisition Specialist,Cleopatra Hospitals Group,,· Talent acquisition | · Recruitment | · HR | · healthcare,·Human Resources,3+ Yrs of Exp,Experienced,,,"Maadi, Cairo, Egypt",Full Time,On-site,2026-03-02,21 days ago,No,Wuzzuf,https://wuzzuf.net/jobs/p/erwjatwqp3aa-talent-acquisition-specialist-cleopatra-hospitals-group-cairo-egypt
72NPFJSEOJE1,Customer Service Agent ( English Speaking),Confidential,,· Problem Solving | · Customer Support | · English communcation | · Time Management | · Customer Care | · Customer Relations,·Customer Service/Support | · Customer Service,0 - 2 Yrs of Exp,Entry Level,,,"6th of October, Giza, Egypt",Full Time,On-site,2026-03-02,21 days ago,No,Wuzzuf,https://wuzzuf.net/jobs/p/72npfjseoje1-customer-service-agent-english-speaking-giza-egypt
ZJX5VT9ROQ5Y,Call Center Coordinator,Zewail City,,· Call Center | · Customer Support,·Customer Service/Support | · Sales Coordination | · Customer Service,2 - 5 Yrs of Exp,Experienced,,,"6th of October, Giza, Egypt",Full Time,On-site,2026-03-02,21 days ago,No,Wuzzuf,https://wuzzuf.net/jobs/p/zjx5vt9roq5y-call-center-coordinator-zewail-city-giza-egypt
GKJ43L9ERUIG,Store Keeper,SH Chemical,,· Storekeeping | · Store Management | · Inventory Control | · Warehouse Management | · Supply Chain Management | · Data Entry | · Record Keeping | · Microsoft Excel,·Manufacturing/Production | · Quality Control,2 - 4 Yrs of Exp,Experienced,,,"Badr City, Cairo, Egypt",Full Time,On-site,2026-03-02,21 days ago,No,Wuzzuf,https://wuzzuf.net/jobs/p/gkj43l9eruig-store-keeper-sh-chemical-cairo-egypt
KVLH1WFGKICA,Marketing Director,Zewail City,,·Creative/Design/Art | ·Media/Journalism/Publishing | · Branding,·Marketing/PR/Advertising | · Digital Marketing Strategy | · Digital Marketing | · Marketing Campaigns | · Brand Marketing | · Marketing Research,10 - 15 Yrs of Exp,Senior Management,,,"6th of October, Giza, Egypt",Full Time,On-site,2026-03-02,21 days ago,No,Wuzzuf,https://wuzzuf.net/jobs/p/kvlh1wfgkica-marketing-director-zewail-city-giza-egypt
7IY3EXBWKFNQ,Treasury Specialist,El Reefy Trading,,· Certified Treasury Professional | · Cash Flow Management | · Bank Reconciliation | · Facility Management | · Loans | · Investment Management,·Accounting/Finance | ·Banking | · Treasury Accounting | · Banking Relationships,3 - 8 Yrs of Exp,Experienced,,,"6th of October, Giza, Egypt",Full Time,On-site,2026-03-02,21 days ago,No,Wuzzuf,https://wuzzuf.net/jobs/p/7iy3exbwkfnq-treasury-specialist-el-reefy-trading-giza-egypt
CU8EWRBEAW88,Planning Manager - Textile,Confidential,,· Leadership Management | · Team Leadership | · Planning | · Forecasting | · Product Management | · Communication | · Project Management | · Management,·Logistics/Supply Chain | ·Manufacturing/Production,8 - 12 Yrs of Exp,Manager,,,"10th of Ramadan City, Cairo, Egypt",Full Time,On-site,2026-03-02,21 days ago,No,Wuzzuf,https://wuzzuf.net/jobs/p/cu8ewrbeaw88-planning-manager-textile-cairo-egypt
UCMOXU2WCSJR,QA Analysis Officer,Linrco Egypt,,· Documentation | · Analysis | · Performance Snalysis,·Administration | ·Quality | ·Analyst/Research | · Accounting | · Administration | · Business Administration | · Finance,0 - 2 Yrs of Exp,Entry Level,,,"Nasr City, Cairo, Egypt",Full Time,On-site,2026-03-02,21 days ago,No,Wuzzuf,https://wuzzuf.net/jobs/p/ucmoxu2wcsjr-qa-analysis-officer-linrco-egypt-cairo-egypt
WG1MTEOBE9M9,Senior Accountant,Horizon Operation and Management,,· Financial Reporting,·Accounting/Finance | · Accounting | · Financial Accounting | · Tax Accounting,5+ Yrs of Exp,Experienced,,,"New Capital, Cairo, Egypt",Full Time,On-site,2026-03-02,21 days ago,No,Wuzzuf,https://wuzzuf.net/jobs/p/wg1mteobe9m9-senior-accountant-horizon-operation-and-management-cairo-egypt
Z0UOB7UGH0ST,Safety Specialist,Confidential,,· Occupational Health & Safety Officer | · Risk Assessment | · Egyptian Labor Law – Occupational Safety | · Working at Heights Certification,·Engineering - Other,3 - 7 Yrs of Exp,Experienced,,,"Bourj Alarab, Alexandria, Egypt",Full Time,On-site,2026-03-02,21 days ago,No,Wuzzuf,https://wuzzuf.net/jobs/p/z0uob7ugh0st-safety-specialist-alexandria-egypt
HKAHOJDWV8KP,Senior Software Quality Control Engineer,SURE International Technology,,· Software Testing,·IT/Software Development | ·Quality | · Software Quality Control,4 - 6 Yrs of Exp,Experienced,,,"Nasr City, Cairo, Egypt",Full Time,Hybrid,2026-02-27,24 days ago,No,Wuzzuf,https://wuzzuf.net/jobs/p/hkahojdwv8kp-senior-software-quality-control-engineer-sure-international-technology-cairo-egypt
U8VFSAD6YHPM,Project Coordinator,Floatmap,,·Project/Program Management | · Project Management | · Architecture | · Project Management Professional | · Project Cost Control | · Microsoft Project | · Project,·Engineering - Construction/Civil/Architecture | · Engineering Field,3 - 5 Yrs of Exp,Experienced,,,"Azarita, Alexandria, Egypt",Full Time,On-site,2026-02-27,24 days ago,No,Wuzzuf,https://wuzzuf.net/jobs/p/u8vfsad6yhpm-project-coordinator-floatmap-alexandria-egypt
EH4EASK8YEVQ,Medical Sales Representative,Cairoscan,,· Soft Skills,·Medical/Healthcare | ·Sales/Retail | ·Pharmaceutical | · Sales | · Medical Sales | · Sales Field | · Sales Target | · Sales Plan | · Sales Planning,0 - 1 Yrs of Exp,Entry Level,,,"Maadi, Cairo, Egypt",Full Time,On-site,2026-02-27,24 days ago,No,Wuzzuf,https://wuzzuf.net/jobs/p/eh4eask8yevq-medical-sales-representative-cairoscan-cairo-egypt
GQHV9NES9KIU,Customer Support Specialist (English Fluent Speaker),Etisalat Egypt,,· Fluent English | · Fluent english | · Customer service | · Communication skills | · Problem-solving | · Technical support | · Active listening | · Empathy,·Customer Service/Support | · Customer Service,1 - 3 Yrs of Exp,Entry Level,,,"Maadi, Cairo, Egypt",Full Time,On-site,2026-02-27,24 days ago,No,Wuzzuf,https://wuzzuf.net/jobs/p/gqhv9nes9kiu-customer-support-specialist-english-fluent-speaker-etisalat-egypt-cairo-egypt
WKLXSMPXZ2ST,Chief Information Officer,Confidential,,· miscrosoft technologies | · it policies | · Artificial Intelligence (AI),·IT/Software Development | ·Sales/Retail | ·Engineering - Telecom/Technology,20+ Yrs of Exp,Senior Management,,,"Maadi, Cairo, Egypt",Full Time,On-site,2026-02-27,24 days ago,No,Wuzzuf,https://wuzzuf.net/jobs/p/wklxsmpxz2st-chief-information-officer-cairo-egypt
P2LCNCB0RUD7,Oracle Developer,PACHIN FOR PAINTS,,· Computer Science | · Oracle | · PL/SQL | · SQL | · Toad | · Dot.NET | · Data Migration | · English | · OCP,·IT/Software Development,5 - 10 Yrs of Exp,Experienced,,,"Obour City, Cairo, Egypt",Full Time,On-site,2026-02-27,24 days ago,No,Wuzzuf,https://wuzzuf.net/jobs/p/p2lcncb0rud7-oracle-developer-pachin-for-paints-cairo-egypt
DCQS6SKNFOJ1,Sales Advisor,EGS University,,· Communication | · Computer Skills,·Customer Service/Support | ·Sales/Retail | · Sales | · Sales Field | · Sales Target | · Outdoor Sales | · Indoor Sales | · Sales Planning,0 - 2 Yrs of Exp,Entry Level,,,"Cairo, Egypt",Full Time,On-site,2026-02-27,24 days ago,No,Wuzzuf,https://wuzzuf.net/jobs/p/dcqs6sknfoj1-sales-advisor-egs-university-cairo-egypt
VFVZCJWFTOEL,HSE Specialist,Confidential,,"· Health, Safety and Environment | · Safety Management System | · Fire Safety | · Health, safety and environment (hse) | · Safety management system (sms) | · Fire safety | · Risk assessment | · Hazard identification | · Incident investigation",·Manufacturing/Production,3 - 7 Yrs of Exp,Experienced,,,"Cairo, Egypt",Full Time,On-site,2026-02-27,24 days ago,No,Wuzzuf,https://wuzzuf.net/jobs/p/vfvzcjwftoel-hse-specialist-cairo-egypt
7IBNHA6HLBWC,Senior .NET Developer,SURE International Technology,,· .Net | · .net core | · dotnet | · dot net | · .net | · Dotnet | · Dot net | · C#,·IT/Software Development | ·Engineering - Telecom/Technology,5 - 8 Yrs of Exp,Experienced,,,"Nasr City, Cairo, Egypt",Full Time,Hybrid,2026-02-27,24 days ago,No,Wuzzuf,https://wuzzuf.net/jobs/p/7ibnha6hlbwc-senior-net-developer-sure-international-technology-cairo-egypt
6SBBF3CGPUPG,Homeroom Teacher,Balanced Education Company,,· Teaching | · Schools | · eduction | · British | · International | · Homeroom,·Education/Teaching,3 - 7 Yrs of Exp,Experienced,,,"New Cairo, Cairo, Egypt",Full Time,On-site,2026-02-27,24 days ago,No,Wuzzuf,https://wuzzuf.net/jobs/p/6sbbf3cgpupg-homeroom-teacher-balanced-education-company-cairo-egypt
ANEYUWXGIUHC,Product Photographer,hayah pharma,,·Creative/Design/Art | · Photography | · Photo Editing | · Photo editing | · Product photography | · Adobe photoshop | · Adobe lightroom | · Image retouching | · Color correction,·Marketing/PR/Advertising,3+ Yrs of Exp,Experienced,,,"Obour City, Cairo, Egypt",Full Time,On-site,2026-02-27,24 days ago,No,Wuzzuf,https://wuzzuf.net/jobs/p/aneyuwxgiuhc-product-photographer-hayah-pharma-cairo-egypt
BEPMUZQP0QBO,Mechanical Engineer,El Abd Group,,·Installation/Maintenance/Repair | · Research Development,·Engineering - Mechanical/Electrical | · Engineering,2 - 4 Yrs of Exp,Experienced,,,"Alsadat City, Monufya, Egypt",Full Time,On-site,2026-02-27,24 days ago,No,Wuzzuf,https://wuzzuf.net/jobs/p/bepmuzqp0qbo-mechanical-engineer-el-abd-group-monufya-egypt
KXN5NGPHVJGO,Porter,"Egypt Chuan Jin Nuo Chemical Co.,Ltd",,· Good health | · Overtime | · Supply Chain | · Supply,·Manufacturing/Production,0 - 7 Yrs of Exp,Entry Level,,,"Ain Sokhna, Suez, Egypt",Full Time,Hybrid,2026-02-27,24 days ago,No,Wuzzuf,https://wuzzuf.net/jobs/p/kxn5ngphvjgo-porter-egypt-chuan-jin-nuo-chemical-co-ltd-suez-egypt
ZHSMWLR0IY3Q,English Subject Matter Expert (SME),Confidential,,· E-Learning | · Teaching | · Curriculum development | · Assessment and evaluation | · Communication skills | · Interpersonal skills | · Subject matter expertise,·Education/Teaching | · English Education | · Educational technology,2 - 4 Yrs of Exp,Experienced,,,"Heliopolis, Cairo, Egypt",Full Time,On-site,2026-02-27,24 days ago,No,Wuzzuf,https://wuzzuf.net/jobs/p/zhsmwlr0iy3q-english-subject-matter-expert-sme-cairo-egypt
WTRAEKQ2WGPF,Forklift Operator,"Egypt Chuan Jin Nuo Chemical Co.,Ltd",,· Forklift Certificate | · Basic English communication,·Manufacturing/Production,2 - 3 Yrs of Exp,Experienced,,,"Ain Sokhna, Suez, Egypt",Full Time,Remote,2026-02-27,24 days ago,No,Wuzzuf,https://wuzzuf.net/jobs/p/wtraekq2wgpf-forklift-operator-egypt-chuan-jin-nuo-chemical-co-ltd-suez-egypt
R179PWHZVKKS,RTA - WFM,Intouch CX,,· Data Analytics | · WFM | · METRICS | · Microsoft Excel | · Real Time Management (RTM) | · Call Center | · BPO | · Data analytics | · Wfm,·IT/Software Development,1 - 4 Yrs of Exp,Experienced,,,"Maadi, Cairo, Egypt",Full Time,On-site,2026-02-25,26 days ago,No,Wuzzuf,https://wuzzuf.net/jobs/p/r179pwhzvkks-rta-wfm-intouch-cx-cairo-egypt
P2UCVZMRWDQU,Senior Product Manager,Boca Pro,,· Product Management | · Project Management | · Linear | · JIRA,·IT/Software Development,3 - 7 Yrs of Exp,Experienced,,,"Maadi, Cairo, Egypt",Full Time,Hybrid,2026-02-25,26 days ago,No,Wuzzuf,https://wuzzuf.net/jobs/p/p2ucvzmrwdqu-senior-product-manager-boca-pro-cairo-egypt
NVJK7WCCUBCY,Wordpress Developer,Confidential,,· elementor | · square pos | · WordPress Development | · UX Design | · UI Design | · Wordpress development | · Elementor | · Woocommerce | · Square pos,·IT/Software Development,3 - 6 Yrs of Exp,Experienced,,,"Cairo, Egypt",Full Time,Remote,2026-02-25,26 days ago,No,Wuzzuf,https://wuzzuf.net/jobs/p/nvjk7wccubcy-wordpress-developer-cairo-egypt
PFJDMEZNX0N2,Electrical & Instrumentation Designer – Oil & Gas Sector,Peroni Pumps Misr - Free Zone Company,,· AutoCAD | · SolidWorks | · P&ID READING | · Instrumentation | · I/O architectures | · Automation Control,·Engineering - Mechanical/Electrical | ·Engineering - Oil & Gas/Energy | · Electrical Engineering | · Automation Engineering,5 - 8 Yrs of Exp,Experienced,,,"Cairo, Egypt",Full Time,Hybrid,2026-02-25,26 days ago,No,Wuzzuf,https://wuzzuf.net/jobs/p/pfjdmeznx0n2-electrical-instrumentation-designer-oil-gas-sector-peroni-pumps-misr-free-zone-company-cairo-egypt
YSSZXDMR48HS,Financial Manager,Cairo Trading Center,,· ERP | · Financial Management | · Costing | · Budgeting | · CMA | · CPA,·Accounting/Finance | · Accounting | · Finance | · Manufacturing,10+ Yrs of Exp,Manager,,,"6th of October, Giza, Egypt",Full Time,On-site,2026-02-25,26 days ago,No,Wuzzuf,https://wuzzuf.net/jobs/p/ysszxdmr48hs-financial-manager-cairo-trading-center-giza-egypt
FCOSPR8A6RCJ,Call Center Agent,Talaat Moustafa Group,,· Call Center | · Inbound Calls | · Customer Support | · CRM | · Real Estate,·Customer Service/Support | · Customer Service,0 - 2 Yrs of Exp,Entry Level,,,"Madinaty, Cairo, Egypt",Full Time,On-site,2026-02-25,26 days ago,No,Wuzzuf,https://wuzzuf.net/jobs/p/fcospr8a6rcj-call-center-agent-talaat-moustafa-group-cairo-egypt
AO4C8GFSMSRC,Senior Full Stack Laravel Developer,Boca Pro,,· CSS | · Computer Science | · PHP | · Software | · SQL | · TailwindCSS | · AlpineJS | · Livewire | · Laravel,·IT/Software Development,5 - 8 Yrs of Exp,Experienced,,,"Maadi, Cairo, Egypt",Full Time,Hybrid,2026-02-25,26 days ago,No,Wuzzuf,https://wuzzuf.net/jobs/p/ao4c8gfsmsrc-senior-full-stack-laravel-developer-boca-pro-cairo-egypt
ITLOSD361JOO,Assistant Brand Manager,Misr Elkheir Foundation,,·Media/Journalism/Publishing | · Advertising | · ATL | · Social Media | · E-marketing | · Atl (above the line advertising),·Administration | ·Marketing/PR/Advertising | · Marketing | · Administration,2 - 4 Yrs of Exp,Experienced,,,"Mokattam, Cairo, Egypt",Full Time,On-site,2026-02-25,26 days ago,No,Wuzzuf,https://wuzzuf.net/jobs/p/itlosd361joo-assistant-brand-manager-misr-elkheir-foundation-cairo-egypt
WNUWVJOCODU6,Administrative Manager,Investment Company For Dairy Products,,· Administrative Affairs | · Security | · Administrative affairs | · Security management | · Budget management,·Administration | ·Operations/Management | · Administration Affairs | · Administration | · Operations management,10 - 15 Yrs of Exp,Manager,,,"Wadi Alnatrun, Beheira, Egypt",Full Time,On-site,2026-02-25,26 days ago,No,Wuzzuf,https://wuzzuf.net/jobs/p/wnuwvjocodu6-administrative-manager-investment-company-for-dairy-products-beheira-egypt
FQY0ZGAXIMLZ,Maintenance & Fleet Operations Manager - Minya,SAVOLA,,·Installation/Maintenance/Repair | · Maintenance | · TPM | · Management | · English | · Mechanical,·Logistics/Supply Chain | · Engineering | · Mechanical Engineering | · Administration,8 - 10 Yrs of Exp,Manager,,,"Menia, Minya, Egypt",Full Time,On-site,2026-02-25,26 days ago,No,Wuzzuf,https://wuzzuf.net/jobs/p/fqy0zgaximlz-maintenance-fleet-operations-manager-minya-savola-minya-egypt
M7G1DQ5SERHS,Personal Assistant,Delta Medical Egypt,,· Communication | · Problem Solving | · Time Management,·Administration | ·Medical/Healthcare,2 - 4 Yrs of Exp,Experienced,,,"Mokattam, Cairo, Egypt",Full Time,On-site,2026-02-25,26 days ago,No,Wuzzuf,https://wuzzuf.net/jobs/p/m7g1dq5serhs-personal-assistant-delta-medical-egypt-cairo-egypt
1FSGSAEWNSTW,Sales Trainer (Zagazig),OPPO Egypt,,· Communication skills | · Communication | · Presentation | · sales skills | · Skills,·Sales/Retail | ·Training/Instructor | · Customer Service | · Sales | · Training,0 - 2 Yrs of Exp,Entry Level,,,"Zagazig, Sharqia, Egypt",Full Time,On-site,2026-02-25,26 days ago,No,Wuzzuf,https://wuzzuf.net/jobs/p/1fsgsaewnstw-sales-trainer-zagazig-oppo-egypt-sharqia-egypt
ILLRP3G0XVWJ,Human Resources Generalist,Delta Medical Egypt,,· HRM,·Administration | ·Human Resources | · Human Resources (HR),2 - 4 Yrs of Exp,Experienced,,,"Mokattam, Cairo, Egypt",Full Time,On-site,2026-02-25,26 days ago,No,Wuzzuf,https://wuzzuf.net/jobs/p/illrp3g0xvwj-human-resources-generalist-delta-medical-egypt-cairo-egypt
MFQEYI8N5RDP,Sales Engineer,Delta Medical Egypt,,· Negotiation,·Medical/Healthcare | ·Sales/Retail | · Sales | · Customer Service | · Engineering | · Medical | · Medical Devices | · Medical Engineering | · Sales Target,3 - 5 Yrs of Exp,Experienced,,,"Mokattam, Cairo, Egypt",Full Time,Hybrid,2026-02-25,26 days ago,No,Wuzzuf,https://wuzzuf.net/jobs/p/mfqeyi8n5rdp-sales-engineer-delta-medical-egypt-cairo-egypt
ANQUQJ7IRKKB,Digital Marketing Team Lead - Remotely,FansPass,,· SEO | · Google Analytics,·Marketing/PR/Advertising | · Content Marketing | · Digital Marketing,4 - 7 Yrs of Exp,Experienced,,,"Cairo, Egypt",Full Time,Remote,2026-02-25,26 days ago,No,Wuzzuf,https://wuzzuf.net/jobs/p/anquqj7irkkb-digital-marketing-team-lead-remotely-fanspass-cairo-egypt
4YOOU0YKE3BK,Healthcare Marketing Manager,Elghandour Medical Group,,· Team Coaching,·Marketing/PR/Advertising | ·Medical/Healthcare | ·Sales/Retail | · Strategic Marketing | · Digital Marketing | · Marketing Planning | · Healthcare Marketing | · Integrated Marketing Communication | · Marketing Automation,10+ Yrs of Exp,Manager,,,"10th of Ramadan City, Cairo, Egypt",Full Time,On-site,2026-02-23,28 days ago,No,Wuzzuf,https://wuzzuf.net/jobs/p/4yoou0yke3bk-healthcare-marketing-manager-elghandour-medical-group-cairo-egypt
ALXZRMPIYJEV,Senior Architectural Site Engineer,Upwyde,,·Creative/Design/Art,·Engineering - Construction/Civil/Architecture | · Engineering | · Architectural Engineering | · Site Engineering,4 - 6 Yrs of Exp,Experienced,,,"New Cairo, Cairo, Egypt",Full Time,On-site,2026-02-23,28 days ago,No,Wuzzuf,https://wuzzuf.net/jobs/p/alxzrmpiyjev-senior-architectural-site-engineer-upwyde-cairo-egypt
QRBGBGRJMWT4,Senior Mechanical Engineer,Sinoma-cdi,,"· CAD Software (AutoCAD, SolidWorks) | · Mechanical, Electrical, and Plumbing (MEP) | · Mechanical, Electrical, and Plumbing | · Mechanical",·Engineering - Mechanical/Electrical | · Mechanical Engineering,5 - 7 Yrs of Exp,Experienced,,,"Downtown, Cairo, Egypt",Full Time,On-site,2026-02-23,28 days ago,No,Wuzzuf,https://wuzzuf.net/jobs/p/qrbgbgrjmwt4-senior-mechanical-engineer-sinoma-cdi-cairo-egypt
E7CRRNRHEDUT,ServiceNow Implementation Consultant,Confidential,,· ServiceNow | · ServiceNow ITSM | · ServiceNow ITOM | · ServiceNow HRSD | · ServiceNow CSM | · ServiceNow Configuration | · Business Rules,·Accounting/Finance | ·IT/Software Development | ·Engineering - Telecom/Technology,2 - 6 Yrs of Exp,Experienced,,,"Nasr City, Cairo, Egypt",Full Time,On-site,2026-02-23,28 days ago,No,Wuzzuf,https://wuzzuf.net/jobs/p/e7crrnrhedut-servicenow-implementation-consultant-cairo-egypt
4ANRCABVOULV,Senior Mechanical BIM Engineer,El-Soadaa Group,,"· Revit | · Revit BIM | · AutoCAD | · Microsoft office, Elite, HAP and BIM | · SAP User",·Engineering - Construction/Civil/Architecture | ·Engineering - Mechanical/Electrical | · Mechanical Engineering,6 - 13 Yrs of Exp,Experienced,,,"Cairo, Egypt",Full Time,On-site,2026-02-23,28 days ago,No,Wuzzuf,https://wuzzuf.net/jobs/p/4anrcabvoulv-senior-mechanical-bim-engineer-el-soadaa-group-cairo-egypt
GFNYWGQLCCZ1,Architectural Quality Control Engineer,Upwyde,,,·Quality | ·Engineering - Telecom/Technology | · Quality Control | · Engineering,3 - 7 Yrs of Exp,Experienced,,,"New Cairo, Cairo, Egypt",Full Time,On-site,2026-02-23,28 days ago,No,Wuzzuf,https://wuzzuf.net/jobs/p/gfnywgqlccz1-architectural-quality-control-engineer-upwyde-cairo-egypt
THRBNYUJJJUV,Planning Senior Specialist,EVA Cosmetics,,· MRP | · Production Planning | · Inventory Planning,·Logistics/Supply Chain,2 - 5 Yrs of Exp,Experienced,,,"6th of October, Giza, Egypt",Full Time,On-site,2026-02-23,28 days ago,No,Wuzzuf,https://wuzzuf.net/jobs/p/thrbnyujjjuv-planning-senior-specialist-eva-cosmetics-giza-egypt
IAHSY0STSQRW,Senior Front End Developer,Youxel,,· Angular | · Typescript | · JavaScript | · ES6 | · JS Testing | · Jest | · Jasmine | · UI/UX Design,·IT/Software Development | ·Engineering - Telecom/Technology,5+ Yrs of Exp,Experienced,,,"Maadi, Cairo, Egypt",Full Time,Hybrid,2026-02-23,28 days ago,No,Wuzzuf,https://wuzzuf.net/jobs/p/iahsy0stsqrw-senior-front-end-developer-youxel-cairo-egypt
FZGZYYDPUOJH,Architectural Engineer,Mahgoub Group,,· AutoCAD | · Architecture | · Design | · Communication Skills | · CAD | · Project | · Project Management | · Planning,·Engineering - Construction/Civil/Architecture | · Engineering,3 - 5 Yrs of Exp,Experienced,,,"Nasr City, Cairo, Egypt",Full Time,On-site,2026-02-23,28 days ago,No,Wuzzuf,https://wuzzuf.net/jobs/p/fzgzyydpuojh-architectural-engineer-mahgoub-group-cairo-egypt
QBHOJB001WQ5,Sales Administrator,TRACO FOR ENGINEERING INDUSTRIES,,· sales skills | · sales administrator,·Administration | ·Customer Service/Support | ·Sales/Retail | · Sales Support | · Marketing | · Sales Target | · Sales,1 - 3 Yrs of Exp,Experienced,,,"New Cairo, Cairo, Egypt",Full Time,Remote,2026-02-23,28 days ago,No,Wuzzuf,https://wuzzuf.net/jobs/p/qbhojb001wq5-sales-administrator-traco-for-engineering-industries-cairo-egypt
DIHTR66YHDTS,Site Engineer,HENOR Arab Industrial Security Co,,·Installation/Maintenance/Repair | · Low Current Systems (LC) | · Fire Alarm Systems | · edwards,·Engineering - Mechanical/Electrical | · Electronics Engineering | · Electrical Engineering | · Maintenance Engineering,2 - 4 Yrs of Exp,Experienced,,,"Cairo, Egypt",Full Time,On-site,2026-02-23,28 days ago,No,Wuzzuf,https://wuzzuf.net/jobs/p/dihtr66yhdts-site-engineer-henor-arab-industrial-security-co-cairo-egypt
3XIXQLMK6KUG,IT Specialist,Ibn Sina Pharma,,· Information Technology (IT) | · Information Systems | · CCNA | · MCSA | · English | · Computer Science,·IT/Software Development | ·Engineering - Telecom/Technology,1 - 2 Yrs of Exp,Entry Level,,,"Sheraton, Cairo, Egypt",Full Time,On-site,2026-02-23,28 days ago,No,Wuzzuf,https://wuzzuf.net/jobs/p/3xixqlmk6kug-it-specialist-ibn-sina-pharma-cairo-egypt
EEI4ICCU4K1O,Projects Sales Team Leader,Roxy Plast,,· CRM/ERP | · BOQ,·Engineering - Construction/Civil/Architecture | ·Manufacturing/Production | ·Sales/Retail | · B2B Sales | · Sales | · Sales Field | · Sales Target | · Sales Plan,3 - 7 Yrs of Exp,Manager,,,"Cairo, Egypt",Full Time,On-site,2026-02-23,28 days ago,No,Wuzzuf,https://wuzzuf.net/jobs/p/eei4iccu4k1o-projects-sales-team-leader-roxy-plast-cairo-egypt
3Y5OUDIUSJHV,Food Court Manager,Confidential,,· Communication | · Reporting | · Food Production | · Food Safety Management | · Food Safety Management System,·Hospitality/Hotels/Food Services | ·Operations/Management | · Hospitality,10 - 15 Yrs of Exp,Manager,,,"Smouha, Alexandria, Egypt",Full Time,On-site,2026-02-23,28 days ago,No,Wuzzuf,https://wuzzuf.net/jobs/p/3y5oudiusjhv-food-court-manager-alexandria-egypt
FPFVCWVJ9MOH,logistics Order Processing Specialist,Surgitech,,·Purchasing/Procurement | · Order Processing Specialist | · Procurement Follow-up | · Supplier Coordination | · Shipment Cost Calculation | · Healthcare Supply Chain,·Logistics/Supply Chain | · Operations Specialist | · Pharmaceutical Logistics,3 - 5 Yrs of Exp,Experienced,,,"Mokattam, Cairo, Egypt",Full Time,On-site,2026-02-23,28 days ago,No,Wuzzuf,https://wuzzuf.net/jobs/p/fpfvcwvj9moh-logistics-order-processing-specialist-surgitech-cairo-egypt
LFF3MKU4FVVY,Sales Representative,ElTarek Group,,,·Customer Service/Support | ·Sales/Retail | · Indoor Sales | · Customer Service | · Marketing | · Operations Management | · Automotive Sales,3 - 7 Yrs of Exp,Experienced,,,"Katameya, Cairo, Egypt",Full Time,On-site,2026-02-21,1 month ago,No,Wuzzuf,https://wuzzuf.net/jobs/p/lff3mku4fvvy-sales-representative-eltarek-group-cairo-egypt
OM7TLIBNKMC6,Procurement Engineer,MCV - Obour,,·Purchasing/Procurement | · Automotive | · Mechanical | · Procurement | · Supply Chain | · Purchasing | · Negotiation | · English,·Engineering - Mechanical/Electrical | · Engineering,0 - 3 Yrs of Exp,Entry Level,,,"Obour City, Cairo, Egypt",Full Time,On-site,2026-02-21,1 month ago,No,Wuzzuf,https://wuzzuf.net/jobs/p/om7tlibnkmc6-procurement-engineer-mcv-obour-cairo-egypt
4T39AL3YNFCM,Customer Services Specialist – Container Transport,Ship & C.R.E.W,,· Customer Support | · Reporting | · Transportation | · Trucking | · ERP System | · Oracle,·Customer Service/Support | ·Logistics/Supply Chain | · Customer Service | · Operations Management,1 - 3 Yrs of Exp,Entry Level,,,"Stanley, Alexandria, Egypt",Full Time,On-site,2026-02-21,1 month ago,No,Wuzzuf,https://wuzzuf.net/jobs/p/4t39al3ynfcm-customer-services-specialist-container-transport-ship-c-r-e-w-alexandria-egypt
9Y7QZJLACOOQ,Collection & Invoicing Specialist,Ship & C.R.E.W,,· Collection | · invoicing | · Debt Management | · Credit Control | · Customer Support | · Accounts Receivable,·Accounting/Finance | ·Customer Service/Support | ·Logistics/Supply Chain | · Customer Service,2+ Yrs of Exp,Experienced,,,"Stanley, Alexandria, Egypt",Full Time,On-site,2026-02-21,1 month ago,No,Wuzzuf,https://wuzzuf.net/jobs/p/9y7qzjlacooq-collection-invoicing-specialist-ship-c-r-e-w-alexandria-egypt
DPFDVZCRRNM3,Senior Sales & Marketing Engineer Cairo Branch,Global For Elevators and Esclators,,· Market Analysis | · Presentation Skills | · Negotiation,·Sales/Retail | ·Engineering - Mechanical/Electrical | · Business Development,3 - 5 Yrs of Exp,Experienced,,,"Heliopolis, Cairo, Egypt",Full Time,Hybrid,2026-02-21,1 month ago,No,Wuzzuf,https://wuzzuf.net/jobs/p/dpfdvzcrrnm3-senior-sales-marketing-engineer-cairo-branch-global-for-elevators-and-esclators-cairo-egypt
C7DOYDDEETZ4,IPC Specialist,Macro Group,,· IPC | · Pharmacy | · TQM,·R&D/Science | ·Quality | ·Pharmaceutical | · Pharmaceutical | · Quality Assurance | · Quality Control,2 - 5 Yrs of Exp,Experienced,,,"Badr City, Cairo, Egypt",Full Time,On-site,2026-02-21,1 month ago,No,Wuzzuf,https://wuzzuf.net/jobs/p/c7doyddeetz4-ipc-specialist-macro-group-cairo-egypt
5HBSJN91WJBM,Mechanical Technical Office Engineer,Confidential,,· Revit MEP | · AutoCAD Software | · Quantity Surveying | · Shop Drawings | · BIM Modeling | · AutoCAD | · Design,·Engineering - Mechanical/Electrical | · Mechanical Engineering | · Engineering,3+ Yrs of Exp,Experienced,,,"Heliopolis, Cairo, Egypt",Full Time,On-site,2026-02-21,1 month ago,No,Wuzzuf,https://wuzzuf.net/jobs/p/5hbsjn91wjbm-mechanical-technical-office-engineer-cairo-egypt
FIOLA7LVTHNQ,Accountant (Financial Operations),Confidential,,· Strong analytical and problem-solving skills | · Time Management | · organizational skills | · communication skills | · ERP System | · Microsoft Excel | · problem-solving,·Accounting/Finance | · Accounting Systems,3 - 7 Yrs of Exp,Experienced,,,"Cairo, Egypt",Full Time,On-site,2026-02-21,1 month ago,No,Wuzzuf,https://wuzzuf.net/jobs/p/fiola7lvthnq-accountant-financial-operations-cairo-egypt
HZHFJFDUU8VC,Manufacturing Technician – ESP Technician,Confidential,,· ESP | · Pump | · motor | · Oil Field,·Manufacturing/Production | · Manufacturing | · Manufacturing Industry | · Manufacturing Process,0 - 2 Yrs of Exp,Entry Level,,,"Alexandria, Egypt",Full Time,On-site,2026-02-21,1 month ago,No,Wuzzuf,https://wuzzuf.net/jobs/p/hzhfjfduu8vc-manufacturing-technician-esp-technician-alexandria-egypt
R3PCLLX66MRF,Stock Controller,Confidential,,·Purchasing/Procurement | · Stock Control | · Construction | · Data Analysis | · MS Office Suite | · ERP System,·Logistics/Supply Chain,1 - 3 Yrs of Exp,Experienced,,,"Mokattam, Cairo, Egypt",Full Time,On-site,2026-02-21,1 month ago,No,Wuzzuf,https://wuzzuf.net/jobs/p/r3pcllx66mrf-stock-controller-cairo-egypt
V1QYTIPUNFXD,Fleet Coordinator (HSE Focus – Oil & Gas),Confidential,,· Oil Field | · HSE | · Project Coordination,·Administration | ·Logistics/Supply Chain | · Logistics | · Administration,5 - 8 Yrs of Exp,Senior Management,,,"Cairo, Egypt",Full Time,On-site,2026-02-21,1 month ago,No,Wuzzuf,https://wuzzuf.net/jobs/p/v1qytipunfxd-fleet-coordinator-hse-focus-oil-gas-cairo-egypt
J3HET3WXTDMD,Procurement Manager,Confidential,,·Purchasing/Procurement | · Negotiation | · Budget Monitoring | · Budget Control | · Leadership Management | · Supply Management | · supplier managment | · Pricing | · Time Management,·Logistics/Supply Chain,15+ Yrs of Exp,Manager,,,"6th of October, Giza, Egypt",Full Time,On-site,2026-02-21,1 month ago,No,Wuzzuf,https://wuzzuf.net/jobs/p/j3het3wxtdmd-procurement-manager-giza-egypt
GACN8SFCWQ5N,Junior Accountant,ACT CS For Feasibility Studies,,· Accounts Payable and Receivable | · General Ledger Management | · MS Office Suite | · Microsoft Excel,·Accounting/Finance,1 - 3 Yrs of Exp,Entry Level,,,"Nasr City, Cairo, Egypt",Full Time,On-site,2026-02-21,1 month ago,No,Wuzzuf,https://wuzzuf.net/jobs/p/gacn8sfcwq5n-junior-accountant-act-cs-for-feasibility-studies-cairo-egypt
9USAXBMMPP2R,AML officer,MLF FINANCE,,· Auditing | · Anti Money Laundering | · Anti money laundering (aml) | · Risk management | · Compliance | · Financial analysis | · Regulatory reporting,·Accounting/Finance | ·Banking | ·Quality,5 - 7 Yrs of Exp,Experienced,,,"Giza, Egypt",Full Time,On-site,2026-02-21,1 month ago,No,Wuzzuf,https://wuzzuf.net/jobs/p/9usaxbmmpp2r-aml-officer-mlf-finance-giza-egypt
UXCGZLJZBRHI,Purchasing Supervisor,Confidential,,·Purchasing/Procurement | · Contract Negotiation | · Negotiation | · Budgeting | · Budget Control | · Time Management | · Business Supplies | · supplier managment | · Cost Analysis,·Logistics/Supply Chain,5 - 7 Yrs of Exp,Manager,,,"6th of October, Giza, Egypt",Full Time,On-site,2026-02-21,1 month ago,No,Wuzzuf,https://wuzzuf.net/jobs/p/uxcgzljzbrhi-purchasing-supervisor-giza-egypt
OSDNEOTD9LMX,"SAP Accountant - Giza, Egypt",BDO Esnad,,· SAP Program | · ERP System | · Sap program | · Erp system | · Financial analysis,·Accounting/Finance | · Accounting | · Finance | · Accounting Reports | · Accounting reports,1 - 3 Yrs of Exp,Experienced,,,"Mohandessin, Giza, Egypt",Full Time,On-site,2026-02-21,1 month ago,No,Wuzzuf,https://wuzzuf.net/jobs/p/osdneotd9lmx-sap-accountant-giza-egypt-bdo-esnad-giza-egypt
BPCR39R4SFKJ,Relations Manager,Tawasoa Factoring,,· Business Planning | · Client Relation | · Client Relations | · Public Relations (PR) | · Relationship Building | · Client Support,·Business Development | ·Sales/Retail | · Business Development | · Business Administration,3 - 5 Yrs of Exp,Experienced,,,"Sheraton, Cairo, Egypt",Full Time,On-site,2026-02-21,1 month ago,No,Wuzzuf,https://wuzzuf.net/jobs/p/bpcr39r4sfkj-relations-manager-tawasoa-factoring-cairo-egypt
GZQXOJZCVKYP,Warehouse Capability Manager,Speed international for trading and distribution,,· Inventory Management | · Supply Chain,·Logistics/Supply Chain | · Warehouse Operations | · Logistics Management,5+ Yrs of Exp,Manager,,,"Smouha, Alexandria, Egypt",Full Time,On-site,2026-02-21,1 month ago,No,Wuzzuf,https://wuzzuf.net/jobs/p/gzqxojzcvkyp-warehouse-capability-manager-speed-international-for-trading-and-distribution-alexandria-egypt
EXM5ZL3JKPDX,Sales Coordinator,Globe XM,,· Google Work Space | · decomanted | · Time Management,·Customer Service/Support | ·Sales/Retail | · Sales | · Sales Field | · Sales Target | · Sales Plan,2+ Yrs of Exp,Experienced,,,"Cairo, Egypt",Full Time,Remote,2026-02-21,1 month ago,No,Wuzzuf,https://wuzzuf.net/jobs/p/exm5zl3jkpdx-sales-coordinator-globe-xm-cairo-egypt
LYAMOE6MK4HZ,Senior Marketing Specialist,BasharSoft,,· Zapier | · Account Management,·Marketing/PR/Advertising | · Marketing,3 - 5 Yrs of Exp,Experienced,,,"Maadi, Cairo, Egypt",Full Time,Hybrid,2026-02-21,1 month ago,No,Wuzzuf,https://wuzzuf.net/jobs/p/lyamoe6mk4hz-senior-marketing-specialist-basharsoft-cairo-egypt
UE25B9E74YIC,Graphic Designer,Blackeels,,·Creative/Design/Art | ·Media/Journalism/Publishing | · Graphic Design | · Motion Graphics | · 3D Graphics | · Graphic Web Design | · Core Graphics | · 2D Graphic Design,·Marketing/PR/Advertising,3 - 4 Yrs of Exp,Experienced,,,"New Cairo, Cairo, Egypt",Full Time,On-site,2026-02-21,1 month ago,No,Wuzzuf,https://wuzzuf.net/jobs/p/ue25b9e74yic-graphic-designer-blackeels-cairo-egypt
KEUPQBSBVGJI,Fleet Maintenance Manager,Speed international for trading and distribution,,·Installation/Maintenance/Repair | · Fleet Maintenance | · Strategic Planning | · Fuel Systems | · Heavy Equipment | · Trucking | · Fleet Management | · maintenance reporting | · Budget Control,·Operations/Management,5+ Yrs of Exp,Manager,,,"Smouha, Alexandria, Egypt",Full Time,On-site,2026-02-21,1 month ago,No,Wuzzuf,https://wuzzuf.net/jobs/p/keupqbsbvgji-fleet-maintenance-manager-speed-international-for-trading-and-distribution-alexandria-egypt
KFYERCVRZ8AJ,Quality Specialist - Retail,La Poire,,· QC | · QA,·Quality | · Quality Control | · Quality Assurance | · Quality Management,1 - 3 Yrs of Exp,Entry Level,,,"Madinaty, Cairo, Egypt",Full Time,On-site,2026-02-21,1 month ago,No,Wuzzuf,https://wuzzuf.net/jobs/p/kfyercvrz8aj-quality-specialist-retail-la-poire-cairo-egypt
W0IQQNBPQCMY,Telesales / Business Development Rep. (USA Market - Fluent English),3D Diagnostix,,· Cold Calling | · Call Center | · Inbound Calls | · Outbound Calls,·Business Development | ·Customer Service/Support | ·Sales/Retail | · Sales | · Customer Service | · Sales Field,0 - 1 Yrs of Exp,Entry Level,,,"Maadi, Cairo, Egypt",Full Time,On-site,2026-02-21,1 month ago,No,Wuzzuf,https://wuzzuf.net/jobs/p/w0iqqnbpqcmy-telesales-business-development-rep-usa-market-fluent-english-3d-diagnostix-cairo-egypt
HKVLRMN39N2B,Delivery Supervisor (FMCG),Confidential,,· Leadership | · Modern Trade | · Problem Solving | · Microsoft Excel | · ERP System,·Logistics/Supply Chain | ·Sales/Retail | · FMCG Sales,3+ Yrs of Exp,Manager,,,"New Cairo, Cairo, Egypt",Full Time,On-site,2026-02-21,1 month ago,No,Wuzzuf,https://wuzzuf.net/jobs/p/hkvlrmn39n2b-delivery-supervisor-fmcg-cairo-egypt
XGTTAA9IJ95U,Mechanical Site Engineer,Sites International,,"· Revit | · AutoCAD | · Mechatronics | · Mechanical, Electrical, and Plumbing (MEP) | · Mechanical, Electrical, and Plumbing",·Engineering - Mechanical/Electrical | · Mechanical Engineering,5 - 10 Yrs of Exp,Experienced,,,"Giza, Giza, Egypt",Full Time,On-site,2026-02-21,1 month ago,No,Wuzzuf,https://wuzzuf.net/jobs/p/xgttaa9ij95u-mechanical-site-engineer-sites-international-giza-egypt
F8RPGQBT2FLA,Customer Care Representative - Cairo,Etisal EG,,· Customer Care | · Customer Support | · Customer Relations | · Customer Satisfaction | · Call Center,·Customer Service/Support | · Customer Service | · Customer Service Management,1 - 3 Yrs of Exp,Entry Level,,,"Cairo, Egypt",Full Time,On-site,2026-02-21,1 month ago,No,Wuzzuf,https://wuzzuf.net/jobs/p/f8rpgqbt2fla-customer-care-representative-cairo-etisal-eg-cairo-egypt
B9OYGMWKNAIK,Mobile Maintenance Engineer,Etisal EG,,·Installation/Maintenance/Repair | · Data Driven | · Maintenance | · Hardware | · Computer Skills | · Electronics Maintenance,·Engineering - Telecom/Technology | · Engineering | · Mechanical Engineering | · Maintenance Engineering,1 - 3 Yrs of Exp,Entry Level,,,"Cairo, Egypt",Full Time,On-site,2026-02-21,1 month ago,No,Wuzzuf,https://wuzzuf.net/jobs/p/b9oygmwknaik-mobile-maintenance-engineer-etisal-eg-cairo-egypt
EDROQEHS35TN,Social Media Specialist,ALNUKHBA For Fertilizers & Agricultural Pesticides (NUVAC),,·Media/Journalism/Publishing | · Social Media Advertising | · Social Media,·Marketing/PR/Advertising | · Social Media Strategy,2 - 7 Yrs of Exp,Experienced,,,"Alsadat City, Monufya, Egypt",Full Time,On-site,2026-02-21,1 month ago,No,Wuzzuf,https://wuzzuf.net/jobs/p/edroqehs35tn-social-media-specialist-alnukhba-for-fertilizers-agricultural-pesticides-nuvac-monufya-egypt
WLUDGYEOZ23U,Business Analyst,Electro Pi,,· Business Analysis | · Requirements Gathering | · Process Improvement & Workflow Optimization | · Agile & Scrum Methodologies | · Stakeholder Management | · Technical Specification & System Analysis | · Familiarity with AI / Machine Learning concepts,·IT/Software Development | ·Analyst/Research,3 - 5 Yrs of Exp,Experienced,,,"Maadi, Cairo, Egypt",Full Time,On-site,2026-02-21,1 month ago,No,Wuzzuf,https://wuzzuf.net/jobs/p/wludgyeoz23u-business-analyst-electro-pi-cairo-egypt
W2U54IR8GLTS,UX/UI - Internship - Alexandria,Alexandria For Programming,,· Design | · UX | · ui | · Wireframe | · wireframe.cc | · illustrator | · Figma | · Information Technology (IT) | · Technology,·IT/Software Development,0 - 1 Yrs of Exp,Entry Level,,,"Bolkly, Alexandria, Egypt",Internship,On-site,2026-02-21,1 month ago,No,Wuzzuf,https://wuzzuf.net/internship/w2u54ir8glts-uxui-internship-alexandria-alexandria-for-programming-alexandria-egypt
DZBEKFLGLYSI,Vendor Acquisition Specialist,OYA,,·Purchasing/Procurement | · Negotiation | · Sourcing | · relationship_building | · Strategic Thinking | · Vendor Management | · CRM System | · Contacting,·Logistics/Supply Chain | ·Operations/Management,1 - 3 Yrs of Exp,Experienced,,,"6th of October, Giza, Egypt",Full Time,Hybrid,2026-02-21,1 month ago,No,Wuzzuf,https://wuzzuf.net/jobs/p/dzbekflglysi-vendor-acquisition-specialist-oya-giza-egypt
JEUFBMJK2SJG,Branch Accountant,GOLD ERA,,· Branch Management,·Accounting/Finance | · Accounting,1 - 5 Yrs of Exp,Entry Level,,,"Abbassia, Cairo, Egypt",Full Time,On-site,2026-02-21,1 month ago,No,Wuzzuf,https://wuzzuf.net/jobs/p/jeufbmjk2sjg-branch-accountant-gold-era-cairo-egypt
LFREVAZFLBCN,Structural Design Engineer,EGEC,,· Structural Design | · Revit Structure Software | · Civil,·Engineering - Construction/Civil/Architecture | · Structural Engineering,4 - 8 Yrs of Exp,Experienced,,,"Haram, Giza, Egypt",Full Time,On-site,2026-02-21,1 month ago,No,Wuzzuf,https://wuzzuf.net/jobs/p/lfrevazflbcn-structural-design-engineer-egec-giza-egypt
RSHH9E1ZXQGA,Chinese Translator,EUREKA Solar Energy,,· Chinese-English Translation | · Interpretation | · Communication | · Multitasking | · Problem Solving | · Negotiation,·Administration,1 - 2 Yrs of Exp,Entry Level,,,"10th of Ramadan City, Sharqia, Egypt",Full Time,On-site,2026-02-21,1 month ago,No,Wuzzuf,https://wuzzuf.net/jobs/p/rshh9e1zxqga-chinese-translator-eureka-solar-energy-sharqia-egypt
MUIB2GF6VIAU,export sales section head,ABCO Group,,· Detergents | · Export sales | · Plastics engineering,·Logistics/Supply Chain | ·Operations/Management | ·Sales/Retail | · Export Sales | · Plastics Engineering | · Sales | · B2B Sales,7 - 10 Yrs of Exp,Experienced,,,"Bourj Alarab, Alexandria, Egypt",Full Time,On-site,2026-02-21,1 month ago,No,Wuzzuf,https://wuzzuf.net/jobs/p/muib2gf6viau-export-sales-section-head-abco-group-alexandria-egypt
K6FL1KFFPRO0,Graphic Designer,Confidential,,·Creative/Design/Art | ·Media/Journalism/Publishing | · Digital Advertising | · Graphic Design | · Digital advertising | · Graphic design | · Adobe creative suite | · Brand management,·Marketing/PR/Advertising | · Marketing,3 - 5 Yrs of Exp,Experienced,,,"New Cairo, Cairo, Egypt",Full Time,On-site,2026-02-21,1 month ago,No,Wuzzuf,https://wuzzuf.net/jobs/p/k6fl1kffpro0-graphic-designer-cairo-egypt
SKKK7T3FFFKK,Telesales Agent,Begory for general supplies,,· Telesales,·Marketing/PR/Advertising | ·Sales/Retail | · Sales | · Sales Target | · Sales Field | · Indoor Sales | · Sales Planning | · Sales Plan | · Sales Plans,0 - 2 Yrs of Exp,Entry Level,,,"Haram, Giza, Egypt",Full Time,On-site,2026-02-21,1 month ago,No,Wuzzuf,https://wuzzuf.net/jobs/p/skkk7t3fffkk-telesales-agent-begory-for-general-supplies-giza-egypt
SGKL600XLK22,Talent Acquisition Specialist,Delta Egypt For Lighting,,· Benefits | · business | · Development | · HR | · Microsoft Office,·Human Resources | · Administration | · Business Administration | · Human Resources | · Human Resources (HR),0 - 2 Yrs of Exp,Entry Level,,,"Obour City, Cairo, Egypt",Full Time,On-site,2026-02-21,1 month ago,No,Wuzzuf,https://wuzzuf.net/jobs/p/sgkl600xlk22-talent-acquisition-specialist-delta-egypt-for-lighting-cairo-egypt
UMZ5I5TVHXOV,Design Architect Engineer,ACE Consulting Engineers  (Moharram - Bakhoum,,· Architectural Design | · Revit Architecture | · AutoCAD Architecture | · Revit BIM,·Engineering - Construction/Civil/Architecture,5 - 10 Yrs of Exp,Experienced,,,"Cairo, Egypt",Full Time,On-site,2026-02-21,1 month ago,No,Wuzzuf,https://wuzzuf.net/jobs/p/umz5i5tvhxov-design-architect-engineer-ace-consulting-engineers-moharram-bakhoum-cairo-egypt
3IJKBDQY0ZOK,Telesales Agent,MEAHCO - Saudi German Health,,· Call Center | · Communication skills | · Offshore | · English | · sales skills | · Telesales,·Customer Service/Support | · Customer Service,0 - 2 Yrs of Exp,Entry Level,,,"Katameya, Cairo, Egypt",Full Time,On-site,2026-02-21,1 month ago,No,Wuzzuf,https://wuzzuf.net/jobs/p/3ijkbdqy0zok-telesales-agent-meahco-saudi-german-health-cairo-egypt
NBBPUIC3LXAT,Senior Mechanical Technical Office Engineer,Technical-for-engineering-services-Egypt,,,·Engineering - Mechanical/Electrical,5 - 10 Yrs of Exp,Experienced,,,"Alexandria, Egypt",Full Time,On-site,2026-02-21,1 month ago,No,Wuzzuf,https://wuzzuf.net/jobs/p/nbbpuic3lxat-senior-mechanical-technical-office-engineer-technical-for-engineering-services-egypt-alexandria-egypt
JLRN42DDR7H6,Project Manager,Ragab Group,,·Project/Program Management | · AutoCAD | · Project Management,·Engineering - Construction/Civil/Architecture | · Civil Engineering | · Architectural Engineering | · Engineering,15+ Yrs of Exp,Manager,,,"Haram, Giza, Egypt",Full Time,On-site,2026-02-21,1 month ago,No,Wuzzuf,https://wuzzuf.net/jobs/p/jlrn42ddr7h6-project-manager-ragab-group-giza-egypt
JMAHUJJQBCTJ,ELV Draftsman,Techzonecs,,· ELV Systems | · AutoCAD | · Revit | · Elv systems | · Autocad | · Electrical systems design | · Mechanical systems design | · Drafting | · Blueprint reading,·Engineering - Mechanical/Electrical,3+ Yrs of Exp,Experienced,,,"Cairo, Egypt",Full Time,Hybrid,2026-02-21,1 month ago,No,Wuzzuf,https://wuzzuf.net/jobs/p/jmahujjqbctj-elv-draftsman-techzonecs-cairo-egypt
P8GUNHHBPZSH,ELV Engineer (Design & Implementation),Techzonecs,,· certifications | · ELV Systems | · Design | · AutoCAD | · english buissness,·Engineering - Telecom/Technology | ·Engineering - Mechanical/Electrical,3+ Yrs of Exp,Experienced,,,"Cairo, Egypt",Full Time,Hybrid,2026-02-21,1 month ago,No,Wuzzuf,https://wuzzuf.net/jobs/p/p8gunhhbpzsh-elv-engineer-design-implementation-techzonecs-cairo-egypt
Y7HZX6MNNEDR,Senior FF&E Specialist,Riwaq,,·Creative/Design/Art | · 3ds Max | · English | · AutoCAD | · Social Media | · Adobe Photoshop | · MS Office Suite | · Fine Arts,·Engineering - Construction/Civil/Architecture | · E-Marketing,5 - 10 Yrs of Exp,Experienced,,,"Zamalek, Cairo, Egypt",Full Time,On-site,2026-02-21,1 month ago,No,Wuzzuf,https://wuzzuf.net/jobs/p/y7hzx6mnnedr-senior-ffe-specialist-riwaq-cairo-egypt
MZ2LO1VG3EMZ,Sales Representative,Depak Egypt,,· Packaging,·Sales/Retail | · Sales | · Sales Field | · Sales Target | · Sales Planning | · Sales Plan | · Sales Plans,1 - 3 Yrs of Exp,Entry Level,,,"Agouza, Giza, Egypt",Full Time,On-site,2026-02-21,1 month ago,No,Wuzzuf,https://wuzzuf.net/jobs/p/mz2lo1vg3emz-sales-representative-depak-egypt-giza-egypt
IKV5WTBI6FOD,CFO,Depak Egypt,,· Microsoft Dynamics | · CFO | · Financial Management | · Financial Reporting,·Accounting/Finance | · Finance | · Finance Management,10+ Yrs of Exp,Senior Management,,,"Agouza, Giza, Egypt",Full Time,On-site,2026-02-21,1 month ago,No,Wuzzuf,https://wuzzuf.net/jobs/p/ikv5wtbi6fod-cfo-depak-egypt-giza-egypt
E2RUZUOSZX2J,Marketing Specialist,IETOS,,· Microsoft Powerpoint | · Canva | · English | · MS Office Suite | · Social Media Platforms,·Marketing/PR/Advertising | · Marketing | · Administration | · Business Administration | · Digital Marketing,0 - 3 Yrs of Exp,Entry Level,,,"Sheraton, Cairo, Egypt",Full Time,On-site,2026-02-21,1 month ago,No,Wuzzuf,https://wuzzuf.net/jobs/p/e2ruzuoszx2j-marketing-specialist-ietos-cairo-egypt
VQCTLA5HYJYP,Deputy Housekeeping Manager,Wadi Degla Clubs,,· Management | · Housekeeping | · Passion | · Integrity | · Fairness | · Continuous Development,·Hospitality/Hotels/Food Services | ·Operations/Management | · Operations | · Hospitality,5 - 7 Yrs of Exp,Manager,,,"New Damietta, Damietta, Egypt",Full Time,On-site,2026-02-21,1 month ago,No,Wuzzuf,https://wuzzuf.net/jobs/p/vqctla5hyjyp-deputy-housekeeping-manager-wadi-degla-clubs-damietta-egypt
Q4DWK3CZUPCL,Document Controller,IETOS,,· Document Control | · Documentation | · Archiving | · MS Office Suite | · Commerce | · Administrative Roles,·Administration | · Business Administration,0 - 2 Yrs of Exp,Entry Level,,,"Sheraton, Cairo, Egypt",Full Time,On-site,2026-02-21,1 month ago,No,Wuzzuf,https://wuzzuf.net/jobs/p/q4dwk3czupcl-document-controller-ietos-cairo-egypt
8TSGX6K6VDOO,Mechatronics Engineer,Depak Egypt,,·Installation/Maintenance/Repair | · PLC Programming | · Electronic Circuits,·Engineering - Mechanical/Electrical | · Electrical Engineering,0 - 3 Yrs of Exp,Entry Level,,,"6th of October, Giza, Egypt",Full Time,On-site,2026-02-21,1 month ago,No,Wuzzuf,https://wuzzuf.net/jobs/p/8tsgx6k6vdoo-mechatronics-engineer-depak-egypt-giza-egypt
MPX0JICEEEBK,Quality Engineer,etisal for advanced industries,,· Lean Six Sigma | · Six Sigma,·Quality | · Quality Control | · Quality Assurance | · Quality Auditing | · Quality Management | · Quality analysis,0 - 1 Yrs of Exp,Entry Level,,,"6th of October, Giza, Egypt",Full Time,On-site,2026-02-21,1 month ago,No,Wuzzuf,https://wuzzuf.net/jobs/p/mpx0jiceeebk-quality-engineer-etisal-for-advanced-industries-giza-egypt
XTYJGPXMIY9P,Business Development and Tender Specialist,Pannelli,,· Development | · sales skills | · Project Management | · business | · English | · MS Office Suite,·Business Development | ·Sales/Retail | · Business Development | · Marketing,3 - 5 Yrs of Exp,Experienced,,,"Nasr City, Cairo, Egypt",Full Time,On-site,2026-02-21,1 month ago,No,Wuzzuf,https://wuzzuf.net/jobs/p/xtyjgpxmiy9p-business-development-and-tender-specialist-pannelli-cairo-egypt
0A8IBKRLZIW5,Sales Engineer,Pannelli,,· Skills | · sales skills | · CRM | · technical,·Engineering - Construction/Civil/Architecture | ·Business Development | ·Sales/Retail | · Sales Target | · Engineering | · Sales,3 - 5 Yrs of Exp,Experienced,,,"Nasr City, Cairo, Egypt",Full Time,On-site,2026-02-21,1 month ago,No,Wuzzuf,https://wuzzuf.net/jobs/p/0a8ibkrlziw5-sales-engineer-pannelli-cairo-egypt
GEBFB28MQBFM,Senior Auditor / Accountant,ADI Egypt,,· Auditing | · External Auditing,·Accounting/Finance | · Quality Auditing | · Financial Accounting,3+ Yrs of Exp,Experienced,,,"New Cairo, Cairo, Egypt",Full Time,On-site,2026-02-21,1 month ago,No,Wuzzuf,https://wuzzuf.net/jobs/p/gebfb28mqbfm-senior-auditor-accountant-adi-egypt-cairo-egypt
EJ8UBGBFTIPQ,Technical Office Architect – Team Leader,Confidential,,· Shop Drawings | · Coordination | · Team Leadership | · Revit | · AutoCAD | · MS Office | · Architectural Design | · Technical Drawing,·Engineering - Construction/Civil/Architecture,8 - 10 Yrs of Exp,Experienced,,,"Mokattam, Cairo, Egypt",Full Time,On-site,2026-02-21,1 month ago,No,Wuzzuf,https://wuzzuf.net/jobs/p/ej8ubgbftipq-technical-office-architect-team-leader-cairo-egypt
ETIP56BGRNXL,Retail Manager,Dakahlia Group,,· Strategic Planning | · Project Management | · Process Excellence | · Analytical Skills | · Agility Teamwork,·Customer Service/Support | ·Operations/Management | ·Sales/Retail | · Results Oriented Quality Focused | · Customer Service,5 - 10 Yrs of Exp,Manager,,,"Nasr City, Cairo, Egypt",Full Time,On-site,2026-02-21,1 month ago,No,Wuzzuf,https://wuzzuf.net/jobs/p/etip56bgrnxl-retail-manager-dakahlia-group-cairo-egypt
BCLEPBBSJIBY,Cost & Planning Engineer,Eamar Al Delta,,·Project/Program Management | · Project Cost Control | · Planning | · Primavera P6 | · Construction | · Cost Structures | · Contracts,·Engineering - Construction/Civil/Architecture | · Engineering | · Civil Engineering,0 - 5 Yrs of Exp,Experienced,,,"Tanta, Gharbia, Egypt",Full Time,On-site,2026-02-21,1 month ago,No,Wuzzuf,https://wuzzuf.net/jobs/p/bclepbbsjiby-cost-planning-engineer-eamar-al-delta-gharbia-egypt
PWBEN5SZN3II,Event Specialist,Orchidia Pharmaceutical Industries,,· Time Management | · Business Planning | · Budget Management,·Administration | ·Business Development | ·Marketing/PR/Advertising | · Marketing,3 - 5 Yrs of Exp,Experienced,,,"Rehab City, Cairo, Egypt",Full Time,On-site,2026-02-21,1 month ago,No,Wuzzuf,https://wuzzuf.net/jobs/p/pwben5szn3ii-event-specialist-orchidia-pharmaceutical-industries-cairo-egypt
F1HMZ2VQF464,مدخل بيانات,Confidential,,· ادخال بيانات | · Data Entry | · محاسبة | · مالية,·Accounting/Finance,1 - 3 Yrs of Exp,Experienced,,,"Cairo, Egypt",Part Time,Remote,2026-02-21,1 month ago,No,Wuzzuf,https://wuzzuf.net/jobs/p/f1hmz2vqf464-mdkhl-byanat-cairo-egypt
U2IKP4SU1OLG,Senior Architect,Confidential,,·Creative/Design/Art | · Graphic Design | · Architectural Design | · AutoCAD Design,·Engineering - Construction/Civil/Architecture,7 - 9 Yrs of Exp,Experienced,,,"New Cairo, Cairo, Egypt",Full Time,On-site,2026-02-21,1 month ago,No,Wuzzuf,https://wuzzuf.net/jobs/p/u2ikp4su1olg-senior-architect-cairo-egypt
PZWHRM0KRDWK,محاسب,Confidential,,· محاسب | · عمل عن بعد | · ضرائب | · المملكة العربية السعودية | · هيئة الزكاة و الضريبة و الجمارك | · قوائم مالية,·Accounting/Finance,1 - 3 Yrs of Exp,Experienced,,,"Cairo, Egypt",Part Time,Remote,2026-02-21,1 month ago,No,Wuzzuf,https://wuzzuf.net/jobs/p/pzwhrm0krdwk-mhasb-cairo-egypt
ZBAHR1XYLYLA,Architect,Confidential,,· Graphic Design | · Architectural Design,·Engineering - Construction/Civil/Architecture,2 - 5 Yrs of Exp,Experienced,,,"New Cairo, Cairo, Egypt",Full Time,On-site,2026-02-21,1 month ago,No,Wuzzuf,https://wuzzuf.net/jobs/p/zbahr1xylyla-architect-cairo-egypt
OGDEAYL4YPPK,General Ledger Accountant (Oracle User),Kgroup,,· General Ledger (GL) | · Financial Reporting | · MS Office | · Time Management | · Detail Oriented | · Communication | · Problem Solving | · oracle software,·Accounting/Finance | · Accounting,2 - 4 Yrs of Exp,Experienced,,,"Nasr City, Cairo, Egypt",Full Time,On-site,2026-02-21,1 month ago,No,Wuzzuf,https://wuzzuf.net/jobs/p/ogdeayl4yppk-general-ledger-accountant-oracle-user-kgroup-cairo-egypt
VLFIU6LBFTNT,Senior (Associate) Financial Analyst,PRE Group,,· Investment | · Microsoft Excel | · Microsoft Powerpoint | · Financial Modeling | · Asset Management | · Equity Research | · Microsoft excel,·Accounting/Finance | ·Analyst/Research | · Investment Banking,3 - 7 Yrs of Exp,Experienced,,,"New Cairo, Cairo, Egypt",Full Time,On-site,2026-02-21,1 month ago,No,Wuzzuf,https://wuzzuf.net/jobs/p/vlfiu6lbftnt-senior-associate-financial-analyst-pre-group-cairo-egypt
1LRDFTGXOOKO,Store Manager,Just HR,,· Management,·Sales/Retail | · Sales | · Customer Service,2+ Yrs of Exp,Experienced,,,"Sheraton, Cairo, Egypt",Full Time,On-site,2026-02-21,1 month ago,No,Wuzzuf,https://wuzzuf.net/jobs/p/1lrdftgxooko-store-manager-just-hr-cairo-egypt
D3KX0TJSS5VG,Procurement Engineer,Urban Craft,,·Project/Program Management | · Procurement | · Purchasing | · sub contractors | · Negotiation | · Communication,·Engineering - Construction/Civil/Architecture | ·Logistics/Supply Chain | · Engineering | · Engineering Services,3 - 7 Yrs of Exp,Experienced,,,"Sheikh Zayed, Giza, Egypt",Full Time,On-site,2026-02-21,1 month ago,No,Wuzzuf,https://wuzzuf.net/jobs/p/d3kx0tjss5vg-procurement-engineer-urban-craft-giza-egypt
SGE2MSD90W17,Full Stack Developer,EglobalSphere,,· AI | · Access Control System | · CCTV System | · Full Stack Development | · Software Development | · SW Development | · Program Development,·IT/Software Development,2 - 5 Yrs of Exp,Experienced,,,"Giza, Egypt",Full Time,Hybrid,2026-02-21,1 month ago,No,Wuzzuf,https://wuzzuf.net/jobs/p/sge2msd90w17-full-stack-developer-eglobalsphere-giza-egypt
QWAVEI4GVZQT,Senior Odoo Implementer,Rabtek  Integrated Solutions,,· Odoo | · ERP Implementation | · Business Analysis | · Odoo Development | · Odoo ERP | · implementer,·IT/Software Development,3 - 7 Yrs of Exp,Experienced,,,"Agouza, Giza, Egypt",Full Time,On-site,2026-02-21,1 month ago,No,Wuzzuf,https://wuzzuf.net/jobs/p/qwavei4gvzqt-senior-odoo-implementer-rabtek-integrated-solutions-giza-egypt
PWPEDYWVRJY1,Executive Secretary,Confidential,,· Business English | · Computer Skills,·Administration | · Administration | · Business Administration,3 - 5 Yrs of Exp,Experienced,,,"New Cairo, Cairo, Egypt",Full Time,On-site,2026-02-21,1 month ago,No,Wuzzuf,https://wuzzuf.net/jobs/p/pwpedywvrjy1-executive-secretary-cairo-egypt
5URZMMBADGKL,IT Help Desk,Specialized Seamless Services,,· VoIP | · Cisco CCNA | · Linux | · Microsoft Azure,·IT/Software Development,2 - 4 Yrs of Exp,Experienced,,,"Cairo, Egypt",Full Time,On-site,2026-02-21,1 month ago,No,Wuzzuf,https://wuzzuf.net/jobs/p/5urzmmbadgkl-it-help-desk-specialized-seamless-services-cairo-egypt
ZRY03JFQYO2Q,Maintenance Manager - Badr City,UNITED FOOD INDUSTRY Group,,·Installation/Maintenance/Repair | · Maintenance Management | · Safety Compliance | · Troubleshooting | · Mechanical Systems | · Electrical Systems | · Budget Management | · Food Hygiene,·Operations/Management | ·Engineering - Mechanical/Electrical,12 - 15 Yrs of Exp,Manager,,,"Badr City, Cairo, Egypt",Full Time,On-site,2026-02-21,1 month ago,No,Wuzzuf,https://wuzzuf.net/jobs/p/zry03jfqyo2q-maintenance-manager-badr-city-united-food-industry-group-cairo-egypt
L4P3GUEAMMU9,B2B Sales Representative,Lnkr,,,·Sales/Retail | ·Engineering - Telecom/Technology | · B2B Sales | · Sales | · Sales Field | · Sales Target | · Sales Plan | · Sales Planning | · Sales Plans,1 - 2 Yrs of Exp,Entry Level,,,"Cairo, Egypt",Full Time,On-site,2026-02-21,1 month ago,No,Wuzzuf,https://wuzzuf.net/jobs/p/l4p3gueammu9-b2b-sales-representative-lnkr-cairo-egypt
0IGREYHYMNYM,Marketing Specialist,Al Ahly Momkn for e-payment,,·Media/Journalism/Publishing,·Marketing/PR/Advertising | · Marketing | · Digital Marketing | · Online Marketing | · Internet Marketing | · Marketing Online,2+ Yrs of Exp,Experienced,,,"Cairo, Egypt",Full Time,On-site,2026-02-21,1 month ago,No,Wuzzuf,https://wuzzuf.net/jobs/p/0igreyhymnym-marketing-specialist-al-ahly-momkn-for-e-payment-cairo-egypt
ITJW1YYAVE3E,Zero Experience Real Estate Sales Agent,The Address Investments for Real Estate Consultancy,,· Real Estate | · English | · sales skills | · Communication,·Sales/Retail | · Sales | · Marketing | · Sales Target,0 - 3 Yrs of Exp,Entry Level,,,"New Cairo, Cairo, Egypt",Full Time,On-site,2026-02-21,1 month ago,No,Wuzzuf,https://wuzzuf.net/jobs/p/itjw1yyave3e-zero-experience-real-estate-sales-agent-the-address-investments-for-real-estate-consultancy-cairo-egypt
8MOIV6QAUANQ,Property Advisor (Broker),The Address Investments for Real Estate Consultancy,,· Real Estate | · English | · sales skills | · Communication,·Customer Service/Support | ·Marketing/PR/Advertising | ·Sales/Retail | · Sales | · Marketing,,Entry Level,,,"New Cairo, Cairo, Egypt",Full Time,On-site,2026-02-21,1 month ago,No,Wuzzuf,https://wuzzuf.net/jobs/p/8moiv6qauanq-property-advisor-broker-the-address-investments-for-real-estate-consultancy-cairo-egypt
OKVX8INJN5HM,Interior Design Project Manager,Confidential,,·Creative/Design/Art | ·Project/Program Management | · Interior Design | · Project Management | · AutoCAD | · Revit | · Team Leadership,·Engineering - Construction/Civil/Architecture,6+ Yrs of Exp,Manager,,,"Heliopolis, Cairo, Egypt",Full Time,On-site,2026-02-21,1 month ago,No,Wuzzuf,https://wuzzuf.net/jobs/p/okvx8injn5hm-interior-design-project-manager-cairo-egypt
ERH0WCOEM8UH,Fresh Sales Real Estate Agent (Graduates),The Address Investments for Real Estate Consultancy,,· Negotiation | · Communication | · Time Management | · Adaptability,·Sales/Retail | · Sales | · Sales Skills | · Sales Target,0 - 3 Yrs of Exp,Entry Level,,,"New Cairo, Cairo, Egypt",Full Time,On-site,2026-02-21,1 month ago,No,Wuzzuf,https://wuzzuf.net/jobs/p/erh0wcoem8uh-fresh-sales-real-estate-agent-graduates-the-address-investments-for-real-estate-consultancy-cairo-egypt
HWREKRBILGHY,The Address Investments - Fresh Sales Real Estate Agent,The Address Investments for Real Estate Consultancy,,,·Sales/Retail | · Sales | · Real Estate Sales,0 - 5 Yrs of Exp,Entry Level,,,"New Cairo, Cairo, Egypt",Full Time,On-site,2026-02-21,1 month ago,No,Wuzzuf,https://wuzzuf.net/jobs/p/hwrekrbilghy-the-address-investments-fresh-sales-real-estate-agent-the-address-investments-for-real-estate-consultancy-cairo-egypt
LWTZAHDQ6EGU,Medical Representative. New Cairo - El Sheikh Zayed,Macro Group,,· Pharmacy | · Chemistry | · Pharma | · Science | · Communication,·Medical/Healthcare | ·Sales/Retail | ·Pharmaceutical | · Medical | · Sales,1 - 4 Yrs of Exp,Entry Level,,,"Nasr City, Cairo, Egypt",Full Time,On-site,2026-02-21,1 month ago,No,Wuzzuf,https://wuzzuf.net/jobs/p/lwtzahdq6egu-medical-representative-new-cairo-el-sheikh-zayed-macro-group-cairo-egypt
BRZNM9EJIHGK,Chief Pharmacist.,Confidential,,· Communication | · solve problem | · Clinical Pharmacy | · Pharmacy | · Pharma,·Medical/Healthcare | · Pharmaceutical | · Pharmaceutical Industry,3 - 5 Yrs of Exp,Senior Management,,,"Nasr City, Cairo, Egypt",Full Time,On-site,2026-02-21,1 month ago,No,Wuzzuf,https://wuzzuf.net/jobs/p/brznm9ejihgk-chief-pharmacist-cairo-egypt
CMUCN6JDQPNQ,Personnel Supervisor,Kandil Egypt,,· Personnel | · Labour Law | · Social Insurance | · HR operations,·Administration | ·Human Resources,5 - 7 Yrs of Exp,Experienced,,,"Obour City, Cairo, Egypt",Full Time,On-site,2026-02-21,1 month ago,No,Wuzzuf,https://wuzzuf.net/jobs/p/cmucn6jdqpnq-personnel-supervisor-kandil-egypt-cairo-egypt
AO0XIQLWEBDY,Recruitment Supervisor,Kandil Egypt,,· Recruitment | · Talent acquisition | · Manpower Planning | · Competency-Based Interviewing | · HR Budgeting | · Employer Branding | · Candidate Sourcing | · MS Office Suite,·Human Resources | · Manufacturing HR,5 - 7 Yrs of Exp,Experienced,,,"Obour City, Cairo, Egypt",Full Time,On-site,2026-02-21,1 month ago,No,Wuzzuf,https://wuzzuf.net/jobs/p/ao0xiqlwebdy-recruitment-supervisor-kandil-egypt-cairo-egypt
O5ND8ALLBWU5,Sales Coordinator,EUROMISR GROUP,,· Data Entry | · Microsoft Office | · Team Collaboration | · Order Processing | · Communication | · Time Management | · Customer Relationship Management (CRM),·Customer Service/Support | ·Sales/Retail | · Sales Coordination,1 - 3 Yrs of Exp,Entry Level,,,"Heliopolis, Cairo, Egypt",Full Time,On-site,2026-02-21,1 month ago,No,Wuzzuf,https://wuzzuf.net/jobs/p/o5nd8allbwu5-sales-coordinator-euromisr-group-cairo-egypt
65HZVPMADRD0,Planning Specialist,Good Seal Packaging,,· Supply Chain Management | · Production Planning | · ERP Systems | · Problem Solving | · Communication | · Time Management | · Inventory Management | · Cross-functional Collaboration | · Process Improvement,·Manufacturing/Production,2 - 5 Yrs of Exp,Experienced,,,"10th of Ramadan City, Sharqia, Egypt",Full Time,On-site,2026-02-21,1 month ago,No,Wuzzuf,https://wuzzuf.net/jobs/p/65hzvpmadrd0-planning-specialist-good-seal-packaging-sharqia-egypt
KLACVLL2ND4W,Digital Marketing Assistant,Novative HCM Services,,·Creative/Design/Art | ·Media/Journalism/Publishing | · Content Creation | · Content Writing | · Graphic Design | · Copywriting | · Content Management | · SEO,·Marketing/PR/Advertising | · Digital Marketing,1+ Yrs of Exp,Entry Level,,,"Sheraton, Cairo, Egypt",Full Time,On-site,2026-02-21,1 month ago,No,Wuzzuf,https://wuzzuf.net/jobs/p/klacvll2nd4w-digital-marketing-assistant-novative-hcm-services-cairo-egypt
SA2NHPADD6W5,Sales Account Executive,EUROMISR GROUP,,"· Negotiation | · Presentation Skills | · Time Management | · Communication | · Product Knowledge (HVAC, Pipes, Fittings) | · Account Management | · Market Analysis",·Business Development | ·Sales/Retail | · Technical Sales,0 - 5 Yrs of Exp,Entry Level,,,"Heliopolis, Cairo, Egypt",Full Time,On-site,2026-02-21,1 month ago,No,Wuzzuf,https://wuzzuf.net/jobs/p/sa2nhpadd6w5-sales-account-executive-euromisr-group-cairo-egypt
RD9GGKAGXHHQ,Senior Corporate Lawyer,Wadi Group,,· Corporate Law | · Contract Drafting | · Regulatory Compliance | · Negotiation | · Litigation Management | · Risk Assessment | · Communication | · Analytical Thinking,·Legal | · Legal Research,5+ Yrs of Exp,Experienced,,,"Sheikh Zayed, Giza, Egypt",Full Time,On-site,2026-02-21,1 month ago,No,Wuzzuf,https://wuzzuf.net/jobs/p/rd9ggkagxhhq-senior-corporate-lawyer-wadi-group-giza-egypt
A7SHLOWCDTZ5,Electrical Service Engineer,MCV - Obour,,· Field Service | · sales skills | · Field | · Service | · Electrical,·Engineering - Mechanical/Electrical | · Engineering | · Sales | · Mechatronics Engineering | · Electrical Engineering,1 - 3 Yrs of Exp,Entry Level,,,"Cairo, Egypt",Full Time,On-site,2026-02-21,1 month ago,No,Wuzzuf,https://wuzzuf.net/jobs/p/a7shlowcdtz5-electrical-service-engineer-mcv-obour-cairo-egypt
U4EWQ5442G6K,Export Manager – Egyptian Polymers,Gap Polymers,,· Export Management | · Polymer Sourcing | · Negotiation | · Market Analysis | · Trade Compliance | · Relationship Building | · Export Trading | · Polymers,·Logistics/Supply Chain | · International Sales,8 - 12 Yrs of Exp,Manager,,,"Maadi, Cairo, Egypt",Full Time,On-site,2026-02-21,1 month ago,No,Wuzzuf,https://wuzzuf.net/jobs/p/u4ewq5442g6k-export-manager-egyptian-polymers-gap-polymers-cairo-egypt
SIKFUALS6KFU,International Polymer Trade Manager,Gap Polymers,,· International Trade | · Polymer Market Analysis | · Contract Management | · Market Research | · Polyolefins | · PET | · PVC,·Logistics/Supply Chain | · Sales and Negotiation | · Logistics Coordination,7+ Yrs of Exp,Manager,,,"Maadi, Cairo, Egypt",Full Time,On-site,2026-02-21,1 month ago,No,Wuzzuf,https://wuzzuf.net/jobs/p/sikfuals6kfu-international-polymer-trade-manager-gap-polymers-cairo-egypt
MH8UTGTNOHGG,Technical Office Engineer,Al Dar Consultant Engineer,,· Technical drawing preparation | · Project coordination | · Quantity surveying | · Construction documentation | · AutoCAD proficiency,·Engineering - Construction/Civil/Architecture,5 - 7 Yrs of Exp,Experienced,,,"Hadayek Alahram, Giza, Egypt",Full Time,On-site,2026-02-21,1 month ago,No,Wuzzuf,https://wuzzuf.net/jobs/p/mh8utgtnohgg-technical-office-engineer-al-dar-consultant-engineer-giza-egypt
PRGBNCVJOAQZ,Senior Export Sales Agent (Fruits & Vegetables),Cairo Three A  for Agricultural and Animal Production,,· Client Relationship Management | · Communication | · Strategic Planning | · Market Research | · Negotiation | · Contract Management,·Logistics/Supply Chain | ·Sales/Retail | · Export Sales | · International Business Development,3+ Yrs of Exp,Experienced,,,"New Cairo, Cairo, Egypt",Full Time,On-site,2026-02-21,1 month ago,No,Wuzzuf,https://wuzzuf.net/jobs/p/prgbncvjoaqz-senior-export-sales-agent-fruits-vegetables-cairo-three-a-for-agricultural-and-animal-production-cairo-egypt
O2YRAW7CWHPS,Light Current Engineer- Sadat City,Vip Technology solutions,,· AutoCAD | · Microsoft Excel | · Microsoft Word | · Business English | · Light Current | · CCTV System | · Firefighting System | · Low Current Systems (LC),·Engineering - Mechanical/Electrical | · Electrical Engineering,2 - 4 Yrs of Exp,Experienced,,,"Alsadat City, Monufya, Egypt",Full Time,On-site,2026-02-21,1 month ago,No,Wuzzuf,https://wuzzuf.net/jobs/p/o2yraw7cwhps-light-current-engineer-sadat-city-vip-technology-solutions-monufya-egypt
CRFLNRHK1JVW,Equity Trader,Apex Financial Holding,,· Equity Trading | · Market Analysis | · Communication,·Accounting/Finance,2+ Yrs of Exp,Experienced,,,"Agouza, Giza, Egypt",Full Time,On-site,2026-02-21,1 month ago,No,Wuzzuf,https://wuzzuf.net/jobs/p/crflnrhk1jvw-equity-trader-apex-financial-holding-giza-egypt
1PORMLJO9MMV,Customer Service Team Lead,Zumra Food,,· Team Leadership | · Communication | · Problem Solving | · Coaching and Mentoring | · Time Management | · Data Analysis,·Customer Service/Support | ·Operations/Management | ·Sales/Retail | · Customer Service Management,2 - 3 Yrs of Exp,Experienced,,,"Nasr City, Cairo, Egypt",Full Time,On-site,2026-02-21,1 month ago,No,Wuzzuf,https://wuzzuf.net/jobs/p/1pormljo9mmv-customer-service-team-lead-zumra-food-cairo-egypt
8600X4TCK1M4,Compliance Officer,Apex Financial Holding,,· Analytical Thinking | · Communication | · Attention to Detail | · Policy Development | · Regulatory Compliance | · Problem Solving,·Accounting/Finance,5+ Yrs of Exp,Experienced,,,"Agouza, Giza, Egypt",Full Time,On-site,2026-02-21,1 month ago,No,Wuzzuf,https://wuzzuf.net/jobs/p/8600x4tck1m4-compliance-officer-apex-financial-holding-giza-egypt
QZQEKS4QUNNS,SAP ABAP Consultant/ Senior Consultant,DAF Holding,,"· SAP ABAP Programming | · SAP Integration (BAPI, IDoc, RFC) | · Agile Methodologies",·IT/Software Development,3 - 10 Yrs of Exp,Experienced,,,"Cairo, Egypt",Full Time,Hybrid,2026-02-21,1 month ago,No,Wuzzuf,https://wuzzuf.net/jobs/p/qzqeks4qunns-sap-abap-consultant-senior-consultant-daf-holding-cairo-egypt
BD1UGCLMV1IL,SEO Expert,Confidential,,· Search Engine Optimization (SEO) | · Keyword Research | · Google Analytics | · Technical SEO | · Content Optimization | · Link Building | · Data Analysis,·Business Development | ·Marketing/PR/Advertising | ·Analyst/Research,2 - 4 Yrs of Exp,Experienced,,,"Cairo, Egypt",Full Time,Remote,2026-02-21,1 month ago,No,Wuzzuf,https://wuzzuf.net/jobs/p/bd1ugclmv1il-seo-expert-cairo-egypt
SQK2HU56NPZJ,Video Editor,Confidential,,·Creative/Design/Art | · Adobe Premiere | · After Effects | · Video Editing | · Adobe After Effects | · Editing | · video,·Marketing/PR/Advertising,3 - 6 Yrs of Exp,Experienced,,,"Cairo, Egypt",Full Time,Remote,2026-02-21,1 month ago,No,Wuzzuf,https://wuzzuf.net/jobs/p/sqk2hu56npzj-video-editor-cairo-egypt
TBF16DXFZ7XG,Technical Support Engineer,IBEX Solutions,,·Installation/Maintenance/Repair | · Networking fundamentals | · Problem-solving | · Communication | · Time management | · Technical troubleshooting,·IT/Software Development,1 - 3 Yrs of Exp,Entry Level,,,"Cairo, Egypt",Full Time,On-site,2026-02-21,1 month ago,No,Wuzzuf,https://wuzzuf.net/jobs/p/tbf16dxfz7xg-technical-support-engineer-ibex-solutions-cairo-egypt
IG5NA4FGONKB,HR Learning & Development senior specialist,PICO,,· Learning & Development | · Talent Management,·Human Resources | · Training Facilitation,3 - 4 Yrs of Exp,Experienced,,,"Mohandessin, Giza, Egypt",Full Time,On-site,2026-02-21,1 month ago,No,Wuzzuf,https://wuzzuf.net/jobs/p/ig5na4fgonkb-hr-learning-development-senior-specialist-pico-giza-egypt
LQRF3T0LBEK3,CRM Manager (Background 3PL),Marbella For Food Industry,,· CRM and logistics software proficiency | · CRM strategy development | · Team leadership,·Customer Service/Support | · Logistics and supply chain management | · Customer Service,7+ Yrs of Exp,Manager,,,"6th of October, Giza, Egypt",Full Time,On-site,2026-02-21,1 month ago,No,Wuzzuf,https://wuzzuf.net/jobs/p/lqrf3t0lbek3-crm-manager-background-3pl-marbella-for-food-industry-giza-egypt
FZIVDLPFCO3V,Senior Business Analyst,DAF Holding,,· Business process analysis | · Digital transformation | · Agile methodologies,·IT/Software Development,4 - 7 Yrs of Exp,Experienced,,,"Cairo, Egypt",Full Time,Hybrid,2026-02-21,1 month ago,No,Wuzzuf,https://wuzzuf.net/jobs/p/fzivdlpfco3v-senior-business-analyst-daf-holding-cairo-egypt
GMNEDJEWAX8M,Infographic Designer,Specialized Seamless Services,,·Creative/Design/Art | ·Media/Journalism/Publishing | · Adobe Photoshop | · illustrator | · Graphic Design | · Infographic,,3 - 6 Yrs of Exp,Experienced,,,"Heliopolis, Cairo, Egypt",Full Time,On-site,2026-01-22,2 months ago,No,Wuzzuf,https://wuzzuf.net/jobs/p/gmnedjewax8m-infographic-designer-specialized-seamless-services-cairo-egypt
ALF0FZ9CS4FK,Junior Recruiter,Firoz Group,,· Recruitment | · Interview Coordination | · Talent Sourcing | · Applicant Tracking Systems | · Organizational Skills | · Attention to Detail | · Time Management | · Communication,·Administration | ·Human Resources,1 - 2 Yrs of Exp,Entry Level,,,"Obour City, Cairo, Egypt",Full Time,On-site,2026-01-22,2 months ago,No,Wuzzuf,https://wuzzuf.net/jobs/p/alf0fz9cs4fk-junior-recruiter-firoz-group-cairo-egypt
KNDDRZXX1BN4,Oracle Apps Developer,Blue Bell Egypt,,· Oracle E-Business Suite | · PL/SQL | · Oracle Workflow | · Oracle Forms | · Technical Documentation,·IT/Software Development,4 - 5 Yrs of Exp,Experienced,,,"Bourj Alarab, Alexandria, Egypt",Full Time,On-site,2026-01-22,2 months ago,No,Wuzzuf,https://wuzzuf.net/jobs/p/knddrzxx1bn4-oracle-apps-developer-blue-bell-egypt-alexandria-egypt
J4RLQUJWGFWV,Production Engineer for a steel factory,Confidential,,·Project/Program Management | · Problem Solving | · Communication | · Scheduling | · Documentation | · Team Collaboration | · Lean manufacturing,·Engineering - Construction/Civil/Architecture | ·Engineering - Mechanical/Electrical | · Quality assurance,3 - 6 Yrs of Exp,Experienced,,,"Obour City, Cairo, Egypt",Full Time,On-site,2026-01-22,2 months ago,No,Wuzzuf,https://wuzzuf.net/jobs/p/j4rlqujwgfwv-production-engineer-for-a-steel-factory-cairo-egypt
AM59LKJULSZK,Juice Factory Manager (Milk Pasteurization Experience ) - Libya,Midline Group,,· Team Leadership | · Production Planning | · Food Safety Compliance | · Milk Pasteurization | · Process Optimization,·Operations/Management | ·Manufacturing/Production | ·Engineering - Mechanical/Electrical | · Factory Operations Management | · Quality Assurance,15+ Yrs of Exp,Experienced,,,"Cairo, Egypt",Full Time,On-site,2026-01-22,2 months ago,No,Wuzzuf,https://wuzzuf.net/jobs/p/am59lkjulszk-juice-factory-manager-milk-pasteurization-experience-libya-midline-group-cairo-egypt
RXVBDROOLWOG,Poultry Farm Manager - Libya,Midline Group,,· Poultry farm management | · Team leadership | · Biosecurity protocols | · Animal health and nutrition | · Problem-solving | · Data analysis | · Inventory management,·Operations/Management | ·Manufacturing/Production | ·Engineering - Other,8 - 15 Yrs of Exp,Experienced,,,"Cairo, Egypt",Full Time,On-site,2026-01-22,2 months ago,No,Wuzzuf,https://wuzzuf.net/jobs/p/rxvbdroolwog-poultry-farm-manager-libya-midline-group-cairo-egypt
8P0WVFDBDUFV,Food Products Marketing Manager,Midline Group,,·Media/Journalism/Publishing | · Brand Management | · Market Research | · Team Leadership | · Budget Management | · Campaign Planning,·Business Development | ·Marketing/PR/Advertising | · Strategic Marketing | · Digital Marketing,8 - 15 Yrs of Exp,Experienced,,,"Cairo, Egypt",Full Time,On-site,2026-01-22,2 months ago,No,Wuzzuf,https://wuzzuf.net/jobs/p/8p0wvfdbdufv-food-products-marketing-manager-midline-group-cairo-egypt
ER5ID50SJF1W,Factory Manager,Kandil Egypt,,· Lean Six Sigma | · Plant Management,·Operations/Management | ·Manufacturing/Production | · Manufacturing Process | · 5S Lean Manufacturing Methodology | · Operations Management,10 - 20 Yrs of Exp,Manager,,,"Belbes, Sharqia, Egypt",Full Time,On-site,2026-01-22,2 months ago,No,Wuzzuf,https://wuzzuf.net/jobs/p/er5id50sjf1w-factory-manager-kandil-egypt-sharqia-egypt
8GQMLOC8HYUJ,Recruitment Consultant,Confidential,,Freelance / Project | · Talent Acquisition | · Candidate Sourcing | · Organizational Skills | · Problem-Solving | · Reporting and Analytics | · Interviewing | · Stakeholder Management | · Negotiation,·Human Resources | ·Engineering - Oil & Gas/Energy,5 - 10 Yrs of Exp,Experienced,,,"Maadi, Cairo, Egypt",Freelance / Project,On-site,2026-01-22,2 months ago,No,Wuzzuf,https://wuzzuf.net/jobs/p/8gqmloc8hyuj-recruitment-consultant-cairo-egypt
DVDVQPKYRZZ0,Accountant | Relocation to Libya,Midline Group,,· Financial Reporting | · Account Reconciliation | · General Ledger Management | · Budgeting and Forecasting | · Analytical Thinking | · Attention to Detail | · Excel (Advanced) | · Problem Solving,·Accounting/Finance | · Accounting Software Proficiency,3 - 7 Yrs of Exp,Experienced,,,"Cairo, Egypt",Full Time,On-site,2026-01-22,2 months ago,No,Wuzzuf,https://wuzzuf.net/jobs/p/dvdvqpkyrzz0-accountant-relocation-to-libya-midline-group-cairo-egypt
OTIJZTBJ8WIL,IE Data Analyst (Industrial Engineering) - Garments or Apparel Manufacturing,T&C Garments,,· Data Analysis | · Process Improvement | · Time and Motion Study | · Power BI | · Microsoft Excel,·Analyst/Research | ·Engineering - Telecom/Technology | ·Engineering - Mechanical/Electrical | · Industrial Engineering | · Lean Manufacturing,2 - 5 Yrs of Exp,Experienced,,,"Obour City, Cairo, Egypt",Full Time,On-site,2026-01-22,2 months ago,No,Wuzzuf,https://wuzzuf.net/jobs/p/otijztbj8wil-ie-data-analyst-industrial-engineering-garments-or-apparel-manufacturing-tc-garments-cairo-egypt
NR08DJVIAOKZ,General Ledger Accountant,Bluebell Pharmaceuticals,,· General Ledger Management | · Account Reconciliation | · Financial Reporting | · Problem Solving | · Journal Entry Preparation | · Analytical Thinking | · ERP Systems | · Attention to Detail,·Accounting/Finance | ·Banking,4 - 6 Yrs of Exp,Experienced,,,"Maadi, Cairo, Egypt",Full Time,On-site,2026-01-22,2 months ago,No,Wuzzuf,https://wuzzuf.net/jobs/p/nr08djviaokz-general-ledger-accountant-bluebell-pharmaceuticals-cairo-egypt
EHNN7LR4ZCDC,Industrial Engineering Manager (Garment Industry),T&C Garments,,· Process Optimization | · Six Sigma | · Time and Motion Study | · Production Planning | · Data Analysis | · Workflow Design,·Manufacturing/Production | ·Engineering - Mechanical/Electrical | · Lean Manufacturing | · Quality Assurance,2 - 10 Yrs of Exp,Manager,,,"Obour City, Cairo, Egypt",Full Time,On-site,2026-01-22,2 months ago,No,Wuzzuf,https://wuzzuf.net/jobs/p/ehnn7lr4zcdc-industrial-engineering-manager-garment-industry-tc-garments-cairo-egypt
SGTSUTA1KYSU,Marketing & Sales Specialist,Oodipix,,· Social Media,·Business Development | ·Marketing/PR/Advertising | ·Sales/Retail | · Marketing | · Sales | · Business Development | · Online Marketing | · Sales Field | · Sales Target,1 - 3 Yrs of Exp,Entry Level,,,"Nasr City, Cairo, Egypt",Full Time,Hybrid,2026-01-22,2 months ago,No,Wuzzuf,https://wuzzuf.net/jobs/p/sgtsuta1kysu-marketing-sales-specialist-oodipix-cairo-egypt
W0Z8LYHWWKHL,Remote Customer Service Representative (US Market),devinliu@ningji-group.com,,· Problem Solving | · Time Management | · Customer Support | · Customer Care | · Customer Relations | · Custom Clearance,·Customer Service/Support | · Customer Service,1+ Yrs of Exp,Entry Level,,,"Cairo, Egypt",Full Time,Remote,2026-01-22,2 months ago,No,Wuzzuf,https://wuzzuf.net/jobs/p/w0z8lyhwwkhl-remote-customer-service-representative-us-market-devinliuningji-group-com-cairo-egypt
TR2BGJCIFHMZ,Planning & Production Supervisor – Sheet Metal,Alpha Matar Co. For Elevators & Escalators,,· Technical Drawing Interpretation | · Sheet Metal Fabrication | · Production Planning | · SolidWorks | · Production Supervision | · Cutting | · Bending | · Welding,·Manufacturing/Production | · Quality Control,5 - 6 Yrs of Exp,Experienced,,,"6th of October, Giza, Egypt",Full Time,On-site,2026-01-22,2 months ago,No,Wuzzuf,https://wuzzuf.net/jobs/p/tr2bgjcifhmz-planning-production-supervisor-sheet-metal-alpha-matar-co-for-elevators-escalators-giza-egypt
KQPITFZLGVQ4,Tendering Engineer (Civil / Arch.),Concrete Plus,,· Negotiation | · Time Management | · Analytical Thinking | · Construction | · Tendering | · Cost Estimation,·Engineering - Construction/Civil/Architecture | · Civil Engineering,3 - 5 Yrs of Exp,Experienced,,,"New Cairo, Cairo, Egypt",Full Time,On-site,2026-01-22,2 months ago,No,Wuzzuf,https://wuzzuf.net/jobs/p/kqpitfzlgvq4-tendering-engineer-civil-arch-concrete-plus-cairo-egypt
CYZTBARQTRM9,Export Manager,hayah pharma,,· Export Management | · Market Research | · Negotiation | · Regulatory Compliance | · Relationship Building | · Strategic Planning | · Communication | · Problem-Solving,·Logistics/Supply Chain | · International Sales,3+ Yrs of Exp,Manager,,,"Cairo, Egypt",Full Time,On-site,2026-01-22,2 months ago,No,Wuzzuf,https://wuzzuf.net/jobs/p/cyztbarqtrm9-export-manager-hayah-pharma-cairo-egypt
6WBMJ4GAYJET,Media Buyer,hayah pharma,,·Media/Journalism/Publishing | · media | · Media Buyer | · Social Media | · digital marketing | · digital media | · Buyer,·Marketing/PR/Advertising | · Digital Marketing | · Marketing,3+ Yrs of Exp,Experienced,,,"Obour City, Cairo, Egypt",Full Time,On-site,2026-01-22,2 months ago,No,Wuzzuf,https://wuzzuf.net/jobs/p/6wbmj4gayjet-media-buyer-hayah-pharma-cairo-egypt
XYI4IJDFL62U,General Accountant ( Travel Agency ),Cairo Transport & Touring,,· accountant | · Travel | · Accounts | · Accounts Payable | · Accounts Receivable | · Microsoft Excel,·Accounting/Finance | · Accounting | · Finance | · Cost Accounting,5+ Yrs of Exp,Experienced,,,"Downtown, Cairo, Egypt",Full Time,On-site,2026-01-22,2 months ago,No,Wuzzuf,https://wuzzuf.net/jobs/p/xyi4ijdfl62u-general-accountant-travel-agency-cairo-transport-touring-cairo-egypt
VX1VHB77LWHY,Branding Manager,Egyptian Company for Cosmetics,,·Media/Journalism/Publishing | · Market Research | · Project Management | · Communication | · Stakeholder Management | · Creative Thinking,·Marketing/PR/Advertising | · Brand Strategy | · Marketing Campaigns,10+ Yrs of Exp,Manager,,,"Nasr City, Cairo, Egypt",Full Time,On-site,2026-01-22,2 months ago,No,Wuzzuf,https://wuzzuf.net/jobs/p/vx1vhb77lwhy-branding-manager-egyptian-company-for-cosmetics-cairo-egypt
PPKL4SZVLYTC,Realestate Sales Specialist,The Polygon Real Estate,,· Property Resale | · Negotiation | · Market Analysis | · Communication | · Lead Generation | · Time Management | · Client Relationship Management,·Business Development | ·Sales/Retail | · Real Estate Sales,1+ Yrs of Exp,Entry Level,,,"Sheikh Zayed, Giza, Egypt",Full Time,On-site,2026-01-22,2 months ago,No,Wuzzuf,https://wuzzuf.net/jobs/p/ppkl4szvlytc-realestate-sales-specialist-the-polygon-real-estate-giza-egypt
A6RTPNT4BBBC,Account Coordinator - Smart Village,GlobeMed Egypt,,· Client Relationship Management | · Account Coordination | · Communication | · Problem Solving | · Time Management | · Microsoft Office | · Attention to Detail,·Administration | ·Customer Service/Support | · Customer Service,0 - 2 Yrs of Exp,Entry Level,,,"6th of October, Giza, Egypt",Full Time,On-site,2026-01-22,2 months ago,No,Wuzzuf,https://wuzzuf.net/jobs/p/a6rtpnt4bbbc-account-coordinator-smart-village-globemed-egypt-giza-egypt
IR6KV4K0IGYF,Pharmaceutical Sales Representative,Soficopharm,,· Pharmacy | · CRM,·Sales/Retail | ·Pharmaceutical | · Pharmaceutical Industry | · Sales Field | · Sales Target,1+ Yrs of Exp,Entry Level,,,"Qalyub, Qalubia, Egypt",Full Time,On-site,2026-01-22,2 months ago,No,Wuzzuf,https://wuzzuf.net/jobs/p/ir6kv4k0igyf-pharmaceutical-sales-representative-soficopharm-qalubia-egypt
15PB2CHZAYSS,Junior Help Desk IT Specialist,Aga Khan Cultural services- Egypt (AKCS-E),,·Installation/Maintenance/Repair | · Hardware | · Computer Science | · Information Technology (IT) | · IT | · Installation,·IT/Software Development | ·Engineering - Telecom/Technology | · Engineering | · Computer Engineering,0 - 2 Yrs of Exp,Entry Level,,,"Darrasa, Cairo, Egypt",Full Time,On-site,2026-01-22,2 months ago,No,Wuzzuf,https://wuzzuf.net/jobs/p/15pb2chzayss-junior-help-desk-it-specialist-aga-khan-cultural-services-egypt-akcs-e-cairo-egypt
25VT2HVMUJF7,English Academic Advisor,Monglish Academy,,· Student assessment | · Communication | · Negotiation | · Multitasking | · Problem Solving | · English Teaching,·Sales/Retail | ·Education/Teaching | ·Training/Instructor | · Sales,0 - 2 Yrs of Exp,Entry Level,,,"Alexandria, Egypt",Full Time,On-site,2026-01-22,2 months ago,No,Wuzzuf,https://wuzzuf.net/jobs/p/25vt2hvmujf7-english-academic-advisor-monglish-academy-alexandria-egypt
F6DFCKWAJFF7,Business Development Executive – AI Solutions,Barkotel,,· Client Relationship Management | · Negotiation | · Presentation Skills | · Market Research | · CRM Software,·Business Development | ·Marketing/PR/Advertising | ·Strategy/Consulting | · Business Development | · AI Solutions Sales,2 - 5 Yrs of Exp,Experienced,,,"Sheraton, Cairo, Egypt",Full Time,Hybrid,2026-01-22,2 months ago,No,Wuzzuf,https://wuzzuf.net/jobs/p/f6dfckwajff7-business-development-executive-ai-solutions-barkotel-cairo-egypt
TRKT6UVJN1WY,Real Estate Advisor,The Address Investments for Real Estate Consultancy,,· Real Estate Advisory | · Client Relationship Management | · Market Analysis | · Communication | · Presentation Skills | · Time Management | · Problem Solving,·Sales/Retail | · Sales Negotiation,0 - 2 Yrs of Exp,Entry Level,,,"New Cairo, Cairo, Egypt",Full Time,On-site,2026-01-22,2 months ago,No,Wuzzuf,https://wuzzuf.net/jobs/p/trkt6uvjn1wy-real-estate-advisor-the-address-investments-for-real-estate-consultancy-cairo-egypt
LJ6YZ9BCY6NX,Quality Control Executive,Dockland Clothing Company,,· Garment Inspection | · Apparel QC | · QC Inspection | · DUPRO | · Pre-Shipment Inspection,·Manufacturing/Production | ·Quality | ·Fashion | · Quality Control | · Textile Quality,3 - 5 Yrs of Exp,Experienced,,,"Maadi, Cairo, Egypt",Full Time,On-site,2026-01-22,2 months ago,No,Wuzzuf,https://wuzzuf.net/jobs/p/lj6yz9bcy6nx-quality-control-executive-dockland-clothing-company-cairo-egypt
NUOHYCXVRLYE,HR Manager,Confidential,,· HR Policy Development | · Organizational Development | · Employee Relations | · Talent Acquisition | · Performance Management | · Compensation and Benefits,·Human Resources | ·Operations/Management | · Human Resources Management | · Training and Development,5 - 8 Yrs of Exp,Manager,,,"Nasr City, Cairo, Egypt",Full Time,On-site,2026-01-22,2 months ago,No,Wuzzuf,https://wuzzuf.net/jobs/p/nuohycxvrlye-hr-manager-cairo-egypt
0H4W7QHK37PO,Facilities Maintenance Section Head,ElTarek Group,,·Installation/Maintenance/Repair | · Facilities Management | · Vendor Management | · Team Leadership | · Project Management,·Manufacturing/Production,7 - 10 Yrs of Exp,Experienced,,,"Katameya, Cairo, Egypt",Full Time,On-site,2026-01-22,2 months ago,No,Wuzzuf,https://wuzzuf.net/jobs/p/0h4w7qhk37po-facilities-maintenance-section-head-eltarek-group-cairo-egypt
PHEQ9MQPTJB9,"Biomedical Sales Engineer (Cairo, Alexandria, Sharqia, Sohag, Qena, Aswan)",Confidential,,·Installation/Maintenance/Repair | · Biomedical equipment sales | · English | · CRM | · ERP,·Sales/Retail,1 - 5 Yrs of Exp,Entry Level,,,"Cairo, Egypt",Full Time,On-site,2026-01-22,2 months ago,No,Wuzzuf,https://wuzzuf.net/jobs/p/pheq9mqptjb9-biomedical-sales-engineer-cairo-alexandria-sharqia-sohag-qena-aswan-cairo-egypt
KJEPPUFRQHGY,Retail Sales Representative,El-Dahan Company,,· sales skills | · Zaher,·Customer Service/Support | ·Sales/Retail | · Sales | · Sales Target | · Customer Service,1 - 3 Yrs of Exp,Entry Level,,,"Cairo, Egypt",Full Time,On-site,2026-01-22,2 months ago,No,Wuzzuf,https://wuzzuf.net/jobs/p/kjeppufrqhgy-retail-sales-representative-el-dahan-company-cairo-egypt
DXDENHTKCBUG,Outdoor Sales Representative - Gharbia & Dakahlia,El-Dahan Company,,· Outdoor | · Gharbia,·Customer Service/Support | ·Sales/Retail | · Outdoor Sales | · Sales | · Sales representative,1 - 3 Yrs of Exp,Experienced,,,"Gharbia, Egypt",Full Time,On-site,2026-01-22,2 months ago,No,Wuzzuf,https://wuzzuf.net/jobs/p/dxdenhtkcbug-outdoor-sales-representative-gharbia-dakahlia-el-dahan-company-gharbia-egypt
E5NOBKRODAI9,IT Specialist,Confidential,,· System Maintenance | · Troubleshooting | · Technical Support | · Hardware and Software Installation | · Problem Solving | · Communication,·IT/Software Development | · Network Administration,1 - 5 Yrs of Exp,Experienced,,,"Sheikh Zayed, Giza, Egypt",Full Time,On-site,2026-01-22,2 months ago,No,Wuzzuf,https://wuzzuf.net/jobs/p/e5nobkrodai9-it-specialist-giza-egypt
TEXICAMDOUQK,Senior Landscape Architect Engineer,TRAVCO GROUP,,·Creative/Design/Art | · Landscape | · Regional Planning | · Urban | · Hotels | · Construction,·Engineering - Construction/Civil/Architecture | · Engineering | · Architecture Engineering | · Landscape Engineering,5 - 8 Yrs of Exp,Experienced,,,"Sheikh Zayed, Giza, Egypt",Full Time,On-site,2026-01-22,2 months ago,No,Wuzzuf,https://wuzzuf.net/jobs/p/texicamdouqk-senior-landscape-architect-engineer-travco-group-giza-egypt
KFSG1UBGSCY5,Senior HR Generalist,Gap Polymers,,· Recruitment & Talent Acquisition | · Employee Engagement | · HR Compliance | · Employee Relations | · HR Data Analysis | · HRIS Platform,·Human Resources | · HR Operations | · Odoo HR System Administration | · Personnel Administration,5 - 7 Yrs of Exp,Experienced,,,"Maadi, Cairo, Egypt",Full Time,On-site,2026-01-22,2 months ago,No,Wuzzuf,https://wuzzuf.net/jobs/p/kfsg1ubgscy5-senior-hr-generalist-gap-polymers-cairo-egypt
CSNW07UL0O8H,Project/Construction Manager - Fit-Out,KinanCo,,·Project/Program Management | · Project Management | · Fit Out Coordination | · Budgeting and Cost Control | · Team Leadership | · Stakeholder Communication | · Scheduling and Planning | · Problem Solving,·Engineering - Construction/Civil/Architecture | · Quality Assurance,7+ Yrs of Exp,Manager,,,"Cairo, Egypt",Full Time,On-site,2026-01-22,2 months ago,No,Wuzzuf,https://wuzzuf.net/jobs/p/csnw07ul0o8h-projectconstruction-manager-fit-out-kinanco-cairo-egypt
IQTS5Y5USPBP,Site Technical Office Engineer,ADCONS,,· Technical Drawing Interpretation | · Project Coordination | · AutoCAD | · Construction Site Management | · Problem Solving | · Time Management | · Communication | · Material Take-off,·Engineering - Construction/Civil/Architecture | · Quality Assurance,3 - 8 Yrs of Exp,Experienced,,,"Cairo, Egypt",Full Time,On-site,2026-01-22,2 months ago,No,Wuzzuf,https://wuzzuf.net/jobs/p/iqts5y5uspbp-site-technical-office-engineer-adcons-cairo-egypt
UHRMGASJRG4D,Site Technical Office Engineer - Architecture,Construction Management Systems,,· Technical Office | · Workshop Drawings | · English | · Microsoft Office,·Engineering - Construction/Civil/Architecture | · Engineering | · Civil Engineering,2 - 4 Yrs of Exp,Experienced,,,"New Cairo, Cairo, Egypt",Full Time,On-site,2026-01-22,2 months ago,No,Wuzzuf,https://wuzzuf.net/jobs/p/uhrmgasjrg4d-site-technical-office-engineer-architecture-construction-management-systems-cairo-egypt
ZGOI0NSCKWD0,Logistic Specialist,ElEzaby Automotive,,·Purchasing/Procurement | · Supply Chain Management | · Inventory Management | · Shipping and Receiving | · Vendor Management | · Problem Solving | · Time Management,·Logistics/Supply Chain | ·Operations/Management | · Logistics Coordination,1 - 2 Yrs of Exp,Entry Level,,,"6th of October, Giza, Egypt",Full Time,On-site,2026-01-22,2 months ago,No,Wuzzuf,https://wuzzuf.net/jobs/p/zgoi0nsckwd0-logistic-specialist-elezaby-automotive-giza-egypt
5OROFG5EBMQS,Senior Sales,Prima Elios,,· Negotiation | · Market Research | · Customer Relationship Management (CRM) | · Product Presentation | · Communication | · Problem Solving,·Sales/Retail | · Sales Strategy,2 - 4 Yrs of Exp,Experienced,,,"Menia, Minya, Egypt",Full Time,Hybrid,2026-01-22,2 months ago,No,Wuzzuf,https://wuzzuf.net/jobs/p/5orofg5ebmqs-senior-sales-prima-elios-minya-egypt
GAEDHKGYAPKH,Sales,Ron queen Services INC.,,· Customer Relationship Management (CRM) | · Market Research | · Communication | · Team Collaboration,·Marketing/PR/Advertising | · Sales Negotiation,,Entry Level,,,"Nasr City, Cairo, Egypt",Full Time,On-site,2026-01-22,2 months ago,No,Wuzzuf,https://wuzzuf.net/jobs/p/gaedhkgyapkh-sales-ron-queen-services-inc-cairo-egypt
96IHANLA2GL8,Telesales Agent,5 Quarters,,· Telesales | · Problem Solving | · Lead Generation,·Medical/Healthcare | ·Sales/Retail | · Sales Communication,2 - 7 Yrs of Exp,Experienced,,,"Nasr City, Cairo, Egypt",Full Time,On-site,2026-01-22,2 months ago,No,Wuzzuf,https://wuzzuf.net/jobs/p/96ihanla2gl8-telesales-agent-5-quarters-cairo-egypt
TMIGUGTGLMYA,Site Technical Office Engineer - Mechanical,Construction Management Systems,,· Technical Office | · Workshop Drawings | · English | · Microsoft Office,·Engineering - Construction/Civil/Architecture | · Engineering | · Civil Engineering,2 - 4 Yrs of Exp,Experienced,,,"New Cairo, Cairo, Egypt",Full Time,On-site,2026-01-22,2 months ago,No,Wuzzuf,https://wuzzuf.net/jobs/p/tmigugtglmya-site-technical-office-engineer-mechanical-construction-management-systems-cairo-egypt
1DYGCWFUEGFO,Graphic Designer,ravinia media,,·Creative/Design/Art | · Graphic Design | · Adobe Creative Suite | · Motion Graphics | · 3D Graphics | · Motion Graphic Design | · Design,,3 - 5 Yrs of Exp,Experienced,,,"Mansoura, Dakahlia, Egypt",Full Time,On-site,2026-01-22,2 months ago,No,Wuzzuf,https://wuzzuf.net/jobs/p/1dygcwfuegfo-graphic-designer-ravinia-media-dakahlia-egypt
ZFXG1HFHJSOE,Receptionist,ravinia media,,· Time management | · Customer service | · Reception management,·Administration,2 - 3 Yrs of Exp,Experienced,,,"Mansoura, Dakahlia, Egypt",Full Time,On-site,2026-01-22,2 months ago,No,Wuzzuf,https://wuzzuf.net/jobs/p/zfxg1hfhjsoe-receptionist-ravinia-media-dakahlia-egypt
TWHMEVXIZHOI,Recruitment & HR Associate,Axios International,,· Recruitment Coordination | · Recruitment | · HR | · Recruiting | · Coordination | · Sourcing | · Microsoft Office,·Human Resources | · Human Resources (HR) | · Administration,4 - 6 Yrs of Exp,Experienced,,,"Dokki, Giza, Egypt",Full Time,On-site,2026-01-22,2 months ago,No,Wuzzuf,https://wuzzuf.net/jobs/p/twhmevxizhoi-recruitment-hr-associate-axios-international-giza-egypt
I8JANTD3P4VU,Training Facilitator - BPO,Intouch CX,,· Public Speaking | · Performance Evaluation | · Coaching and Mentoring | · Organizational Skills,·Customer Service/Support | · Training Facilitation | · Customer Service,1 - 4 Yrs of Exp,Entry Level,,,"Sheikh Zayed, Giza, Egypt",Full Time,On-site,2026-01-22,2 months ago,No,Wuzzuf,https://wuzzuf.net/jobs/p/i8jantd3p4vu-training-facilitator-bpo-intouch-cx-giza-egypt
EXAAOKBN0OVZ,Administrative Assistant,Gulf English School Cairo,,· Organizational Skills | · Microsoft Office Suite | · Accuracy | · Confidential Information Management,·Administration | · Office Administration,1 - 2 Yrs of Exp,Entry Level,,,"New Cairo, Cairo, Egypt",Full Time,On-site,2026-01-22,2 months ago,No,Wuzzuf,https://wuzzuf.net/jobs/p/exaaokbn0ovz-administrative-assistant-gulf-english-school-cairo-cairo-egypt
FHIJGLZNC96H,Export Logistics Associate (KSA Market),Confidential,,· Customs Compliance | · International Shipping | · Documentation Management | · Supply Chain Coordination | · Problem Solving | · Attention to Detail | · Time Management,·Logistics/Supply Chain | ·Operations/Management | · Export Logistics,3 - 5 Yrs of Exp,Experienced,,,"Manial, Cairo, Egypt",Full Time,Hybrid,2026-01-22,2 months ago,No,Wuzzuf,https://wuzzuf.net/jobs/p/fhijglznc96h-export-logistics-associate-ksa-market-cairo-egypt
GFJXTXIYHU3A,Quality Control Engineer,La Poire,,· Food Safety | · Teamwork | · Data Analysis,·Quality | · Quality Control,2 - 4 Yrs of Exp,Experienced,,,"Basatin, Cairo, Egypt",Full Time,On-site,2026-01-22,2 months ago,No,Wuzzuf,https://wuzzuf.net/jobs/p/gfjxtxiyhu3a-quality-control-engineer-la-poire-cairo-egypt
2HBUWSQECOCP,Personnel Specialist,Cairo Three A  Poultry,,· Personnel administration | · HR documentation | · Payroll support | · Labor law compliance | · Personnel Affairs,·Human Resources,1 - 2 Yrs of Exp,Entry Level,,,"Giza, Giza, Egypt",Full Time,On-site,2026-01-22,2 months ago,No,Wuzzuf,https://wuzzuf.net/jobs/p/2hbuwsqecocp-personnel-specialist-cairo-three-a-poultry-giza-egypt
CI20RWIHBUGW,Planning Section Head,Print4Pack,,· Production Planning | · Analytical Thinking | · Problem Solving | · Process Optimization,·Operations/Management,5 - 10 Yrs of Exp,Experienced,,,"6th of October, Giza, Egypt",Full Time,On-site,2026-01-22,2 months ago,No,Wuzzuf,https://wuzzuf.net/jobs/p/ci20rwihbugw-planning-section-head-print4pack-giza-egypt
FM5WJDGGDR5S,Warehouse Keeper,Gest For Metals,,· Inventory Management | · Organizational Skills | · Data Entry | · Industrial Environment | · Inventory Management Systems | · Warehouse Software,·Administration | ·Logistics/Supply Chain | · Warehouse Operations | · Manufacturing Industry,2 - 3 Yrs of Exp,Experienced,,,"10th of Ramadan City, Sharqia, Egypt",Full Time,On-site,2026-01-22,2 months ago,No,Wuzzuf,https://wuzzuf.net/jobs/p/fm5wjdggdr5s-warehouse-keeper-gest-for-metals-sharqia-egypt
SWSBHOA7TZKC,HR Specialist (HCM Implementation Specialist),Ultimate Solutions Egypt,,· Benefits | · Computer Science | · Development | · Labor | · HR | · Microsoft Office,·Human Resources | · Human Resources | · Human Resources (HR) | · Training,1 - 3 Yrs of Exp,Entry Level,,,"Sheikh Zayed, Giza, Egypt",Full Time,On-site,2026-01-22,2 months ago,No,Wuzzuf,https://wuzzuf.net/jobs/p/swsbhoa7tzkc-hr-specialist-hcm-implementation-specialist-ultimate-solutions-egypt-giza-egypt
MWGLTATIM6TL,HR Operations Specialist,Cairo Three A  Poultry,,· Payroll administration | · HRIS management | · HR operations | · Attention to detail,·Human Resources | ·Operations/Management,1 - 2 Yrs of Exp,Entry Level,,,"Giza, Giza, Egypt",Full Time,On-site,2026-01-22,2 months ago,No,Wuzzuf,https://wuzzuf.net/jobs/p/mwgltatim6tl-hr-operations-specialist-cairo-three-a-poultry-giza-egypt
PELCMZCNTAXT,Warehouse Senior Supervisor,Gest For Metals,,· Inventory Control | · Process Improvement,·Administration | ·Logistics/Supply Chain | ·Operations/Management | · Warehouse Operations Management,6 - 10 Yrs of Exp,Manager,,,"10th of Ramadan City, Sharqia, Egypt",Full Time,On-site,2026-01-22,2 months ago,No,Wuzzuf,https://wuzzuf.net/jobs/p/pelcmzcntaxt-warehouse-senior-supervisor-gest-for-metals-sharqia-egypt
ODSTUMJTKDIL,Frontend Engineer (Vue.js),Tototheo Global,,· Vue.js | · Typescript | · JavaScript,·IT/Software Development | ·Engineering - Telecom/Technology,4 - 10 Yrs of Exp,Experienced,,,"Cairo, Egypt",Full Time,Remote,2026-01-22,2 months ago,No,Wuzzuf,https://wuzzuf.net/jobs/p/odstumjtkdil-frontend-engineer-vuejs-tototheo-global-cairo-egypt
SJ0FQVW5BIZM,Product Marketing Manager (Mobile App & EdTech),مؤسسة الناس لبعضها,,Freelance / Project | · Market Analysis,·Marketing/PR/Advertising | · Digital Marketing | · Product Marketing | · Marketing | · Marketing Research | · Marketing Strategy | · Online Marketing | · Internet Marketing,3+ Yrs of Exp,Manager,,,"Fayoum, Fayoum, Egypt",Freelance / Project,Remote,2026-01-22,2 months ago,No,Wuzzuf,https://wuzzuf.net/jobs/p/sj0fqvw5bizm-product-marketing-manager-mobile-app-edtech-moss-alnas-lbaadha-fayoum-egypt
EOGDQS8IF1QC,Quality Control (QC) Engineer,IPMagix,,· Software Testing | · Manual Testing | · Automated Testing | · Defect Tracking | · Analytical Thinking | · Attention to Detail | · SDLC Knowledge | · Problem Solving,·IT/Software Development | · Quality Control,2 - 4 Yrs of Exp,Experienced,,,"Zamalek, Cairo, Egypt",Full Time,Hybrid,2026-01-22,2 months ago,No,Wuzzuf,https://wuzzuf.net/jobs/p/eogdqs8if1qc-quality-control-qc-engineer-ipmagix-cairo-egypt
D0DGI91J7A86,Art Director,waffarha.com,,·Creative/Design/Art | ·Media/Journalism/Publishing | · Art Direction | · Creative Leadership | · Brand Development | · Digital Design | · Team Management | · Adobe Creative Suite | · UX/UI Design,·Marketing/PR/Advertising,4 - 7 Yrs of Exp,Manager,,,"Sheraton, Cairo, Egypt",Full Time,On-site,2026-01-22,2 months ago,No,Wuzzuf,https://wuzzuf.net/jobs/p/d0dgi91j7a86-art-director-waffarha-com-cairo-egypt
TEK4NFEGENKY,Call Center Agent (Chat),waffarha.com,,· Call Center | · Customer Support | · Customer Focus | · Communication skills | · Microsoft Office,·Customer Service/Support | ·Operations/Management | ·Sales/Retail | · Sales | · Customer Service,1 - 2 Yrs of Exp,Entry Level,,,"Sheraton, Cairo, Egypt",Full Time,Hybrid,2026-01-22,2 months ago,No,Wuzzuf,https://wuzzuf.net/jobs/p/tek4nfegenky-call-center-agent-chat-waffarha-com-cairo-egypt
E7ELDIU0WXJU,Supply Chain Manager,Etoile,,·Purchasing/Procurement | · Supply Chain Management | · Procurement | · Inventory Management | · Data Analysis | · Team Leadership | · ERP Systems,·Logistics/Supply Chain | ·Operations/Management | · Logistics,8 - 12 Yrs of Exp,Manager,,,"Shubra, Cairo, Egypt",Full Time,On-site,2026-01-22,2 months ago,No,Wuzzuf,https://wuzzuf.net/jobs/p/e7eldiu0wxju-supply-chain-manager-etoile-cairo-egypt
SPKL7CUUYOZF,Mail&Chat Agent (B2 English Speakers) e&UAE,Etisalat Egypt,,· Customer Support | · Customer Care | · Customer Relations | · Customer Satisfaction | · Customer Retention | · Customer Experience | · Customer Survey,·Customer Service/Support | · Customer Service | · Customer Service Management,0 - 3 Yrs of Exp,Entry Level,,,"Maadi, Cairo, Egypt",Full Time,On-site,2026-01-22,2 months ago,No,Wuzzuf,https://wuzzuf.net/jobs/p/spkl7cuuyozf-mailchat-agent-b2-english-speakers-euae-etisalat-egypt-cairo-egypt
ZF0AECHJNENO,Purchasing Manager,Confidential,,·Purchasing/Procurement | · Negotiation | · Supplier Relationship Management | · Analytical Thinking | · Cost Analysis,,5 - 10 Yrs of Exp,Manager,,,"Mohandessin, Giza, Egypt",Full Time,On-site,2026-01-22,2 months ago,No,Wuzzuf,https://wuzzuf.net/jobs/p/zf0aechjneno-purchasing-manager-giza-egypt
WWCDJFTYHKM8,General Accountant,Confidential,,· Cost Control | · Microsoft Excel (Advanced) | · Attention to Detail | · Financial Reporting & Analysis,·Accounting/Finance | · Finance,10 - 15 Yrs of Exp,Experienced,,,"Mohandessin, Giza, Egypt",Full Time,On-site,2026-01-22,2 months ago,No,Wuzzuf,https://wuzzuf.net/jobs/p/wwcdjftyhkm8-general-accountant-giza-egypt
JJOHO6RWVEH3,Toll Manufacturing & Supply Chain Coordinator,EPIDIS Pharma,,· Supply Chain Management | · Project Management | · Communication | · Problem Solving | · Data Analysis,·Logistics/Supply Chain | ·Medical/Healthcare | · Toll Manufacturing Coordination | · Logistics,1 - 3 Yrs of Exp,Entry Level,,,"Cairo, Egypt",Full Time,Hybrid,2026-01-22,2 months ago,No,Wuzzuf,https://wuzzuf.net/jobs/p/jjoho6rwveh3-toll-manufacturing-supply-chain-coordinator-epidis-pharma-cairo-egypt
BE9R8J3Z96AL,Marketing Executive,El Mostakbal Co.,,· Content Creation | · Digital Realm | · English | · Arabic | · Data Analysis,·Marketing/PR/Advertising | · Digital Marketing | · Marketing Strategy,2 - 4 Yrs of Exp,Experienced,,,"Nasr City, Cairo, Egypt",Full Time,On-site,2026-01-22,2 months ago,No,Wuzzuf,https://wuzzuf.net/jobs/p/be9r8j3z96al-marketing-executive-el-mostakbal-co-cairo-egypt
IPU2YPZOAFIF,Procurement Quoter,FIT Solutions,,·Purchasing/Procurement | · Procurement | · Quotation Management | · Supplier Negotiation | · Vendor Relationship Management | · Time Management | · Contract Analysis | · Remote Collaboration | · Fluent in written and spoken English,,2 - 4 Yrs of Exp,Entry Level,,,"Cairo, Egypt",Full Time,Remote,2026-01-22,2 months ago,No,Wuzzuf,https://wuzzuf.net/jobs/p/ipu2ypzoafif-procurement-quoter-fit-solutions-cairo-egypt
YMZTT7UW91TD,Sr. Internal Audit Executive (KSA),Afaqy,,· Risk Assessment | · Internal Auditing | · Data Analysis | · Auditing | · External Auditing | · CIA | · CPA | · Internal Controls,·Accounting/Finance | · Accounting,5 - 9 Yrs of Exp,Experienced,,,"Maadi, Cairo, Egypt",Full Time,Hybrid,2026-01-22,2 months ago,No,Wuzzuf,https://wuzzuf.net/jobs/p/ymztt7uw91td-sr-internal-audit-executive-ksa-afaqy-cairo-egypt
T1FDWAXJR1IV,CEO Office Manager,waffarha.com,,· Office Management | · Executive Support | · Calendar Management | · Communication | · Time Management | · Stakeholder Management | · Attention to Detail | · Problem Solving,·Administration | ·Operations/Management,5+ Yrs of Exp,Experienced,,,"Nozha, Cairo, Egypt",Full Time,On-site,2026-01-22,2 months ago,No,Wuzzuf,https://wuzzuf.net/jobs/p/t1fdwaxjr1iv-ceo-office-manager-waffarha-com-cairo-egypt
QMWRBIVDHP3Z,Payroll and Personnel Manager,Outservingplus,,· Payroll Management | · Labor Law Compliance | · HRIS Systems | · Process Improvement | · Analytical Thinking | · Problem Solving | · Communication,·Human Resources | · Personnel Administration | · HR Operations,4 - 6 Yrs of Exp,Experienced,,,"Mohandessin, Giza, Egypt",Full Time,On-site,2026-01-22,2 months ago,No,Wuzzuf,https://wuzzuf.net/jobs/p/qmwrbivdhp3z-payroll-and-personnel-manager-outservingplus-giza-egypt
QMRAOM1RNTBV,Senior IT Procurement,Gulf Data International,,·Purchasing/Procurement | · IT Procurement | · Vendor Management | · Project Management | · Analytical Thinking | · Communication Skills | · Contract Negotiation | · Strategic Sourcing,·IT/Software Development | ·Engineering - Telecom/Technology,2 - 5 Yrs of Exp,Experienced,,,"Alexandria, Egypt",Full Time,On-site,2026-01-22,2 months ago,No,Wuzzuf,https://wuzzuf.net/jobs/p/qmraom1rntbv-senior-it-procurement-gulf-data-international-alexandria-egypt
DXMDYWSDTG0T,Interior Designer,Guillam,,·Creative/Design/Art | · Research | · Analysis | · Business English | · Interior Design | · AutoCAD | · Adobe Creative Suite | · Material Selection | · SketchUp | · 3D Visualization,,0 - 2 Yrs of Exp,Entry Level,,,"San Stefano, Alexandria, Egypt",Full Time,On-site,2026-01-22,2 months ago,No,Wuzzuf,https://wuzzuf.net/jobs/p/dxmdywsdtg0t-interior-designer-guillam-alexandria-egypt
ETXJKSBAQGIK,UI-UX Designer,Rehabitaire,,·Creative/Design/Art | · UI Design | · Wireframes | · Prototyping | · Visual Design | · UX Design | · WCAG | · Adobe XD | · Sketch | · Figma,,3 - 5 Yrs of Exp,Experienced,,,"Maadi, Cairo, Egypt",Full Time,On-site,2026-01-22,2 months ago,No,Wuzzuf,https://wuzzuf.net/jobs/p/etxjksbaqgik-ui-ux-designer-rehabitaire-cairo-egypt
UFH3N2XEIKUZ,Operations Executive - Travel Agency,Trip Pedia Group,,· B2B Client Relations | · Supplier Coordination | · Booking Systems | · Travel | · Travel Coordination | · Outbound,·Operations/Management | ·Tourism/Travel | · Travel Operations Management | · Tourism,1 - 2 Yrs of Exp,Entry Level,,,"Cairo, Egypt",Full Time,Remote,2026-01-22,2 months ago,No,Wuzzuf,https://wuzzuf.net/jobs/p/ufh3n2xeikuz-operations-executive-travel-agency-trip-pedia-group-cairo-egypt
FQ5VNLZNG4VG,Accounting Manager (Fintech Experience),Erada,,· Microfinance | · financing,·Accounting/Finance | · Finance | · Financial Accounting | · Accounting | · Accounting Management | · Banking | · Banking Sector,7 - 10 Yrs of Exp,Manager,,,"Maadi, Cairo, Egypt",Full Time,On-site,2026-01-22,2 months ago,No,Wuzzuf,https://wuzzuf.net/jobs/p/fq5vnlzng4vg-accounting-manager-fintech-experience-erada-cairo-egypt
W02ZTHM06RDR,Senior Mobile Developer | Flutter,MOWEEX Digital Solutions,,· Flutter | · Dart | · RESTful API Integration | · iOS Development | · Android Development | · Mobile Application Development | · Problem Solving,·IT/Software Development,4+ Yrs of Exp,Experienced,,,"Sheikh Zayed, Giza, Egypt",Full Time,On-site,2026-01-22,2 months ago,No,Wuzzuf,https://wuzzuf.net/jobs/p/w02zthm06rdr-senior-mobile-developer-flutter-moweex-digital-solutions-giza-egypt
FISKKLEHM4GC,Tracking Specialist – Container Transport,Ship & C.R.E.W,,· Transportation | · Fleet Management | · Microsoft Excel | · Applicant Tracking Systems,·Logistics/Supply Chain | ·Operations/Management | · Logistics | · Customer Service,1 - 3 Yrs of Exp,Entry Level,,,"Ameria, Alexandria, Egypt",Full Time,On-site,2026-01-22,2 months ago,No,Wuzzuf,https://wuzzuf.net/jobs/p/fiskklehm4gc-tracking-specialist-container-transport-ship-c-r-e-w-alexandria-egypt
0D7NFMYKCO7G,Quality Assurance Head-Foods Industry,KRM for Foods industry,,· Food Safety | · Regulatory Compliance | · Audit Management | · Process Improvement | · Team Leadership | · Communication | · Root Cause Analysis,·Quality | · Quality Assurance,5 - 10 Yrs of Exp,Manager,,,"New Cairo, Cairo, Egypt",Full Time,On-site,2026-01-22,2 months ago,No,Wuzzuf,https://wuzzuf.net/jobs/p/0d7nfmykco7g-quality-assurance-head-foods-industry-krm-for-foods-industry-cairo-egypt
LFN4PVMODVPR,Customer Service Representative,Carina Wear,,· Customer Support | · Customer Care | · Call Center | · Inbound Calls | · Customer Handling | · Communication skills | · Problem Solving | · Active Listening,·Customer Service/Support | · Customer Service,0 - 3 Yrs of Exp,Entry Level,,,"New Cairo, Cairo, Egypt",Full Time,On-site,2026-01-22,2 months ago,No,Wuzzuf,https://wuzzuf.net/jobs/p/lfn4pvmodvpr-customer-service-representative-carina-wear-cairo-egypt
75HRNJM2TDWI,Administrative Assistant,Digizilla,,· Administrative support | · Office management | · Calendar management | · Time management | · Communication | · Document preparation | · Problem-solving,·Administration | ·Customer Service/Support | ·Operations/Management,0 - 2 Yrs of Exp,Entry Level,,,"Nasr City, Cairo, Egypt",Full Time,On-site,2026-01-22,2 months ago,No,Wuzzuf,https://wuzzuf.net/jobs/p/75hrnjm2tdwi-administrative-assistant-digizilla-cairo-egypt
YJBNKNYXMUDW,QA Engineer,Kama Manufacturing,,· ISO 9001 | · QA | · QC | · Analytical Skills | · ISO,·Quality | ·Engineering - Mechanical/Electrical | · Quality Control | · Quality Assurance | · Engineering,3 - 7 Yrs of Exp,Experienced,,,"10th of Ramadan City, Sharqia, Egypt",Full Time,On-site,2026-01-22,2 months ago,No,Wuzzuf,https://wuzzuf.net/jobs/p/yjbnknyxmudw-qa-engineer-kama-manufacturing-sharqia-egypt
A3LL7WHRUWOM,Mechanical Sales Engineer,Orient Egypt,,· Problem-Solving | · Market Analysis | · Mechanical,·Sales/Retail | ·Engineering - Mechanical/Electrical | · Mechanical Engineering | · Technical Sales | · Sales | · Sales Field | · Sales Target,3 - 7 Yrs of Exp,Experienced,,,"Dokki, Giza, Egypt",Full Time,On-site,2026-01-22,2 months ago,No,Wuzzuf,https://wuzzuf.net/jobs/p/a3ll7whruwom-mechanical-sales-engineer-orient-egypt-giza-egypt
O51JJE489B6N,Senior Architect,SCALES Homes,,·Creative/Design/Art | · Architectural Design | · Project Management | · Revit | · SketchUp | · Team Leadership | · Client Consultation | · AutoCAD,·Engineering - Construction/Civil/Architecture | ·IT/Software Development,5 - 7 Yrs of Exp,Experienced,,,"Heliopolis, Cairo, Egypt",Full Time,On-site,2026-01-22,2 months ago,No,Wuzzuf,https://wuzzuf.net/jobs/p/o51jje489b6n-senior-architect-scales-homes-cairo-egypt
BRJ8ACPZCQMR,Architecture Technical Office Engineer,SCALES Homes,,· Technical Drawing | · Revit | · AutoCAD | · Project Coordination | · Material Submittals | · Problem Solving | · Communication | · Interior Fit-Out | · Construction Standards,·Engineering - Construction/Civil/Architecture,3 - 5 Yrs of Exp,Experienced,,,"Heliopolis, Cairo, Egypt",Full Time,On-site,2026-01-22,2 months ago,No,Wuzzuf,https://wuzzuf.net/jobs/p/brj8acpzcqmr-architecture-technical-office-engineer-scales-homes-cairo-egypt
DM8MXXBBPUN3,Technical Office Architecture Engineer,YetTrace,,· Shop Drawings | · AutoCAD Architecture | · AutoCAD | · Technical Office | · Architectural Design | · Architecture,·Engineering - Construction/Civil/Architecture | · Technical Office Engineering | · Architectural Engineering,2 - 5 Yrs of Exp,Experienced,,,"Sheikh Zayed, Giza, Egypt",Full Time,On-site,2026-01-22,2 months ago,No,Wuzzuf,https://wuzzuf.net/jobs/p/dm8mxxbbpun3-technical-office-architecture-engineer-yettrace-giza-egypt
1NLMU2HAEKRW,Health and safety Section head,Sadko Plast,,· Health and Safety Management | · Risk Assessment | · Regulatory Compliance | · Team Leadership | · Communication | · Incident Investigation,·R&D/Science | ·Operations/Management | ·Engineering - Other | · Training and Development,5 - 9 Yrs of Exp,Manager,,,"10th of Ramadan City, Sharqia, Egypt",Full Time,On-site,2026-01-22,2 months ago,No,Wuzzuf,https://wuzzuf.net/jobs/p/1nlmu2haekrw-health-and-safety-section-head-sadko-plast-sharqia-egypt
IDX5FO9TDGY3,Senior Civil Technical Office Engineer,PRE Group,,· Technical drawing review | · Quantity surveying | · Cost estimation | · AutoCAD proficiency | · Problem-solving | · Team coordination | · Analytical thinking | · Residential Projects,·Engineering - Construction/Civil/Architecture,7+ Yrs of Exp,Experienced,,,"Sheikh Zayed, Giza, Egypt",Full Time,On-site,2026-01-22,2 months ago,No,Wuzzuf,https://wuzzuf.net/jobs/p/idx5fo9tdgy3-senior-civil-technical-office-engineer-pre-group-giza-egypt
XDZNSURYVQRJ,HR Manager,Egast,,· Recruitment and Talent Acquisition | · Employee Relations | · Performance Management | · HR Policy Development | · Conflict Resolution | · Organizational Development,·Human Resources | · Human Resources Management | · Training and Development | · Compensation and Benefits Administration,10 - 20 Yrs of Exp,Manager,,,"Bab Sharq, Alexandria, Egypt",Full Time,On-site,2026-01-22,2 months ago,No,Wuzzuf,https://wuzzuf.net/jobs/p/xdznsuryvqrj-hr-manager-egast-alexandria-egypt
LMLMG0JIYN0G,Accountant,ASC for Construction and Engineering,,· Bank Reconciliation | · Financial Reporting | · Accounts Payable and Receivable | · Communication Skills | · Excel Expertise | · Accounts Payable/Receivable,·Accounting/Finance | · Project Accounting,4 - 6 Yrs of Exp,Experienced,,,"Nasr City, Cairo, Egypt",Full Time,On-site,2026-01-22,2 months ago,No,Wuzzuf,https://wuzzuf.net/jobs/p/lmlmg0jiyn0g-accountant-asc-for-construction-and-engineering-cairo-egypt
9MJIDNJIZHWN,Senior Odoo Functional Consultant,OdooTec,,· ERP | · Functional Consultant | · Implementation | · IT | · Software | · Odoo | · Computer Science,·IT/Software Development | · Accounting,5 - 7 Yrs of Exp,Experienced,,,"New Cairo, Cairo, Egypt",Full Time,On-site,2026-01-22,2 months ago,No,Wuzzuf,https://wuzzuf.net/jobs/p/9mjidnjizhwn-senior-odoo-functional-consultant-odootec-cairo-egypt
MFCKYG6ZKSRE,Production Engineer - Foods Industry,KRM for Foods industry,,· Production process optimization | · Food safety and quality assurance | · Team leadership | · Problem-solving | · Lean manufacturing,·Manufacturing/Production,5 - 10 Yrs of Exp,Experienced,,,"New Cairo, Cairo, Egypt",Full Time,On-site,2026-01-22,2 months ago,No,Wuzzuf,https://wuzzuf.net/jobs/p/mfckyg6zksre-production-engineer-foods-industry-krm-for-foods-industry-cairo-egypt
GW8OB702QAHG,Media Designer,CLI EGYPT,,·Media/Journalism/Publishing | · Graphic Design | · Aftereffect | · Social Media | · Advertising Media | · Mass Media | · Media Production,·IT/Software Development | ·Marketing/PR/Advertising | · Digital Media Sales,,Student,,,"Giza, Egypt",Internship,Hybrid,2026-01-22,2 months ago,No,Wuzzuf,https://wuzzuf.net/internship/gw8ob702qahg-media-designer-cli-egypt-giza-egypt
WCQPSDBCOJTT,Quality Control Lead Engineer,Rotem SRS,,· Root Cause Analysis | · Process Improvement | · Team Leadership | · Audit and Inspection | · Data Analysis | · Problem Solving | · Communication,·Quality | · Quality Assurance | · Quality Control,2 - 4 Yrs of Exp,Experienced,,,"New Cairo, Cairo, Egypt",Full Time,On-site,2026-01-22,2 months ago,No,Wuzzuf,https://wuzzuf.net/jobs/p/wcqpsdbcojtt-quality-control-lead-engineer-rotem-srs-cairo-egypt
EEGO3LQGTHLU,Junior PHP Developer,CLI EGYPT,,· HTML | · PHP Development | · Microsoft Certified Solutions Developer | · Software Development | · Program Development,·IT/Software Development,0 - 2 Yrs of Exp,Entry Level,,,"Giza, Egypt",Full Time,Hybrid,2026-01-22,2 months ago,No,Wuzzuf,https://wuzzuf.net/jobs/p/eego3lqgthlu-junior-php-developer-cli-egypt-giza-egypt
MYYVDWSZX6QH,Area Sales Manager (Alexandria) - Bisco Misr,Arma-HSA,,· Team Leadership | · Communication | · Customer Relationship Management | · Negotiation | · Presentation Skills,·Operations/Management | ·Sales/Retail | · Sales Strategy Development,4 - 8 Yrs of Exp,Manager,,,"New Cairo, Cairo, Egypt",Full Time,On-site,2026-01-22,2 months ago,No,Wuzzuf,https://wuzzuf.net/jobs/p/myyvdwszx6qh-area-sales-manager-alexandria-bisco-misr-arma-hsa-cairo-egypt
YWHZCLQT5978,Senior Electrical Engineer,Confidential,,· Electrical | · Electrical Circuits | · Electrical Rotating | · Simulation | · Modelling | · Operation,·Engineering - Mechanical/Electrical | · Engineering | · Electrical Engineering,3 - 5 Yrs of Exp,Experienced,,,"6th of October, Giza, Egypt",Full Time,On-site,2026-01-22,2 months ago,No,Wuzzuf,https://wuzzuf.net/jobs/p/ywhzclqt5978-senior-electrical-engineer-giza-egypt
D3VNVES7XTHQ,Senior Marketing Executive,Chloride,,·Media/Journalism/Publishing | · Public Relations (PR) | · Communications | · SEO | · PPC | · E-marketing,·Marketing/PR/Advertising | · Marketing | · Digital Marketing | · Marketing Diploma,3 - 5 Yrs of Exp,Experienced,,,"Abu Rawash, Giza, Egypt",Full Time,On-site,2026-01-22,2 months ago,No,Wuzzuf,https://wuzzuf.net/jobs/p/d3vnves7xthq-senior-marketing-executive-chloride-giza-egypt
8RFKKNONDNLM,Lab Chemist,Chloride,,· Science | · Lab | · Chemistry | · Chemist | · Laboratory | · English | · Technical Laboratory,·R&D/Science | ·Quality | · Medical,2+ Yrs of Exp,Experienced,,,"Abu Rawash, Giza, Egypt",Full Time,On-site,2026-01-22,2 months ago,No,Wuzzuf,https://wuzzuf.net/jobs/p/8rfkknondnlm-lab-chemist-chloride-giza-egypt
DART0MUIMGKF,Sales and Account Manager,Alef Software Company,,· Communication | · Presentations | · Account Management | · CRM Software,·Business Development | ·Customer Service/Support | ·Sales/Retail | · Outdoor Sales | · Sales Target | · Sales Leads,1 - 2 Yrs of Exp,Entry Level,,,"Cairo, Egypt",Full Time,On-site,2026-01-22,2 months ago,No,Wuzzuf,https://wuzzuf.net/jobs/p/dart0muimgkf-sales-and-account-manager-alef-software-company-cairo-egypt
VQRK43WMIAST,Tender & Procurement Mep Engineer,United Engineering company,,·Purchasing/Procurement | · Procurement | · Tendering | · MEP,·Engineering - Construction/Civil/Architecture | ·Engineering - Mechanical/Electrical | · Mechanical Engineering | · Technical Office Engineering,3 - 5 Yrs of Exp,Experienced,,,"Haram, Giza, Egypt",Full Time,On-site,2026-01-22,2 months ago,No,Wuzzuf,https://wuzzuf.net/jobs/p/vqrk43wmiast-tender-procurement-mep-engineer-united-engineering-company-giza-egypt
CZDTYCRYYPNJ,Call Center Agent (B1+ English Speakers) Maadi,Etisalat Egypt,,· Customer Support | · Customer Care | · Customer Relations | · Customer Retention | · Customer Satisfaction | · Customer Experience | · Customer Survey,·Customer Service/Support | · Customer Service | · Customer Service Management,0 - 3 Yrs of Exp,Entry Level,,,"Maadi, Cairo, Egypt",Full Time,On-site,2026-01-22,2 months ago,No,Wuzzuf,https://wuzzuf.net/jobs/p/czdtycryypnj-call-center-agent-b1-english-speakers-maadi-etisalat-egypt-cairo-egypt
A3T3L3HW9F3X,Consumer Manager,MLF FINANCE,,· Team Leadership | · Customer Support | · Customer Care,·Business Development | · Consumer Finance | · Consumer Marketing | · Customer Service,10+ Yrs of Exp,Manager,,,"Sheikh Zayed, Giza, Egypt",Full Time,On-site,2026-01-22,2 months ago,No,Wuzzuf,https://wuzzuf.net/jobs/p/a3t3l3hw9f3x-consumer-manager-mlf-finance-giza-egypt
JBQLKGEHYDYC,Export Sales Executive,European Group,,· Agriculture | · Fresh & Frozen,·Sales/Retail | · Export Sales,3 - 10 Yrs of Exp,Experienced,,,"Smouha, Alexandria, Egypt",Full Time,On-site,2026-01-22,2 months ago,No,Wuzzuf,https://wuzzuf.net/jobs/p/jbqlkgehydyc-export-sales-executive-european-group-alexandria-egypt
N90LLFW4AQVF,Warehouse Manager,Lecico Egypt,,·Purchasing/Procurement | · Warehouse | · English | · Supply Chain,·Logistics/Supply Chain | ·Operations/Management,5 - 7 Yrs of Exp,Manager,,,"Alexandria, Egypt",Full Time,On-site,2026-01-22,2 months ago,No,Wuzzuf,https://wuzzuf.net/jobs/p/n90llfw4aqvf-warehouse-manager-lecico-egypt-alexandria-egypt
XJTQCNFPQOOX,Senior Procurement Specialist,Kandil Glass,,·Purchasing/Procurement | · Procurement Management | · Supplier Negotiation | · Supply Chain Optimization | · Inventory Management | · ERP and Procurement Software | · Contract Management | · Data Analysis | · Cost Reduction Strategies,·Logistics/Supply Chain,3 - 7 Yrs of Exp,Experienced,,,"10th of Ramadan City, Sharqia, Egypt",Full Time,On-site,2026-01-22,2 months ago,No,Wuzzuf,https://wuzzuf.net/jobs/p/xjtqcnfpqoox-senior-procurement-specialist-kandil-glass-sharqia-egypt
MQX6PWRLZFL5,Tax section Head,Haier Electric Egypt,,· ERP and Tax Software Proficiency | · Attention to Detail | · Problem Solving | · Analytical Thinking | · Communication | · Team Management | · Financial Reporting,·Accounting/Finance,5+ Yrs of Exp,Manager,,,"10th of Ramadan City, Sharqia, Egypt",Full Time,On-site,2026-01-22,2 months ago,No,Wuzzuf,https://wuzzuf.net/jobs/p/mqx6pwrlzfl5-tax-section-head-haier-electric-egypt-sharqia-egypt
XR43C5K7CBHI,Graphic Designer,inspire gate education,,·Creative/Design/Art | · Adobe Photoshop | · Adobe InDesign | · Layout Design | · Graphic Design | · Graphic Web Design | · Motion Graphics,,0 - 2 Yrs of Exp,Entry Level,,,"6th of October, Giza, Egypt",Full Time,On-site,2026-01-22,2 months ago,No,Wuzzuf,https://wuzzuf.net/jobs/p/xr43c5k7cbhi-graphic-designer-inspire-gate-education-giza-egypt
M0F61W8TNSST,System Administrator,Hamasat Fragrances,,·Installation/Maintenance/Repair,·IT/Software Development | · System Administration | · Network Administration,3+ Yrs of Exp,Experienced,,,"Obour City, Cairo, Egypt",Full Time,On-site,2026-01-22,2 months ago,No,Wuzzuf,https://wuzzuf.net/jobs/p/m0f61w8tnsst-system-administrator-hamasat-fragrances-cairo-egypt
GTAVGIEPVLFN,Sales Executive,Dar Al Maghraby,,· Real Estate,·Sales/Retail | · Sales Executive | · Sales | · Sales Field | · Sales Target | · Property Sales | · Real Estate Sales | · Sales Plan | · Sales Planning,2 - 2 Yrs of Exp,Experienced,,,"6th of October, Giza, Egypt",Full Time,On-site,2026-01-22,2 months ago,No,Wuzzuf,https://wuzzuf.net/jobs/p/gtavgiepvlfn-sales-executive-dar-al-maghraby-giza-egypt
DESXVENB8AAK,Digital Marketing Executive,Dar Al Maghraby,,· Social Media Management | · Content Creation | · Copywriting | · Market Research | · Google Analytics | · SEO,·Marketing/PR/Advertising | · Digital Marketing,0 - 2 Yrs of Exp,Entry Level,,,"Downtown, Cairo, Egypt",Full Time,On-site,2026-01-22,2 months ago,No,Wuzzuf,https://wuzzuf.net/jobs/p/desxvenb8aak-digital-marketing-executive-dar-al-maghraby-cairo-egypt
UC5QSODWLP3D,Architect Site Engineer,Dar Al Maghraby,,· Site Supervision | · Construction Management | · Project Coordination | · Architectural Design | · Time Management | · Architecture | · Architecture Design,·Engineering - Construction/Civil/Architecture | · Quality Assurance | · Architectural Engineering,7 - 15 Yrs of Exp,Experienced,,,"6th of October, Giza, Egypt",Full Time,On-site,2026-01-22,2 months ago,No,Wuzzuf,https://wuzzuf.net/jobs/p/uc5qsodwlp3d-architect-site-engineer-dar-al-maghraby-giza-egypt
KYSCTR10UJUW,Customer Service Representative,Diar Developments,,· Client Relations | · Communication | · Problem Solving | · CRM Software | · Time Management | · Multitasking | · Attention to Detail,·Customer Service/Support | ·Operations/Management | · Customer Service,3 - 5 Yrs of Exp,Experienced,,,"New Cairo, Cairo, Egypt",Full Time,On-site,2026-01-22,2 months ago,No,Wuzzuf,https://wuzzuf.net/jobs/p/kysctr10ujuw-customer-service-representative-diar-developments-cairo-egypt
83PLOAZZBDVM,Junior Material Planner ( MRP Specialist),GB Corp,,· Material Planning | · Supply Chain Coordination | · Oracle ERP | · English,·Logistics/Supply Chain,1 - 2 Yrs of Exp,Entry Level,,,"Ain Sokhna, Suez, Egypt",Full Time,On-site,2026-01-22,2 months ago,No,Wuzzuf,https://wuzzuf.net/jobs/p/83ploazzbdvm-junior-material-planner-mrp-specialist-gb-corp-suez-egypt
U8T009BBE97O,Master Data Management Specialist (MDM Specialist),NERIC,,"· Master Data Management (MDM) | · Analytical Thinking | · MDM Tools (Informatica, SAP MDG, Oracle MDM) | · Problem Solving",·Logistics/Supply Chain,3 - 5 Yrs of Exp,Entry Level,,,"Port Said, Egypt",Full Time,On-site,2026-01-22,2 months ago,No,Wuzzuf,https://wuzzuf.net/jobs/p/u8t009bbe97o-master-data-management-specialist-mdm-specialist-neric-port-said-egypt
3ZEZH3GHASFR,People Operations Specialist,Your Parts,,· Employee Relations | · Onboarding and Offboarding | · HRIS Management | · Communication | · Problem Solving | · Data Management | · Organizational Skills,·Human Resources | · Human Resources Administration,1 - 3 Yrs of Exp,Entry Level,,,"Maadi, Cairo, Egypt",Full Time,On-site,2026-01-22,2 months ago,No,Wuzzuf,https://wuzzuf.net/jobs/p/3zezh3ghasfr-people-operations-specialist-your-parts-cairo-egypt
VFSAUK5ZJK7V,Technical Sales Specialist - Wood Flooring,Smart wood,,· Flooring | · Wood | · Interior Finishing | · computer | · Computer Skills | · English | · Furniture,·Engineering - Construction/Civil/Architecture | ·Sales/Retail | · Customer Service,2+ Yrs of Exp,Experienced,,,"Nasr City, Cairo, Egypt",Full Time,On-site,2026-01-22,2 months ago,No,Wuzzuf,https://wuzzuf.net/jobs/p/vfsauk5zjk7v-technical-sales-specialist-wood-flooring-smart-wood-cairo-egypt
RA2YLMKKRW9M,senior tax accountant,Memaar Alashraaf,,· Corporate Taxation | · Tax Compliance | · Communication | · Regulatory Reporting | · Analytical Thinking | · Tax Planning,·Accounting/Finance | ·Administration | ·Banking | · Accounting,3 - 7 Yrs of Exp,Experienced,,,"New Cairo, Cairo, Egypt",Full Time,On-site,2026-01-22,2 months ago,No,Wuzzuf,https://wuzzuf.net/jobs/p/ra2ylmkkrw9m-senior-tax-accountant-memaar-alashraaf-cairo-egypt
7WHCHWNDCXXD,Senior Financial Analyst,Confidential,,· Financial Analysis | · Budgeting and Forecasting | · Data Interpretation | · Financial Modeling | · Advanced Excel | · Report Preparation,·Accounting/Finance | ·Analyst/Research,10 - 15 Yrs of Exp,Experienced,,,"10th of Ramadan City, Sharqia, Egypt",Full Time,On-site,2025-11-23,4 months ago,Yes,Wuzzuf,https://wuzzuf.net/jobs/p/7whchwndcxxd-senior-financial-analyst-sharqia-egypt
XRQF2FLZWE3X,Receptionist,Tristar Cargo System,,· Management | · Microsoft Office | · MS Office | · Secretary | · Office management | · Time Management,·Administration | ·Customer Service/Support | ·Operations/Management | · Administration,2 - 4 Yrs of Exp,Experienced,,,"Sheraton, Cairo, Egypt",Full Time,On-site,2025-11-23,4 months ago,Yes,Wuzzuf,https://wuzzuf.net/jobs/p/xrqf2flzwe3x-receptionist-tristar-cargo-system-cairo-egypt
TQDMYB13K2ZJ,Showroom sales engineer,ROCOCO,,· Customer Relationship Management | · Negotiation,·Engineering - Construction/Civil/Architecture | ·Sales/Retail | · Technical Sales,1 - 6 Yrs of Exp,Entry Level,,,"Sheikh Zayed, Giza, Egypt",Full Time,On-site,2025-11-23,4 months ago,Yes,Wuzzuf,https://wuzzuf.net/jobs/p/tqdmyb13k2zj-showroom-sales-engineer-rococo-giza-egypt
QSR1QCF4OQLW,BIM Engineer,Scope PM,,Freelance / Project | · Autodesk Revit | · BIM Modeling | · Navisworks | · AutoCAD | · Construction Project Management | · Clash Detection | · 3D Visualization | · Technical Documentation,·Engineering - Construction/Civil/Architecture | ·Engineering - Mechanical/Electrical,5+ Yrs of Exp,Experienced,,,"Nasr City, Cairo, Egypt",Full Time,Hybrid,2025-11-23,4 months ago,Yes,Wuzzuf,https://wuzzuf.net/jobs/p/qsr1qcf4oqlw-bim-engineer-scope-pm-cairo-egypt
QOAKAXJKJZZQ,B2B Technical Sales Engineer,Partech for integrated solutions,,· Presentation Skills | · Negotiation | · Industry Knowledge | · Communication | · Problem Solving | · Client Relationship Management | · Analytical Thinking,·Sales/Retail | ·Engineering - Mechanical/Electrical | · Technical Sales,2+ Yrs of Exp,Experienced,,,"Alsadat City, Monufya, Egypt",Full Time,On-site,2025-11-23,4 months ago,Yes,Wuzzuf,https://wuzzuf.net/jobs/p/qoakaxjkjzzq-b2b-technical-sales-engineer-partech-for-integrated-solutions-monufya-egypt
4O1PUXEYJJLO,Plumbing / FireFighting BIM Engineer,ACE Consulting Engineers  (Moharram - Bakhoum,,· BIM Modeling | · Plumbing System Design | · Firefighting System Design | · Autodesk Revit MEP | · Navisworks | · AutoCAD | · Clash Detection,·Engineering - Mechanical/Electrical,3 - 7 Yrs of Exp,Experienced,,,"Dokki, Giza, Egypt",Full Time,On-site,2025-11-23,4 months ago,Yes,Wuzzuf,https://wuzzuf.net/jobs/p/4o1puxeyjjlo-plumbing-firefighting-bim-engineer-ace-consulting-engineers-moharram-bakhoum-giza-egypt
8BAPPWJAEYBY,SQD Engineer,Pharco Corporation,,· Problem Solving | · Regulatory Compliance | · Communication | · Documentation | · Data Analysis | · Auditing,·Quality | ·Pharmaceutical | ·Engineering - Mechanical/Electrical | · Supplier Quality Management,0 - 2 Yrs of Exp,Entry Level,,,"Ameria, Alexandria, Egypt",Full Time,On-site,2025-11-23,4 months ago,Yes,Wuzzuf,https://wuzzuf.net/jobs/p/8bappwjaeyby-sqd-engineer-pharco-corporation-alexandria-egypt
TI6VK4JRDHI1,Senior BIM Infrastructure Engineer,Apply and More,,·Installation/Maintenance/Repair | · BIM Coordination | · Revit | · Navisworks | · Civil 3D | · Infrastructure Design | · Clash Detection | · Project Management,·Engineering - Telecom/Technology | · Quality Assurance,5+ Yrs of Exp,Experienced,,,"Mokattam, Cairo, Egypt",Full Time,On-site,2025-11-23,4 months ago,Yes,Wuzzuf,https://wuzzuf.net/jobs/p/ti6vk4jrdhi1-senior-bim-infrastructure-engineer-apply-and-more-cairo-egypt
AFDFZCG3NOSY,Technical Office Engineer – Water Hammer,Egyptian Engineering Company,,· Mechanical | · Pressure Vessels | · PV | · Steel Structure | · Water Treatment | · Water hammer,·Manufacturing/Production | ·Engineering - Mechanical/Electrical | · Mechanical Engineering | · Manufacturing Process,3 - 5 Yrs of Exp,Experienced,,,"6th of October, Giza, Egypt",Full Time,On-site,2025-11-23,4 months ago,Yes,Wuzzuf,https://wuzzuf.net/jobs/p/afdfzcg3nosy-technical-office-engineer-water-hammer-egyptian-engineering-company-giza-egypt
ZK9MKX15PSPY,Internal Auditor,Confidential,,· Internal Auditing | · Time Management | · Analytical Thinking | · Report Writing | · Communication | · Problem Solving | · Attention to Detail,·Accounting/Finance | ·Operations/Management | ·Manufacturing/Production,5 - 10 Yrs of Exp,Senior Management,,,"Abu Rawash, Giza, Egypt",Full Time,On-site,2025-11-23,4 months ago,Yes,Wuzzuf,https://wuzzuf.net/jobs/p/zk9mkx15pspy-internal-auditor-giza-egypt
H1DJIEQJXXI4,Senior Biomedical Procurement Engineer,Mersal,,· Biomedical | · Communication | · English | · MS | · Negotiation,·R&D/Science | ·Logistics/Supply Chain | ·Engineering - Other | · Biomedical Engineering | · Engineering,5 - 7 Yrs of Exp,Experienced,,,"Maadi, Cairo, Egypt",Full Time,On-site,2025-11-23,4 months ago,Yes,Wuzzuf,https://wuzzuf.net/jobs/p/h1djieqjxxi4-senior-biomedical-procurement-engineer-mersal-cairo-egypt
Y0MQMDBSPPVV,Electronic Security System Engineer,BGB Security,,·Installation/Maintenance/Repair | · Access control systems | · CCTV and video surveillance | · System integration | · Intrusion detection systems | · Technical documentation | · Project management | · Electronic security systems design,·Customer Service/Support | ·Engineering - Telecom/Technology,7 - 10 Yrs of Exp,Experienced,,,"New Heliopolis, Cairo, Egypt",Full Time,On-site,2025-11-23,4 months ago,Yes,Wuzzuf,https://wuzzuf.net/jobs/p/y0mqmdbsppvv-electronic-security-system-engineer-bgb-security-cairo-egypt
WPEDYKXFNYYO,Sales Engineer (Internship),Heliopolis Engineering and Trading HETO,,· HVAC Systems | · vrf,·Sales/Retail | ·Engineering - Mechanical/Electrical | · Technical Sales,,Entry Level,,,"Heliopolis, Cairo, Egypt",Internship,Remote,2025-11-23,4 months ago,Yes,Wuzzuf,https://wuzzuf.net/internship/wpedykxfnyyo-sales-engineer-internship-heliopolis-engineering-and-trading-heto-cairo-egypt
URLKC4XI4BEV,Senior Marketing Executive,ALJAR Development,,·Creative/Design/Art | ·Media/Journalism/Publishing | · Market Analysis | · Stakeholder Engagement | · Content Creation | · Event Planning | · Brand Management,·Marketing/PR/Advertising | · Marketing Strategy | · Online Marketing,3 - 5 Yrs of Exp,Experienced,,,"Cairo, Egypt",Full Time,On-site,2025-11-23,4 months ago,Yes,Wuzzuf,https://wuzzuf.net/jobs/p/urlkc4xi4bev-senior-marketing-executive-aljar-development-cairo-egypt
UXRIVJAMJ17D,Media Buyer,7P,,·Media/Journalism/Publishing | · Media Buying | · Digital Advertising | · Negotiation | · Campaign Optimization | · Analytics | · Budget Management | · Market Research | · Programmatic Advertising,·Marketing/PR/Advertising,,Student,,,"Dokki, Giza, Egypt",Internship,On-site,2025-11-23,4 months ago,Yes,Wuzzuf,https://wuzzuf.net/internship/uxrivjamj17d-media-buyer-7p-giza-egypt
YF8FRXYDLI0H,Operations Manager – F&B Experience,Confidential,,·Sports and Leisure | · F&B Management | · Team Leadership | · Inventory Control | · Event Management | · Customer Experience,·Hospitality/Hotels/Food Services | · Operations Management | · Indoor Sales | · Sales Target,5 - 10 Yrs of Exp,Manager,,,"New Cairo, Cairo, Egypt",Full Time,On-site,,,,Wuzzuf,https://wuzzuf.net/jobs/p/yf8frxydli0h-operations-manager-fb-experience-cairo-egypt
HD7YSUIEHRND,HR Manager,Just HR,,· HR | · Performance Management | · Organization Development | · Recruitment,·Human Resources | · Human Resources (HR),8 - 10 Yrs of Exp,Experienced,,,"Downtown, Cairo, Egypt",Full Time,On-site,,,,Wuzzuf,https://wuzzuf.net/jobs/p/hd7ysuiehrnd-hr-manager-just-hr-cairo-egypt
VORBBFRR25K8,Sales Account Executive,Patchwork Productions,,· Account Management | · Networking | · Communication | · Advertising Media | · Creative Thinking,·Business Development | ·Marketing/PR/Advertising | ·Sales/Retail | · Business Development | · Sales,3 - 7 Yrs of Exp,Experienced,,,"Garden City, Cairo, Egypt",Full Time,Hybrid,,,,Wuzzuf,https://wuzzuf.net/jobs/p/vorbbfrr25k8-sales-account-executive-patchwork-productions-cairo-egypt
2I6MJLHYJF4D,Senior Site Engineer (North Coast &/or Sherouk City Projects),AEG Design & Construction,,· Site Engineer | · Architect | · Architecture | · AutoCAD | · Site Security | · Project Management,·Engineering - Construction/Civil/Architecture | · Engineering | · Site Engineering | · Architectural Engineering,8+ Yrs of Exp,Experienced,,,"Sheikh Zayed, Giza, Egypt",Full Time,On-site,,,,Wuzzuf,https://wuzzuf.net/jobs/p/2i6mjlhyjf4d-senior-site-engineer-north-coast-or-sherouk-city-projects-aeg-design-construction-giza-egypt
DAMG0BX8WS6K,Production Engineer,PAFT,,· Process Optimization | · Production,·Manufacturing/Production | · Production Engineering | · Manufacturing Operations | · Engineering | · Engineering Services | · Engineering Service,1 - 3 Yrs of Exp,Entry Level,,,"6th of October, Giza, Egypt",Full Time,On-site,,,,Wuzzuf,https://wuzzuf.net/jobs/p/damg0bx8ws6k-production-engineer-paft-giza-egypt
JVKWGYNDFLAA,Entry Level Travel Consultant,Hojuzat,,· Travel | · Customer Support | · Communication Skills | · Interpersonal Skills | · Problem-Solving | · Travel Planning,·Tourism/Travel | · Tourism | · Customer Service | · Sales Skills,0 - 2 Yrs of Exp,Entry Level,,,"Mansoura, Dakahlia, Egypt",Full Time,On-site,,,,Wuzzuf,https://wuzzuf.net/jobs/p/jvkwgyndflaa-entry-level-travel-consultant-hojuzat-dakahlia-egypt
PNKU6UGNMZ1W,Electrical Site Engineer,Allied Engineering & projects,,· Electrical Site Management | · Site Engineer | · Electrical Systems Design | · Power Distribution | · Teamwork | · Project Management | · AutoCAD,·Engineering - Mechanical/Electrical | · Electrical Engineering,2 - 5 Yrs of Exp,Experienced,,,"Mohandessin, Giza, Egypt",Full Time,On-site,,,,Wuzzuf,https://wuzzuf.net/jobs/p/pnku6ugnmz1w-electrical-site-engineer-allied-engineering-projects-giza-egypt
GB6ZS3GSLDWK,Accounting Manager,Just HR,,· Financial Management | · Cost Control | · Financial Reporting,·Accounting/Finance | · Accounting | · Finance,8 - 10 Yrs of Exp,Manager,,,"Nasr City, Cairo, Egypt",Full Time,On-site,,,,Wuzzuf,https://wuzzuf.net/jobs/p/gb6zs3gsldwk-accounting-manager-just-hr-cairo-egypt
B4WH33DZQGJA,Recruitment Team Leader/s,Just HR,,· Team Leadership | · Talent Acquisition | · Candidate Sourcing | · Problem Solving | · Communication | · Interviewing,·Human Resources | · Recruitment Strategy,3 - 5 Yrs of Exp,Experienced,,,"Nasr City, Cairo, Egypt",Full Time,On-site,,,,Wuzzuf,https://wuzzuf.net/jobs/p/b4wh33dzqgja-recruitment-team-leaders-just-hr-cairo-egypt
AEQBBD26UN1R,Senior HR Operations Officer,Just HR,,· HR | · Microsoft Office | · Recruitment | · Personnel Affairs | · Personnel Management | · Payroll,·Human Resources | · Human Resources (HR),2 - 4 Yrs of Exp,Experienced,,,"Nasr City, Cairo, Egypt",Full Time,On-site,,,,Wuzzuf,https://wuzzuf.net/jobs/p/aeqbbd26un1r-senior-hr-operations-officer-just-hr-cairo-egypt
H66CH5XRY7EX,Senior Full Stack Developer,Agricope,,· Computer Science | · Information Technology (IT) | · Software Development | · Full-stack Development | · JavaScript | · React | · Node.js | · RESTful APIs,·IT/Software Development | ·Engineering - Telecom/Technology,4 - 8 Yrs of Exp,Experienced,,,"Cairo, Egypt",Full Time,Hybrid,,,,Wuzzuf,https://wuzzuf.net/jobs/p/h66ch5xry7ex-senior-full-stack-developer-agricope-cairo-egypt
BNR3SHX7TTPL,Social Media Specialist,Agricope,,·Writing/Editorial | ·Media/Journalism/Publishing | · Social Media Management | · Content Creation | · Data Analytics | · SEO | · Community Engagement,·Marketing/PR/Advertising | · E-Marketing | · Marketing,4 - 6 Yrs of Exp,Experienced,,,"Cairo, Egypt",Full Time,Hybrid,,,,Wuzzuf,https://wuzzuf.net/jobs/p/bnr3shx7ttpl-social-media-specialist-agricope-cairo-egypt
IFZPCRPE0YRH,Graphic Designer,Agricope,,·Creative/Design/Art | · Adobe Illustrator | · Graphic Design | · Adobe Photoshop | · Design Principles | · Motion Graphics | · Motion Graphic Design | · Branding | · Typography,·Marketing/PR/Advertising,3 - 7 Yrs of Exp,Experienced,,,"Cairo, Egypt",Full Time,Hybrid,,,,Wuzzuf,https://wuzzuf.net/jobs/p/ifzpcrpe0yrh-graphic-designer-agricope-cairo-egypt
VZENP8HB7KQM,Project Manager – Operation & Execution (Remote),Safe Harbor,,·Project/Program Management | · Management | · Project Management | · Project,·Administration | ·Operations/Management,5 - 10 Yrs of Exp,Manager,,,"Cairo, Egypt",Full Time,Remote,,,,Wuzzuf,https://wuzzuf.net/jobs/p/vzenp8hb7kqm-project-manager-operation-execution-remote-safe-harbor-cairo-egypt
JHDREGHFMCOQ,Remote Sales Partner - eSIM for Travelers (Commission Based) Hurghada,Egypt Connect,,Freelance / Project | · Communication,·Business Development | ·Customer Service/Support | ·Sales/Retail | · Business Development | · Sales | · Customer Service | · Digital Marketing | · Tourism,0 - 2 Yrs of Exp,Student,,,"Hurghada, Red Sea, Egypt",Part Time,On-site,,,,Wuzzuf,https://wuzzuf.net/jobs/p/jhdreghfmcoq-remote-sales-partner-esim-for-travelers-commission-based-hurghada-egypt-connect-red-sea-egypt
D5RQKPVTHD2D,Senior International Marketing Specialist,ITIDA,,·Media/Journalism/Publishing | · Social Media,·Marketing/PR/Advertising | · Digital Marketing | · E-Marketing | · Marketing,5 - 7 Yrs of Exp,Experienced,,,"Smart Village, Giza, Egypt",Full Time,On-site,,,,Wuzzuf,https://wuzzuf.net/jobs/p/d5rqkpvthd2d-senior-international-marketing-specialist-itida-giza-egypt
3EVAD039JKOW,Senior Clients Relationship Account Manager,ITIDA,,· Account Management | · Customer Relationship Management | · Information Technology (IT) | · Computer Skills | · English | · MBA,·Customer Service/Support | · Customer Service,5 - 8 Yrs of Exp,Experienced,,,"Smart Village, Giza, Egypt",Full Time,On-site,,,,Wuzzuf,https://wuzzuf.net/jobs/p/3evad039jkow-senior-clients-relationship-account-manager-itida-giza-egypt
XRLJRYMYMLSU,Incubation Communication and Outreach Senior Specialist,ITIDA,,· Communication,·Business Development | ·Marketing/PR/Advertising | · Marketing,5 - 8 Yrs of Exp,Experienced,,,"Smart Village, Giza, Egypt",Full Time,On-site,,,,Wuzzuf,https://wuzzuf.net/jobs/p/xrljrymymlsu-incubation-communication-and-outreach-senior-specialist-itida-giza-egypt
I0DBYVUERYK8,Receptionist,Bioskin Spa,,· Reception,·Administration | ·Customer Service/Support | · Administration,1 - 3 Yrs of Exp,Experienced,,,"New Cairo, Cairo, Egypt",Full Time,On-site,,,,Wuzzuf,https://wuzzuf.net/jobs/p/i0dbyvueryk8-receptionist-bioskin-spa-cairo-egypt
4FTHILSKKCTA,Human Resources Senior Generalist,ITIDA,,· Microsoft Office | · Recruitment | · Personnel,·Human Resources | ·Operations/Management | · Human Resources | · Human Resources (HR),5 - 8 Yrs of Exp,Experienced,,,"Smart Village, Giza, Egypt",Full Time,On-site,,,,Wuzzuf,https://wuzzuf.net/jobs/p/4fthilskkcta-human-resources-senior-generalist-itida-giza-egypt
ECJE1RMDPGXS,Senior Accountant,B.TECH,,· Financial Analysis | · Microsoft Office | · Power BI | · Financial Management,·Accounting/Finance | · Accounting | · Finance,2+ Yrs of Exp,Experienced,,,"New Cairo, Cairo, Egypt",Full Time,On-site,,,,Wuzzuf,https://wuzzuf.net/jobs/p/ecje1rmdpgxs-senior-accountant-b-tech-cairo-egypt
84ZJ4JHFEMNC,Call Center Agent,Idea,,· Call Center | · Customer Care | · Customer Support,·Customer Service/Support | ·Operations/Management | · Customer Service,0 - 1 Yrs of Exp,Entry Level,,,"Sheikh Zayed, Giza, Egypt",Full Time,On-site,,,,Wuzzuf,https://wuzzuf.net/jobs/p/84zj4jhfemnc-call-center-agent-idea-giza-egypt
DOJN2PKIWHKO,You-Tube Internship ( Graduates only ),Injaz Digital,,·Creative/Design/Art | ·Media/Journalism/Publishing | · Adobe illustrator | · Adobe Photoshop | · Graphic Design | · Fine Arts | · Design | · Communication | · Arts,·Marketing/PR/Advertising,0 - 1 Yrs of Exp,Entry Level,,,"New Cairo, Cairo, Egypt",Internship,On-site,,,,Wuzzuf,https://wuzzuf.net/internship/dojn2pkiwhko-you-tube-internship-graduates-only-injaz-digital-cairo-egypt
MEULMRKMBXMX,Project Manager (Hurghada),Confidential,,· Planning | · Primavera | · PMP | · Project Management | · Microsoft Project | · PRMG | · Construction | · PM,·Engineering - Construction/Civil/Architecture | · Engineering,15+ Yrs of Exp,Manager,,,"Hurghada, Red Sea, Egypt",Full Time,On-site,,,,Wuzzuf,https://wuzzuf.net/jobs/p/meulmrkmbxmx-project-manager-hurghada-red-sea-egypt
IFXSWUY7GX6D,Video Editor,Scientific Gate,,·Creative/Design/Art | ·Media/Journalism/Publishing | · Adobe Photoshop | · Video Editing | · Adobe Premiere | · daVinci | · Aftereffect | · capcut | · illustrator,·Marketing/PR/Advertising,3 - 7 Yrs of Exp,Experienced,,,"Nasr City, Cairo, Egypt",Full Time,On-site,,,,Wuzzuf,https://wuzzuf.net/jobs/p/ifxswuy7gx6d-video-editor-scientific-gate-cairo-egypt
ZQ8TJX4JOZTA,Lawyer,التميز للاستشارات القانونية والمالية,,· Corporate Law | · Commercial Law | · Contract Drafting | · Negotiation | · Litigation | · Due Diligence | · Regulatory Compliance,·Legal | · Legal Research | · Legal Writing,3 - 7 Yrs of Exp,Experienced,,,"6th of October, Giza, Egypt",Full Time,On-site,,,,Wuzzuf,https://wuzzuf.net/jobs/p/zq8tjx4jozta-lawyer-altmyz-llastsharat-alkanony-oalmaly-giza-egypt
CVYDXX16UUKY,Ecologist,NEPT,,· Environmental Monitoring | · Environmental Management | · Documentation Management | · interaction with authorities | · environmental legislation,·Engineering - Other | · Environmental Engineering,3 - 7 Yrs of Exp,Experienced,,,"Dabaa, Matruh, Egypt",Full Time,On-site,,,,Wuzzuf,https://wuzzuf.net/jobs/p/cvydxx16uuky-ecologist-nept-matruh-egypt
KKYIAMFNZVGL,Senior Ticketing Officer,Egygatetravel Company,,· Amadeus | · Ticketing | · Travel,·Tourism/Travel | · Tourism,3 - 7 Yrs of Exp,Experienced,,,"Mohandessin, Giza, Egypt",Full Time,On-site,,,,Wuzzuf,https://wuzzuf.net/jobs/p/kkyiamfnzvgl-senior-ticketing-officer-egygatetravel-company-giza-egypt
GFWLNGX12SVM,Sales Account Manager,Egygatetravel Company,,· Communication | · English,·Tourism/Travel | · Customer Service | · Sales | · Sales Target | · Sales Skills | · Tourism,2+ Yrs of Exp,Experienced,,,"Mohandessin, Giza, Egypt",Full Time,On-site,,,,Wuzzuf,https://wuzzuf.net/jobs/p/gfwlngx12svm-sales-account-manager-egygatetravel-company-giza-egypt
IJISF0U0NXOM,Lab Engineer,Zewail City,,· Management | · equipment tools,·R&D/Science | ·Engineering - Other | · Engineering,3 - 5 Yrs of Exp,Experienced,,,"6th of October, Giza, Egypt",Full Time,On-site,,,,Wuzzuf,https://wuzzuf.net/jobs/p/ijisf0u0nxom-lab-engineer-zewail-city-giza-egypt
MAQTGHLBZQZR,Warehouse Management System Executive,DSV Contract Logistics S.A.E,,· Warehouse Management System | · Communication Skills | · Problem-Solving | · Microsoft Excel,·Customer Service/Support | ·Logistics/Supply Chain | · Customer Service | · Logistics Management,0 - 2 Yrs of Exp,Entry Level,,,"6th of October, Giza, Egypt",Full Time,On-site,,,,Wuzzuf,https://wuzzuf.net/jobs/p/maqtghlbzqzr-warehouse-management-system-executive-dsv-contract-logistics-s-a-e-giza-egypt
QS9PI3PTIZY8,Business Development Manager – HORECA / Foodservice,Future Hospitlity Solutions,,· Development | · Negotiation | · Planning,·Business Development | ·Sales/Retail | · Business Development | · Marketing | · Sales | · Sales Strategies | · HoReCa Sales,5 - 10 Yrs of Exp,Manager,,,"Cairo, Egypt",Full Time,On-site,,,,Wuzzuf,https://wuzzuf.net/jobs/p/qs9pi3ptizy8-business-development-manager-horeca-foodservice-future-hospitlity-solutions-cairo-egypt
AJ957L980YCU,Sales Manager,ComeX Engineering Company,,· Management,·Operations/Management | ·Sales/Retail | · Sales | · Sales Target | · Business Administration | · Sales Planning,20+ Yrs of Exp,Manager,,,"Giza, Giza, Egypt",Full Time,On-site,,,,Wuzzuf,https://wuzzuf.net/jobs/p/aj957l980ycu-sales-manager-comex-engineering-company-giza-egypt
LAUR3FDATR28,Finance & Accounting Outsourcing Manager,BDO Esnad,,· Financial Analysis | · Financial Management | · Outsourcing,·Accounting/Finance | · Accounting | · Finance,12 - 15 Yrs of Exp,Manager,,,"Mohandessin, Giza, Egypt",Full Time,On-site,,,,Wuzzuf,https://wuzzuf.net/jobs/p/laur3fdatr28-finance-accounting-outsourcing-manager-bdo-esnad-giza-egypt
HXPJ0QBZW7FK,Quality Assurance Analyst,Alpha Bridge,,·Purchasing/Procurement | · Procurement | · Purchasing | · Research | · Testing | · QA | · Chemistry,·Quality | · Quality Control | · Quality Assurance,2 - 5 Yrs of Exp,Experienced,,,"Heliopolis, Cairo, Egypt",Full Time,On-site,,,,Wuzzuf,https://wuzzuf.net/jobs/p/hxpj0qbzw7fk-quality-assurance-analyst-alpha-bridge-cairo-egypt
PDPHVSRFCXSW,Tendering Engineer,Zahranco Engineering Trade,,· Tendering,·Engineering - Mechanical/Electrical | ·Engineering - Other | · Engineering | · Mechanical Engineering,3 - 7 Yrs of Exp,Experienced,,,"Badr City, Cairo, Egypt",Full Time,On-site,,,,Wuzzuf,https://wuzzuf.net/jobs/p/pdphvsrfcxsw-tendering-engineer-zahranco-engineering-trade-cairo-egypt
FHKIUVAAIRXY,Network & Security Engineer,Universities of Canada in Egypt,,·Installation/Maintenance/Repair | · Network | · firewalls | · Security | · Information Technology (IT) | · Network Security,·IT/Software Development | ·Engineering - Telecom/Technology | · Network Administration,1 - 3 Yrs of Exp,Experienced,,,"New Capital, Cairo, Egypt",Full Time,On-site,,,,Wuzzuf,https://wuzzuf.net/jobs/p/fhkiuvaairxy-network-security-engineer-universities-of-canada-in-egypt-cairo-egypt
UEWPMUM71V8G,Design Thinking Facilitator,Confidential,,"Freelance / Project | ·Creative/Design/Art | · Design Thinking | · Workshop Facilitation | · Stakeholder Engagement | · Figma, Ideation",,2 - 5 Yrs of Exp,Experienced,,,"Heliopolis, Cairo, Egypt",Full Time,Hybrid,,,,Wuzzuf,https://wuzzuf.net/jobs/p/uewpmum71v8g-design-thinking-facilitator-cairo-egypt
YKRC51SKDKGC,Inventory Officer,Nahw For Investment And Development,,· Supply Chain | · Inventory Management | · Purchasing | · Inventory Control | · Inventory Planning,·Logistics/Supply Chain | · Logistics,1 - 2 Yrs of Exp,Entry Level,,,"Cairo, Egypt",Shift Based,On-site,,,,Wuzzuf,https://wuzzuf.net/jobs/p/ykrc51skdkgc-inventory-officer-nahw-for-investment-and-development-cairo-egypt
M3GHJK0BGZ0R,Sales Representative- Monufya,ComeX Engineering Company,,· sales skills,·Sales/Retail | · Sales | · Sales Target | · Sales Plan,5 - 7 Yrs of Exp,Experienced,,,"Shebin Alkom, Monufya, Egypt",Full Time,On-site,,,,Wuzzuf,https://wuzzuf.net/jobs/p/m3ghjk0bgz0r-sales-representative-monufya-comex-engineering-company-monufya-egypt
OAVMZQDPE37Y,Tires Sales Supervisor,Ostool Transport,,· Tires,·Sales/Retail | · Customer Service | · Sales Target | · Sales,5 - 6 Yrs of Exp,Experienced,,,"Sheikh Zayed, Giza, Egypt",Full Time,On-site,,,,Wuzzuf,https://wuzzuf.net/jobs/p/oavmzqdpe37y-tires-sales-supervisor-ostool-transport-giza-egypt
NOU9W4LSLYAD,Health & Safety Section Head,Universities of Canada in Egypt,,· Audits | · Emergency | · Health and Safety | · Industrial | · Health | · Safety | · Risk Assessment,·Engineering - Construction/Civil/Architecture,3 - 5 Yrs of Exp,Experienced,,,"New Capital, Cairo, Egypt",Full Time,On-site,,,,Wuzzuf,https://wuzzuf.net/jobs/p/nou9w4lslyad-health-safety-section-head-universities-of-canada-in-egypt-cairo-egypt
CUXLTLPOTMIF,Executive (Accounts Payable),Ostool Transport,,· Accounts Payable,·Accounting/Finance | · Accounting | · Finance,1 - 2 Yrs of Exp,Entry Level,,,"Sheikh Zayed, Giza, Egypt",Full Time,On-site,,,,Wuzzuf,https://wuzzuf.net/jobs/p/cuxltlpotmif-executive-accounts-payable-ostool-transport-giza-egypt
ZVKZ0EDBXPRZ,Sales Supervisor,ComeX Engineering Company,,· Team Leadership | · Analysis | · Planning,·Sales/Retail | · Sales | · Sales Target | · Sales Field | · Sales Planning,7 - 15 Yrs of Exp,Experienced,,,"6th of October, Giza, Egypt",Full Time,On-site,,,,Wuzzuf,https://wuzzuf.net/jobs/p/zvkz0edbxprz-sales-supervisor-comex-engineering-company-giza-egypt
SPKQXEZMRRSQ,Materials & Corrosion Engineer,China Tianchen Engineering Corporation Ltd. Egypt Branch,,· Material Eequirements Planning | · Construction Materials | · Analysis | · Maintenance | · Management,·Engineering - Construction/Civil/Architecture | ·Engineering - Mechanical/Electrical | · Civil Engineering | · Engineering | · Mechanical Engineering,10+ Yrs of Exp,Experienced,,,"New Cairo, Cairo, Egypt",Full Time,On-site,,,,Wuzzuf,https://wuzzuf.net/jobs/p/spkqxezmrrsq-materials-corrosion-engineer-china-tianchen-engineering-corporation-ltd-egypt-branch-cairo-egypt
106016,IKI recrute des Conseillers Mutuelle Santé,IKI,"IKI Assurances, groupe Filiassur, recrute Des Conseillers Mutuelle Santé Avantages Horaires plein temps : 9H00 – 17H45 du Lundi au Vendredi Ou Horaires aménagés Salaire de 1130 dt net (intégrant la prime… ...",,IT / Informatique,,,,1130 dt net,,,,2026-03-23,,Non,TunisieTravail,https://www.tunisietravail.net/iki-recrute-des-conseillers-mutuelle-sante-106016/
123189,Industrie Multinational recrute Responsable RH Junior,Industrie Multinational,Industrie Multinational opérant dans la grande distribution et la chimie industriel recrute Responsable RH Junior Mission Gérer les entrées et sorties de personnel Participe aux actions de définition de postes et à… ...,,IT / Informatique,,Junior,,,,,,2026-03-23,,Non,TunisieTravail,https://www.tunisietravail.net/industrie-multinational-recrute-responsable-rh-junior-123189/
130847,Transcom recrute des Conseillers Clientèle – Secteur Fintech – Nouveau Projet,Transcom,"Transcom recrute Des Conseillers Clientèle - Secteur Fintech - Nouveau Projet Chez Transcom, nous sommes des passionnés de l’expérience client (CX) et nous accompagnons la révolution numérique. Nous lançons aujourd’hui un tout… ...",,Toutes offres Tunisie,,,,,,,,2026-03-23,,Non,TunisieTravail,https://www.tunisietravail.net/transcom-recrute-conseiller-clientele-secteur-fintech-nouveau-projet-130847/
116793,Armatis recrute des Télévendeurs,Armatis,"Armatis recrute Des Télévendeurs Rejoins notre équipe et fais briller tes talents de vente Certifié Best Place To Work en Tunisie en 2023, Armatis Tunis s’agrandit Ce que tu trouveras chez Armatis… ...",,IT / Informatique,,,,,Tunis,,,2026-03-23,,Non,TunisieTravail,https://www.tunisietravail.net/armatis-recrute-des-televendeurs-116793/
131216,Häring recrute Gestionnaire de Qualité,Häring,"Häring usine allemande de textile, installée récemment à Ksar Hlal, recrute Gestionnaire de Qualité Profil - Une expérience prouvée dans ce domaine. - Niveau académique. - Qualités personnelles : Rigueur, esprit analytique,… ...",,IT / Informatique,,,,,,,,2026-03-23,,Non,TunisieTravail,https://www.tunisietravail.net/haring-recrute-gestionnaire-de-qualite-131216/
131225,Optyline recrute Brand Manager,Optyline,"Optyline recrute Brand Manager Profil recherché - Multi brand Manager - Dynamique pour gérer et développer plusieurs marques de notre portefeuille. Profil : Diplôme supérieur en marketing, gestion commerciale ou équivalent. Expérience… ...",,IT / Informatique,,Manager,,,,,,2026-03-23,,Non,TunisieTravail,https://www.tunisietravail.net/optyline-recrute-brand-manager-131225/
131047,Concentrix recrute des Agents en Réception d’Appels Francophone Niveau C1,Concentrix,"Concentrix recrute Des Agents en Réception d’Appels Francophone Niveau C1 Concentrix est un acteur majeur dans le milieu des centres d’appels, avec une reconnaissance par plusieurs d’un lieu où commencent des incroyables… ...",,Hôtellerie / Restauration,,,,,,,,2026-03-23,,Non,TunisieTravail,https://www.tunisietravail.net/concentrix-recrute-des-agents-en-reception-dappels-francophone-niveau-c1-131047/
131129,Häring recrute Chef de Production,Häring,"Häring usine allemande de textile, installée récemment à Ksar Hlal, recrute Chef de Production Ayant les compétences et qualités suivantes: › Compréhension des processus de production et de leur optimisation (Lean production/production… ...",,IT / Informatique,,,,,,,,2026-03-23,,Non,TunisieTravail,https://www.tunisietravail.net/haring-recrute-chef-de-production-131129/
130786,Hôtel Nozha Beach recrute Chef d’Animation,Hôtel Nozha Beach,Hôtel Nozha Beach recrute Chef d’animation Profil Chef d’animation avec une expérience exigée Comment postuler : Cette opportunité vous intéresse et votre profil correspond ? Envoyez-nous votre CV via le formulaire Pays… ...,,IT / Informatique,,,,,,,,2026-03-23,,Non,TunisieTravail,https://www.tunisietravail.net/hotel-nozha-beach-recrute-chef-danimation-130786/
130927,Monoprix recrute des Caristes,Monoprix,Monoprix recrute Des Caristes Mégrine Pour son site basé à Mégrine. Profil recherché : - Formation en manutention/titulaire d’un certificat de cariste (CACES ou autorisation de conduite) pour chariot élévateur. - Expérience… ...,,IT / Informatique,,,,,Mégrine,,,2026-03-23,,Non,TunisieTravail,https://www.tunisietravail.net/monoprix-recrute-des-caristes-130927/
131109,Otis Déménagement recrute Conseiller Client Expérimenté – Déménagement France,Otis Déménagement,"Otis Déménagement recrute Conseiller Client Expérimenté – Déménagement France Missions Accompagner les clients dans la préparation de leur déménagement Proposer les solutions adaptées (formules, options, logistique) Assurer le suivi des dossiers clients… ...",,Logistique / Transport,,,,,,,,2026-03-23,,Non,TunisieTravail,https://www.tunisietravail.net/otis-demenagement-recrute-conseiller-client-experimente-demenagement-france-131109/
112922,TP recrute des Conseillers Clients Sousse,TP,Tu cherches un emploi ou une nouvelle expérience ? TP Tunisie t’ouvre ses portes ! Tu maîtrises la langue française et tu voues une passion à l’art de la communication et aux… ...,,Marketing / Communication,,,,,Sousse,,,2026-03-23,,Non,TunisieTravail,https://www.tunisietravail.net/tp-recrute-des-conseillers-clients-sousse-112922/
130758,Concours CAPES Ministère de l’Education pour le recrutement de 1630 Professeurs – 2026 – مناظرة وزارة التربية للتعاقد مع 1630 أستاذ,,مناظرة وزارة التربية لسنة 2026 لانتداب أساتذة التعليم الثانوي، فني و تقني - أساتذة التعليم الثانوي - أساتذة التعليم الفني - أساتذة التعليم التقني إجراءات الترشح التسجيل: يتم حصريًا عن بعد عبر… ...,,Ressources Humaines,,,,,,,,2026-03-23,,Non,TunisieTravail,https://www.tunisietravail.net/concours-capes-ministere-de-leducation-pour-le-recrutement-de-1630-professeurs-2026-130758/
131081,Monoprix recrute Responsable Méthodes Froid Commercial,Monoprix,"Monoprix recrute Responsable Méthodes Froid Commercial Vos missions : • Élaborer et mettre à jour les procédures de maintenance préventive et corrective des installations frigorifiques. • Rédiger les gammes de maintenance, modes… ...",,IT / Informatique,,,,,,,,2026-03-23,,Non,TunisieTravail,https://www.tunisietravail.net/monoprix-recrute-responsable-methodes-froid-commercial-131081/
129672,Concentrix recrute en Réception des Appels,Concentrix,"Votre implication, votre autonomie, votre goût du travail bien fait sont autant d’atouts qui vous permettront de réussir dans votre poste et d’évoluer au sein de notre entreprise en intégrant nos équipes.… ...",,IT / Informatique,,,,,,,,2026-03-23,,Non,TunisieTravail,https://www.tunisietravail.net/concentrix-recrute-en-reception-des-appels-129672/
81461,Armatis recrute des Collaborateurs,Armatis,"RANGEZ-MOI CE CV. DISCUTONS PLUTÔT ! Armatis Tunisie s’agrandit ! et recrute Des Collaborateurs En postulant chez nous vous ne rejoindrez pas seulement une entreprise, vous intègrerez une équipe composée d’hommes et… ...",,IT / Informatique,,,,,,,,2026-03-23,,Non,TunisieTravail,https://www.tunisietravail.net/armatis-recrute-des-collaborateurs-81461/
118307,IKI Assurances recrute des Conseillers,IKI Assurances,"Donnez un coup de boost à votre carrière avec IKI Assurances ! IKI est à la recherche de Conseillers passionnés et motivés IKI Assurances, groupe Filiassur, recrute Des Conseillers Postes [CurrentJobs] ››… ...",,IT / Informatique,,,,,,,,2026-03-23,,Non,TunisieTravail,https://www.tunisietravail.net/iki-assurances-recrute-des-conseillers-118307/
130924,Otis Déménagement recrute des Collaborateurs,Otis Déménagement,"Otis Déménagement recrute Des Collaborateurs Postes [CurrentJobs] OTIS Déménagement est une société spécialisée dans le déménagement de particuliers et d’entreprises, basée à Boulogne-Billancourt (92). Elle accompagne ses clients dans leurs projets de… ...",,IT / Informatique,,,,,,,,2026-03-23,,Non,TunisieTravail,https://www.tunisietravail.net/otis-demenagement-recrute-des-collaborateurs-130924/
125663,Hôtel Nozha Beach recrute des Collaborateurs,Hôtel Nozha Beach,"Hôtel Nozha Beach recrute Des Collaborateurs Les postes: Postes [CurrentJobs] Profil Dynamique, motivé(e) et rigoureux(se). Avec une expérience exigée Pays / Ville › Tunisie, Nabeul Téléphone › 72322640 Adresse › Route Touristique… ...",,Hôtellerie / Restauration,,,,,Nabeul,,,2026-03-23,,Non,TunisieTravail,https://www.tunisietravail.net/hotel-nozha-beach-recrute-des-collaborateurs-125663/
109870,Transcom recrute des Conseillers en Réception d’Appels,Transcom,"TRANSCOM WORLD WIDE Nous assurons une gamme complète de services (Réception des appels) en langue Française, Italienne, Anglaise et Allemande pour le compte des clients internationaux à partir de nos deux sites… ...",,IT / Informatique,,,,,,,,2026-03-23,,Non,TunisieTravail,https://www.tunisietravail.net/transcom-recrute-des-conseillers-en-reception-d-appels-109870/
117283,Industrie Multinational recrute des Collaborateurs,Industrie Multinational,"Industrie Multinational en Afrique opérant dans la grande distribution et la chimie industriel, recrute Des Collaborateurs Postes [CurrentJobs] Rejoindre l’équipe du premier acteur en Tunisie et du seul acteur régional indépendant en… ...",,Ingénierie,,,,,,,,2026-03-23,,Non,TunisieTravail,https://www.tunisietravail.net/industrie-multinational-recrute-des-collaborateurs-117283/
101094,TP recrute des Collaborateurs,TP,"Vous êtes à la recherche d’un emploi stable avec de réelles perspectives d’évolution ? Ou en poste, mais désireux (se) de changer de job ? Vous voulez rejoindre le leader mondial de… ...",,IT / Informatique,,,,,,,,2026-03-23,,Non,TunisieTravail,https://www.tunisietravail.net/tp-recrute-des-collaborateurs-101094/
100715,Monoprix recrute des Collaborateurs,Monoprix,"Monoprix est une entreprise dynamique et innovante, spécialisée dans le secteur du commerce et de la distribution. Nous nous engageons à développer un environnement de travail stimulant et enrichissant, favorisant la croissance… ...",,IT / Informatique,,,,,,,,2026-03-23,,Non,TunisieTravail,https://www.tunisietravail.net/monoprix-recrute-des-collaborateurs-100715/
131169,Tucal recrute Chargé Ressources Humaines,Tucal,"Tucal recrute Chargé Ressources Humaines Mission Se collaborer avec l’équipe ressources humaines dans les activités: recrutement, formation, paie, projets RH et gestion administrative des ressources humaines. Exigance › Diplôme: Bac›2/3 en Management,… ...",,IT / Informatique,,,,,,,,2026-03-23,,Non,TunisieTravail,https://www.tunisietravail.net/tucal-recrute-charge-ressources-humaines-131169/
127305,Monogros recrute des Préparateurs de Commandes,Monogros,Monogros recrute Des Préparateurs de Commandes à Mégrine Missions : Préparer les commandes des clients Parcourir l’entrepôt pour collecter les produits selon les bons de commande Palettiser et emballer les marchandises Vérifier… ...,,IT / Informatique,,,,,Mégrine,,,2026-03-23,,Non,TunisieTravail,https://www.tunisietravail.net/monogros-recrute-des-preparateurs-de-commandes-127305/
130253,Multinational recrute Bilingual Sales Representatives French / English,Multinational,"Multinational recrute Bilingual Sales Representatives French / English Vos missions * Identifier et qualifier les leads. * Organiser des rendez-vous avec des prospects qualifiés pour les équipes commerciales. * Assurer les relances,… ...",,IT / Informatique,,,,,,,,2026-03-23,,Non,TunisieTravail,https://www.tunisietravail.net/multinational-b2b-recrute-bilingual-sales-representatives-french-english-130253/
130306,Concentrix recrute des Conseillers Supports en Réception d’Appel,Concentrix,"Concentrix recrute Des Conseillers Supports en Réception d’Appel Concentrix est un acteur majeur dans le milieu des centres d’appels, avec une reconnaissance par plusieurs d’un lieu où commencent des incroyables carrières. Que… ...",,Hôtellerie / Restauration,,,,,,,,2026-03-23,,Non,TunisieTravail,https://www.tunisietravail.net/concentrix-recrute-des-conseillers-supports-en-reception-d-appel-130306/
130106,TP recrute des Interprètes Instantanés,TP,"Chez TP, nous croyons que la communication ne doit connaître aucune frontière. Dans le cadre de notre développement sur le marché américain, nous cherchons des interprètes instantanés trilingues, talentueux et engagés. Vous… ...",,IT / Informatique,,,,,,,,2026-03-23,,Non,TunisieTravail,https://www.tunisietravail.net/tp-recrute-des-interpretes-instantanes-130106/
98328,Armatis recrute des Chargé.es de Clientèle Assistance Commerciale,Armatis,"Armatis recrute Des Chargé.es de Clientèle Assistance Commerciale Vous maîtrisez parfaitement la langue française ? De nature empathique, vous avez le sens du service, de la satisfaction client et êtes doté de… ...",,IT / Informatique,,,,,,,,2026-03-23,,Non,TunisieTravail,https://www.tunisietravail.net/armatis-recrute-des-charge-es-de-clientele-assistance-commerciale-98328/
115537,Industrie Multinational recrute Agent de Transit,Industrie Multinational,Entreprise Multinational industrielles opérant dans la grande distribution recrute Agent de Transit Mission Rattaché au Directeur Transit il sera chargé de : Assurer les tâches administratives déléguées par le responsable du service… ...,,IT / Informatique,,Directeur,,,,,,2026-03-23,,Non,TunisieTravail,https://www.tunisietravail.net/entreprise-multinational-recrute-agent-de-transit-115537/
131150,Transcom recrute des Conseillers Clientèle – Nouveau Projet / Secteur Fintech,Transcom,"Transcom recrute Des Conseillers Clientèle - Nouveau Projet / Secteur Fintech Chez Transcom, nous sommes des passionnés de l’expérience client (CX) et nous accompagnons la révolution numérique. Nous lançons aujourd’hui un tout… ...",,Toutes offres Tunisie,,,,,,,,2026-03-23,,Non,TunisieTravail,https://www.tunisietravail.net/transcom-recrute-conseiller-clientele-secteur-fintech-nouveau-projet-2-131150/
131107,Otis Déménagement recrute Conseiller Commercial Spécialiste Déménagement France,Otis Déménagement,Otis Déménagement recrute Conseiller Commercial Spécialiste Déménagement France Missions Analyser les besoins des clients et proposer la meilleure solution de déménagement Établir les devis et expliquer les prestations Transformer les demandes en… ...,,IT / Informatique,,,,,,,,2026-03-23,,Non,TunisieTravail,https://www.tunisietravail.net/otis-demenagement-recrute-conseiller-commercial-specialiste-demenagement-france-131107/
130078,TP recrute des Télévendeurs TLV,TP,"TP Tunisie ouvre ses portes aux Experts de l’expérience client et recrute Des Télévendeurs Alors si tu as un excellent niveau en français et tu es doté d’un fort sens commercial, rejoins-nous… ...",,IT / Informatique,,,,,,,,2026-03-23,,Non,TunisieTravail,https://www.tunisietravail.net/tp-recrute-des-televendeurs-tlv-130078/
130774,Hôtel Nozha Beach recrute Chef Cafetier,Hôtel Nozha Beach,Hôtel Nozha Beach recrute Chef Cafetier Profil Chef cafetier avec une expérience exigée Comment postuler : Cette opportunité vous intéresse et votre profil correspond ? Envoyez-nous votre CV via le formulaire Pays… ...,,IT / Informatique,,,,,,,,2026-03-23,,Non,TunisieTravail,https://www.tunisietravail.net/hotel-nozha-beach-recrute-chef-cafetier-130774/
131074,Monoprix recrute Responsable Exploitation Transport,Monoprix,"Monoprix recrute Responsable Exploitation Transport Dans le cadre du renforcement de son équipe de transport, Monoprix recrute un Responsable d’Exploitation Transport pour son site de Mégrine. Mission : • Gestion d’exploitation transport,… ...",,IT / Informatique,,,,,Mégrine,,,2026-03-23,,Non,TunisieTravail,https://www.tunisietravail.net/monoprix-recrute-responsable-exploitation-transport-131074/
131077,Monoprix recrute des Employées Commerciales,Monoprix,"Monoprix recrute Des Employées Commerciales Missions principales : • Accueillir et conseiller les clients avec courtoisie et professionnalisme. • Gérer les transactions en caisse avec rigueur et précision. • Assurer le réassortiment,… ...",,IT / Informatique,,,,,,,,2026-03-23,,Non,TunisieTravail,https://www.tunisietravail.net/monoprix-recrute-des-employees-commerciales-131077/
130918,Transcom recrute des Agents Relation Client – Helpdesk Français / Anglais,Transcom,"Transcom recrute Des Agents Relation Client - Helpdesk Français / Anglais Chez Transcom, nous sommes des experts de l’assistance technique et de la performance opérationnelle. Nous savons que derrière chaque entreprise se… ...",,Toutes offres Tunisie,,,,,,,,2026-03-23,,Non,TunisieTravail,https://www.tunisietravail.net/transcom-recrute-des-agents-relation-client-helpdesk-francais-anglais-130918/
115538,Industrie Multinational recrute Assistante en Ressources Humaines,Industrie Multinational,"Industrie Multinational opérant dans la grande distribution et la chimie industriel recrute Assistante en Ressources Humaines Chargée du Pointage Mission Rattaché au Responsable Ressources Humaines, vous serez chargé de gérer l’ensemble des… ...",,Ingénierie,,,,,,,,2026-03-23,,Non,TunisieTravail,https://www.tunisietravail.net/industrie-multinational-recrute-assistante-en-ressources-humaines-115538/
131111,Otis Déménagement recrute Commercial / Conseiller Expert en Déménagement – Marché Français,Otis Déménagement,Otis Déménagement recrute Commercial / Conseiller Expert en Déménagement – Marché Français Expérimenté spécialisé dans le déménagement sur le marché français. Maîtrisant les spécificités du secteur du déménagement en France : estimation… ...,,IT / Informatique,,,,,,,,2026-03-23,,Non,TunisieTravail,https://www.tunisietravail.net/otis-demenagement-recrute-commercial-conseiller-expert-en-demenagement-marche-francais-131111/
131108,Otis Déménagement recrute Commercial Sédentaire – Expert Déménagement,Otis Déménagement,Otis Déménagement recrute Commercial Sédentaire – Expert Déménagement Pour gérer les demandes clients provenant du marché français. Missions Traitement des demandes de devis Analyse du volume et proposition tarifaire Vente des prestations… ...,,IT / Informatique,,,,,,,,2026-03-23,,Non,TunisieTravail,https://www.tunisietravail.net/otis-demenagement-recrute-commercial-sedentaire-expert-demenagement-131108/
131106,Otis Déménagement recrute Commercial Confirmé en Déménagement – Marché Français,Otis Déménagement,"Otis Déménagement recrute Commercial Confirmé en Déménagement – Marché Français Professionnel maîtrisant les devis de déménagement, l’analyse du volume, la tarification et la vente de prestations auprès d’une clientèle française. Missions Gérer… ...",,IT / Informatique,,Confirmé,,,,,,2026-03-23,,Non,TunisieTravail,https://www.tunisietravail.net/otis-demenagement-recrute-commercial-confirme-en-demenagement-marche-francais-131106/
130914,Transcom recrute des Agents Relation Client French-English / Location de Voitures,Transcom,"Transcom recrute Des Agents Relation Client French-English / Location de Voitures Chez Transcom, nous sommes des passionnés de l’expérience client (CX). Nous sommes aussi dévoués à nos clients que leurs propres fans… ...",,IT / Informatique,,,,,,,,2026-03-23,,Non,TunisieTravail,https://www.tunisietravail.net/transcom-recrute-des-agents-relation-client-french-english-location-de-voitures-130914/
130705,Hôtel Nozha Beach recrute Chef de Cuisine,Hôtel Nozha Beach,Hôtel Nozha Beach recrute Chef de Cuisine Profil Chef de cuisine avec une expérience. Comment postuler : Cette opportunité vous intéresse et votre profil correspond ? Envoyez-nous votre CV via le formulaire… ...,,IT / Informatique,,,,,,,,2026-03-23,,Non,TunisieTravail,https://www.tunisietravail.net/hotel-nozha-beach-recrute-chef-de-cuisine-130705/
106695,Concentrix recrute des Conseillers Clients Anglophone en Réceptions des Appels,Concentrix,Concentrix recrute Des Conseillers Clients Anglophone en Réceptions des Appels Mission : • Réceptionner les appels clients • Détecter les besoins du client et proposer les services appropriés • Transmission du dossier… ...,,Hôtellerie / Restauration,,,,,,,,2026-03-23,,Non,TunisieTravail,https://www.tunisietravail.net/concentrix-recrute-des-conseillers-clients-anglophone-en-receptions-des-appels-106695/
122212,TP recrute des Conseillers Client,TP,"Souhaitez-vous travailler dans un environnement innovatif et évolutif ? Rejoindre TP, c’est dire OUI à une expérience qui a du sens, celle où les rencontres et les missions vous poussent à grandir… ...",,IT / Informatique,,,,,,,,2026-03-23,,Non,TunisieTravail,https://www.tunisietravail.net/tp-recrute-des-conseillers-client-122212/
121518,Industrie Multinational recrute Technicien Maintenance Mécanique,Industrie Multinational,"Industrie Multinational opérant dans la grande distribution et le secteur chimique recrute Technicien Maintenance Mécanique Mission • Localiser et diagnostiquer une panne • Remettre en état de production les machines, par échange… ...",,IT / Informatique,,,,,,,,2026-03-23,,Non,TunisieTravail,https://www.tunisietravail.net/industrie-multinational-recrute-technicien-maintenance-mecanique-121518/
130349,Industrie Multinational recrute Conducteur Machine / Technicien de Production,Industrie Multinational,Industrie Multinational recrute Conducteur Machine / Technicien de Production Pour renforcer son équipe. Missions principales Suivi de la production. Intervention en cas de dysfonctionnement technique. Respect des consignes de sécurité et des… ...,,IT / Informatique,,,,,,,,2026-03-23,,Non,TunisieTravail,https://www.tunisietravail.net/industrie-multinational-recrute-conducteur-machine-technicien-de-production-130349/
98327,Armatis recrute des Chargés de Clientèle Multicanal,Armatis,"Armatis recrute Des Chargés de Clientèle Multicanal Vous maîtrisez parfaitement la langue française à l’écrit et à l’oral ? Vous êtes ambitieux, dynamique et avez le sens du service et de l’écoute… ...",,IT / Informatique,,,,,,,,2026-03-23,,Non,TunisieTravail,https://www.tunisietravail.net/armatis-recrute-des-charges-de-clientele-multicanal-98327/
129370,Industrie Multinational recrute Responsable Mécanique / Technicien Maintenance Mécanique,Industrie Multinational,"Industrie Multinational recrute Responsable Mécanique / Technicien Maintenance Mécanique Rattaché au Responsable Maintenance, votre mission consiste à : Assurer les meilleures conditions de fonctionnement des différents équipements et systèmes nécessaires à la… ...",,IT / Informatique,,,,,,,,2026-03-23,,Non,TunisieTravail,https://www.tunisietravail.net/industrie-multinational-recrute-responsable-mecanique-technicien-maintenance-mecanique-129370/
130694,Concentrix recrute des Conseillers en Réception d’Appel Bilingue,Concentrix,Concentrix recrute Des Conseillers en Réception d’Appel Bilingue Mission : Détecter les besoins du client et proposer les services appropriés Transmission du dossier en cas de complexité vers Le niveau 2 Veille… ...,,IT / Informatique,,,,,,,,2026-03-23,,Non,TunisieTravail,https://www.tunisietravail.net/concentrix-recrute-des-conseillers-en-reception-dappel-bilingue-130694/
129277,Industrie Multinational recrute Ingénieur Maintenance,Industrie Multinational,Industrie Multinational recrute Ingénieur Maintenance Mission - Superviser les activités et interventions de maintenance sur l’ensemble du site industriel afin de fiabiliser les moyens et équipements selon les impératifs techniques et économiques… ...,,IT / Informatique,,,,,,,,2026-03-23,,Non,TunisieTravail,https://www.tunisietravail.net/industrie-multinational-recrute-ingenieur-maintenance-129277/
131110,Otis Déménagement recrute Téléconseiller Commercial – Secteur Déménagement,Otis Déménagement,Otis Déménagement recrute Téléconseiller Commercial – Secteur Déménagement Spécialisé en déménagement marché français. Missions Réception et traitement des demandes de devis Conseil et vente de prestations de déménagement Suivi des prospects et… ...,,IT / Informatique,,,,,,,,2026-03-23,,Non,TunisieTravail,https://www.tunisietravail.net/otis-demenagement-recrute-teleconseiller-commercial-secteur-demenagement-131110/
91620,Concentrix recrute des Conseillers Techniques Anglais Français,Concentrix,"Concentrix multinationale spécialisée dans le service client à distance, nous travaillons avec des clients renommés. Nous sommes à la recherche de Des Conseillers Techniques Anglais Français Support de nos Clients Anglophones. Profil… ...",,IT / Informatique,,,,,,,,2026-03-23,,Non,TunisieTravail,https://www.tunisietravail.net/concentrix-recrute-des-conseillers-techniques-anglais-francais-91620/
131001,Monoprix recrute Responsable Import et Transit,Monoprix,"Monoprix est une entreprise dynamique et innovante, spécialisée dans le secteur du commerce et de la distribution. Monoprix recrute Responsable Import et Transit Missions et tâches principales: Assurer la gestion complète des… ...",,IT / Informatique,,,,,,,,2026-03-23,,Non,TunisieTravail,https://www.tunisietravail.net/monoprix-recrute-responsable-import-et-transit-131001/
129242,Monoprix recrute des Caissiers Rayon Alcool,Monoprix,"Monoprix recrute Des Caissiers Rayon Alcool Vous êtes dynamique, rigoureux et aimez le contact client ? Rejoignez notre équipe en tant que caissier au sein du rayon alcool de notre magasin Monoprix.… ...",,Toutes offres Tunisie,,,,,,,,2026-03-23,,Non,TunisieTravail,https://www.tunisietravail.net/monoprix-recrute-des-caissiers-rayon-alcool-129242/
130954,Otis Déménagement recrute Responsable Plateau Téléconseiller en Service de Déménagement,Otis Déménagement,Otis Déménagement recrute Responsable Plateau Téléconseiller en Service de Déménagement Missions : Gestion opérationnelle du plateau Suivi des leads et du portefeuille clients Pilotage de la performance commerciale Profil : Expérience obligatoire… ...,,IT / Informatique,,,,,,,,2026-03-23,,Non,TunisieTravail,https://www.tunisietravail.net/otis-demenagement-recrute-responsable-plateau-teleconseiller-en-service-de-demenagement-130954/
130612,Monoprix recrute Contrôleur.se de Gestion,Monoprix,"Monoprix recrute Contrôleur.se de Gestion Mission - Détermination des couts de productions et de revient des différents articles, section, ligne…; - Calcul de la rentabilité par article, - Prendre les mesures nécessaires… ...",,IT / Informatique,,,,,,,,2026-03-23,,Non,TunisieTravail,https://www.tunisietravail.net/monoprix-recrute-controleur-se-de-gestion-130612/
104071,Monoprix recrute des Ouvriers Poissonnier,Monoprix,Monoprix recrute Des Ouvriers Poissonnier Pour sa plateforme Marrée. Profil Avec expérience. Comment postuler : Cette opportunité vous intéresse et votre profil correspond ? Envoyez-nous votre CV via le formulaire Pays /… ...,,IT / Informatique,,,,,,,,2026-03-23,,Non,TunisieTravail,https://www.tunisietravail.net/monoprix-recrute-des-ouvriers-poissonnier-104071/
130930,Monoprix recrute Responsable Référentiel et E-Commerce,Monoprix,"Monoprix recrute Responsable Référentiel et E-Commerce – Monoprix Tunisie Vos missions : 1. Gérer le référentiel produit e-commerce ; • Maintenir un référentiel produits e-commerce complet, fiable et à jour (SKU, codes,… ...",,IT / Informatique,,,,,,,,2026-03-23,,Non,TunisieTravail,https://www.tunisietravail.net/monoprix-recrute-responsable-referentiel-et-e-commerce-130930/
101737,TP recrute des Conseillers Client Assistance Commerciale,TP,TP Tunisie maintient une dynamique de d’embouche solide et recrute Des Conseillers Client Assistance Commerciale Tu cherches un emploi ou une nouvelle expérience ? TP Tunisie t’ouvre ses portes : tu choisis… ...,,IT / Informatique,,,,,,,,2026-03-23,,Non,TunisieTravail,https://www.tunisietravail.net/tp-recrute-des-conseillers-client-assistance-commerciale-101737/
130788,Hôtel Nozha Beach recrute Chef de Maintenance,Hôtel Nozha Beach,Hôtel Nozha Beach recrute Chef de Maintenance Profil Chef de Maintenance avec une expérience exigée Comment postuler : Cette opportunité vous intéresse et votre profil correspond ? Envoyez-nous votre CV via le… ...,,IT / Informatique,,,,,,,,2026-03-23,,Non,TunisieTravail,https://www.tunisietravail.net/hotel-nozha-beach-recrute-chef-de-maintenance-130788/
130955,Otis Déménagement recrute Responsable en Déménagement – Marché Français,Otis Déménagement,"Otis Déménagement recrute Responsable en Déménagement – Marché Français Afin de piloter, structurer et développer l’activité commerciale. Nous recherchons un profil expérimenté, capable de maîtriser les spécificités du marché français du déménagement… ...",,IT / Informatique,,,,,,,,2026-03-23,,Non,TunisieTravail,https://www.tunisietravail.net/otis-demenagement-recrute-responsable-en-demenagement-marche-francais-130955/
130952,Otis Déménagement recrute Responsable Centre d’Appel en Déménagement,Otis Déménagement,Otis Déménagement recrute Responsable Centre d’Appel en Déménagement Missions : Superviser l’équipe commerciale Analyser les KPI et améliorer la performance Structurer les process de vente Profil : Expérience confirmée en déménagement marché… ...,,IT / Informatique,,Confirmé,,,,,,2026-03-23,,Non,TunisieTravail,https://www.tunisietravail.net/otis-demenagement-recrute-responsable-centre-dappel-en-demenagement-130952/
130951,Otis Déménagement recrute Manager Centre d’Appel – Spécialiste Déménagement,Otis Déménagement,Otis Déménagement recrute Manager Centre d’Appel – Spécialiste Déménagement Expérimenté pour piloter une équipe commerciale dédiée au marché français. Missions Encadrer et motiver les téléconseillers Suivre les performances et atteindre les objectifs… ...,,IT / Informatique,,Manager,,,,,,2026-03-23,,Non,TunisieTravail,https://www.tunisietravail.net/otis-demenagement-recrute-manager-centre-dappel-specialiste-demenagement-130951/
128189,Monoprix recrute des Agents de Sécurité Grand Tunis,Monoprix,Monoprix Tunisie renforce ses équipes et recrute Des Agents de Sécurité Grand Tunis Dynamiques et rigoureux pour ses points de vente situés sur le Grand Tunis Missions principales : Assurer la surveillance… ...,,IT / Informatique,,,,,Tunis,,,2026-03-23,,Non,TunisieTravail,https://www.tunisietravail.net/monoprix-recrute-des-agents-de-securite-grand-tunis-128189/
130987,Otis Déménagement recrute Chef d’Équipe – Superviseur Opérationnel Vente,Otis Déménagement,Otis Déménagement recrute Chef d’Équipe – Superviseur Opérationnel Vente (Centre d’Appel) Operation Demenagement Chef d’équipe – Superviseur opérationnel est chargé(e) de piloter une équipe de conseillers commerciaux en centre d’appel afin d’atteindre… ...,,IT / Informatique,,,,,,,,2026-03-23,,Non,TunisieTravail,https://www.tunisietravail.net/otis-demenagement-recrute-chef-dequipe-superviseur-operationnel-vente-130987/
130878,Magsteel recrute Chargé Qualité Sécurité et Environnement,Magsteel,Magsteel recrute Chargé Qualité Sécurité et Environnement La fonction est rattachée au responsable qualité. Compétences requises : - Formation Bac ›2/›3 minimum en mécanique - Expérience dans le contrôle qualité mécanique de… ...,,IT / Informatique,,,,,,,,2026-03-23,"Fév, 2026",Non,TunisieTravail,https://www.tunisietravail.net/magsteel-26-recrute-charge-qualite-securite-et-environnement-130878/
130937,Newkey recrute Conseiller Immobilier,Newkey,Newkey recrute Conseiller Immobilier Motivés et ambitieux pour renforcer notre équipe. Vos missions: Développer votre notoriété et celle de l’entreprise sur le secteur affecté Constituer et entretenir un stock attractif de biens… ...,,IT / Informatique,,,,,,,,2026-03-23,"Fév, 2026",Non,TunisieTravail,https://www.tunisietravail.net/newkey-recrute-conseiller-immobilier-130937/
130868,Mice Travel recrute Senior Sales Exécutif,Mice Travel,"Mice Travel recrute Senior Sales Exécutif Profil Diplôme : niveau supérieur exigé Langue : Bonne maitrise du Français et de l’anglais Bonne Maitrise de l’outil informatique ; Doté d’une très bonne organisation,… ...",,IT / Informatique,,Senior,,,,,,2026-03-23,"Fév, 2026",Non,TunisieTravail,https://www.tunisietravail.net/mice-travel-recrute-senior-sales-executif-130868/
130872,Ipsoft recrute Technicien Sécurité Electronique,Ipsoft,"Ipsoft recrute Technicien Sécurité Electronique Pour assurer l’installation, la mise en service, la maintenance et le dépannage de systèmes de sécurité . Missions principales : Installation et configuration de systèmes de sécurité… ...",,IT / Informatique,,,,,,,,2026-03-23,"Fév, 2026",Non,TunisieTravail,https://www.tunisietravail.net/ipsoft-recrute-technicien-reseau-130872/
130885,Transglory recrute Agent de Back Office,Transglory,Transglory recrute Agent de Back Office Nouveaux talents souhaitant évoluer dans un environnement international dynamique et stimulant. Profil recherché : Jeune diplômé(e) ou candidat(e) avec une première expérience professionnelle Maîtrise obligatoire de… ...,,IT / Informatique,,,,,,,,2026-03-23,"Fév, 2026",Non,TunisieTravail,https://www.tunisietravail.net/transglory-recrute-agent-de-back-office-130885/
130949,Le Corail Suites Hotel recrute Contrôleur,Le Corail Suites Hotel,"Le Corail Suites Hotel recrute Contrôleur Finalité du poste Le Contrôleur Revenue est chargé d’assurer le contrôle, l’analyse et l’optimisation des revenus de l’établissement. Il garantit la fiabilité des informations financières, veille… ...",,IT / Informatique,,,,,,,,2026-03-23,"Fév, 2026",Non,TunisieTravail,https://www.tunisietravail.net/le-corail-suites-hotel-recrute-controleur-130949/
130917,N2Verse recrute des Commerciaux,N2Verse,N2Verse recrute Des Commerciaux Vous êtes motivé(e) par la vente et les résultats ? Rejoignez notre équipe en tant que commercial indépendant et développez votre portefeuille clients B2B. › Profil recherché : Expérience… ...,,IT / Informatique,,,,,,,,2026-03-23,"Fév, 2026",Non,TunisieTravail,https://www.tunisietravail.net/n2verse-recrute-des-commerciaux-130917/
130907,Select Nutrition Animal recrute Agent Commercial,Select Nutrition Animal,"Select Nutrition Animal recrute Agent Commercial / Technico Commercial Mission Prospection de marché, développer le porte feuille clients... Comment postuler : Cette opportunité vous intéresse et votre profil correspond ? Envoyez-nous votre… ...",,IT / Informatique,,,,,,,,2026-03-23,"Fév, 2026",Non,TunisieTravail,https://www.tunisietravail.net/select-nutrition-animal-recrute-agent-commercial-130907/
130948,Dynacast Tunisia recrute Technicien Documents Qualité,Dynacast Tunisia,Dynacast Tunisia recrute Technicien Documents Qualité Mission - Organiser et gérer l’information qualité pour mettre à disposition des services concernés les documents qualité nécessaires. - Vérifier la cohérence des informations avec les… ...,,IT / Informatique,,,,,,,,2026-03-23,"Fév, 2026",Non,TunisieTravail,https://www.tunisietravail.net/dynacast-tunisia-recrute-technicien-documents-qualite-130948/
130581,Clôturé : Concours Ministère de Jeunesse des Sport pour le recrutement de 726 Professeurs de Sport – 2026 – مناظرة وزارة الشباب والرياضة لانتداب 726 أستاذ تعليم ثانوي تربية بدنية,,تنظم وزارة الشباب والرياضة مناظرة خارجية بالملفات لانتداب (726) أستاذ تعليم ثانوي تربية بدنية بعنوان سنة 2026، وذلك وفقًا للبيانات بالجدول التالي: رتبة الانتداب :أستاذ تعليم ثانوي تربية بدنية عدد الخطط المراد… ...,,Ressources Humaines,,,,,,,,2026-03-23,,Non,TunisieTravail,https://www.tunisietravail.net/concours-ministere-de-jeunesse-des-sport-pour-le-recrutement-de-726-professeurs-de-sport-2026-130581/
130947,Khadraoui Tek recrute Chargée de Vente en Ligne,Khadraoui Tek,"Khadraoui Tek recrute Chargée de Vente en Ligne (E-Commerce) Dynamique, organisée et orientée résultats. › Poste basé à Bizerte › Missions principales : Répondre rapidement aux messages (Facebook, Instagram, TikTok, WhatsApp) Conseiller… ...",,Commercial / Vente,,,,,Bizerte,,,2026-03-23,"Fév, 2026",Non,TunisieTravail,https://www.tunisietravail.net/khadraoui-tek-recrute-chargee-de-vente-en-ligne-130947/
130966,Etablissement Mhirsi Abrasifs recrute Agent de Facturation,Etablissement Mhirsi Abrasifs,Etablissement Mhirsi Abrasifs recrute Agent de Facturation Qui sera responsable de la gestion des facturations en veillant à garantir le bon déroulement des opérations et la satisfaction de nos clients. • Missions… ...,,Toutes offres Tunisie,,,,,,,,2026-03-23,"Fév, 2026",Non,TunisieTravail,https://www.tunisietravail.net/etablissement-mhirsi-abrasifs-recrute-agent-de-facturation-130966/
129693,Yousarssif recrute Gestionnaire de Stock,Yousarssif,"Yousarssif recrute Gestionnaire de Stock Tu es organisé(e), rigoureux(se) et tu maîtrises la gestion des flux logistiques ? * Missions principales : – Assurer la gestion des réceptions, transferts, retours et expéditions… ...",,IT / Informatique,,,,,,,,2026-03-23,"Fév, 2026",Non,TunisieTravail,https://www.tunisietravail.net/yousarssif-recrute-gestionnaire-de-stock-129693/
130971,Perspectives recrute Assitant.e Administratif.ive Bilingue Français / Anglais,Perspectives,"Perspectives recrute Assitant.e Administratif.ive Bilingue Français / Anglais – Télétravail 100% Relations École-Entreprises Missions principales Sous la responsabilité de l’équipe Relations Entreprise, vous assurerez un rôle clé dans la gestion contractuelle et… ...",,IT / Informatique,,,,,,Télétravail,Teletravail,2026-03-23,"Fév, 2026",Non,TunisieTravail,https://www.tunisietravail.net/perspectives-recrute-assitant-e-administratif-ive-bilingue-francais-anglais-130971/
128546,The Residence recrute Infirmière / Infirmier,The Residence,Hôtel The Résidence Tunis recrute Infirmière / Infirmier – Hôtel The Residence Vous êtes passionné(e) par le bien-être des autres et souhaitez évoluer dans un environnement dynamique ? Missions : Assurer les premiers… ...,,IT / Informatique,,,,,Tunis,,,2026-03-23,"Fév, 2026",Non,TunisieTravail,https://www.tunisietravail.net/the-residence-recrute-infirmiere-infirmier-128546/
129187,Prochimat recrute des Chauffeurs Poids Lourd,Prochimat,Prochimat recrute Des Chauffeurs Poids Lourd Pour renforcer notre équipe. ( Basé à Sousse / Basé à Tunis Banlieue Sud ) Profil recherché : Age : Minimum 30 ans Niveau d’études :… ...,,Logistique / Transport,,,,,Tunis,,,2026-03-23,"Fév, 2026",Non,TunisieTravail,https://www.tunisietravail.net/prochimat-recrute-chauffeur-poids-lourd-129187/
127991,SpaceNet recrute Commercial Hammamet,SpaceNet,SpaceNet recrute Commercial Hammamet Missions principales : Définir et mettre en œuvre la stratégie commerciale Développer le portefeuille clients et fidéliser les clients existants Piloter et animer l’équipe commerciale Atteindre les objectifs… ...,,IT / Informatique,,,,,,,,2026-03-23,"Fév, 2026",Non,TunisieTravail,https://www.tunisietravail.net/spacenet-recrute-commercial-hammamet-127991/
130957,Solvarisk Sarl recrute Juriste Assurance,Solvarisk Sarl,"Solvarisk Sarl Tilde Embedded Insurance, société de gestion de produits affinitaires et d’assurance embarquée basée en Tunisie, recrute Juriste Assurance Pour renforcer son équipe opérationnelle. › Missions principales : Gestion juridique des… ...",,IT / Informatique,,,,,,,,2026-03-23,"Fév, 2026",Non,TunisieTravail,https://www.tunisietravail.net/solvarisk-sarl-recrute-juriste-assurance-130957/
130931,Socem recrute Chauffeur de Poids Lourd,Socem,Socem recrute Chauffeur de Poids Lourd سائق شاحنة صنف 3.5 طن تعلن شركتنا عن حاجتها إلى سائق شاحنة (3.5 طن) للانضمام إلى فريق العمل. المهام المطلوبة: • نقل وتوزيع البضائع وفق جدول… ...,,Logistique / Transport,,,,,,,,2026-03-23,"Fév, 2026",Non,TunisieTravail,https://www.tunisietravail.net/socem-recrute-chauffeur-de-poids-lourd-130931/
130964,Formozaic recrute Assistant.e Administratif.ve Planification,Formozaic,Formozaic recrute Assistant.e Administratif.ve Planification Mission Récapitulatif des tâches (Non Exhaustif) Planification des formateurs et jury de certification Organisation des sessions d’examen Diverses tâches administratives Saisie de données Traitement de documents administratifs… ...,,IT / Informatique,,,,,,,,2026-03-23,"Fév, 2026",Non,TunisieTravail,https://www.tunisietravail.net/formozaic-recrute-assistant-e-administratif-ve-planification-130964/
130963,Formozaic recrute Chargé.e Clients – Formation en Ligne,Formozaic,Formozaic recrute Chargé.e Clients - Formation en Ligne Profil à la fois administratif et commercial afin de gérer et de suivre les dossiers des clients ayant souscrit à des formations en ligne.… ...,,IT / Informatique,,,,,,,,2026-03-23,"Fév, 2026",Non,TunisieTravail,https://www.tunisietravail.net/formozaic-recrute-charge-e-clients-formation-en-ligne-130963/
129880,Connectbiz recrute Comptable Junior,Connectbiz,Connectbiz.tn Société spécialisée dans la comptabilité Française recrute Comptable Junior Profil Comptable junior pour intégrer une équipe dynamique et contribuer à la bonne gestion comptable de nos clients basés en France. Comment… ...,,IT / Informatique,,Junior,,,,,,2026-03-23,"Fév, 2026",Non,TunisieTravail,https://www.tunisietravail.net/connectbiz-recrute-comptable-junior-129880/
113249,Active Travel recrute Agent.e de Billetterie,Active Travel,Active Travel recrute Agent.e de Billetterie Confirmé Conseiller.ère en Voyage Profil Vous avez une expérience dans le domaine de la billetterie (minimum 2 ans) et des voyages à l’étranger; Vous êtes titulaire… ...,,IT / Informatique,,Confirmé,,,,,,2026-03-23,"Fév, 2026",Non,TunisieTravail,https://www.tunisietravail.net/active-travel-recrute-agent-e-de-billetterie-confirme-113249/
127420,Industrial and Petroleum Engineering recrute Gestionnaire de Stock,Industrial and Petroleum Engineering,Industrial and Petroleum Engineering recrute Gestionnaire de Stock Principales responsabilités - Organisation du magasin : Assurer la mise en rayon des produits de manière attractive et conforme aux standards de l’entreprise. Veiller… ...,,IT / Informatique,,,,,,,,2026-03-23,"Fév, 2026",Non,TunisieTravail,https://www.tunisietravail.net/industrial-and-petroleum-engineering-recrute-gestionnaire-de-stock-127420/
125912,BE4IC Automation recrute Ingénieur Etudes,BE4IC Automation,"BE4IC Automation recrute Ingénieur Etudes Mission En tant qu’ingénieur.e d’études, vos principales responsabilités seront les suivantes : - Analyser les cahiers des charges et définir les solutions techniques adaptées. - Rédaction des… ...",,IT / Informatique,,,,,,,,2026-03-23,"Fév, 2026",Non,TunisieTravail,https://www.tunisietravail.net/be4ic-automation-recrute-ingenieur-detudes-125912/
130921,Stet recrute Technico Commercial,Stet,STET recrute Technico Commercial Missions principales : Prospection commerciale (téléphonique) Développement et suivi du portefeuille clients Élaboration des offres technico-commerciales Suivi des devis et des commandes clients Coordination avec les équipes techniques… ...,,IT / Informatique,,,,,,,,2026-03-23,"Fév, 2026",Non,TunisieTravail,https://www.tunisietravail.net/stet-recrute-technico-commercial-130921/
130889,Imec International recrute Technicien Câblage Électrique et Automatismes,Imec International,"Imec International recrute Technicien Câblage Électrique et Automatismes Vos missions Rattaché(e) au Responsable technique, vous interviendrez principalement sur nos installations électriques et systèmes automatisés. Vos missions seront les suivantes : • Lecture… ...",,IT / Informatique,,,,,,,,2026-03-23,"Fév, 2026",Non,TunisieTravail,https://www.tunisietravail.net/imec-international-recrute-technicien-cablage-electrique-et-automatismes-130889/
130622,Active Travel recrute Chef de Produit Croisières,Active Travel,"Active Travel recrute Chef de Produit Croisières Missions principales : En tant que Chef de Produit Croisières, vous serez en charge de : - Concevoir, développer et gérer les produits croisières (maritimes… ...",,IT / Informatique,,,,,,,,2026-03-23,"Fév, 2026",Non,TunisieTravail,https://www.tunisietravail.net/active-travel-recrute-chef-de-produit-croisieres-130622/
130144,Pâtisserie Masmoudi recrute des Conseillers de Vente Ksar Hellal,Pâtisserie Masmoudi,"Pâtisserie Masmoudi recrute Des Conseillers de Vente Ksar Hellal Profil Jeunes, dynamiques, sérieux et Motivé Saisissez cette opportunité pour relancer votre carrière et faite de votre travail un plaisir toujours renouvelé Comment… ...",,IT / Informatique,,,,,,,,2026-03-23,"Fév, 2026",Non,TunisieTravail,https://www.tunisietravail.net/patisserie-masmoudi-recrute-des-conseillers-de-vente-ksar-hellal-130144/
124296,Ideal Sanitaire recrute Responsable Juridique,Ideal Sanitaire,Ideal Sanitaire recrute Responsable Juridique Mission - Réalisation de la veille réglementaire - Information des responsables concernés des textes réglementaires applicable au sein de la société - Gestion des dossiers d’assurance -… ...,,IT / Informatique,,,,,,,,2026-03-23,"Fév, 2026",Non,TunisieTravail,https://www.tunisietravail.net/ideal-sanitaire-recrute-responsable-juridique-124296/
130950,Perspectives recrute Assistant.e Administratif.ve Pédagogique et Logistique,Perspectives,Perspectives recrute Assistant.e Administratif.ve Pédagogique et Logistique Executive Education / Formation Continue - Télétravail 100% Missions principales 1. Gestion administrative des formations A. Gestion des inscriptions & dossiers - Inscrire les apprenants… ...,,Logistique / Transport,,,,,,Télétravail,Teletravail,2026-03-23,"Fév, 2026",Non,TunisieTravail,https://www.tunisietravail.net/perspectives-recrute-assistant-e-administratif-ve-pedagogique-et-logistique-130950/
130903,Phoenix Distillery recrute Chauffeur,Phoenix Distillery,"Phoenix Distillery recrute Chauffeur Profil : Titulaire d’un permis de conduire valide Expérience souhaitée dans un poste similaire (chauffeur/livreur) Bonne connaissance des lieux et des routes du Grand Tunis Ponctuel, autonome et… ...",,IT / Informatique,,,,,Tunis,,,2026-03-23,"Fév, 2026",Non,TunisieTravail,https://www.tunisietravail.net/phoenix-distillery-recrute-chauffeur-130903/
130956,Aksys Services recrute Chauffeur / Livreur,Aksys Services,"Dans le cadre du développement de ses activités, une entreprise spécialisée dans la logistique et la livraison Aksys Services recrute Chauffeur / Livreur Sur tout le territoire tunisien. › Missions principales Assurer… ...",,IT / Informatique,,,,,,,,2026-03-23,"Fév, 2026",Non,TunisieTravail,https://www.tunisietravail.net/aksys-services-recrute-chauffeur-livreur-130956/
128588,Cabinet Hassen Boughariou recrute Comptable,Cabinet Hassen Boughariou,"Cabinet Hassen Boughariou recrute Comptable Profil Avec une expérience de 2 ans ou plus, pour prendre en charge les tâches suivantes : - Saisie mensuelle des pièces comptables - Pointage des rapprochements… ...",,Comptabilité / Finance,,,,,,,,2026-03-23,"Fév, 2026",Non,TunisieTravail,https://www.tunisietravail.net/cabinet-hassen-boughariou-recrute-comptable-128588/
130879,Otis Déménagement recrute Manager Centre d’Appel,Otis Déménagement,"Otis Déménagement recrute Manager Centre d’Appel Spécialiste en Déménagement Expérimenté, spécialisé dans la vente de prestations de déménagement opérées sur l’ensemble du territoire français. Profil orienté performance, capable de piloter une équipe… ...",,IT / Informatique,,Manager,,,,,,2026-03-23,,Non,TunisieTravail,https://www.tunisietravail.net/otis-demenagement-recrute-manager-centre-dappel-specialiste-en-demenagement-130879/
130831,Arsenal Bache Sa recrute Responsable Marketing et Communication,Arsenal Bache Sa,"Arsenal Bache Sa recrute Responsable Marketing et Communication Profil Polyvalente et créative pour gérer la communication et le marketing digital de notre société. Le poste comprend la gestion complète des réseaux sociaux,… ...",,IT / Informatique,,,,,,,,2026-03-23,"Fév, 2026",Non,TunisieTravail,https://www.tunisietravail.net/arsenal-bache-sa-recrute-responsable-marketing-communication-130831/
130841,Parc Dactivites Economiques de Zarzis recrute Directeur Administratif et Financier,Parc Dactivites Economiques de Zarzis,"Parc Dactivites Economiques de Zarzis recrute Directeur Administratif et Financier Rattaché à la Direction Générale, le Directeur Administratif et Financier (DAF) sera en charge des aspects administratifs et financières de la Société… ...",,IT / Informatique,,Directeur,,,,,,2026-03-23,"Fév, 2026",Non,TunisieTravail,https://www.tunisietravail.net/parc-dactivites-economiques-de-zarzis-recrute-directeur-administratif-et-financier-130841/
130860,Sheee recrute Technicien Supérieur en Électricité,Sheee,Sheee recrute Technicien Supérieur en Électricité Missions : Installation et maintenance des équipements électriques Réalisation de câblage et montage d’armoires électriques Lecture et interprétation des schémas électriques Diagnostic et dépannage des installations… ...,,IT / Informatique,,,,,,,,2026-03-23,"Fév, 2026",Non,TunisieTravail,https://www.tunisietravail.net/sheee-recrute-technicien-superieur-en-electricite-130860/
128268,Clinique Zaghouan recrute Technicien en Anesthésie,Clinique Zaghouan,"Clinique Zaghouan recrute Technicien en Anesthésie Expérimenté(e) pour renforcer l’équipe d’anesthésie .. Missions principales : • Préparer le matériel et les produits nécessaires à l’anesthésie. • Assister le médecin anesthésiste avant, pendant… ...",,IT / Informatique,,,,,Zaghouan,,,2026-03-23,"Fév, 2026",Non,TunisieTravail,https://www.tunisietravail.net/clinique-zaghouan-recrute-technicien-en-anesthesie-128268/
77052,Imec International recrute Aide Comptable,Imec International,"Imec International recrute Aide comptable Profil: Titulaire d’un licence en comptabilité ou finance Maîtrise de la langue française Maîtrise les outils bureautiques (pack office) Attention soutenue, concentration Rigueur et méthode Ponctualité Sens… ...",,IT / Informatique,,,,,,,,2026-03-23,"Fév, 2026",Non,TunisieTravail,https://www.tunisietravail.net/imec-international-recrute-aide-comptable-77052/
130869,Olfa Turki recrute Conseillère Clientèle,Olfa Turki,"Olfa Turki Design (OTD) incarne l’excellence de la haute couture à travers des créations exclusives pensées pour sublimer les moments d’exception. La marque se distingue par son sens du détail, son élégance… ...",,Toutes offres Tunisie,,,,,,,,2026-03-23,"Fév, 2026",Non,TunisieTravail,https://www.tunisietravail.net/olfa-turki-recrute-conseillere-clientele-130869/
130874,Global Costumer Support recrute Graphic Designer,Global Costumer Support,"Global Costumer Support recrute Graphic Designer (H/F) Rattaché(e) au département Communication, vous participez à la création de supports visuels destinés à la communication interne et externe de l’entreprise. Missions : Création de… ...",,Marketing / Communication,,,,,,,,2026-03-23,"Fév, 2026",Non,TunisieTravail,https://www.tunisietravail.net/global-costumer-support-recrute-graphic-designer-h-f-130874/
130803,Maxtrade recrute Ingénieur d’Application / Field Application Engineer,Maxtrade,"Maxtrade recrute Ingénieur d’Application / Field Application Engineer (Fae) Missions Principales : Être le premier vis-à-vis technique des clients : - Accompagner techniquement les clients dans le choix, l’intégration et l’optimisation des… ...",,Ingénierie,,,,,,,,2026-03-23,"Fév, 2026",Non,TunisieTravail,https://www.tunisietravail.net/maxtrade-recrute-ingenieur-dapplication-field-application-engineer-130803/
130880,Motos Stars offre Stage Comptabilité et Finance,,Motos Stars recrute Stage Comptabilité et Finance Missions: La saisie et le contrôle des pièces comptables Le classement et l’archivage des documents comptables L’établissement des factures clients et fournisseurs Le suivi des… ...,,IT / Informatique,,Stage,,,,Stage,,2026-03-23,"Fév, 2026",Non,TunisieTravail,https://www.tunisietravail.net/motos-stars-offre-stage-comptabilite-et-finance-2-130880/
130883,Sastp recrute Responsable Logistique,Sastp,Sastp recrute Responsable Logistique - Chef Transport Profil Minimum 3 ans d’experience dans le terrain des chantiers (suivi les camions ou les engins dans les chantiers et suivi les chauffeurs et faire… ...,,Hôtellerie / Restauration,3 ans d’exp,,,,,,,2026-03-23,"Fév, 2026",Non,TunisieTravail,https://www.tunisietravail.net/sastp-recrute-responsable-logistique-130883/
130854,GRG Oficina SARL recrute Modéliste,GRG Oficina SARL,"GRG OFICINA SARL recrute Modéliste Profil Modéliste expérimenté(e) qui maîtrise de la création, modification, gradation des patrons et traitement des placements tout en respectant les spécifications du client, en collaboration avec le… ...",,IT / Informatique,,,,,,,,2026-03-23,"Fév, 2026",Non,TunisieTravail,https://www.tunisietravail.net/grg-oficina-sarl-recrute-unemodeliste-130854/
130886,Smedi Health Academy Offre Stage Marketing Digital,,Smedi Health Academy Offre Stage Marketing Digital Mission principale Stagiaire en Marketing Digital & Gestion de la Relation Client (CRM) pour participer activement à la mise en œuvre de notre stratégie digitale… ...,,IT / Informatique,,Stage,,,,Stage,,2026-03-23,"Fév, 2026",Non,TunisieTravail,https://www.tunisietravail.net/smedi-health-academy-offre-stage-marketing-digital-130886/
130856,Darine Trade recrute Aide Magasinier,Darine Trade,Darine Trade recrute Aide Magasinier › Missions principales : * Rangement et organisation du stock * Manutention et gestion des marchandises * Réparation d’articles défectueux * Montage et démontage de lustres *… ...,,Logistique / Transport,,,,,,,,2026-03-23,"Fév, 2026",Non,TunisieTravail,https://www.tunisietravail.net/darine-trade-recrute-aide-magasinier-130856/
130895,Cadyou recrute des Techniciens Fraisage Programmeur,Cadyou,"Cadyou société Off-shore de conception et fabrication des machines et outillage spécial secteur automobile et divers. recrute Des Techniciens Fraisage Programmeur › Machiniste CNC Profil BTS, BTP, Bac ›2....) : Programeur ›… ...",,IT / Informatique,,,,,,,,2026-03-23,"Fév, 2026",Non,TunisieTravail,https://www.tunisietravail.net/cadyou-recrute-des-techniciens-fraisage-programmeur-130895/
130893,SPCF recrute Financier.e,SPCF,SPCF recrute Financier(E) Missions principales : - Suivi et contrôle des factures (clients et fournisseurs) - Élaboration et suivi des retenues à la source - Participation au suivi administratif général de l’entreprise… ...,,Toutes offres Tunisie,,,,,,,,2026-03-23,"Fév, 2026",Non,TunisieTravail,https://www.tunisietravail.net/spcf-recrute-financier-e-130893/
130834,Reachline recrute des Téléconseillers Langue Italien,Reachline,"Reachline recrute Des Téléconseillers Langue Italien › Émission d’appels › Gestion des mails › Support via chat Profil recherché : Maîtrise de l’Italien Bonne communication et aisance relationnelle Sérieux(se), motivé(e) et orienté(e)… ...",,IT / Informatique,,,,,,,,2026-03-23,"Fév, 2026",Non,TunisieTravail,https://www.tunisietravail.net/reachline-recrute-des-teleconseillers-langue-italien-130834/
130708,Etablissement Emile Zola recrute Professeur du Second Histoire Géographie,Etablissement Emile Zola,"Etablissement Emile Zola recrute Professeur du Second Histoire Géographie En vacation, disposant d’une solide expérience en classe au sein d’établissements d’enseignement français. Mission : Assurer un enseignement de qualité dans la discipline,… ...",,IT / Informatique,,,,,,,,2026-03-23,"Fév, 2026",Non,TunisieTravail,https://www.tunisietravail.net/etablissement-emile-zola-recrute-professeur-du-second-histoire-geographie-130708/
130697,Précision Electronique recrute Docteur en Chimie – Pharmacien,Précision Electronique,"Précision Electronique recrute Docteur en Chimie - Pharmacien Directeur Commercial Analyse des besoins clients et identification des problématiques techniques. Proposition de solutions techniques adaptées, en collaboration avec les services techniques et analytiques.… ...",,IT / Informatique,,Directeur,,,,,,2026-03-23,"Fév, 2026",Non,TunisieTravail,https://www.tunisietravail.net/precision-electronique-recrute-docteur-en-chimie-pharmacien-130697/
130781,El Mazraa recrute Soudeur TIG,El Mazraa,El Mazraa recrute Soudeur Tig Missions : Réaliser des travaux de soudure TIG sur inox Maintenance et réparation des équipements industriels Fabrication et assemblage de pièces métalliques Respect des normes d’hygiène et… ...,,Ingénierie,,,,,,,,2026-03-23,"Fév, 2026",Non,TunisieTravail,https://www.tunisietravail.net/el-mazraa-recrute-soudeur-tig-130781/
130817,Geofit Tunisie recrute Dessinateur Géomètre Topographe,Geofit Tunisie,"Geofit Tunisie recrute Dessinateur Géomètre Topographe Au sein du service topographie et sous la direction d’un responsable de service, vous serez chargé(e) de participer aux chantiers sous les aspects suivants: – Réalisation… ...",,IT / Informatique,,,,,,,,2026-03-23,"Fév, 2026",Non,TunisieTravail,https://www.tunisietravail.net/geofit-tunisie-recrute-dessinateur-geometre-topographe-130817/
130760,Royal Tulip Korbous Bay recrute Directeur de Nuit,Royal Tulip Korbous Bay,"Royal Tulip Korbous Bay recrute Directeur de Nuit Mission Assure la gestion, la sécurité et la continuité des opérations d’un hôtel durant les heures nocturnes. Il supervise le personnel de nuit, gère… ...",,IT / Informatique,,Directeur,,,,,,2026-03-23,"Fév, 2026",Non,TunisieTravail,https://www.tunisietravail.net/royal-tulip-korbous-bay-recrute-directeur-de-nuit-130760/
112924,Collège Emile Zola recrute des Enseignants Histoire Géographie,Collège Emile Zola,Collège Emile Zola recrute Des Enseignants Histoire Géographie Profil – Formation supérieure : licence (bac+3) minimum – Excellente maîtrise de la langue française orale et écrite indispensable – Compétence pédagogique pour l’enseignement… ...,,IT / Informatique,,,,,,,,2026-03-23,"Fév, 2026",Non,TunisieTravail,https://www.tunisietravail.net/college-emile-zola-recrute-des-enseignants-d-histoire-geographie-112924/
124899,Clinique Ezzahra recrute Technicien en Pédiatrie,Clinique Ezzahra,"Clinique Ezzahra recrute Technicien en Pédiatrie Mission - Etablir le projet de soins- Réaliser, contrôler des soins infirmiers et accompagnement du bébé et de son entourage - Surveiller l’évolution de l’état de… ...",,IT / Informatique,,,,,,,,2026-03-23,"Fév, 2026",Non,TunisieTravail,https://www.tunisietravail.net/clinique-ezzahra-recrute-technicien-en-pediatrie-124899/
130820,Socobat recrute Métreur Vérificateur,Socobat,"Socobat recrute Métreur Vérificateur Descriptif du poste : Afin de renforcer son équipe d’encadrement, la SOCOBAT recrute un Métreur Vérificateur. Vous serez rattaché à la Direction Technique et chargé D’effectué les métrés… ...",,Toutes offres Tunisie,,,,,,,,2026-03-23,"Fév, 2026",Non,TunisieTravail,https://www.tunisietravail.net/socobat-recrute-metreur-verificateur-130820/
130822,Bmc Sarl recrute Consultant Fonctionnel Logistique SAP SD / MM,Bmc Sarl,"Bmc Sarl recrute Consultant Fonctionnel Logistique SAP SD / MM Dans le cadre de la mise en place d’un Support Unifié N1/N2, notre client renforce son dispositif de support applicatif afin de… ...",,IT / Informatique,,,,,,,,2026-03-23,"Fév, 2026",Non,TunisieTravail,https://www.tunisietravail.net/bmc-sarl-recrute-consultant-fonctionnel-logistique-sap-sd-mm-130822/
121889,Agrihouse And Irrigation recrute Ingénieur Agronome,Agrihouse And Irrigation,Agrihouse And Irrigation recrute Ingénieur Agronome - Production Végétale Profil Spécialise En Production Végétal Pour Notre Point de Vente Avenue de L’Environnement Menzel Bouzelfa Comment postuler : Cette opportunité vous intéresse et… ...,,IT / Informatique,,,,,,,,2026-03-23,"Fév, 2026",Non,TunisieTravail,https://www.tunisietravail.net/agrihouse-and-irrigation-recrute-ingenieur-agronome-121889/
130766,Mayar des Services Informatiques recrute Consultant SAP PP,Mayar des Services Informatiques,Mayar des Services Informatiques recrute Consultant SAP PP – Tunisie (Cdi Ou Freelance) Vous êtes passionné(e) par les environnements industriels et les processus de fabrication ? Vous maîtrisez SAP PP et les… ...,,IT / Informatique,,,,,,CDI,,2026-03-23,"Fév, 2026",Non,TunisieTravail,https://www.tunisietravail.net/mayar-des-services-informatiques-recrute-consultant-sap-pp-130766/
130483,Mecaform recrute Opérateur Régleur Presse / Outilleur,Mecaform,"Mecaform recrute Opérateur Régleur Presse / Outilleur Mission Opérateur Régleur Presse / Outilleur sera chargé de : • Monter, régler et démarrer les outillages sur presses mécaniques ou hydrauliques ; • Assurer… ...",,Ingénierie,,,,,,,,2026-03-23,"Fév, 2026",Non,TunisieTravail,https://www.tunisietravail.net/mecaform-recrute-operateur-regleur-presse-outilleur-130483/
130804,3W WIT Web Agency recrute Graphiste,3W WIT Web Agency,"3W WIT est une agence web spécialisée dans la mise en place de solutions digitales sur-mesure, basée à Nabeul. 3W WIT Web Agency recrute Graphiste Expérimenté Profil recherché : - Expérience dans… ...",,IT / Informatique,,,,,Nabeul,,,2026-03-23,"Fév, 2026",Non,TunisieTravail,https://www.tunisietravail.net/3w-wit-web-agency-recrute-graphiste-130804/
130511,Hotel Steigenberger Marhaba Thalasso recrute Chef des Bars,Hotel Steigenberger Marhaba Thalasso,Hôtel Steigenberger Marhaba Thalasso recrute Chef des Bars Missions : Supervision des bars et du personnel bar Élaboration des cartes boissons et cocktails Contrôle de la qualité du service et des coûts… ...,,IT / Informatique,,,,,,,,2026-03-23,"Fév, 2026",Non,TunisieTravail,https://www.tunisietravail.net/hotel-steigenberger-marhaba-thalasso-recrute-chef-des-bars-130511/
130553,Enpal recrute Account Manager,Enpal,Enpal recrute Account Manager › Supporto Clienti Post Vendita › Settore Fotovoltaico › Italiano Fluente Obbligatorio (C1/C2) Descrizione dell’azienda Enpal é il green unicorn 1› in Europa. Enpal è un’azienda leader nel… ...,,IT / Informatique,,Manager,,,,,,2026-03-23,"Fév, 2026",Non,TunisieTravail,https://www.tunisietravail.net/enpal-recrute-account-manager-130553/
130552,Enpal recrute Install Partner Manager,Enpal,"Enpal recrute Install Partner Manager (Operations Specialist Settore Fotovoltaico) › Conoscenza Fluente (C1) Della Lingua Italiana Obbligatoria Descrizione dell’azienda Unisciti al nostro fantastico team di Enpal, il primo unicorno › green in… ...",,IT / Informatique,,Manager,,,,,,2026-03-23,"Fév, 2026",Non,TunisieTravail,https://www.tunisietravail.net/enpal-recrute-install-partner-manager-130552/
130706,NavaSTGI Marine Chantierl recrute Technicien Process,NavaSTGI Marine Chantierl,STGI Marine Chantier Naval recrute Technicien Process Missions principales suivantes: Analyser les plans et dossiers techniques issus du bureau d’études Définir et optimiser les process de fabrication en menuiserie Élaborer les gammes… ...,,BTP / Génie Civil,,,,,,,,2026-03-23,"Fév, 2026",Non,TunisieTravail,https://www.tunisietravail.net/stgi-marine-chantier-naval-recrute-technicien-process-130706/
130645,Digital Solutions recrute Photographe Full-Time,Digital Solutions,Digital Solutions continue son expansion ! Nous recherchons un talent visuel capable de capturer l’essence de nos projets et de transformer des images brutes en contenus premium. Digital Solutions recrute Photographe Full-Time… ...,,IT / Informatique,,,,,,,,2026-03-23,"Fév, 2026",Non,TunisieTravail,https://www.tunisietravail.net/digital-solutions-recrute-photographe-full-time-130645/
130465,Clinique Ophtalmologique de Tunis recrute Instrumentiste,Clinique Ophtalmologique de Tunis,Clinique Ophtalmologique de Tunis recrute Instrumentiste Mission • Vérifier la fonctionnalité des équipements dans la salle opératoire la matinée avant le début du programme opératoire. • Remplir et signer la fiche d’ouverture… ...,,IT / Informatique,,,,,Tunis,,,2026-03-23,"Fév, 2026",Non,TunisieTravail,https://www.tunisietravail.net/clinique-ophtalmologique-de-tunis-recrute-instrumentiste-130465/
130338,Slim Fit recrute Coach Sportif,Slim Fit,Slim Fit recrute Coach Sportif Motivé(e) pour des séances EMS personnalisées. ›️ Formation sport ›️ Bon relationnel & énergie positive ›️ Expérience coaching souhaitée (EMS › plus) Comment postuler : Cette opportunité… ...,,IT / Informatique,,,,,,,,2026-03-23,"Fév, 2026",Non,TunisieTravail,https://www.tunisietravail.net/slim-fit-recrute-coach-sportif-ems-130338/
130797,Hb Consulting recrute Comptable Senior,Hb Consulting,"Hb Consulting recrute Comptable Senior Dans le cadre du développement de son activité, le cabinet HB Consulting, cabinet d’expertise comptable basé à Menzah 6 – Ariana, recrute un(e) Comptable Senior Tâches comptables… ...",,IT / Informatique,,Senior,,,Ariana,,,2026-03-23,"Fév, 2026",Non,TunisieTravail,https://www.tunisietravail.net/hb-consulting-recrute-comptable-senior-130797/
130699,Otis Déménagement Offre Stage en Communication,,"Otis Déménagement Offre Stage en Communication Chez Otis Déménagement, nous ne transportons pas seulement des cartons, nous accompagnons des changements de vie. Entreprise à taille humaine et réactive, nous mettons un point… ...",,Marketing / Communication,,Stage,,,,Stage,,2026-03-23,,Non,TunisieTravail,https://www.tunisietravail.net/otis-demenagement-offre-stage-en-communication-130699/
130711,Ips Solutions recrute Chaudronnier,Ips Solutions,"Ips Solutions recrute Chaudronnier Exigence : • Préparer et mettre en forme les tôles en acier inoxydable. • Lecture de plans techniques. • Découpe et formage : Utilisation de machines (cisaille, laser,… ...",,Toutes offres Tunisie,,,,,,,,2026-03-23,"Fév, 2026",Non,TunisieTravail,https://www.tunisietravail.net/ips-solutions-recrute-chaudronnier-130711/
130814,Keyndgo Conciergerie offre Stage Back Office,,"Dans le cadre du développement de notre agence de conciergerie immobilière spécialisée dans la gestion de locations courte et moyenne durée, Keyndgo Conciergerie offre Stage Back Office › Missions principales : Gestion… ...",,IT / Informatique,,Stage,,,,Stage,,2026-03-23,"Fév, 2026",Non,TunisieTravail,https://www.tunisietravail.net/keyndgo-conciergerie-offre-stage-back-office-130814/
130813,Keyndgo Conciergerie recrute Agent de Terrain,Keyndgo Conciergerie,"Dans le cadre du développement de notre agence de conciergerie immobilière spécialisée dans la gestion de locations courte et moyenne durée, Keyndgo Conciergerie recrute Agent de Terrain Dynamique et rigoureux(se) pour renforcer… ...",,IT / Informatique,,,,,,,,2026-03-23,"Fév, 2026",Non,TunisieTravail,https://www.tunisietravail.net/keyndgo-conciergerie-recrute-agent-de-terrain-130813/
130808,Kelma recrute Marketing and Innovation Director,Kelma,"Kelma recrute Marketing and Innovation Director Location: Tripoli, Libya (International Placement) Industry: Retail – Recruiting on behalf of our client Contract Type: Full-time Executive International Benefits: Housing provided Transportation provided Annual round-trip… ...",,IT / Informatique,,,,,,,,2026-03-23,"Fév, 2026",Non,TunisieTravail,https://www.tunisietravail.net/kelma-recrute-marketing-and-innovation-director-130808/
130464,Clinique Ophtalmologique de Tunis recrute Infirmier,Clinique Ophtalmologique de Tunis,"Clinique Ophtalmologique de Tunis recrute Infirmier Mission · Assurer la passation · Accueillir le patient · Vérifier l’identité du patient, le motif d’hospitalisation, la lettre d’admission, le nom du médecin traitant et… ...",,IT / Informatique,,,,,Tunis,,,2026-03-23,"Fév, 2026",Non,TunisieTravail,https://www.tunisietravail.net/clinique-ophtalmologique-de-tunis-recrute-infirmier-130464/
130811,Effios Expertise recrute Lead Data Engineer,Effios Expertise,"EFFIOS EXPERTISE est la filiale technique du groupe EFFIOS, cabinet de conseil français reconnu pour son engagement dans la transformation numérique des politiques publiques, et notamment pour son expertise historique dans le… ...",,IT / Informatique,,,,,,,,2026-03-23,"Fév, 2026",Non,TunisieTravail,https://www.tunisietravail.net/effios-expertise-recrute-lead-data-engineer-130811/
130795,Ctrl X recrute Graphiste Technique / Designer Signalétique,Ctrl X,"CTRL X est une sociéte spécialisé dans la conception et la fabrication d’objets sur-mesure (signalétique, PLV, décoration, design produit) à base de plexi, bois et autres matériaux. Nous allions artisanat de précision… ...",,IT / Informatique,,,,,,,,2026-03-23,"Fév, 2026",Non,TunisieTravail,https://www.tunisietravail.net/ctrl-x-recrute-graphiste-technique-designer-signaletique-130795/
130691,Cekterys recrute Ingénieur.e Électricité,Cekterys,"Cekterys recrute Ingénieur.e Électricité Motivé(e) et rigoureux(se). Missions Principales: Concevoir, développer et superviser les projets électriques Réaliser des études techniques et établir des cahiers des charges Assurer la conformité des installations électriques… ...",,IT / Informatique,,,,,,,,2026-03-23,"Fév, 2026",Non,TunisieTravail,https://www.tunisietravail.net/cekterys-recrute-ingenieur-e-electricite-130691/
115672,Maltex recrute Chef Atelier,Maltex,"Maltex recrute Chef Atelier Compétences requises Technicienne textile Ayant déjà eu une expérience de Chef d’atelier Capable de réaliser patronages, échantillonnages, prototypes Création de fiches techniques Utilisation de toutes les machines de… ...",,Hôtellerie / Restauration,,,,,,,,2026-03-23,"Fév, 2026",Non,TunisieTravail,https://www.tunisietravail.net/maltex-recrute-chef-atelier-115672/
124898,Clinique Ezzahra recrute Sage Femme,Clinique Ezzahra,"Clinique Ezzahra recrute Sage Femme Expérimenté Profil Une sage femme Disponibilité : jour / nuit Expérience : 5 ANS Mission – Prendre en charge et surveiller la femme enceinte avant, pendant et… ...",,IT / Informatique,,,,,,,,2026-03-23,"Fév, 2026",Non,TunisieTravail,https://www.tunisietravail.net/clinique-ezzahra-recrute-sage-femme-2-124898/
130762,Société Alaeddine des Travaux Publics et Hydrauliques recrute Technicien Génie Civil,Société Alaeddine des Travaux Publics et Hydrauliques,Société Alaeddine des Travaux Publics et Hydrauliques recrute Technicien Génie Civil Profil Technicien de génie civil nouveau diplômé pour son poste de suivie et coordination des travaux de chantier Comment postuler :… ...,,Ingénierie,,,,,,,,2026-03-23,"Fév, 2026",Non,TunisieTravail,https://www.tunisietravail.net/societe-alaeddine-des-travaux-publics-et-hydrauliques-recrute-technicien-genie-civil-130762/
130602,Ébénor Création recrute Chef de Production,Ébénor Création,"Ébénor Création recrute Chef de Production Profil Dynamique et doté d’un fort esprit de leadership Être diplômé (BTP BTS ou équivalent) en spécialité technique (mécanique, maintenance, électromécanique, , etc. ou équivalent) ›… ...",,IT / Informatique,,,,,,,,2026-03-23,"Fév, 2026",Non,TunisieTravail,https://www.tunisietravail.net/ebenor-creation-recrute-chef-de-production-130602/
99054,AutoworldGuesmi recrute Mécanicien,AutoworldGuesmi,"AutoworldGuesmi recrute Mécanicien Profil recherché Expérience confirmée en mécanique automobile (réparation, diagnostic, entretien). Sérieux, rigueur et souci du détail. Bonne capacité à travailler en équipe. Résidant à Ben Arous ou dans les… ...",,IT / Informatique,,Confirmé,,,Ben Arous,,,2026-03-23,"Fév, 2026",Non,TunisieTravail,https://www.tunisietravail.net/autoworldguesmi-recrute-technicien-maintenance-automobile-99054/
130761,Société Alaeddine des Travaux Publics et Hydrauliques recrute Ingénieur Génie Civil / Hydraulique,Société Alaeddine des Travaux Publics et Hydrauliques,Société Alaeddine des Travaux Publics et Hydrauliques recrute Ingénieur Génie Civil / Hydraulique Profil Ingénieur génie civil ou hydraulique nouveau diplômé pour son poste de suivie et coordination des travaux de chantier… ...,,Ingénierie,,,,,,,,2026-03-23,"Fév, 2026",Non,TunisieTravail,https://www.tunisietravail.net/societe-alaeddine-des-travaux-publics-et-hydrauliques-recrute-ingenieur-genie-civil-hydraulique-130761/
130765,Soukayna Group recrute Technicien en Digital Marketing,Soukayna Group,Soukayna Group recrute Technicien en Digital Marketing Mission Vous serez chargé(e) de gérer et d’optimiser les outils numériques et les campagnes marketing au quotidien. Vous participerez à l’édition et à la gestion… ...,,IT / Informatique,,,,,,,,2026-03-23,"Fév, 2026",Non,TunisieTravail,https://www.tunisietravail.net/soukayna-group-recrute-technicien-en-digital-marketing-130765/
130828,Boulangerie Ben Hamouda recrute Femme de Ménage,Boulangerie Ben Hamouda,"Boulangerie Ben Hamouda recrute Femme de Ménage Dynamique et fiable pour assurer la propreté et l’hygiène de notre boulangerie. Missions principales : Nettoyage des surfaces de travail, des plaques et autre Entretien… ...",,IT / Informatique,,,,,,,,2026-03-23,"Fév, 2026",Non,TunisieTravail,https://www.tunisietravail.net/boulangerie-ben-hamouda-recrute-femme-de-menage-130828/
130519,Odesign recrute Graphiste Machiniste,Odesign,Odesign recrute Graphiste Machiniste Press Numérique Minolta et Richo Profil - Graphiste machiniste press numérique minolta et richo - Ayant une expérience min 2 ans. - Maitrise parfaite des outils AI; photoshop;… ...,,IT / Informatique,,,,,,,,2026-03-23,"Fév, 2026",Non,TunisieTravail,https://www.tunisietravail.net/odesign-recrute-graphiste-machiniste-130519/
130378,Smartech Academy Manouba recrute Professeur de Langue Française,Smartech Academy Manouba,"Smartech Academy Manouba recrute Professeur de Langue Française Profil Professeur(e) de langue française, Résidant(e) dans la région de la Manouba Comment postuler : Cette opportunité vous intéresse et votre profil correspond ?… ...",,IT / Informatique,,,,,Manouba,,,2026-03-23,"Fév, 2026",Non,TunisieTravail,https://www.tunisietravail.net/smartech-academy-manouba-recrute-professeur-de-langue-francaise-130378/
130631,La Plume Graphique recrute Infographiste Print / Design Graphique,La Plume Graphique,La Plume Graphique recrute Infographiste Print / Design Graphique Pour assurer la création et la préparation technique de ses supports de communication imprimés. Missions : · Création et mise en page de… ...,,Marketing / Communication,,,,,,,,2026-03-23,"Fév, 2026",Non,TunisieTravail,https://www.tunisietravail.net/la-plume-graphique-recrute-infographiste-print-design-graphique-130631/
130470,H Global Consulting recrute Ingénieure Structure en Génie Civil,H Global Consulting,"Dans le cadre du développement de l’activité de l’un de nos clients, nous construisons progressivement une équipe de bureau d’études structure à Gabès, avec une montée en compétence à la fois humaine… ...",,IT / Informatique,,,,,Gabès,,,2026-03-23,"Fév, 2026",Non,TunisieTravail,https://www.tunisietravail.net/h-global-consulting-recrute-ingenieure-structure-en-genie-civil-130470/
130827,Evo Control recrute Ingénieur / Technicien Génie Civil,Evo Control,"Evo Control recrute Ingénieur / Technicien Génie Civil Le candidat sera chargé de gérer et piloter les missions d’expertise technique, comprenant notamment : Organisation et planification des missions d’expertise Déplacements sur chantier… ...",,Ingénierie,,,,,,,,2026-03-23,"Fév, 2026",Non,TunisieTravail,https://www.tunisietravail.net/evo-control-recrute-ingenieur-technicien-genie-civil-130827/
130751,Web Technology Masters offre Stage PFE Développement,,Web Technology Masters offre Stage PFE Développement de Logiciel de Gestion des Ressources Humaines (Grh) Les modules et fonctionnalités du logiciel de Gestion des Ressources Humaines (GRH) sont : - Gestion du… ...,,IT / Informatique,,Stage,,,,Stage,,2026-03-23,"Fév, 2026",Non,TunisieTravail,https://www.tunisietravail.net/web-technology-masters-offre-stage-pfe-developpement-130751/
130419,Clinique Pasteur recrute Technicien Supérieur en Kinésithérapie,Clinique Pasteur,"Clinique Pasteur recrute Technicien Supérieur en Kinésithérapie Proifl Discipliné, disponible pour travailler de jour comme de nuit, ayant le sens du travail en équipe. Ayant une expérience en milieu de réanimation cardiaque.… ...",,IT / Informatique,,,,,,,,2026-03-23,"Fév, 2026",Non,TunisieTravail,https://www.tunisietravail.net/clinique-pasteur-recrute-technicien-superieur-en-kinesitherapie-130419/
130750,Web Technology Masters offre Stage PFE GMG,,Web Technology Masters offre Stage PFE GMG Développement de Logiciel de Gestion des Moyens Généraux () Les modules et fonctionnalités du logiciel de Gestion des Moyens Généraux (GMG) sont : - Gestion… ...,,IT / Informatique,,Stage,,,,Stage,,2026-03-23,"Fév, 2026",Non,TunisieTravail,https://www.tunisietravail.net/web-technology-masters-offre-stage-pfe-gmg-130750/
130780,Benna By Nour recrute des Vendeuses en Pâtisserie,Benna By Nour,Benna By Nour recrute Des Vendeuses en Pâtisserie Missions : • Mise en place et organisation de la vitrine. • Accueil et conseil clientèle. • Vente des produits et encaissement. • Gestion… ...,,IT / Informatique,,,,,,,,2026-03-23,"Fév, 2026",Non,TunisieTravail,https://www.tunisietravail.net/benna-by-nour-recrute-des-vendeuses-en-patisserie-130780/
130426,Centre CPN recrute des Formateurs de Langue Anglais,Centre CPN,Centre CPN recrute Des Formateurs de Langue Anglais Anglais général; de base et des niveaux avancée Profil Titulaire d’une Licence ou plus en Anglais Ayant un minimum d’expérience dans le domaine de… ...,,IT / Informatique,,,,,,,,2026-03-23,"Fév, 2026",Non,TunisieTravail,https://www.tunisietravail.net/centre-cpn-recrute-des-formateurs-de-langue-anglais-130426/
130674,Smedi Nursing recrute des Femmes de Menages,Smedi Nursing,Smedi Nursing recrute Des Femmes de Menages Au Centre de Convalesence le Havre ’Smedi Nursing’ Objet de l’appel d’offres : Fourniture de services de nettoyage et d’entretien des locaux situés à [adresse… ...,,IT / Informatique,,,,,,,,2026-03-23,"Fév, 2026",Non,TunisieTravail,https://www.tunisietravail.net/smedi-nursing-recrute-des-femmes-de-menages-130674/
130779,Benna By Nour recrute Chef Pâtissier,Benna By Nour,"Benna By Nour recrute Chef Pâtissier (F) Missions : • Production quotidienne de pâtisseries : gâteaux, mille-feuille, éclairs et autres créations. • Organisation et supervision de l’équipe pâtisserie. • Gestion des stocks… ...",,Hôtellerie / Restauration,,,,,,,,2026-03-23,"Fév, 2026",Non,TunisieTravail,https://www.tunisietravail.net/benna-by-nour-recrute-chef-patissier-130779/
130560,Pôle Hospitalier International Echifa Djerba recrute des Infirmier.es,Pôle Hospitalier International Echifa Djerba,Pôle Hospitalier International Echifa Djerba recrute Des Infirmier.es Missions principales : - Réaliser les soins infirmiers conformément aux protocoles en vigueur - Surveiller l’évolution de l’état de santé des patients - Assurer… ...,,IT / Informatique,,,,,,,,2026-03-23,"Fév, 2026",Non,TunisieTravail,https://www.tunisietravail.net/pole-hospitalier-international-echifa-djerba-recrute-des-infirmier-es-130560/
130588,Infinite recrute Senior Mechatronic Engineer,Infinite,"Infinite recrute Senior Mechatronic Engineer Reference ID: INF-JOB-2026-ENG-01 Company: Infinite - Sustainable Micromobility Solutions Location: Pôle Technologique ElGhazala, Tunisia Reporting to: CTO / Co-Founder Role Overview We are looking for a brilliant… ...",,IT / Informatique,,Senior,,,,,,2026-03-23,"Fév, 2026",Non,TunisieTravail,https://www.tunisietravail.net/infinite-recrute-senior-mechatronic-engineer-130588/
130649,Carto Topo Experts recrute Géomètre-Topographe,Carto Topo Experts,Carto Topo Experts recrute Géomètre-Topographe Technicien diplômé en topographie (Technicien ou Technicien Supérieur) › Compétences requises : Maîtrise des logiciels AutoCAD et Covadis Bonne utilisation de la station totale Réalisation des levés… ...,,IT / Informatique,,,,,,,,2026-03-23,"Fév, 2026",Non,TunisieTravail,https://www.tunisietravail.net/carto-topo-experts-recrute-geometre-topographe-130649/
130805,Comptoir Réunis du Centre recrute Commercial Responsable Showroom,Comptoir Réunis du Centre,"Comptoir Réunis du Centre recrute Commercial Responsable Showroom Profil Compétences commerciales avérées Sens esthétique développé et passion pour le design. Excellente présentation et communication en français et arabe. Dynamisme, organisation et esprit… ...",,IT / Informatique,,,,,,,,2026-03-23,"Fév, 2026",Non,TunisieTravail,https://www.tunisietravail.net/comptoir-reunis-du-centre-recrute-commercial-responsable-showroom-130805/
130800,AFIS recrute Assistante Commerciale d’Assurances,AFIS,"Afis recrute Assistante Commerciale d’assurances Description du poste : Dynamique et organisée pour soutenir notre équipe commerciale. Vous serez le point de contact principal entre nos clients et notre société, en veillant… ...",,IT / Informatique,,,,,,,,2026-03-23,"Fév, 2026",Non,TunisieTravail,https://www.tunisietravail.net/afis-recrute-assistante-commerciale-dassurances-130800/
130698,Kdamak Shipping Company recrute Commercial,Kdamak Shipping Company,Kdamak Shipping Company recrute Commercial Profil - Expérience grand max 2 ans dans le domaine de transport international - Diplôme en transport logistique ou diplôme en commerce international - Maitrise la langue… ...,,IT / Informatique,,,,,,,,2026-03-23,"Fév, 2026",Non,TunisieTravail,https://www.tunisietravail.net/kdamak-shipping-company-recrute-commercial-130698/
130825,Fiberlinks is looking for Fire Fighting System Technician / Installer,,Fiberlinks is looking for Fire Fighting System Technician / Installer - Minimum 3 Years Experience Company: Fiberlinks Sp. z o.o. Location: Poland Employment Type: Hourly Paid Agreement Fiberlinks Sp. z o.o. is… ...,,IT / Informatique,,,,,,,,2026-03-23,"Fév, 2026",Non,TunisieTravail,https://www.tunisietravail.net/fiberlinks-is-looking-for-fire-fighting-system-technician-installer-130825/
130778,Boulangerie Ben Hamouda recrute des Ouvriers de Boulangerie,Boulangerie Ben Hamouda,"Dans le cadre du développement de notre boulangerie situé a Bardo, Boulangerie Ben Hamouda recrute Des Ouvriers de Boulangerie Motivés et sérieux pour rejoindre notre équipe. Mission • Aider à la préparation… ...",,IT / Informatique,,,,,,,,2026-03-23,"Fév, 2026",Non,TunisieTravail,https://www.tunisietravail.net/boulangerie-ben-hamouda-recrute-des-ouvriers-de-boulangerie-130778/
130688,Atelier la Raffinée recrute des Pâtissières / des Chocolatières,Atelier la Raffinée,"Atelier la Raffinée recrute Des Pâtissières / Des Chocolatières Qualifiées À Sfax Des jeunes diplômées et passionnées pour rejoindre notre laboratoire. Vos Missions : Sous la direction du chef d’atelier, vous participerez… ...",,Médical / Paramédical,,,,,Sfax,,,2026-03-23,"Fév, 2026",Non,TunisieTravail,https://www.tunisietravail.net/atelier-la-raffinee-recrute-patissieres-et-chocolatieres-130688/
130744,Trust Consulting Company Plus offre Stage Comptable,,"Groupe opérant dans les domaines du commerce, de l’investissement et des services, Trust Consulting Company Plus offre Stage Comptable › Localisation : Tunis - Charguia 1 Missions principales : • Assistance dans… ...",,IT / Informatique,,Stage,,,Tunis,Stage,,2026-03-23,"Fév, 2026",Non,TunisieTravail,https://www.tunisietravail.net/trust-consulting-company-plus-offre-stage-comptable-130744/
130791,Professional Inspectors recrute Inspecteur CND,Professional Inspectors,"Professional Inspectors recrute Inspecteur CND - Contrôle Non Destructif Niveau II - Agence Sfax Mission: - Exécuter les travaux d’inspection et de contrôle non destructif ordonnés dans l’ordre de mission, dans les… ...",,BTP / Génie Civil,,,,,Sfax,,,2026-03-23,"Fév, 2026",Non,TunisieTravail,https://www.tunisietravail.net/professional-inspectors-recrute-inspecteur-cnd-2-130791/
130738,Ipmc recrute Technicien Imprimeur Flexographie,Ipmc,Ipmc Notre société spécialisé en fabrication d’emballage plastique recrute Technicien Imprimeur Flexographie Mission : - Faire les réglages mécaniques et bien entretenir la machine. - Nettoyage des clichés d’impression. - Suivre le… ...,,IT / Informatique,,,,,,,,2026-03-23,"Fév, 2026",Non,TunisieTravail,https://www.tunisietravail.net/ipmc-recrute-technicien-imprimeur-flexographie-130738/
130714,Bureau d’Etudes Génie Civil Offre Stage Technicien / Ingénieur Génie Civil Rémunéré,,Bureau d’Etudes Génie Civil Offre Stage Technicien / Ingénieur Génie Civil Rémunéré Pour un stage rémunéré de 3 mois. Ce stage offre une opportunité précieuse de participer à des projets diversifiés dans… ...,,IT / Informatique,,Stage,,,,Stage,,2026-03-23,"Fév, 2026",Non,TunisieTravail,https://www.tunisietravail.net/bureau-detudes-genie-civil-offre-stage-technicien-ingenieur-genie-civil-remunere-130714/
130809,Société BEH recrute Designer Graphique,Société BEH,"Société BEH recrute Designer Graphique Créative, polyvalente et passionnée, capable de transformer des idées en contenus visuels percutants et de contribuer activement au déploiement de nos campagnes digitales. Profil recherché & qualifications… ...",,IT / Informatique,,,,,,,,2026-03-23,"Fév, 2026",Non,TunisieTravail,https://www.tunisietravail.net/societe-beh-recrute-designer-graphique-130809/
130618,CIC Razi Neurosciences et Santé Mentale Lr18Sp03 recrute Postdoctorant Contractuel,CIC Razi Neurosciences et Santé Mentale Lr18Sp03,CIC Razi Neurosciences et Santé Mentale recrute Postdoctorant Contractuel Pour Les Besoins du Laboratoire de Recherche Lr18Sp03 - Maladies Neurodégénératives et Troubles Psychiatriques Durée du contrat : 6 mois renouvelables Dernier diplôme… ...,,IT / Informatique,,,,,,,,2026-03-23,"Fév, 2026",Non,TunisieTravail,https://www.tunisietravail.net/cic-razi-neurosciences-et-sante-mentale-lr18sp03-recrute-postdoctorant-contractuel-130618/
130718,Best Contact recrute des Téléconseiller.es Prise de RDV – B2B,Best Contact,Best Contact recrute Des Téléconseiller.es Prise de RDV – B2B Vous avez une expérience réussie en prise de rendez-vous et vous aimez relever des défis commerciaux ? Rejoignez notre équipe ! Votre… ...,,IT / Informatique,,,,,,,,2026-03-23,,Non,TunisieTravail,https://www.tunisietravail.net/best-contact-recrute-des-teleconseiller-es-prise-de-rdv-b2b-130718/
130846,Sitar recrute Assistante Administrative,Sitar,"Sitar recrute Assistante Administrative Missions : - Organiser et coordonner les informations internes et externes, parfois confidentielles, liées au fonctionnement de la structure. - Effectuer les traitements administratifs. - Réceptionner, orienter et… ...",,IT / Informatique,,,,,,,,2026-03-23,"Fév, 2026",Non,TunisieTravail,https://www.tunisietravail.net/sitar-recrute-assistante-administrative-130846/
126962,Top Promo Voyages recrute Agent de Voyages,Top Promo Voyages,"Top Promo Voyages recrute Agent de Voyages La Candidate doit répondre aux conditions suivantes • Design graphique : Canva, Photoshop, Illustrator… (Création des affiches…) • Bonne Maîtrise de la langue française. •… ...",,IT / Informatique,,,,,,,,2026-03-23,"Fév, 2026",Non,TunisieTravail,https://www.tunisietravail.net/top-promo-voyages-recrute-agent-de-voyages-126962/
125071,Clinique Zaghouan recrute Responsable Achat,Clinique Zaghouan,"Clinique Zaghouan recrute Responsable Achat Profil 1- Diplômé en Gestion, finance, achats ou logistique 2- Expérience minimum 3- Permis de conduire souhaitable Comment postuler Merci d’envoyer votre CV par mail Ville ›… ...",,IT / Informatique,,,,,Zaghouan,,,2026-03-23,"Fév, 2026",Non,TunisieTravail,https://www.tunisietravail.net/clinique-zaghouan-recrute-responsable-achat-125071/
131205,Electricité du Lac recrute Ingénieur Bureau d’Études Senior Télétravail,Electricité du Lac,"Electricité du Lac recrute Ingénieur Bureau d’Études Senior Télétravail – Tunisie Missions principales Réaliser le chiffrage complet des projets électriques selon les normes françaises Préparer et gérer des dossiers complets d’appels d’offres,… ...",,IT / Informatique,,Senior,,,Lac,Télétravail,Teletravail,2026-03-01,"Mar, 2026",Non,TunisieTravail,https://www.tunisietravail.net/electricite-du-lac-recrute-ingenieur-bureau-d-etudes-senior-teletravail-tunisie-131205/
131133,Siyadah Ai recrute Développeur IA Senior Python,Siyadah Ai,Siyadah Ai recrute Développeur IA Senior Python Description du poste Nous recherchons un Développeur IA Senior spécialisé en Python avec au moins 5 ans d’expérience en intelligence artificielle et machine learning pour… ...,,IT / Informatique,5 ans d’exp,Senior,,,,,,2026-03-01,"Mar, 2026",Non,TunisieTravail,https://www.tunisietravail.net/siyadah-ai-recrute-developpeur-ia-senior-python-131133/
130280,Chick’n Chips recrute des Cuisiniers / des Cuisinières,Chick’n Chips,Chick’n Chips recrute Des Cuisiniers / Des Cuisinières Profil – Vous êtes titulaire d’un diplôme en cuisine – Age entre 20 et 30 ans – Vous possédez une expérience significative sur un… ...,,IT / Informatique,,,,,,,,2026-03-01,"Mar, 2026",Non,TunisieTravail,https://www.tunisietravail.net/chickn-chips-recrute-des-cuisiniers-des-cuisinieres-130280/
121972,Domi Affaire Offre Stage Marketing Digital et Communication,,Domi Affaire Offre Stage Marketing Digital et Communication Missions Intégrer et actualiser le contenu sur notre site web via WordPress. Participer à l’analyse et à l’amélioration du référencement du site web. Créer… ...,,IT / Informatique,,Stage,,,,Stage,,2026-03-01,"Mar, 2026",Non,TunisieTravail,https://www.tunisietravail.net/domi-affaire-offre-stagiaire-marketing-digital-et-communication-121972/
120268,Moser Cabel System recrute Ingénieur Développement et Construction,Moser Cabel System,Moser Cabel System recrute Ingénieur Développement et Construction des Systèmes Electriques et Embarqués Description de l’emploi Concevoir et développer des réseaux de câblage et des armoires électriques en utilisant le logiciel Eplan… ...,,IT / Informatique,,,,,,,,2026-03-01,"Mar, 2026",Non,TunisieTravail,https://www.tunisietravail.net/moser-cabel-system-recrute-ingenieur-developpement-et-construction-120268/
123819,Eclair recrute Technico Commercial en Electricité Industriel,Eclair,Eclair recrute Technico Commercial en Electricité Industriel Profil Technico-commercial en électricité industriel Expérience : 0 à 1ans Marketing numérique Chiffrage A.O Contrat CIVP Comment postuler Merci d’envoyer votre CV par mail Ville… ...,,IT / Informatique,0 à 1ans,,,,,CIVP,,2026-03-01,"Mar, 2026",Non,TunisieTravail,https://www.tunisietravail.net/eclair-recrute-technico-commercial-en-electricite-industriel-123819/
131071,Mazzaro Milano recrute des Conseillers de Vente Sfax,Mazzaro Milano,Mazzaro Milano recrute Des Conseillers de Vente Sfax Responsabilités principales – Accueillir les clients et les assister dans la recherche et le choix des produits. – Fournir des informations détaillées sur les… ...,,IT / Informatique,,,,,Sfax,,,2026-03-01,"Mar, 2026",Non,TunisieTravail,https://www.tunisietravail.net/mazzaro-milano-recrute-des-conseillers-de-vente-sfax-131071/
131165,Call In Call Out recrute Comptable-Junior Mi-Temps,Call In Call Out,"Staffinity SARL est spécialisée dans la gestion des appels entrants et sortants, l’assistance administrative, le support comptable et le marketing digital. Call In Call Out recrute Comptable-Junior Mi-Temps Qui travaillera dans notre… ...",,IT / Informatique,,Junior,,,,Temps partiel / Mi-temps,,2026-03-01,"Mar, 2026",Non,TunisieTravail,https://www.tunisietravail.net/call-in-call-out-recrute-comptable-junior-mi-temps-131165/
131179,Royal Tulip Korbous Bay recrute Gouvernante Générale,Royal Tulip Korbous Bay,Royal Tulip Korbous Bay recrute Gouvernante Générale Profil * Formation Académique : École hôtelière * Langue : Connaissance en Français et Anglais * Expérience Professionnelle : 5 ans dans un poste similaire.… ...,,Hôtellerie / Restauration,,,,,,,,2026-03-01,"Mar, 2026",Non,TunisieTravail,https://www.tunisietravail.net/royal-tulip-korbous-bay-recrute-gouvernante-generale-131179/
131138,Clinique la Rose recrute Instrumentistes Bloc Opératoire,Clinique la Rose,Clinique la Rose recrute Instrumentistes Bloc Opératoire Profil recherché : Diplôme en instrumentation Expérience au bloc opératoire souhaitée Sens de l’organisation et esprit d’équipe. Type de contrat : CDI ou CIVP Comment… ...,,IT / Informatique,,,,,,CDI,,2026-03-01,"Mar, 2026",Non,TunisieTravail,https://www.tunisietravail.net/clinique-la-rose-recrute-instrumentistes-bloc-operatoire-131138/
131198,All For Pets recrute des Vendeurs Soukra,All For Pets,All For Pets recrute Des Vendeurs Soukra Profil Vous êtes passionné(e) du monde des animaux de compagnie. Votre sens du service et votre esprit d’équipe sont des points forts. Vous avez un… ...,,IT / Informatique,,,,,Soukra,,,2026-03-01,"Mar, 2026",Non,TunisieTravail,https://www.tunisietravail.net/all-for-pets-recrute-des-vendeurs-soukra-131198/
131188,Clinique le Bardo recrute Technicien en Réanimation,Clinique le Bardo,Clinique le Bardo recrute Technicien en Réanimation Polyvalente pour renforcer son équipe de soins. › Missions principales : Assurer la surveillance continue des patients en réanimation. Contrôler et préparer les équipements de… ...,,Médical / Paramédical,,,,,,,,2026-03-01,"Mar, 2026",Non,TunisieTravail,https://www.tunisietravail.net/clinique-le-bardo-recrute-technicien-en-reanimation-131188/
131088,Hôtel Palais Royal recrute Plombier / Électricien,Hôtel Palais Royal,Hôtel Palais Royal recrute Plombier / Électricien Profil Diplôme en BTP souhaitable Expérience minimum 2 ans dans un hôtel Dynamique et rigoureux Exécuter les maintenances Comment postuler : Cette opportunité vous intéresse… ...,,IT / Informatique,,,,,,,,2026-03-01,"Mar, 2026",Non,TunisieTravail,https://www.tunisietravail.net/hotel-palais-royal-recrute-plombier-electricien-131088/
131161,Bemepro recrute Thermiciens en Énergie,Bemepro,"Bemepro recrute Thermiciens en Énergie Directement rattaché(e) à l’équipe technique, vous serez le garant de la précision de nos analyses énergétiques. Vos missions principales incluent : • Ingénierie de diagnostic : Réaliser… ...",,IT / Informatique,,,,,,,,2026-03-01,"Mar, 2026",Non,TunisieTravail,https://www.tunisietravail.net/bemepro-recrute-thermiciens-en-energie-131161/
131168,Advancia SPG Group recrute Ingénieur Senior en Cybersecurite,Advancia SPG Group,Advancia SPG Group recrute Ingenieur Senior en Cybersecurite Mission Consistera principalement à être le référant technique auprès de nos partenaires ’ revendeurs informatiques ’ et de leurs clients finaux sur des missions… ...,,IT / Informatique,,Senior,,,,,,2026-03-01,"Mar, 2026",Non,TunisieTravail,https://www.tunisietravail.net/advancia-spg-group-recrute-ingenieur-senior-en-cybersecurite-131168/
131153,MHS Eden Yasmine Resort et Spa recrute Comptable Fournisseur Hôtel,MHS Eden Yasmine Resort et Spa,"منتزه الحمامات الجنوبيّة MHS Eden Yasmine Resort et Spa recrute Comptable Fournisseur d’un Hôtel Dynamique et motivé(e), résidant(e) à Hammamet ou Nabeul, pour rejoindre l’équipe de notre hôtel 4› situé à la… ...",,IT / Informatique,,,,,Nabeul,,,2026-03-01,"Mar, 2026",Non,TunisieTravail,https://www.tunisietravail.net/mhs-eden-yasmine-resort-et-spa-recrute-comptable-fournisseur-hotel-131153/
131147,Atba3Li recrute Livreur à Moto,Atba3Li,Atba3Li recrute Livreur À Moto Mission principale : Le livreur à moto est chargé de livrer des commandes aux clients rapidement et en toute sécurité en utilisant une moto. Tâches principales :… ...,,IT / Informatique,,,,,,,,2026-03-01,"Mar, 2026",Non,TunisieTravail,https://www.tunisietravail.net/atba3li-recrute-livreur-a-moto-131147/
131180,Royal Tulip Korbous Bay recrute des Chefs de Rang / des Commis de Rang,Royal Tulip Korbous Bay,Royal Tulip Korbous Bay recrute Des Chefs de Rang / Des Commis de Rang Mission * Gérer votre rang et assurer un service de qualité Conseiller les clients sur les plats et… ...,,IT / Informatique,,,,,,,,2026-03-01,"Mar, 2026",Non,TunisieTravail,https://www.tunisietravail.net/royal-tulip-korbous-bay-recrute-des-chefs-de-rang-des-commis-de-rang-131180/
131148,Stivel recrute Retail Manager / Réseau Ameublement et Textile,Stivel,"Stivel recrute Retail Manager / Réseau Ameublement et Textile Votre Mission : Directement rattaché(e) à la Direction Générale, vous animez et coordonnez l’activité de vos 6 magasins pour garantir une expérience client… ...",,IT / Informatique,,Manager,,,,,,2026-03-01,"Mar, 2026",Non,TunisieTravail,https://www.tunisietravail.net/stivel-recrute-retail-manager-reseau-ameublement-et-textile-131148/
131097,FD Ingénierie et Conseils recrute Projeteur / Dessinateur en Génie Civil,FD Ingénierie et Conseils,FD Ingénierie & Conseils recrute Projeteur / Dessinateur en Génie Civil Débutant – Eligible SIVP Missions principales : * Réaliser les plans de coffrage * Établir les plans de ferraillage * Mettre… ...,,Ingénierie,,Débutant,,,,SIVP,,2026-03-01,"Mar, 2026",Non,TunisieTravail,https://www.tunisietravail.net/fd-ingenierie-et-conseils-recrute-projeteur-dessinateur-en-genie-civil-131097/
131163,Africhrome recrute Menuisier,Africhrome,"Africhrome recrute Menuisier Mission Assurer l’assemblage de meubles, effectuer les ajustements nécessaires Maitriser de l’outillage ( visseuse, perceuse ) Comment postuler : Cette opportunité vous intéresse et votre profil correspond ? Envoyez-nous… ...",,IT / Informatique,,,,,,,,2026-03-01,"Mar, 2026",Non,TunisieTravail,https://www.tunisietravail.net/africhrome-recrute-menuisier-131163/
131183,Carthage Industries recrute Ingénieur Géni Civil,Carthage Industries,"Carthage Industries recrute Ingénieur Géni Civil (Sfax) › Missions Étudier et concevoir les projets de construction. Superviser et suivre les chantiers (qualité, délais, coûts). Coordonner avec les architectes, techniciens et entreprises. Préparer… ...",,IT / Informatique,,,,,Sfax,,,2026-03-01,"Mar, 2026",Non,TunisieTravail,https://www.tunisietravail.net/carthage-industries-recrute-ingenieur-geni-civil-131183/
131135,Hôtel Novotel Med V recrute Croissantier,Hôtel Novotel Med V,"Hôtel Novotel Med V recrute Croissantier / Pâtissier Profil – 1 an d’expérience dans le domaine de la pâtisserie – Un diplôme ou un certificat en pâtisserie – Être responsable, autonome et… ...",,Hôtellerie / Restauration,1 an d’exp,,,,,,,2026-03-01,"Mar, 2026",Non,TunisieTravail,https://www.tunisietravail.net/hotel-novotel-med-v-recrute-croissantier-131135/
131141,Academy For Higher Training recrute Formatrice en Anglais,Academy For Higher Training,"Academy For Higher Training recrute Formatrice en Anglais Profil Maîtrise parfaite de l’anglais Diplôme en langue anglaise Sérieuse, motivée et dynamique Comment postuler : Cette opportunité vous intéresse et votre profil correspond… ...",,IT / Informatique,,,,,,,,2026-03-01,"Mar, 2026",Non,TunisieTravail,https://www.tunisietravail.net/academy-for-higher-training-recrute-formatrice-en-anglais-131141/
131101,Ms Meuble recrute Conseiller.ère Commercial.e Showroom Meubles – Bizerte,Ms Meuble,Ms Meuble recrute Conseiller.ère Commercial.e Showroom Meubles - Bizerte Dynamique et motivé(e). Missions : Accueillir et conseiller les clients en showroom Identifier les besoins et proposer les produits adaptés Conclure les ventes… ...,,IT / Informatique,,,,,Bizerte,,,2026-03-01,"Mar, 2026",Non,TunisieTravail,https://www.tunisietravail.net/ms-meuble-recrute-conseiller-ere-commercial-e-showroom-meubles-bizerte-131101/
131127,Portaops recrute Ingénieur d’Affaires IT – ESN,Portaops,"Portaops recrute Ingénieur d’Affaires IT - ESN - Profil Commercial Uniquement Poste 100% commercial dans une ESN (prospection, développement de portefeuille, vente de prestations IT). Ce poste ne concerne pas les profils… ...",,IT / Informatique,,,,,,,,2026-03-01,"Mar, 2026",Non,TunisieTravail,https://www.tunisietravail.net/portaops-recrute-ingenieur-daffaires-it-esn-131127/
131189,ASH Consulting recrute Coordinatrice Commercial,ASH Consulting,"ASH Consulting recrute Coordinatrice Commercial Vous avez une expérience en coordination des ventes et vous aimez les postes où organisation, suivi des opérations et relation client sont essentiels ? › Cette opportunité… ...",,IT / Informatique,,,,,,,,2026-03-01,"Mar, 2026",Non,TunisieTravail,https://www.tunisietravail.net/ash-consulting-recrute-coordinatrice-commercial-131189/
131209,Coffee Shop recrute Barista,Coffee Shop,"Selim Jlassi recrute Barista Expérimenté Profil Expérimenté pour un coffee shop situé à la Soukra Jeune, Dynamique et sérieux Comment postuler : Cette opportunité vous intéresse et votre profil correspond ? Envoyez-nous… ...",,IT / Informatique,,,,,La Soukra,,,2026-03-01,"Mar, 2026",Non,TunisieTravail,https://www.tunisietravail.net/coffee-shop-recrute-barista-131209/
128194,Excellence Training Center recrute Formatrice en Langue Italienne,Excellence Training Center,Excellence Training Center recrute Formatrice en Langue Italienne Profil Maitrise la langue italienne Niveau universitaire Disponible respectueux et surtout ponctuel Comment postuler : Merci d’envoyer vos CV à via le formulaire Pays… ...,,IT / Informatique,,,,,,,,2026-03-01,"Mar, 2026",Non,TunisieTravail,https://www.tunisietravail.net/excellence-training-center-recrute-formatrice-en-langue-italienne-128194/
131195,Cascade recrute des Professeurs,Cascade,"Cascade recrute Des Professeurs - Chimie et Mathématiques en Télétravail, Postes Pour Etudiants et Jeunes Diplômés Pour donner des cours de Physique chimie et Mathématiques en Télétravail en langue française à des… ...",,IT / Informatique,,,,,,Télétravail,Teletravail,2026-03-01,"Mar, 2026",Non,TunisieTravail,https://www.tunisietravail.net/cascade-recrute-des-professeurs-131195/
131156,Carthage Industries recrute des Chauffeurs / Conducteurs d’Engins,Carthage Industries,Carthage Industries recrute Des Chauffeurs / Conducteur d’Engins › Grutier – Expérience minimum 10 ans › Chauffeur Semi-Remorque – Expérience minimum 5 ans › Conducteur d’Engins de Chantier – Expérience minimum 5… ...,,BTP / Génie Civil,,,,,,,,2026-03-01,"Mar, 2026",Non,TunisieTravail,https://www.tunisietravail.net/carthage-industries-recrute-chauffeur-conducteur-dengins-131156/
131159,Ecole Privée Khaznadar recrute des Enseignants d’Arabe,Ecole Privée Khaznadar,Ecole Privée Khaznadar recrute Des Enseignants d’Arabe Profil Expérimenté (e) polyvalent (e) matière scientifique et littéraire ainsi que un (e) enseignant (e) de français expérimenté ( e) maitrisant le programme de l’étatique… ...,,IT / Informatique,,,,,,,,2026-03-01,"Mar, 2026",Non,TunisieTravail,https://www.tunisietravail.net/ecole-privee-khaznadar-recrute-des-enseignants-darabe-131159/
131203,Pavarotti Berge du Lac recrute Commis de Salle,Pavarotti Berge du Lac,Restaurant Lac recrute Des Commis de Salle Qualités principales : - Motivé - Discipline et écoute - Rapidité et efficacité - Excellente présentation et sens du service client. - Capacité à travailler… ...,,IT / Informatique,,,,,Lac,,,2026-03-01,"Mar, 2026",Non,TunisieTravail,https://www.tunisietravail.net/pavarotti-berge-du-lac-recrute-commis-de-salle-131203/
131100,Aerotech recrute Chargée des Analyses Chimiques,Aerotech,"Aerotech, dans le cadre du renforcement de notre équipe, Aérotech, entreprise spécialisée dans le traitement de surface pour le secteur aéronautique, recrute Chargée des Analyses Chimiques – Analyses des Bains (Traitement de… ...",,IT / Informatique,,,,,,,,2026-03-01,"Mar, 2026",Non,TunisieTravail,https://www.tunisietravail.net/aerotech-recrute-chargee-des-analyses-chimiques-131100/
131192,CMCA Concessionnaire Automobile recrute Vendeur Piece de Rechange,CMCA Concessionnaire Automobile,Cmca recrute Vendeur Piece de Rechange Profil Vendeur pièce de rechange automobile avec expérience dans le secteur automobile Comment postuler : Cette opportunité vous intéresse et votre profil correspond ? Envoyez-nous votre… ...,,IT / Informatique,,,,,,,,2026-03-01,"Mar, 2026",Non,TunisieTravail,https://www.tunisietravail.net/cmca-concessionnaire-automobile-recrute-vendeur-piece-de-rechange-131192/
116193,Pesco recrute Technicien Supérieur en Electricité,Pesco,"Pesco recrute Technicien Supérieur en Electricité Exigences - Niveau (Bac+3) en génie électrique, électronique, énergétique ou équivalent. - Expérience (0-1 ans) - Capacité à travailler en équipe et de manière autonome. -… ...",,IT / Informatique,0-1 ans,,,,,,,2026-03-01,"Mar, 2026",Non,TunisieTravail,https://www.tunisietravail.net/pesco-recrute-technicien-superieur-en-electricite-116193/
131197,Done Delivery recrute Assistante Opérationnelle,Done Delivery,Done Delivery recrute Assistante Opérationnelle Missions principales L’Assistante Opérationnelle joue un rôle clé dans la coordination des opérations logistiques et le support client. Ses responsabilités incluent : • Planification et suivi des… ...,,IT / Informatique,,,,,,,,2026-03-01,"Mar, 2026",Non,TunisieTravail,https://www.tunisietravail.net/done-delivery-recrute-assistante-operationnelle-131197/
131200,Transglory recrute des Agents de Back Office Langue Espagnol,Transglory,"Transglory recrute Des Agents de Back Office Langue Espagnol Profil – Entre 25-35 ans – Langues : Espagnol haut Niveau. – Etudes : minimum BAC – Bonnes connaissances de bureautique : Word,… ...",,Toutes offres Tunisie,25-35 ans,,,,,,,2026-03-01,"Mar, 2026",Non,TunisieTravail,https://www.tunisietravail.net/transglory-recrute-des-agents-de-back-office-langue-espagnol-131200/
131049,Sun Contact recrute des Téléconseiller.es en Allemand,Sun Contact,"Sun Contact recrute Des Téléconseiller.es en Allemand Germanophone dynamique, motivé(e) et doté(e) d’un excellent sens de la communication. › Profil recherché : Excellente maîtrise du français et de l’allemand (oral et écrit)… ...",,IT / Informatique,,,,,,,,2026-03-01,"Mar, 2026",Non,TunisieTravail,https://www.tunisietravail.net/sun-contact-recrute-des-teleconseiller-es-en-allemand-131049/
131126,Pharmahealth recrute Pharmacien.ne Responsable Contrôle Qualité,Pharmahealth,"Pharmahealth recrute Pharmacien.ne Responsable Contrôle Qualité Localisation : Béja, Tunisie Vos principales missions : Garantir la qualité et la conformité des analyses des matières premières, produits en cours et produits finis, conformément… ...",,IT / Informatique,,,,,Béja,,,2026-03-01,"Mar, 2026",Non,TunisieTravail,https://www.tunisietravail.net/pharmahealth-recrute-pharmacien-ne-responsable-controle-qualite-131126/
131069,The Residence recrute Animatrice Kids Club,The Residence,"The Residence recrute Animatrice Kids Club Profil recherché Expérience : Vous avez une expérience significative dans l’animation ou la gestion de clubs pour enfants, avec une maîtrise des enjeux de sécurité et… ...",,IT / Informatique,,,,,,,,2026-03-01,"Mar, 2026",Non,TunisieTravail,https://www.tunisietravail.net/the-residence-recrute-animatrice-kids-club-131069/
131084,Bo Digital Offre Stage en Marketing Digital,,"Bo Digital offre Stage en Marketing Digital Lieu : Nabeul ou à distance Niveau : Master (Marketing, Communication, Digital ou équivalent) Durée : 3 à 6 mois Disponibilité : dès que possible… ...",,IT / Informatique,,Stage,,,Nabeul,Stage,,2026-03-01,"Mar, 2026",Non,TunisieTravail,https://www.tunisietravail.net/bo-digital-offre-stage-en-marketing-digital-131084/
131125,Omos International is looking for Topographic Surveyor / Civil Technician,,"Omos International is looking for Topographic Surveyor / Civil Technician Experienced professionals to join our team for the construction of drilling platforms, access road opening, and infrastructure maintenance in remote desert environments.… ...",,IT / Informatique,,,,,,Télétravail,Teletravail,2026-03-01,"Mar, 2026",Non,TunisieTravail,https://www.tunisietravail.net/omos-international-is-looking-for-topographic-surveyor-civil-technician-131125/
131105,Cale Chaussures recrute des Ouvriers / des Ouvrières de Production,Cale Chaussures,Cale Chaussures recrute Des Ouvriers / Des Ouvrières de Production – Fabrication de Chaussures (Avec Ou Sans Expérience) Postes disponibles : Différents postes dans la chaîne de fabrication Expérience requise : Avec… ...,,Toutes offres Tunisie,,Sans expérience,,,,,,2026-03-01,"Mar, 2026",Non,TunisieTravail,https://www.tunisietravail.net/cale-chaussures-recrute-des-ouvriers-des-ouvrieres-de-production-131105/
131124,Omos International is looking for QA/QC Supervisor / Civil Engineer,,"Omos International is looking for QA/QC Supervisor / Civil Engineer Experienced professionals to join our team for the construction of drilling platforms, access road opening, and infrastructure maintenance in remote desert environments.… ...",,Toutes offres Tunisie,,,,,,Télétravail,Teletravail,2026-03-01,"Mar, 2026",Non,TunisieTravail,https://www.tunisietravail.net/omos-international-is-looking-for-qa-qc-supervisor-civil-engineer-131124/
131083,Omos International is looking for HSSE Supervisors,,"Omos International is looking for HSSE Supervisors Experienced professionals to join our team for the construction of drilling platforms, access road opening, and infrastructure maintenance in remote desert environments. • Role: Enforce… ...",,Toutes offres Tunisie,,,,,,Télétravail,Teletravail,2026-03-01,"Mar, 2026",Non,TunisieTravail,https://www.tunisietravail.net/omos-international-is-looking-for-hsse-supervisors-131083/
131114,Polysieges recrute Technicien Bureau d’Études,Polysieges,"Polysieges recrute Technicien Bureau d’Études Agencement & Fabrication (H/F) Pour accompagner notre développement et moderniser nos processus de production. Vos missions : Directement rattaché(e) à la direction, vous êtes le pivot entre… ...",,Toutes offres Tunisie,,,,,,,,2026-03-01,"Mar, 2026",Non,TunisieTravail,https://www.tunisietravail.net/polysieges-recrute-technicien-bureau-detudes-131114/
131091,Société Malibu Food recrute Responsable Cuisine Centrale,Société Malibu Food,"Société Malibu Food recrute Responsable Cuisine Centrale (Laboratoire, Traiteur) Pour superviser la production au sein de notre laboratoire et activité traiteur. › Missions principales : Organiser et superviser la production de la… ...",,IT / Informatique,,,,,,,,2026-03-01,"Mar, 2026",Non,TunisieTravail,https://www.tunisietravail.net/societe-malibu-food-recrute-responsable-cuisine-centrale-131091/
131040,K line Confection recrute Responsable de Production Textile,K line Confection,"K line Confection recrute Responsable de Production Textile Expérimenté , polyvalent avec un salaire motivant. Responsabilités : Pilotage de la production : il est chargé de la planification , de l’affectation et… ...",,IT / Informatique,,,,,,,,2026-03-01,"Mar, 2026",Non,TunisieTravail,https://www.tunisietravail.net/k-line-confection-recrute-responsable-de-production-textile-131040/
131145,Arobat recrute Chef Chantier,Arobat,La société Arobat de bâtiment et travaux spécialisé dans le domaine de construction recrute Chef Chantier Spécialisé en bâtiment lieux de travail tous le territoire Tunisien. Exigences : - Avoir l’esprit d’équipe… ...,,IT / Informatique,,,,,,,,2026-03-01,"Mar, 2026",Non,TunisieTravail,https://www.tunisietravail.net/arobat-recrute-chef-chantier-131145/
131142,Société Général des Traveaux et de Fluide recrute Ingénieur Energétique,Société Général des Traveaux et de Fluide,"Société Général des Traveaux et de Fluide recrute Ingénieur Energétique Le candidat retenu sera chargé de : Étudier, concevoir et dimensionner les installations de génie des fluides (CVC, plomberie, réseaux hydrauliques, etc.) Réaliser… ...",,IT / Informatique,,,,,,,,2026-03-01,"Mar, 2026",Non,TunisieTravail,https://www.tunisietravail.net/societe-general-des-traveaux-et-de-fluide-recrute-ingenieur-energetique-131142/
131164,Africhrome recrute Chimiste,Africhrome,"Africhrome recrute Chimiste Mission Analyse, Production et Procédés , Documentation et Reporting Comment postuler : Cette opportunité vous intéresse et votre profil correspond ? Envoyez-nous votre CV via le formulaire Pays /… ...",,IT / Informatique,,,,,,,,2026-03-01,"Mar, 2026",Non,TunisieTravail,https://www.tunisietravail.net/africhrome-recrute-chimiste-131164/
130609,Advisus By Ndc recrute Inspecteur Technique,Advisus By Ndc,"Dans le cadre du renforcement de son équipe, Advisus By Ndc bureau de contrôle technique basé à Tunis recrute Inspecteur Technique – Sécurité des Installations et Équipements Industriels (Tunis) A ce titre… ...",,IT / Informatique,,,,,Tunis,,,2026-03-01,"Mar, 2026",Non,TunisieTravail,https://www.tunisietravail.net/advisus-by-ndc-recrute-inspecteur-technique-130609/
131061,Tricom recrute des Télévendeurs,Tricom,"Tricom recrute Des Télévendeurs Des talents commerciaux capables de relever le défi. Si vous aimez convaincre, créer du lien et conclure des deals, ce poste est fait pour vous. Votre mission En… ...",,IT / Informatique,,,,,,,,2026-03-01,"Mar, 2026",Non,TunisieTravail,https://www.tunisietravail.net/tricom-recrute-des-televendeurs-131061/
130435,Kyriad Prestige City Center Tunis recrute Chef Pâtissier,Kyriad Prestige City Center Tunis,"Kyriad Prestige City Center Tunis recrute Chef Pâtissier Profil recherché Formation professionnelle en pâtisserie Expérience confirmée en hôtellerie, restaurant ou établissement similaire Passion pour la pâtisserie, sens du détail et esprit d’équipe… ...",,IT / Informatique,,Confirmé,,,Tunis,,,2026-03-01,"Mar, 2026",Non,TunisieTravail,https://www.tunisietravail.net/kyriad-prestige-city-center-tunis-recrute-chef-patissier-130435/
130855,Clinique la Rose recrute des Sages Femme – Maternité,Clinique la Rose,"Clinique la Rose recrute Des Sages Femme - Maternité Profil Vous êtes sage-femme diplômée et passionnée par la prise en charge des femmes et des nouveau-nés ? Rejoignez une clinique privée dynamique,… ...",,IT / Informatique,,,,,,,,2026-03-01,"Mar, 2026",Non,TunisieTravail,https://www.tunisietravail.net/clinique-la-rose-recrute-sage-femme-maternite-130855/
130865,Evo Control recrute Ingénieur en Génie Civil,Evo Control,Evo Control recrute Ingénieur en Génie Civil Missions principales : Examen des dossiers Suivi et contrôle des travaux Analyse technique et rédaction de rapports Coordination avec les différents intervenants Veille au respect… ...,,Ingénierie,,,,,,,,2026-03-01,"Mar, 2026",Non,TunisieTravail,https://www.tunisietravail.net/evo-control-recrute-ingenieur-en-genie-civil-130865/
131020,Ecostrafi Conseil Offre Stage Pfe en Finance et Management,,Ecostrafi Conseil Offre Stage Pfe en Finance et Management Missions: Participer au développement et à l’optimisation des stratégies commerciales Contribuer aux études de marché et aux analyses concurrentielles Aider à la mise… ...,,IT / Informatique,,Stage,,,,Stage,,2026-03-01,"Mar, 2026",Non,TunisieTravail,https://www.tunisietravail.net/ecostrafi-conseil-recrute-stage-pfe-en-finance-et-management-131020/
130977,Engineering and General Services EGS recrute Ingénieur Hydraulique Confirmé,Engineering and General Services EGS,"Engineering and General Services EGS est une société d’études pluridisciplinaires créée en 1989, implantée en Tunisie, exerce ses métiers en Tunisie et à l’International en développant ses activités et sa représentation au… ...",,IT / Informatique,,,,,,,,2026-03-01,"Mar, 2026",Non,TunisieTravail,https://www.tunisietravail.net/engineering-and-general-services-egs-recrute-ingenieur-hydraulique-confirme-130977/
100632,Ideal Chaud Froid recrute des Techniciens,Ideal Chaud Froid,"Ideal Chaud Froid recrute Des Techniciens Profil Techniciens qualifies en plomberie, chauffage central et climatisation avec expérience. Comment postuler Veuillez nous envoyer votre CV par mail Ville › Ariana Tel / Fax… ...",,IT / Informatique,,,,,Ariana,,,2026-03-01,"Mar, 2026",Non,TunisieTravail,https://www.tunisietravail.net/ideal-chaud-froid-recrute-des-techniciens-100632/
130992,Pharma Clean recrute Technicien Mécanique,Pharma Clean,Pharma Clean recrute Technicien Mécanique Lire et interpréter des plans techniques Monter et démonter des équipements mécaniques Diagnostiquer des pannes Effectuer la maintenance préventive et corrective Contrôler la conformité des pièces Rédiger… ...,,IT / Informatique,,,,,,,,2026-03-01,"Mar, 2026",Non,TunisieTravail,https://www.tunisietravail.net/pharma-clean-recrute-technicien-mecanique-130992/
130965,Newrest Tunisie recrute des Cuisinier.es,Newrest Tunisie,Newrest Tunisie recrute Des Cuisinier.es ›‍› Relevez un défi de taille : Devenez Cuisinier au cœur de notre expansion ! Vous avez la passion du produit et le goût de la performance… ...,,IT / Informatique,,,,,,,,2026-03-01,"Mar, 2026",Non,TunisieTravail,https://www.tunisietravail.net/newrest-tunisie-recrute-des-cuisinier-es-130965/
130891,Cabinet Saidi recrute Assistante de Direction Polyvalente,Cabinet Saidi,Cabinet Saidi recrute Assistante de Direction Polyvalente Destiné à assurer un soutien administratif et organisationnel auprès de la direction ainsi qu’un appui dans la gestion des activités du département d’expertise comptable. Attributions… ...,,IT / Informatique,,,,,,,,2026-03-01,"Mar, 2026",Non,TunisieTravail,https://www.tunisietravail.net/cabinet-saidi-recrute-assistante-de-direction-polyvalente-130891/
130944,Develop Mark recrute Motion Designer,Develop Mark,"Develop Mark recrute Motion Designer Missions : - Création d’animations motion design (réseaux sociaux, publicités, vidéos corporate, etc.) - Réalisation de shootings photo et vidéo pour les clients - Montage vidéo et… ...",,IT / Informatique,,,,,,,,2026-03-01,"Mar, 2026",Non,TunisieTravail,https://www.tunisietravail.net/develop-mark-recrute-motion-designer-130944/
130890,Cabinet Saidi recrute Réviseur en Comptabilité Française,Cabinet Saidi,"Cabinet Saidi, dans le cadre du renforcement de ses capacités d’intervention, notre Cabinet d’Expertise comptable et de commissariat aux comptes basé à Houmt Souk Djerba souhaite recruter Réviseur en Comptabilité Française Afin… ...",,IT / Informatique,,,,,,,,2026-03-01,"Mar, 2026",Non,TunisieTravail,https://www.tunisietravail.net/cabinet-saidi-recrute-reviseur-en-comptabilite-francaise-130890/
130929,Phoenix Distillery recrute Agent d’emballage,Phoenix Distillery,"Phoenix Distillery recrute Agent d’Emballage Mission : Préparer, conditionner et étiqueter les produits avant expédition. Contrôler la conformité des articles, vérifier les quantités et l’état des marchandises. Assurer la protection des produits… ...",,IT / Informatique,,,,,,,,2026-03-01,"Mar, 2026",Non,TunisieTravail,https://www.tunisietravail.net/phoenix-distillery-recrute-agent-demballage-130929/
130832,Linda Agency recrute Technicien Supérieur Électromécanique,Linda Agency,Linda Agency recrute Technicien Supérieur Électromécanique Senior Profil & Expérience Formation : Diplôme Supérieur en Électromécanique ou Automatismes. Expérience : 3 à 5 ans expérience en maintenance de lignes de biscuiterie (Exigence… ...,,IT / Informatique,3 à 5 ans,Senior,,,,,,2026-03-01,"Mar, 2026",Non,TunisieTravail,https://www.tunisietravail.net/linda-agency-recrute-technicien-superieur-electromecanique-senior-130832/
131038,Société Altitude Sarl recrute des Programmeurs Usinage FAO,Société Altitude Sarl,Société Altitude Sarl recrute Des Programmeurs Usinage FAO Profil recherché : Diplôme en génie mécanique. Maitrise du logiciel CFAO TopSolid ou autre. Bonne connaissance et maitrise des techniques d’usinage et choix des… ...,,IT / Informatique,,,,,,,,2026-03-01,"Mar, 2026",Non,TunisieTravail,https://www.tunisietravail.net/societe-altitude-sarl-recrute-programmeur-usinage-fao-131038/
131058,Motos Stars recrute Infographiste,Motos Stars,"Motos Stars recrute Infographiste Créatif(ve) et dynamique pour rejoindre notre équipe. Missions : Création de visuels pour les réseaux sociaux (Facebook, Instagram, etc.) Conception d’affiches publicitaires, flyers et supports marketing Création et… ...",,IT / Informatique,,,,,,,,2026-03-01,"Mar, 2026",Non,TunisieTravail,https://www.tunisietravail.net/motos-stars-recrute-infographiste-131058/
131143,Société Général des Traveaux et de Fluide recrute Technicien Supérieur Énergétique / Électromécanique,Société Général des Traveaux et de Fluide,"Société Général des Traveaux et de Fluide recrute Technicien Supérieur Énergétique / Électromécanique Les candidats retenu serons chargés de : Étudier, concevoir et dimensionner les installations de génie des fluides (CVC, plomberie, réseaux… ...",,IT / Informatique,,,,,,,,2026-03-01,"Mar, 2026",Non,TunisieTravail,https://www.tunisietravail.net/societe-general-des-traveaux-et-de-fluide-recrute-technicien-superieur-energetique-electromecanique-131143/
131118,Voyance Fr recrute des Téléconseillers Appels Sortants,Voyance Fr,Voyance Fr recrute Des Téléconseillers Appels Sortants Mission Appels sortants sur des leads qualifiés (personnes ayant fait une demande) Qualification des prospects › Pas de vente › Pas d’encaissement › Les consultations… ...,,IT / Informatique,,,,,,,,2026-03-01,"Mar, 2026",Non,TunisieTravail,https://www.tunisietravail.net/voyance-fr-recrute-des-teleconseillers-appels-sortants-131118/
131070,Excellent Customer Relation recrute des Télévendeurs Expérimentés,Excellent Customer Relation,Excellent Customer Relation recrute Des Télévendeurs Expérimentés En énergie (électricité & gaz) et télécommunication. › Profil recherché : Expérience obligatoire en télévente d’énergie et/ou télécommunication / centre d’appel Très bonne aisance téléphonique… ...,,IT / Informatique,,,,,,,,2026-03-01,"Mar, 2026",Non,TunisieTravail,https://www.tunisietravail.net/excellent-customer-relation-recrute-des-televendeurs-experimentes-131070/
130839,Lemtech recrute Styliste Modéliste,Lemtech,Lemtech recrute Styliste Modéliste Profil – Aptitude : • Le candidat H/F doit avoir une très bonne connaissance de la langue française tant à l’oral qu’à l’écrit • Master professionnel en design… ...,,IT / Informatique,,,,,,,,2026-03-01,"Mar, 2026",Non,TunisieTravail,https://www.tunisietravail.net/ste-lemtech-recrute-styliste-modeliste-130839/
131023,Albayrouni Medical Gafsa recrute Commercial Visiteur Parapharmaceutique,Albayrouni Medical Gafsa,Al bayrouni medical societe de distribution gros produits parapharmaceutiques recrute Gafsa Comercial Visiteur Parapharmaceutique Mission Commercial motorisé pour distribution de produits parapharmaceutiques Rémunérations intéressantes (commissions sur chiffre d affaires ) Comment postuler… ...,,IT / Informatique,,,,,Gafsa,,,2026-03-01,"Mar, 2026",Non,TunisieTravail,https://www.tunisietravail.net/albayrouni-medical-gafsa-recrute-commercial-visiteur-parapharmaceutique-131023/
130819,SOBAT recrute Métreur Vérificateur,SOBAT,SOBAT recrute Métreur Vérificateur Expérimenté pour renforcer notre équipe Profil recherché : • Minimum 3 ans d’expérience en métré • Maîtrise des techniques de métré • Disponibilité immédiate souhaitée Lieu : Zaghouan… ...,,IT / Informatique,3 ans d’exp,,,,Zaghouan,,,2026-03-01,"Mar, 2026",Non,TunisieTravail,https://www.tunisietravail.net/sobat-recrute-metreur-verificateur-130819/
130852,Ito Tunisia Sarl recrute Operations Specialist,Ito Tunisia Sarl,"Ito Tunisia Sarl recrute Operations Specialist Key Tasks & Responsibilities Coordinate and monitor all operational steps (pre-carriage, sea freight, on-carriage) Prepare, verify, and ensure conformity of all transport documentation Collect and validate… ...",,IT / Informatique,,,,,,,,2026-03-01,"Mar, 2026",Non,TunisieTravail,https://www.tunisietravail.net/ito-tunisia-sarl-recrute-operations-specialist-130852/
130729,New Call Center recrute Technicien Réseau et Voip,New Call Center,"New Call Center recrute Technicien Reseau et Voip Vos principales missions sont : • Assurer la protection et la surveillance de l’infrastructure informatique (réseaux, systèmes, données) contre les intrusions et les fuites… ...",,IT / Informatique,,,,,,,,2026-03-01,"Mar, 2026",Non,TunisieTravail,https://www.tunisietravail.net/new-call-center-recrute-technicien-reseau-et-voip-130729/
131065,Abk Traiteur recrute Responsables Expédition Activité Agroalimentaire,Abk Traiteur,Abk Traiteur recrute Responsables Expédition Activité Agroalimentaire Poste basé a Zone Industrielle Elmnihla › Missions principales : Assurer la bonne planification de la préparation des commandes Effectuer un contrôle continu des commandes… ...,,IT / Informatique,,,,,,,,2026-03-01,"Mar, 2026",Non,TunisieTravail,https://www.tunisietravail.net/abk-traiteur-recrute-responsables-expedition-activite-agroalimentaire-131065/
131123,Omos International is looking for Construction Supervisor / Civil Technician,,"Omos International is looking for Construction Supervisor / Civil Technician Experienced professionals to join our team for the construction of drilling platforms, access road opening, and infrastructure maintenance in remote desert environments.… ...",,IT / Informatique,,,,,,Télétravail,Teletravail,2026-03-01,"Mar, 2026",Non,TunisieTravail,https://www.tunisietravail.net/omos-international-is-looking-for-construction-supervisor-civil-technician-131123/
130910,Kit Concept recrute Architecte d’Intérieur,Kit Concept,"Kit Concept recrute Architecte d’Intérieur / Designer Espace Fille Profil Ayant une expérience minimal de deux ans dans le secteur des cuisines, dressing et agencement. Taches: Accueil clients Conception des cuisines, des… ...",,IT / Informatique,,,,,,,,2026-03-01,"Mar, 2026",Non,TunisieTravail,https://www.tunisietravail.net/kit-concept-recrute-architecte-dinterieur-2-130910/
131017,Academy For Higher Training recrute Formatrice Anglais,Academy For Higher Training,"Academy For Higher Training recrute Formatrice Anglais Mission - Maîtrise parfaite de l’anglais - Diplôme en langue anglaise - Sérieuse, motivée et dynamique. NB : fraîchement diplômée bienvenue Comment postuler : Cette… ...",,IT / Informatique,,,,,,,,2026-03-01,"Mar, 2026",Non,TunisieTravail,https://www.tunisietravail.net/academy-for-higher-training-recrute-formatrice-anglais-131017/
131178,H Factory recrute Technicien Agent Bureau d’Etudes,H Factory,"H Factory recrute Technicien Agent Bureau d’Etudes Missions : Intégré(e) à notre Bureau d’Études, vous serez en charge de la conception et de la modification de plans techniques. Vous travaillerez en étroite… ...",,IT / Informatique,,,,,,,,2026-03-01,"Mar, 2026",Non,TunisieTravail,https://www.tunisietravail.net/h-factory-recrute-technicien-agent-bureau-detudes-131178/
130967,Newrest Tunisie recrute Responsable d’Unité de Production,Newrest Tunisie,"Newrest Tunisie recrute Responsable d’Unité de Production › Pilotez notre croissance : Devenez Responsable d’Unité de Production ! L’activité de Newrest Tunisie accélère ! Portés par l’acquisition de nouveaux marchés stratégiques, nous… ...",,IT / Informatique,,,,,,,,2026-03-01,"Mar, 2026",Non,TunisieTravail,https://www.tunisietravail.net/newrest-tunisie-recrute-responsable-dunite-de-production-130967/
130934,Spark Talent Alliance recrute Photographe / Vidéaste et Diffusion Live,Spark Talent Alliance,Spark Talent Alliance recrute Photographe / Vidéaste et Diffusion Live Capable d’assurer la création de contenus visuels et la diffusion live depuis nos restaurants. › Missions principales : › Réaliser des shootings… ...,,IT / Informatique,,,,,,,,2026-03-01,"Mar, 2026",Non,TunisieTravail,https://www.tunisietravail.net/spark-talent-alliance-recrute-photographe-videaste-et-diffusion-live-130934/
131149,Tecnocasa Kairaoun recrute Agent Immobilier,Tecnocasa Kairaoun,Tecnocasa Kairaoun recrute Agent Immobilier › Vos missions : • Prospection terrain et développement d’un portefeuille clients • Estimation de biens immobiliers • Obtention de mandats de vente et de location •… ...,,Commercial / Vente,,,,,,,,2026-03-01,"Mar, 2026",Non,TunisieTravail,https://www.tunisietravail.net/tecnocasa-kairaoun-recrute-agent-immobilier-131149/
130990,Masmoudi Concept recrute Architecte d’Intérieur,Masmoudi Concept,"Masmoudi Concept recrute Architecte d’intérieur Profile recherché : - Expérience minimum 2 ans dans le domaine d’architecture d’intérieur - Maitrise parfaite des outils 2D et 3D - Bonnes compréhension des matériaux ,… ...",,IT / Informatique,,,,,,,,2026-03-01,"Mar, 2026",Non,TunisieTravail,https://www.tunisietravail.net/masmoudi-concept-recrute-architecte-dinterieur-130990/
130997,Laboratoire Dr Ines Abene recrute Technicien de Laboratoire d’Analyses,Laboratoire Dr Ines Abene,Laboratoire Dr Ines Abene recrute Technicien de Laboratoire d’Analyses Manouba Elagba Profil Technicienne qui maitrise parfaitement le prélèvement sanguin. Comment postuler : Cette opportunité vous intéresse et votre profil correspond ? Envoyez-nous… ...,,IT / Informatique,,,,,Manouba,,,2026-03-01,"Mar, 2026",Non,TunisieTravail,https://www.tunisietravail.net/laboratoire-dr-ines-abene-recrute-technicien-de-laboratoire-danalyses-130997/
131037,Medsirattraining recrute Chef AI Agent,Medsirattraining,"Medsirattraining recrute Chef AI Agent / Responsable Agents Intelligents Pilote la conception, l’orchestration et l’évolution d’un ensemble d’agents IA spécialisés, destinés à optimiser les opérations internes et soutenir les projets d’innovation de… ...",,IT / Informatique,,,,,,,,2026-03-01,"Mar, 2026",Non,TunisieTravail,https://www.tunisietravail.net/medsirattraining-recrute-chef-ai-agent-131037/
130933,Fadhel International Trading recrute Technicien Supérieur de Maintenance Industrielle,Fadhel International Trading,Fadhel International Trading recrute Technicien Supérieur de Maintenance Industrielle Mission Réaliser les interventions de maintenance préventive et curative sur les équipements et matériels de production Surveiller et entretenir régulièrement les équipements et… ...,,Ingénierie,,,,,,,,2026-03-01,"Mar, 2026",Non,TunisieTravail,https://www.tunisietravail.net/fadhel-international-trading-recrute-technicien-superieur-de-maintenance-industrielle-130933/
130926,Voxelia recrute des Téléconseillères Francophone,Voxelia,"Voxelia recrute Des Téléconseillères Francophone Pour des campagnes de prise de rendez-vous sur le marché français, dans le cadre d’un partenariat avec des Conseillers en Gestion de Patrimoine. Votre mission : Contacter… ...",,IT / Informatique,,,,,,,,2026-03-01,"Mar, 2026",Non,TunisieTravail,https://www.tunisietravail.net/voxelia-recrute-des-teleconseilleres-francophone-130926/
131064,CCSAV recrute des Agents Télémarketing Francophone B2B,CCSAV,CCSAV recrute Des Agents Télémarketing Francophone B2B › Profil recherché : Minimum 1 an d’expérience en télévente B2B (obligatoire) Excellente maîtrise du français (poste francophone) Excellente maîtrise du français et de l’anglais… ...,,Commercial / Vente,1 an d’exp,,,,,,,2026-03-01,"Mar, 2026",Non,TunisieTravail,https://www.tunisietravail.net/ccsav-recrute-des-agents-telemarketing-francophone-b2b-131064/
130823,Finélys Solution recrute des Commerciaux Mutuelle Santé,Finélys Solution,"Finélys Solution recrute Des Commerciaux Mutuelle Santé Nous souhaitons intégrer des profils capables de gérer l’ensemble du cycle de vente, de l’analyse du besoin client jusqu’à la concrétisation du contrat. › Profil… ...",,IT / Informatique,,,,,,,,2026-03-01,"Mar, 2026",Non,TunisieTravail,https://www.tunisietravail.net/finelys-solution-recrute-des-commerciaux-mutuelle-sante-130823/
131005,Icmed Connect recrute des Télévendeurs Btob – Contrats Énergies,Icmed Connect,"Icmed Connect recrute Télévendeurs Btob - Contrats Énergies (35H) Expérimenté(e)s pour la commercialisation de contrats d’électricité et de gaz en B to B Nous travaillons en partenariat avec plusieurs fournisseurs d’énergie, ce… ...",,IT / Informatique,,,,,,,,2026-03-01,"Mar, 2026",Non,TunisieTravail,https://www.tunisietravail.net/icmed-connect-recrute-des-televendeurs-btob-contrats-energies-131005/
60708,La Société Tunisienne de Biscuiterie Sotubi Saida Group recrute Technicien Supérieur Agro Alimentaire,La Société Tunisienne de Biscuiterie Sotubi Saida Group,"La société Tunisienne de Biscuiterie Sotubi Saida recrute Technicien Supérieur Agro Alimentaire Missions : * Assurer la mise en place, le maintien et la fiabilité du plan de contrôle qualité des produits… ...",,IT / Informatique,,,,,,,,2026-03-01,"Mar, 2026",Non,TunisieTravail,https://www.tunisietravail.net/la-societe-tunisienne-de-biscuiterie-sotubi-saida-group-recrute-technicien-superieur-agro-alimentaire-60708/
130327,Cerat recrute Commercial,Cerat,"Cerat dans le cadre de sa stratégie de développement, La société Céramique Artistique de Tunisie CERAT, recrute Commercial › Missions : Prospection et recherche de nouveaux clients Présentation et promotion des produits/services… ...",,IT / Informatique,,,,,,,,2026-03-01,"Mar, 2026",Non,TunisieTravail,https://www.tunisietravail.net/cerat-recrute-commercial-130327/
131128,Magasin Général recrute Responsable Contentieux,Magasin Général,Magasin Général recrute Responsable Contentieux Vous êtes passionné par le droit et souhaitez évoluer au sein d’un groupe structuré et dynamique ? Vous avez une solide expérience en gestion de contentieux et… ...,,IT / Informatique,,,,,,,,2026-03-01,"Mar, 2026",Non,TunisieTravail,https://www.tunisietravail.net/magasin-general-recrute-responsable-contentieux-131128/
127732,Chick’n Chips recrute des Caissiers.ères Boumhal,Chick’n Chips,Chick’n Chips recrute Des Caissiers.ères Boumhal Missions : • Accueil et service client • Prise de commandes & encaissement • Aide à la préparation en cuisine • Respect des normes d’hygiène et… ...,,Hôtellerie / Restauration,,,,,,,,2026-03-01,"Mar, 2026",Non,TunisieTravail,https://www.tunisietravail.net/chickn-chips-recrute-des-caissiers-eres-127732/
102865,Slim Fit recrute Assistante d’Accueil,Slim Fit,"Slim Fit recrute Assistante d’Accueil Missions : Accueil des adhérents Gestion des inscriptions et paiements Réponse aux messages et appels Suivi des réseaux sociaux Profil : Souriante, organisée, bon relationnel, esprit commercial.… ...",,IT / Informatique,,,,,,,,2026-03-01,"Mar, 2026",Non,TunisieTravail,https://www.tunisietravail.net/slim-fit-recrute-assistante-d-accueil-102865/
131204,Société Kharrat recrute Assistante Administrative et Financière,Société Kharrat,Société Kharrat recrute Assistante Administrative et Financière Profil Assistante motive et polyvalente Comment postuler : Cette opportunité vous intéresse et votre profil correspond ? Envoyez-nous votre CV via le formulaire Pays /… ...,,IT / Informatique,,,,,,,,2026-03-01,"Mar, 2026",Non,TunisieTravail,https://www.tunisietravail.net/societe-kharrat-recrute-assistante-administrative-et-financiere-131204/
130734,Vincci Saphir Palace and Spa recrute Contrôleur.se des Revenus,Vincci Saphir Palace and Spa,"Le Vincci Saphir Palace Hammamet, Hôtel 5, recrute Contrôleur.se des Revenus Missions principales : • Contrôler et analyser les revenus quotidiens de l’hôtel • Assurer la fiabilité des reportings et des clôtures… ...",,IT / Informatique,,,,,,,,2026-03-01,"Mar, 2026",Non,TunisieTravail,https://www.tunisietravail.net/vincci-saphir-palace-and-spa-recrute-controleur-se-des-revenus-130734/
129428,Business Hôtel recrute des Agents de Sécurité,Business Hôtel,Business Hôtel recrute Des Agents de Sécurité Mission Est chargé du contrôle de toutes les entrées et sorties dans l’hôtel. - Etablit les rapports de patrouille - Effectue les patrouilles à l’intérieur… ...,,IT / Informatique,,,,,,,,2026-03-01,"Mar, 2026",Non,TunisieTravail,https://www.tunisietravail.net/business-hotel-recrute-agent-de-securite-129428/
131185,Qcebe Canada recrute des Agents d’Entretien,Qcebe Canada,"Qcebe Canada recrute Des Agents d’Entretien Tu as de l’expérience en entretien ménager et tu est une personne organisée et efficace, une personne sociable qui apprécie tout particulièrement le contact avec les… ...",,IT / Informatique,,,,,,,,2026-03-01,"Mar, 2026",Non,TunisieTravail,https://www.tunisietravail.net/qcebe-canada-recrute-des-agents-d-entretien-131185/
131194,HMS Médical recrute Délégué Commercial,HMS Médical,"HMS Medical recrute Délégué Commercial Profil : Délégué commercial visite les médecins dentistes pour vendre nos produits. Niveau : Maîtrise ou certificat similaires aux: prothèse dentaire, réparation matériels médicaux, marketing... Exigences :… ...",,IT / Informatique,,,,,,,,2026-03-01,"Mar, 2026",Non,TunisieTravail,https://www.tunisietravail.net/hms-medical-recrute-delegue-commercial-131194/
131196,Hashtag Agency Offre Stage Assistante Administrative,,"Hashtag Agency Offre Stage Assistante Administrative Durée : 3 à 6 mois Lieu : Berges du Lac 1 Disponibilité : Dès que possible Missions principales - Assurer le suivi administratif quotidien (classement,… ...",,IT / Informatique,,Stage,,,Lac,Stage,,2026-03-01,"Mar, 2026",Non,TunisieTravail,https://www.tunisietravail.net/hashtag-agency-offre-stage-assistante-administrative-131196/
111543,Hôtel Green Golf recrute Réceptionniste,Hôtel Green Golf,"Hôtel Green Golf recrute Réceptionniste Profil – Expérience souhaitée – Maîtrise des outils informatiques – Rigueur et précision – Sens de l’organisation, Capacité d’écoute et d’adaptation Missions : Accueillir et orienter les… ...",,IT / Informatique,,,,,,,,2026-03-01,"Mar, 2026",Non,TunisieTravail,https://www.tunisietravail.net/hotel-green-golf-recrute-receptionniste-111543/
129644,Établissement Didon recrute des Enseignant.es,Établissement Didon,"Établissement Didon Le Collège du Lac, établissement pilote privé situé à Lac 1, recrute Des Enseignant.es Vous êtes passionné(e) par l’éducation et souhaitez faire vos premiers pas dans l’enseignement ? Notre programme… ...",,IT / Informatique,,,,,Lac,,,2026-03-01,"Mar, 2026",Non,TunisieTravail,https://www.tunisietravail.net/etablissement-didon-recrute-des-enseignant-es-129644/
131193,Portaops recrute Assistant Administration des Ventes,Portaops,"Portaops recrute Assistant Administration des Ventes (ADV) – Marché Français (100% Télétravail) Pour structurer et sécuriser notre activité. ADV basé(e) en 100% télétravail, pour travailler sur le marché français. Pourquoi ce poste… ...",,IT / Informatique,,,,,,Télétravail,Teletravail,2026-03-01,"Mar, 2026",Non,TunisieTravail,https://www.tunisietravail.net/portaops-recrute-assistant-administration-des-ventes-131193/
131190,Soft Travel et Events recrute Agent de Réservation,Soft Travel et Events,Soft Travel et Events recrute Agent de Réservation Hôtel et billetterie Profil Niveau : min expérience 3 ans Comment postuler : Cette opportunité vous intéresse et votre profil correspond ? Envoyez-nous votre… ...,,IT / Informatique,,,,,,,,2026-03-01,"Mar, 2026",Non,TunisieTravail,https://www.tunisietravail.net/soft-travel-et-events-recrute-agent-de-reservation-131190/
130104,Ferme Haithem Sakkal recrute Responsable d’Exploitation,Ferme Haithem Sakkal,"Ferme Haithem Sakkal recrute Responsable d’exploitation Mission Suivi quotidien des parcelles Application et contrôle des programmes d’irrigation et de fertigation Supervision des travaux agricoles : Taille, désherbage, fertilisation, traitements phytosanitaires, récolte Encadrement… ...",,IT / Informatique,,,,,,,,2026-03-01,"Mar, 2026",Non,TunisieTravail,https://www.tunisietravail.net/ferme-haithem-sakkal-recrute-responsable-dexploitation-130104/
129438,Tricom recrute des Chargé.es de Qualité,Tricom,"Tricom recrute Des Chargé.es de Qualité Rattaché au Responsable qualité, le CQ aura pour missions de : • Assurer des contrôles de qualité en Auditant les RDV et en veillant à la… ...",,IT / Informatique,,,,,,,,2026-03-01,"Mar, 2026",Non,TunisieTravail,https://www.tunisietravail.net/tricom-recrute-des-charge-es-de-qualite-129438/
130941,Magasin Général recrute Chef de Dépôt,Magasin Général,"Magasin Général recrute Chef de Dépôt Pour ses dépôts situés à Borj Cedria et Sfax. Rattaché(e) à la direction LOGISTIQUE, vous aurez pour mission principale d’assurer la gestion globale de l’entrepôt et… ...",,IT / Informatique,,,,,Sfax,,,2026-03-01,"Mar, 2026",Non,TunisieTravail,https://www.tunisietravail.net/magasin-general-recrute-chef-de-depot-130941/
129707,Plan B recrute Chef Comptable,Plan B,"Plan B recrute Chef Comptable Rattaché(e) à la Direction Générale, le/la Chef Comptable est responsable de la supervision de l’ensemble des opérations de comptabilité générale. Il/elle veille à la production d’états financiers… ...",,IT / Informatique,,,,,,,,2026-03-01,"Mar, 2026",Non,TunisieTravail,https://www.tunisietravail.net/plan-b-recrute-chef-comptable-129707/
131140,Canadian International School Of Tunis recrute Directeur Administratif et Financier – DAF,Canadian International School Of Tunis,"Canadian International School Of Tunis recrute Directeur Administratif et Financier - DAF 1. Mission Générale Placé sous l’autorité de la Direction Générale, le DAF assure la gestion saine et optimisée des ressources… ...",,IT / Informatique,,Directeur,,,Tunis,,,2026-03-01,"Mar, 2026",Non,TunisieTravail,https://www.tunisietravail.net/canadian-international-school-of-tunis-recrute-directeur-administratif-et-financier-daf-131140/
131170,Afrique Auto recrute Commercial,Afrique Auto,"Afrique Auto recrute Commercial Mission Chargé de développer et fidéliser le portefeuille clients dans le domaine des pièces de rechange automobiles. Vous serez responsable de la prospection de nouveaux clients, du suivi… ...",,IT / Informatique,,,,,,,,2026-03-01,"Mar, 2026",Non,TunisieTravail,https://www.tunisietravail.net/afrique-auto-recrute-commercial-131170/
131089,Société Mestiri recrute Commercial,Société Mestiri,Société Mestiri recrute Commercial - Sousse / Tunis Mission Contact et prospection des nouveaux clients et poursuivre la relation avec les anciens clients . Servir et passer les commandes clients . Agir… ...,,IT / Informatique,,,,,Tunis,,,2026-03-01,"Mar, 2026",Non,TunisieTravail,https://www.tunisietravail.net/societe-mestiri-recrute-commercial-131089/
131134,Process Inspection & Control Pic recrute Responsable Commerciale et Marketing,Process Inspection & Control Pic,"Process Inspection & Control Pic est un leader reconnu dans le domaine du contrôle et de l’inspection technique. Avec une équipe de collaborateurs, ingénieurs et techniciens, nous accompagnons les plus grands projets… ...",,IT / Informatique,,,,,,,,2026-03-01,"Mar, 2026",Non,TunisieTravail,https://www.tunisietravail.net/process-inspection-control-pic-recrute-responsable-commerciale-et-marketing-131134/
131151,CMCA Concessionnaire Automobile recrute Magasinier,CMCA Concessionnaire Automobile,"CMCA Concessionnaire Automobile recrute Magasinier Qualifié pour renforcer son équipe. Missions principales : - Réceptionner, contrôler et stocker les pièces de rechange et accessoires automobiles. - Gérer les entrées et sorties de… ...",,Hôtellerie / Restauration,,,,,,,,2026-03-01,"Mar, 2026",Non,TunisieTravail,https://www.tunisietravail.net/cmca-recrute-poste-magasinier-131151/
131144,Siyadah Ai recrute Développeur IA Senior Python – Arabie Saudite,Siyadah Ai,Siyadah Ai recrute Développeur IA Senior Python - Arabie Saudite Avec au moins 3 ans d’expérience en intelligence artificielle et machine learning pour rejoindre notre équipe en Arabie Saoudite. Le candidat participera… ...,,IT / Informatique,3 ans d’exp,Senior,,,,,,2026-03-01,"Mar, 2026",Non,TunisieTravail,https://www.tunisietravail.net/siyadah-ai-recrute-developpeur-ia-senior-python-arabie-saudite-131144/
109397,Optima Software Services Plus O2SPlus recrute Consultant Fonctionnel et Technique,Optima Software Services Plus O2SPlus,"Optima Software Services Plus O2SPlus, Dans le cadre de notre développement, nous renforçons notre équipe études et développement par le recrutement Consultant Fonctionnel et Technique Rattaché(e) au Directeur Technique, vous intégrez notre… ...",,Ressources Humaines,,Directeur,,,,,,2026-03-01,"Mar, 2026",Non,TunisieTravail,https://www.tunisietravail.net/o2splus-recrute-consultant-fonctionnel-et-technique-109397/
131152,Canadian International School Of Tunis recrute Comptable Scolaire,Canadian International School Of Tunis,Canadian International School Of Tunis recrute Comptable Scolaire Motivé(e) et rigoureux(se) pour accompagner la gestion financière de l’établissement. Vos principales missions : • Assurer la comptabilité générale et le suivi des opérations… ...,,IT / Informatique,,,,,Tunis,,,2026-03-01,"Mar, 2026",Non,TunisieTravail,https://www.tunisietravail.net/canadian-international-school-of-tunis-recrute-comptable-scolaire-131152/
131137,Clinique Didon recrute Responsable Commercial et Marketing,Clinique Didon,Clinique Didon recrute Responsable Commercial et Marketing › Vos principales missions : Définir et piloter la stratégie commerciale et marketing de la clinique Développer la notoriété et l’image de marque de l’établissement… ...,,IT / Informatique,,,,,,,,2026-03-01,"Mar, 2026",Non,TunisieTravail,https://www.tunisietravail.net/clinique-didon-recrute-responsable-commercial-et-marketing-131137/
131094,Etablissement Mhirsi Abrasifs recrute Responsable Parc,Etablissement Mhirsi Abrasifs,"Etablissement Mhirsi Abrasifs recrute Responsable Parc Mission: Assurer la gestion, le suivi et l’optimisation du parc de véhicules de l’entreprise Assurer le suivi quotidien du parc (véhicules légers, utilitaires, camions). Planifier et… ...",,IT / Informatique,,,,,,,,2026-03-01,"Mar, 2026",Non,TunisieTravail,https://www.tunisietravail.net/etablissement-mhirsi-abrasifs-recrute-responsable-parc-131094/
109392,Optima Software Services Plus O2SPlus recrute Développeur WinDev,Optima Software Services Plus O2SPlus,"Optima Software Services Plus O2SPlus, Dans le cadre de notre développement, nous renforçons notre équipe études et développement par le recrutement Développeur WinDev Description du poste : - Vous êtes passionné par… ...",,IT / Informatique,,,,,,,,2026-03-01,"Mar, 2026",Non,TunisieTravail,https://www.tunisietravail.net/o2splus-recrute-developpeur-windev-109392/
131167,Advancia SPG Group recrute Sales Representative,Advancia SPG Group,Advancia SPG Group recrute Sales Representative Mission • Description de la mission : - Prospecter de nouveaux clients et développer de nouvelles opportunités sur les produits IT - Gérer et fidéliser un… ...,,IT / Informatique,,,,,,,,2026-03-01,"Mar, 2026",Non,TunisieTravail,https://www.tunisietravail.net/advancia-spg-group-recrute-sales-representative-131167/
131103,Beauty Best Way recrute des Téléconseillères Tourisme Médical,Beauty Best Way,"Beauty Best Way recrute Téléconseillères – Tourisme Médical Horaire : Du lundi au vendredi, de 09h00 à 18h00 Poste en présentiel - Tunis Beb Laasal Week-end off Vos missions : Accueillir, informer… ...",,Hôtellerie / Restauration,,,,,Tunis,,Sur site,2026-03-01,"Mar, 2026",Non,TunisieTravail,https://www.tunisietravail.net/beauty-best-way-recrute-des-teleconseilleres-tourisme-medical-131103/
131072,Ideryet recrute Commerciale IT,Ideryet,Ideryet recrute Commerciale IT Mission · Développer et gérer un portefeuille clients B2B · Prospecter de nouveaux clients et identifier des opportunités commerciales. · Promouvoir et vendre des solutions IT : matériel… ...,,IT / Informatique,,,,,,,,2026-03-01,"Mar, 2026",Non,TunisieTravail,https://www.tunisietravail.net/ideryet-recrute-commerciale-it-131072/
131090,Société Malibu Food recrute Contrôleur F and B,Société Malibu Food,"Société Malibu Food recrute Contrôleur F and B (Food and Beverage) › Missions principales : Contrôler les achats, les stocks et les consommations des produits alimentaires et boissons. Suivre les coûts et… ...",,IT / Informatique,,,,,,,,2026-03-01,"Mar, 2026",Non,TunisieTravail,https://www.tunisietravail.net/societe-malibu-food-recrute-controleur-f-and-b-131090/
131028,Mazzaro Milano recrute Responsable Magasin Sfax,Mazzaro Milano,Mazzaro Milano recrute Responsable Magasin Sfax Responsabilités principales : * Gérer un point de vente * Développer les chiffres d’affaires * Former et gérer des équipes ... * Assurer l’accueil des clients… ...,,IT / Informatique,,,,,Sfax,,,2026-03-01,"Mar, 2026",Non,TunisieTravail,https://www.tunisietravail.net/mazzaro-milano-recrute-responsable-magasin-sfax-131028/
130863,Sheee recrute Ingénieure en Électricité,Sheee,Sheee recrute Ingénieure en Électricité Missions principales : Superviser les travaux d’installation électrique (HT/MT/BT). Assurer le suivi technique des chantiers. Réaliser les plans et schémas électriques. Contrôler la conformité des installations selon… ...,,IT / Informatique,,,,,,,,2026-03-01,"Mar, 2026",Non,TunisieTravail,https://www.tunisietravail.net/sheee-recrute-ingenieure-en-electricite-130863/
130887,Mice Travel recrute Chef de Projets Sénior,Mice Travel,Mice Travel recrute Chef de Projets Sénior Profil recherché : Diplôme : Licence ou Master Expérience : au moins 3 ans dans le secteur Touristique ou Hôtelier ou événementiel Langue : Bonne… ...,,Hôtellerie / Restauration,,,,,,,,2026-03-01,"Mar, 2026",Non,TunisieTravail,https://www.tunisietravail.net/mice-travel-recrute-chef-de-projets-senior-130887/
129702,Prochimat recrute des Agents de Gardiennage,Prochimat,Prochimat recrute Des Agents de Gardiennage Lieu de travail : Sousse – Sidi Abdelhamid Profil recherché : Sérieux et motivé pour assurer la sécurité de notre site à Sousse. Âge entre 45… ...,,IT / Informatique,,,,,Sousse,,,2026-03-01,"Mar, 2026",Non,TunisieTravail,https://www.tunisietravail.net/prochimat-recrute-des-agents-de-gardiennage-129702/
129956,Graphika recrute des Techniciens,Graphika,"Graphika recrute Des Techniciens (H/F) Profil : Impression, finition, …. Avec au sans expérience Exigences de l’emploi: Organisé, ponctuel, esprit d’équipe Langues: • Arabe • Français Comment postuler : Cette opportunité vous… ...",,IT / Informatique,,Sans expérience,,,,,,2026-03-01,"Mar, 2026",Non,TunisieTravail,https://www.tunisietravail.net/graphika-recrute-des-techniciens-129956/
131011,Kyriad Prestige City Center Tunis recrute Hygiéniste,Kyriad Prestige City Center Tunis,Kyriad Prestige City Center Tunis recrute Hygiéniste Profil recherché : › Expérience exigée en hôtellerie (minimum 2 ans) › Maîtrise des normes d’hygiène et de sécurité › Rigueur et sens de l’organisation… ...,,IT / Informatique,,,,,Tunis,,,2026-03-01,"Mar, 2026",Non,TunisieTravail,https://www.tunisietravail.net/kyriad-prestige-city-center-tunis-recrute-hygieniste-131011/
130975,Engineering and General Services EGS recrute Ingénieur Génie Civil Junior,Engineering and General Services EGS,"Engineering and General Services EGS est une société d’études pluridisciplinaires créée en 1989, implantée en Tunisie, exerce ses métiers en Tunisie et à l’International en développant ses activités et sa représentation au… ...",,IT / Informatique,,,,,,,,2026-03-01,"Mar, 2026",Non,TunisieTravail,https://www.tunisietravail.net/engineering-and-general-services-egs-recrute-ingenieur-genie-civil-junior-130975/
131122,Omos International is looking for Project Manager / Civil Engineer,,"Omos International is looking for Project Manager / Civil Engineer Experienced professionals to join our team for the construction of drilling platforms, access road opening, and infrastructure maintenance in remote desert environments.… ...",,Toutes offres Tunisie,,Manager,,,,Télétravail,Teletravail,2026-03-01,"Mar, 2026",Non,TunisieTravail,https://www.tunisietravail.net/omos-international-is-looking-for-project-manager-civil-engineer-131122/
131031,Loussaief Consulting et Assisatnce recrute des Commerciaux Freelance,Loussaief Consulting et Assisatnce,Loussaief Consulting et Assisatnce recrute Des Commerciaux Freelance Pour une collaboration basée sur la performance. › Votre rôle : • Prospecter et développer un portefeuille clients • Identifier et convaincre les opérateurs… ...,,IT / Informatique,,,,,,Freelance,,2026-03-01,"Mar, 2026",Non,TunisieTravail,https://www.tunisietravail.net/loussaief-consulting-et-assisatnce-recrute-des-commerciaux-freelance-131031/
130974,Câblage Electrique Tunisie recrute des Chefs de Ligne – Câblages Automobile,Câblage Electrique Tunisie,Câblage Electrique Tunisie recrute Des Chefs de Ligne - Câblages Automobile - Menzel Bourguiba Profil - Niveau BAC› - Expérience 2 ans min dans un poste similaire - Connaissance de la langue… ...,,Ingénierie,,,,,,,,2026-03-01,"Mar, 2026",Non,TunisieTravail,https://www.tunisietravail.net/cablage-electrique-tunisie-recrute-des-chefs-de-ligne-cablages-automobile-130974/
131003,Sigma Audit recrute Auditeur Comptable,Sigma Audit,"Sigma Audit recrute Auditeur Comptable Description Vous êtes dynamique, rigoureux(se). Vous aimez le travail en équipe et les tâches diversifiées. Vous maitrisez parfaitement le Français (oral › écrit) Vos missions : -… ...",,IT / Informatique,,,,,,,,2026-03-01,"Mar, 2026",Non,TunisieTravail,https://www.tunisietravail.net/sigma-audit-recrute-auditeur-comptable-131003/
130616,H Factory recrute des Ouvriers,H Factory,H Factory recrute Des Ouvriers تقوم شركة H Factory بتوظيف مشغلي آلات المتطلبات المطلوبة: مشغلو آلات حاصلون على شهادة CAP أو PDP أو BTS. الإقامة بالقرب من المناطق التالية: شبّة، فوشانة، المحمدية،… ...,,Toutes offres Tunisie,,,,,,,,2026-03-01,"Mar, 2026",Non,TunisieTravail,https://www.tunisietravail.net/h-factory-recrute-des-ouvriers-130616/
129700,Allocab recrute Commercial Sédentaire en Véhicule Électrique,Allocab,Allocab recrute Commercial Sédentaire en Véhicule Électrique Vos missions Vous disposez idéalement d’une expérience réussie dans la vente de services de location longue durée. Vous maîtrisez les techniques de vente modernes :… ...,,IT / Informatique,,,,,,,,2026-03-01,"Mar, 2026",Non,TunisieTravail,https://www.tunisietravail.net/allocab-recrute-commercial-sedentaire-en-vehicule-electrique-129700/
130771,Hôtel Nozha Beach recrute Sous Chef de Cuisine,Hôtel Nozha Beach,Hôtel Nozha Beach recrute Sous Chef de Cuisine Profil Sous chef de cuisine avec une expérience exigée Comment postuler : Cette opportunité vous intéresse et votre profil correspond ? Envoyez-nous votre CV… ...,,IT / Informatique,,,,,,,,2026-03-01,"Mar, 2026",Non,TunisieTravail,https://www.tunisietravail.net/hotel-nozha-beach-recrute-sous-chef-de-cuisine-130771/
128184,Easyprint recrute Assistant Achat,Easyprint,"Easyprint recrute Assistant(E) Achat Mission principale : Assister le service achats dans la gestion administrative et opérationnelle des achats afin d’assurer l’approvisionnement de l’entreprise dans les meilleures conditions de coût, de qualité… ...",,IT / Informatique,,,,,,,,2026-03-01,"Mar, 2026",Non,TunisieTravail,https://www.tunisietravail.net/easyprint-recrute-assistant-achat-128184/
128173,Tunisian Food Company recrute des Équipier.eres,Tunisian Food Company,"Tunisian Food Company recrute Des Équipier.eres Vous êtes motivé(e), dynamique et prêt(e) à rejoindre une équipe jeune et engagée ? Ce poste est fait pour vous ! › Profil recherché : Aucune… ...",,IT / Informatique,,,,,,,,2026-03-01,"Mar, 2026",Non,TunisieTravail,https://www.tunisietravail.net/tunisian-food-company-recrute-des-equipier-eres-128173/
131093,Luxury House recrute Comptable,Luxury House,Luxury House recrute Comptable Responsabilités – Gestion des comptes clients et fournisseurs – Suivi des paiements et des recouvrements – Arrêter les états financiers Pointage / paie Banque / CNSS/ les fiche… ...,,IT / Informatique,,,,,,,,2026-03-01,"Mar, 2026",Non,TunisieTravail,https://www.tunisietravail.net/luxury-house-recrute-comptable-131093/
128183,Easyprint recrute Techico Commercial,Easyprint,"Easyprint recrute Techico Commercial (H/F) Mission principale Assurer la prospection, le développement et le suivi du portefeuille clients tout en apportant des solutions techniques adaptées aux besoins des clients afin d’atteindre les… ...",,IT / Informatique,,,,,,,,2026-03-01,"Mar, 2026",Non,TunisieTravail,https://www.tunisietravail.net/easyprint-recrute-techico-commercial-128183/
125706,Boraplast Group recrute Assistante de Production,Boraplast Group,Boraplast Group recrute Assistante de Production Activités principales · Planifier la production avec les responsables d’atelier · Coordonner les exigences de production et les nécessités de maintenance · Assurer les communications avec… ...,,IT / Informatique,,,,,,,,2026-03-01,"Mar, 2026",Non,TunisieTravail,https://www.tunisietravail.net/boraplast-group-recrute-assistante-de-production-125706/
122757,Boraplast Group recrute Assistante Administrative,Boraplast Group,Boraplast Group recrute Assistante Administrative Qualifications demandées Maîtrisant parfaitement bien l’anglais et le Français. Ponctuelle Présentable Excellente capacité d’écoute et de communication Faire des déplacements internationaux Rigoureuse. Comment postuler Merci d’envoyer votre… ...,,IT / Informatique,,,,,,,,2026-03-01,"Mar, 2026",Non,TunisieTravail,https://www.tunisietravail.net/bora-recrute-assistante-administrative-122757/
130920,Bmc Sarl recrute Account et Content Manager Social Media,Bmc Sarl,"Bmc Sarl recrute Account et Content Manager Social Media Pour assurer la relation client et la gestion des réseaux sociaux. Mission En tant qu’Account & Community Manager, vous serez en charge de… ...",,IT / Informatique,,Manager,,,,,,2026-03-01,"Mar, 2026",Non,TunisieTravail,https://www.tunisietravail.net/bmc-sarl-recrute-account-et-content-manager-social-media-130920/
131043,Clinique Ennasr recrute Technicien Informatique,Clinique Ennasr,Clinique Ennasr recrute Technicien Informatique Sexe : Homme/Femme Études : BAC›3 ou équivalant Âge : Indifférent Expérience : Souhaitable Lieu de travail : Ennasr 2 Au sein de la Direction des Systèmes… ...,,IT / Informatique,,,,,Ennasr,,,2026-03-01,"Mar, 2026",Non,TunisieTravail,https://www.tunisietravail.net/clinique-ennasr-recrute-technicien-informatique-131043/
129115,Manfin International recrute Junior Business Developer,Manfin International,Manfin International (Bureau de liaison CCM Worldwide - Tunisie) recrute Business Developer Pour piloter sa croissance auprès des plus grandes institutions internationales. Votre mission Identifier et concrétiser des opportunités de projets financés… ...,,IT / Informatique,,,,,,,,2026-03-01,"Mar, 2026",Non,TunisieTravail,https://www.tunisietravail.net/manfin-international-recrute-junior-business-developer-129115/
128152,Tunisian Food Company recrute Aide Cuisinier,Tunisian Food Company,"Tunisian Food Company recrute Aide Cuisinier (H/F) Dans le cadre du renforcement de notre équipe, nous recherchons un(e) Aide Cuisinier(e) motivé(e), dynamique et prêt(e) à s’investir. Sous la supervision du manager de… ...",,IT / Informatique,,Manager,,,,,,2026-03-01,"Mar, 2026",Non,TunisieTravail,https://www.tunisietravail.net/tunisian-food-company-recrute-aide-cuisinier-128152/
128727,Tunisie Plastiques Systèmes recrute Technicien Métrologie,Tunisie Plastiques Systèmes,Tunisie Plastiques Systèmes recrute Technicien Métrologie Mission: - Traiter les demandes de métrologie et les intégrer au planning - Elaborer la méthode de mesure appropriée en fonction de la demande - Créer… ...,,IT / Informatique,,,,,,,,2026-03-01,"Mar, 2026",Non,TunisieTravail,https://www.tunisietravail.net/tunisie-plastiques-systemes-recrute-technicien-metrologie-128727/
125419,Enpal Italia Italie recrute Technicien Support Technique,Enpal Italia Italie,Enpal Italia Italie recrute Technicien Support Technique - Expérience Indispensable dans le Photovoltaïque & les Pompes à Chaleur pour le marché italien Description du poste & Responsabilités - Fournir une assistance technique… ...,,IT / Informatique,,,,,,,,2026-03-01,"Mar, 2026",Non,TunisieTravail,https://www.tunisietravail.net/enpal-italia-italie-recrute-technicien-support-technique-125419/
128496,Excellence Training Center recrute Formateur en Langue Française,Excellence Training Center,"Excellence Training Center recrute Formateur en Langue Française Capable d’enseigner les niveaux scolaires: 2eme ,3eme et bac si non s’abstenir Profil: Niveau universitaire Sérieux et disponible Maîtrise parfaitement la langue française Réside… ...",,IT / Informatique,,,,,,,,2026-03-01,"Mar, 2026",Non,TunisieTravail,https://www.tunisietravail.net/excellence-training-center-recrute-enseignante-francais-128496/
129151,Magic Autos recrute Chef d’Atelier Mécanique,Magic Autos,"La société Magic Autos, spécialisée dans les services automobiles (réparation, entretien, nettoyage et diagnostic), recrute Chef d’Atelier Mécanique Profil recherché : Expérience minimum 2 ans en tant que Chef d’Atelier Mécanique Excellentes… ...",,IT / Informatique,,,,,,,,2026-03-01,"Mar, 2026",Non,TunisieTravail,https://www.tunisietravail.net/magic-autos-recrute-chef-datelier-mecanique-129151/
131171,Afrique Auto recrute Technicien en Bureautique et Informatique de Gestion,Afrique Auto,Afrique Auto recrute Technicien en Bureautique et Informatique de Gestion Mission Chargé d’assurer la facturation quotidienne et le suivi rigoureux et régulier des stocks. Vous veillerez à la fiabilité des données et… ...,,IT / Informatique,,,,,,,,2026-03-01,"Mar, 2026",Non,TunisieTravail,https://www.tunisietravail.net/afrique-auto-recrute-technicien-en-bureautique-et-informatique-de-gestion-131171/
130438,Société Yazis Pneu recrute Assistante Administrative et Comptable,Société Yazis Pneu,"Société Yazis Pneu recrute Assistante Administrative et Comptable › Profil recherché : Formation en comptabilité (Bac ›3 minimum ,Bac ›5 idéal ) Comment postuler : Cette opportunité vous intéresse et votre profil… ...",,IT / Informatique,,,,,,,,2026-03-01,"Mar, 2026",Non,TunisieTravail,https://www.tunisietravail.net/societe-yazis-pneu-recrute-assistante-administrative-et-comptable-130438/
129374,Kymeos Mea recrute Account Manager Anglophone et Francophone,Kymeos Mea,"Kymeos Mea recrute Account Manager Anglophone et Francophone MEA Votre mission : En tant qu’Account Manager, vous serez responsable de la gestion et du développement d’un portefeuille clients sur la zone qui… ...",,Toutes offres Tunisie,,Manager,,,,,,2026-03-01,"Mar, 2026",Non,TunisieTravail,https://www.tunisietravail.net/kymeos-mea-recrute-account-manager-anglophone-et-francophone-129374/
125397,Saybolt Tunisie recrute Assistant Administratif et Ressources Humaines,Saybolt Tunisie,Saybolt Tunisie recrute Assistant Administratif et Ressources Humaines Saybolt Tunisie recrute Assistant Administratif et Ressources Humaines Missions principales • Gestion administrative o Assurer la gestion quotidienne des tâches administratives : gestion du… ...,,Ressources Humaines,,,,,,,,2026-03-01,"Mar, 2026",Non,TunisieTravail,https://www.tunisietravail.net/saybolt-tunisie-recrute-assistant-administratif-et-ressources-humaines-125397/
127567,Arines Travel Services recrute Agent de Voyage,Arines Travel Services,"Arines Travel Services recrute Agent de Voyage Contrat CIVP Mission Conseiller les clients sur les destinations, les séjours et les services de voyage. Organiser et gérer les réservations de vols, hôtels et… ...",,Hôtellerie / Restauration,,,,,,CIVP,,2026-03-01,"Mar, 2026",Non,TunisieTravail,https://www.tunisietravail.net/arines-travel-services-recrute-agent-de-voyage-127567/
130768,Call-Lab recrute des Téléconseillers,Call-Lab,"Call-Lab recrute Des Téléconseillers Êtes-vous un chasseur dans l’âme, passionné par la conversation et l’atteinte d’objectifs ambitieux ? Avez-vous une fibre commerciale qui ne demande qu’à s’exprimer pleinement ? Nous recherchons des… ...",,IT / Informatique,,,,,,,,2026-03-01,"Mar, 2026",Non,TunisieTravail,https://www.tunisietravail.net/call-lab-recrute-des-teleconseillers-130768/
125818,Regency Nannies Canada recrute des Conseiller.ères Pédagogique,Regency Nannies Canada,Regency Nannies Canada recrute Des Conseiller.ères Pédagogique Spécialisé.e en Troubles d’Apprentissage Responsabilités principales - Effectuer des rencontres vidéo avec les étudiants et leurs familles pour évaluer leurs besoins et proposer des solutions… ...,,IT / Informatique,,,,,,,,2026-03-01,"Mar, 2026",Non,TunisieTravail,https://www.tunisietravail.net/regency-nannies-recrute-conseiller-ere-pedagogique-125818/
130905,Premiumcom Group recrute des Télévendeurs Téléphonie Btoc Expérimentés,Premiumcom Group,"Premiumcom Group recrute Des Télévendeurs Téléphonie BtoC Expérimentés Description du poste A l’issue de votre formation et avec le soutien de votre manager, vous serez en charge de susciter l’intérêt des prospects… ...",,IT / Informatique,,Manager,,,,,,2026-03-01,"Mar, 2026",Non,TunisieTravail,https://www.tunisietravail.net/premiumcom-group-recrute-des-televendeurs-telephonie-btoc-experimentes-130905/
120513,PremiumCom Group recrute des Télévendeurs Téléphonie BtoC,PremiumCom Group,"PremiumCom Group recrute Des Télévendeurs Téléphonie BtoC Expérimentés Description du poste A l’issue de votre formation et avec le soutien de votre manager, vous serez en charge de susciter l’intérêt des prospects… ...",,IT / Informatique,,Manager,,,,,,2026-03-01,"Mar, 2026",Non,TunisieTravail,https://www.tunisietravail.net/premiumcom-group-recrute-des-televendeurs-telephonie-btoc-120513/
114639,Jarzis Decor recrute Commercial,Jarzis Decor,Jarzis Decor recrute Commercial Responsabilités • Identifier et contacter des prospects potentiels. • Présenter nos produits/services de manière convaincante. • Négocier des accords et conclure des ventes. • Établir et entretenir des… ...,,IT / Informatique,,,,,,,,2026-03-01,"Mar, 2026",Non,TunisieTravail,https://www.tunisietravail.net/jarzis-decor-recrute-commercial-114639/
131045,Bomaco recrute des Ouvriers / des Ouvrières,Bomaco,"Bomaco Nous sommes une société offshore à la Z.I Sidi Daoud Rte la Marsa, on recrute Des Ouvriers / Des Ouvrières Profil Ouvrier secteur électronique Comment postuler : Cette opportunité vous intéresse… ...",,IT / Informatique,,,,,La Marsa,,,2026-03-01,"Mar, 2026",Non,TunisieTravail,https://www.tunisietravail.net/bomaco-recrute-des-ouvriers-des-ouvrieres-131045/
128471,Dakat Corp Tunisia Security recrute des Agents de Sécurité,Dakat Corp Tunisia Security,Dakat Corp Tunisia Security recrute Des Agents de Sécurité Sfax Jbeniana › Conditions du poste : Salaire : 750 DT / mois Horaires : 5 jours de travail par semaine Repos :… ...,,IT / Informatique,,,,750 DT / mois Horaires,Sfax,,,2026-03-01,"Mar, 2026",Non,TunisieTravail,https://www.tunisietravail.net/dakat-corp-tunisia-security-recrute-des-agents-de-securite-128471/
125631,Tunis Marriott Hôtel recrute Valet de Chambre,Tunis Marriott Hôtel,"Tunis Marriott Hôtel recrute Valet de Chambre Profil Excellente présentation, sens du service et de la communication, motivation et flexibilité. Langues requises : Français et Anglais Comment postuler Merci d’envoyer vos CV… ...",,IT / Informatique,,,,,Tunis,,,2026-03-01,"Mar, 2026",Non,TunisieTravail,https://www.tunisietravail.net/tunis-marriott-hotel-recrute-valet-de-chambre-125631/
124259,Hôtel La Menara Sidi Bou Said recrute Réceptionniste,Hôtel La Menara Sidi Bou Said,"Hôtel La Menara Sidi Bou Said recrute Réceptionniste Profil – Femme ou Homme – Langues requises: Français, Anglais (Obligatoire) – Expérience Justifiée. – Compétences informatiques – Excellente présentation, attitude positive, bonne communication,… ...",,IT / Informatique,,,,,,,,2026-03-01,"Mar, 2026",Non,TunisieTravail,https://www.tunisietravail.net/hotel-la-menara-sidi-bou-said-recrute-receptionniste-124259/
122098,DA-KAT Corp Tunisia Security recrute des Conducteurs,DA-KAT Corp Tunisia Security,DA-KAT Corp Tunisia Security recrute Des Conducteurs › Missions principales : Assurer le transport du personnel et/ou du matériel en toute sécurité Veiller au bon entretien du véhicule Respecter le code de… ...,,IT / Informatique,,,,,,,,2026-03-01,"Mar, 2026",Non,TunisieTravail,https://www.tunisietravail.net/da-kat-corp-tunisia-security-recrute-des-conducteurs-122098/
131050,Engineering Management et Contracting recrute Responsable QHSE Junior,Engineering Management et Contracting,"Engineering Management & Contracting recrute Responsable Qhse Junior Rattaché(e) à la Direction, vous participerez à l’animation et à l’amélioration continue du système de management QHSE. Missions principales : - Participer à la… ...",,IT / Informatique,,Junior,,,,,,2026-03-01,"Mar, 2026",Non,TunisieTravail,https://www.tunisietravail.net/engineering-management-et-contracting-recrute-responsable-qhse-junior-131050/
127576,Miaflab recrute des Délégué.es Médical,Miaflab,"Miaflab, société spécialisée dans l’importation et la distribution de produits dentaires et parapharmaceutiques, recrute Des Délégué.es Médical Qui sera destiné pour la distribution et la vente des produits dentaires et Parapharmaceutiques sur… ...",,IT / Informatique,,,,,,,,2026-03-01,"Mar, 2026",Non,TunisieTravail,https://www.tunisietravail.net/miaflab-recrute-des-delegue-es-medical-127576/
120689,Hotelsa Food Tunisie recrute Technicien en Maintenance Industrielle,Hotelsa Food Tunisie,"Hotelsa Food Tunisie recrute Technicien en Maintenance Industrielle Responsabilités : · Effectuer la maintenance préventive selon les calendriers établis. · Diagnostiquer et résoudre les pannes mécaniques, électriques et hydrauliques. · Effectuer les… ...",,IT / Informatique,,,,,,,,2026-03-01,"Mar, 2026",Non,TunisieTravail,https://www.tunisietravail.net/hotelsa-food-tunisie-recrute-technicien-en-maintenance-industrielle-120689/
122675,Africa Engineering recrute Assistante Administrative,Africa Engineering,Africa Engineering recrute Assistante Administrative Missions Classement et organisation des documents administratifs. Clôture et archivage des dossiers d’appels d’offres. Gestion des impressions et préparation des dossiers pour soumission. Fournir un soutien administratif… ...,,Toutes offres Tunisie,,,,,,,,2026-03-01,"Mar, 2026",Non,TunisieTravail,https://www.tunisietravail.net/africa-engineering-recrute-assistante-administrative-122675/
128820,Africa Engineering recrute Responsable Comptable et Financière,Africa Engineering,Africa Engineering recrute Responsable Comptable et Financière Nous recrutons : Responsable Comptable et Financière Nous recherchons un(e) professionnel(le) expérimenté(e) pour piloter et exécuter les activités comptables et financières de la société et… ...,,IT / Informatique,,,,,,,,2026-03-01,"Mar, 2026",Non,TunisieTravail,https://www.tunisietravail.net/africa-engineering-recrute-responsable-comptable-et-financiere-128820/
131018,Bewell Pharma recrute Délégué Médical,Bewell Pharma,Bewell Pharma recrute Délégué Médical Tunis et Sfax Pour promouvoir notre gamme de produits auprès des professionnels de santé. Description du poste : Ses principales missions seront : • Promouvoir les produits… ...,,IT / Informatique,,,,,Tunis,,,2026-03-01,"Mar, 2026",Non,TunisieTravail,https://www.tunisietravail.net/bewell-pharma-recrute-delegue-medical-131018/
131099,Novotel Tunis Lac recrute Front Office Manager,Novotel Tunis Lac,"Novotel Tunis Lac recrute Front Office Manager Inspirant, motivation et enthousiasme. En tant que Chef de Réception (H/F), vous mettez en valeur vos qualités de Leader et vos compétences interpersonnelles pour maximiser… ...",,IT / Informatique,,Manager,,,Tunis,,,2026-03-01,"Mar, 2026",Non,TunisieTravail,https://www.tunisietravail.net/novotel-tunis-lac-recrute-front-office-manager-131099/
125632,Tunis Marriott Hôtel recrute Artisan de Marbre Marbrier,Tunis Marriott Hôtel,"Tunis Marriott Hôtel recrute Artisan de Marbre Marbrier Profil Artisan de marbre. Excellente présentation, sens du service et de la communication, motivation et flexibilité. Comment postuler Merci d’envoyer vos CV via le… ...",,IT / Informatique,,,,,Tunis,,,2026-03-01,"Mar, 2026",Non,TunisieTravail,https://www.tunisietravail.net/tunis-marriott-hotel-recrute-artisan-de-marbre-marbrier-125632/
129016,Tui Blue Palm Beach Hammamet recrute des Agents de Cuisine,Tui Blue Palm Beach Hammamet,"Tui Blue Palm Beach Hammamet recrute Des Agents de Cuisine Missions : Accueil et service client, mise en place, propreté et hygiène, assurer une expérience de qualité. Profil : Expérience souhaitée en… ...",,IT / Informatique,,,,,,,,2026-03-01,"Mar, 2026",Non,TunisieTravail,https://www.tunisietravail.net/tb-palm-baech-hammamet-recrute-des-agents-de-cuisine-129016/
130935,Newmed recrute Commercial.e Grand Tunis,Newmed,Newmed recrute Commercial.e Grand Tunis Profil Formation Medecine Dentaire ou Formation Prothese Dentaire Comment postuler : Cette opportunité vous intéresse et votre profil correspond ? Envoyez-nous votre CV via le formulaire Pays… ...,,IT / Informatique,,,,,Tunis,,,2026-03-01,"Mar, 2026",Non,TunisieTravail,https://www.tunisietravail.net/newmed-recrute-commercial-e-grand-tunis-130935/
130628,Société de Commerce recrute Chauffeur,Société de Commerce,"Société de Commerce recrute Société Cherche Chauffeur Mission Chauffeur expérimenté pour Assurer les trajets de la direction, en toute sécurité et en respectant les horaires et transport familial quotidien; Expérience significative en… ...",,IT / Informatique,,,,,,,,2026-03-01,"Mar, 2026",Non,TunisieTravail,https://www.tunisietravail.net/societe-de-commerce-recrute-chauffeur-130628/
130936,Newmed recrute Assistante Technico-Commerciale,Newmed,Newmed recrute Assistante Technico-Commerciale Profil Formation technicien médical ou marketing Comment postuler : Cette opportunité vous intéresse et votre profil correspond ? Envoyez-nous votre CV via le formulaire Pays / Ville ›… ...,,IT / Informatique,,,,,,,,2026-03-01,"Mar, 2026",Non,TunisieTravail,https://www.tunisietravail.net/newmed-recrute-assistante-technico-commerciale-130936/
119270,NewMed recrute Technico Commercial.e,NewMed,"NewMed recrute Technico Commercial.e Mission En tant que Technico-commercial, vous serez chargé de développer et de gérer un portefeuille de clients dans la banlieue sud de Tunis. Vos responsabilités comprendront la prospection… ...",,IT / Informatique,,,,,Tunis,,,2026-03-01,"Mar, 2026",Non,TunisieTravail,https://www.tunisietravail.net/newmed-recrute-technico-commercial-e-119270/
128205,Tunisienne des Industries Energétiques recrute des Ouvriers,Tunisienne des Industries Energétiques,Tunisienne des Industries Energétiques recrute Des Ouvriers Qualifié Motivés et compétents pour rejoindre notre équipe dynamique. Missions principales : • Réaliser le montage mécanique ou électromécanique de sous-ensembles ou d’équipements complets (armoires… ...,,Ingénierie,,,,,,,,2026-03-01,"Mar, 2026",Non,TunisieTravail,https://www.tunisietravail.net/tunisienne-des-industries-energetiques-recrute-des-ouvriers-128205/
130101,Apex Training recrute Commercial,Apex Training,Apex Training recrute Commercial.e À Temps Partiel › Lieu : Mourouj 1Notre centre de formation recrute un(e) commercial(e) à temps partiel pour accompagner le développement de son activité. › Missions principales :… ...,,IT / Informatique,,,,,,Temps partiel / Mi-temps,,2026-03-01,"Mar, 2026",Non,TunisieTravail,https://www.tunisietravail.net/apex-training-recrute-commercial-130101/
129987,Instadrone Tunisie recrute Chef d’Équipe Géomètre Spécialité Topographique,Instadrone Tunisie,Instadrone Tunisie recrute Chef d’Équipe Géomètre Spécialité Topographique 1 Missions principales Superviser et coordonner les activités de l’équipe topographique. Réaliser et contrôler la classification des nuages de points. Produire des plans topographiques… ...,,IT / Informatique,,,,,,,,2026-03-01,"Mar, 2026",Non,TunisieTravail,https://www.tunisietravail.net/instadrone-tunisie-recrute-chef-dequipe-geometre-specialite-topographique-129987/
131113,Domi Affaire recrute des Téléconseiller.ères Réception d’Appels,Domi Affaire,Domi Affaire recrute Des Téléconseiller.ères Réception d’Appels › Secteur : Énergies Renouvelables Pour assurer la réception et le traitement des appels entrants. › Vos missions : • Répondre et traiter les appels… ...,,IT / Informatique,,,,,,,,2026-03-01,"Mar, 2026",Non,TunisieTravail,https://www.tunisietravail.net/domi-affaire-recrute-des-teleconseiller-eres-reception-dappels-131113/
130229,Vocalline recrute des Téléconseillers Tourisme Médical,Vocalline,Vocal Line recrute Des Téléconseillers Tourisme Médical › Vos missions : - Accueillir et conseiller les patients par téléphone et par e-mail - Identifier leurs besoins et les orienter selon les recommandations… ...,,Hôtellerie / Restauration,,,,,,,,2026-03-01,"Mar, 2026",Non,TunisieTravail,https://www.tunisietravail.net/vocalline-recrute-des-teleconseillers-tourisme-medical-langue-francaise-130229/
130923,X SPACE recrute Responsable Centre,X SPACE,X SPACE recrute Responsable Centre Profil entrepreneurial capable de piloter un espace de coworking avec une vision orientée croissance et rentabilité. › Missions principales - Gestion quotidienne du centre - Développement commercial… ...,,IT / Informatique,,,,,,,,2026-03-01,"Mar, 2026",Non,TunisieTravail,https://www.tunisietravail.net/x-space-recrute-responsable-centre-130923/
130894,Espace Vert recrute Technico-Commercial,Espace Vert,"Espace Vert recrute Technico-Commercial - Irrigation Goutte à Goutte Ingénieur d’Affaires – Technico-Commercial (Irrigation Goutte-à-Goutte) Mission principale Développer le portefeuille clients de l’agence de Sfax, piloter les offres techniques et financières, et… ...",,IT / Informatique,,,,,Sfax,,,2026-03-01,"Mar, 2026",Non,TunisieTravail,https://www.tunisietravail.net/espace-vert-recrute-technico-commercial-130894/
131019,Ecostrafi Conseil recrute Chargée de Réponse aux Offres Junior,Ecostrafi Conseil,"Ecostrafi Conseil recrute Chargée de Réponse aux Offres Junior Missions : En tant que junior chargé de réponse aux offres de ECOSTRAFI, votre mission consistera à : – Suivi et Veille des… ...",,Toutes offres Tunisie,,Junior,,,,,,2026-03-01,"Mar, 2026",Non,TunisieTravail,https://www.tunisietravail.net/ecostrafi-conseil-recrute-chargee-de-reponse-aux-offres-junior-131019/
131062,Diamelle recrute des Conseillères de Vente,Diamelle,"Diamelle recrute es Conseillères de Vente en Épicerie Fine Profil recherché Personne dynamique, souriante et accueillante Excellent sens de la négociation et du commerce Bon contact avec la clientèle Esprit d’équipe et… ...",,IT / Informatique,,,,,,,,2026-03-01,"Mar, 2026",Non,TunisieTravail,https://www.tunisietravail.net/diamelle-recrute-des-conseilleres-de-vente-131062/
131055,Lloyd Assurances recrute Administrateur Systèmes et Réseaux,Lloyd Assurances,Lloyd Assurances recrute Administrateur Systèmes et Réseaux Expérimenté pour accompagner le développement et la sécurisation de notre infrastructure IT. › Vos responsabilités : ›️ Administrer et maintenir les infrastructures systèmes & réseaux… ...,,IT / Informatique,,,,,,,,2026-03-01,"Mar, 2026",Non,TunisieTravail,https://www.tunisietravail.net/lloyd-assurances-recrute-administrateur-systemes-et-reseaux-131055/
130906,Moustiquaire recrute Graphiste,Moustiquaire,"Moustiquaire recrute Graphiste › Localisation : La Marsa / Télétravail possible / Hybride › Type de contrat : Freelance, Mi-temps ou Prestation de service › Contexte : Gestion de 3 à 4… ...",,Toutes offres Tunisie,,,,,La Marsa,Freelance,Teletravail,2026-03-01,"Mar, 2026",Non,TunisieTravail,https://www.tunisietravail.net/moustiquaire-recrute-graphiste-130906/
131024,SPCF recrute Agent Approvisionnement et Achats,SPCF,"SPCF recrute Agent Approvisionnement et Achats - Pièces de Rechange & Maintenance › Missions principales : - Gérer les achats de pièces de rechange et consommables de maintenance - Identifier, sélectionner et… ...",,Toutes offres Tunisie,,,,,,,,2026-03-01,"Mar, 2026",Non,TunisieTravail,https://www.tunisietravail.net/spcf-recrute-agent-approvisionnement-et-achats-131024/
130912,Medespoir recrute des Conseillères Médicales Bilingues,Medespoir,"Medespoir recrute Conseillères Médicales Bilingues Pour accompagner nos futurs patients à distance. Missions principales Accompagnement personnalisé des futurs patients (à distance) Réponse aux demandes d’information (appels, messages, emails) Gestion et suivi des… ...",,Toutes offres Tunisie,,,,,,,,2026-03-01,"Mar, 2026",Non,TunisieTravail,https://www.tunisietravail.net/medespoir-recrute-des-conseilleres-medicales-bilingues-130912/
130969,Société Techwin recrute des Enseignants en Anglais,Société Techwin,Société Techwin recrute Des Enseignants en Anglais English Language Teacher Requirements: A university degree in English Language or a related field.. Strong communication skills with students and parents. Ability to use modern… ...,,IT / Informatique,,,,,,,,2026-03-01,"Mar, 2026",Non,TunisieTravail,https://www.tunisietravail.net/societe-techwin-recrute-des-enseignants-en-anglais-2-130969/
131066,Abk Traiteur recrute Technicien.ne Junior en Agroalimentaire,Abk Traiteur,Abk Traiteur recrute Technicien.ne Junior en Agroalimentaire Poste basé a Zone Industrielle Elmnihla › Missions principales : Planifier la production Superviser l’équipe de production Saisir les ordres de fabrication (OF) sur l’ERP… ...,,IT / Informatique,,Junior,,,,,,2026-03-01,"Mar, 2026",Non,TunisieTravail,https://www.tunisietravail.net/abk-traiteur-recrute-technicien-ne-junior-en-agroalimentaire-131066/
130888,Staffinity recrute Comptable Junior Mi-Temps,Staffinity,"Staffinity SARL est spécialisée dans la gestion des appels entrants et sortants, l’assistance administrative, le support comptable et le marketing digital. Staffinity recrute Comptable Junior Mi-Temps Qui travaillera dans notre bureau à… ...",,IT / Informatique,,Junior,,,,Temps partiel / Mi-temps,,2026-03-01,"Mar, 2026",Non,TunisieTravail,https://www.tunisietravail.net/staffinity-recrute-comptable-junior-mi-temps-130888/
131034,SCD Les Dauphins recrute Community Manager – Gestions des Réseaux Sociaux,SCD Les Dauphins,"SCD Les Dauphins recrute Community Manager - Gestions des Réseaux Sociaux Créatif(ve) et dynamique pour gérer et développer nos réseaux sociaux. Missions principales : • Gestion et animation des pages Facebook, TikTok,… ...",,IT / Informatique,,Manager,,,,,,2026-03-01,"Mar, 2026",Non,TunisieTravail,https://www.tunisietravail.net/scd-les-dauphins-recrute-community-manager-gestions-des-reseaux-sociaux-131034/
131032,Expertise Immigration Canada recrute des Ouvrier.ères d’Entretien,Expertise Immigration Canada,"Expertise Immigration Canada recrute Des Ouvrier.ères d’Entretien Tu es au cœur de notre savoir-faire. Grâce à ton sens du détail et à ta rigueur, chaque bain livré offre une expérience exceptionnelle à… ...",,Toutes offres Tunisie,,,,,,,,2026-03-01,"Mar, 2026",Non,TunisieTravail,https://www.tunisietravail.net/expertise-immigration-canada-recrute-des-ouvrier-eres-dentretien-131032/
131010,Kroki Plast recrute Assistante Commerciale,Kroki Plast,"Kroki Plast recrute Assistante Commerciale Collaboratrice polyvalente, maîtrisant parfaitement l’anglais (c1), pour soutenir les activités administratives et commerciales de l’entreprise. Missions principales : Traduire et communications. Assurer la communication avec les clients.… ...",,IT / Informatique,,,,,,,,2026-03-01,"Mar, 2026",Non,TunisieTravail,https://www.tunisietravail.net/kroki-plast-recrute-assistante-commerciale-131010/
131025,Laboratoires Africa recrute Assistant Gestion de Stock,Laboratoires Africa,"Laboratoires Africa recrute Assistant Gestion de Stock Fonctions : • Superviser les opérations de réception, stockage au magasin • Gestion de l’espace de stockage afin d’optimiser les flux et la disponibilité des… ...",,IT / Informatique,,,,,,,,2026-03-01,"Mar, 2026",Non,TunisieTravail,https://www.tunisietravail.net/laboratoires-africa-recrute-assistant-gestion-de-stock-131025/
131067,Waheguru Travels recrute Agent de Voyage,Waheguru Travels,"Waheguru Travels recrute Agent de Voyage Motivé(e), dynamique et orienté(e) service client. Offre d’emploi : Agent de Voyage Société : Waheguru Travels Tunisia Lieu : Ain Zaghouan Nord, Tunis, Tunisie Type de… ...",,IT / Informatique,,,,,Tunis,,,2026-03-01,"Mar, 2026",Non,TunisieTravail,https://www.tunisietravail.net/waheguru-travels-recrute-agent-de-voyage-131067/
127601,Intégration des Industries Services et Technologies recrute Assistante de Direction,Intégration des Industries Services et Technologies,"Intégration des Industries Services et Technologies (2IST) recrute Assistante de Direction Présentable et active. Mission - Saisir et mettre en forme les documents, les transmettre et les classer. - Accueillir les personnes… ...",,Toutes offres Tunisie,,,,,,,,2026-03-01,"Mar, 2026",Non,TunisieTravail,https://www.tunisietravail.net/integration-des-industries-services-et-technologies-2ist-recrute-assistante-de-direction-127601/
124542,Tecnocasa recrute Comptable,Tecnocasa,"Tecnocasa recrute Comptable Junior Mission 1.Coordination avec le cabinet comptable Collecter, vérifier et transmettre les pièces comptables de toutes les filiales (factures, relevés, justificatifs) Assurer un lien constant avec le cabinet d’expertise… ...",,IT / Informatique,,Junior,,,,,,2026-03-01,"Mar, 2026",Non,TunisieTravail,https://www.tunisietravail.net/tecnocasa-recrute-comptable-124542/
125407,Industrial and Petroleum Engineering recrute Responsable Logistique,Industrial and Petroleum Engineering,"Industrial and Petroleum Engineering recrute Responsable Logistique Missions principales Gestion des achats et de la maintenance : Assurer l’approvisionnement en essence, pièces et équipements, tout en garantissant le bon fonctionnement et la… ...",,IT / Informatique,,,,,,,,2026-03-01,"Mar, 2026",Non,TunisieTravail,https://www.tunisietravail.net/industrial-and-petroleum-engineering-recrute-responsable-logistique-125407/
127125,BFCD recrute Représentant Commercial,BFCD,"BFCD recrute Représentant Commercial Missions principales - Promouvoir et vendre les produits de la gamme Al Jazira (huile d’olive, huile végétale, vinaigre, etc.) auprès des détaillants. - Visiter quotidiennement un portefeuille de… ...",,IT / Informatique,,,,,,,,2026-03-01,"Mar, 2026",Non,TunisieTravail,https://www.tunisietravail.net/bfcd-recrute-representant-commercial-127125/
125099,Exacom Audit recrute Auditeur,Exacom Audit,"Exacom Audit recrute Auditeur Vous effectuerez des missions pour d’audit auprès de nos clients, opérant dans des secteurs d’activités variés, de la PME aux grandes entreprises. Vous réaliserez principalement les missions suivantes… ...",,IT / Informatique,,,,,,,,2026-03-01,"Mar, 2026",Non,TunisieTravail,https://www.tunisietravail.net/exacom-audit-recrute-auditeur-125099/
41657,Tecnocasa recrute Conseiller Immobilier,Tecnocasa,Tecnocasa recrute Conseiller Immobilier Votre mission Prospecter sur le terrain pour identifier de nouveaux vendeurs et acheteurs. Développer votre portefeuille clients et biens immobiliers. Estimer la valeur des biens avec professionnalisme. Obtenir… ...,,Commercial / Vente,,,,,,,,2026-03-01,"Mar, 2026",Non,TunisieTravail,https://www.tunisietravail.net/tecnocasa-recrute-conseiller-en-immobilier-41657/
129891,Magsteel recrute Technicien Presse Mécanique,Magsteel,Magsteel recrute Technicien Presse Mécanique Missions : - Assurer la production sur les presses conformément aux ordres de fabrication. - Garantir la qualité des pièces produites par l’application des procédures d’auto-contrôle. -… ...,,IT / Informatique,,,,,,,,2026-03-01,"Mar, 2026",Non,TunisieTravail,https://www.tunisietravail.net/magsteel-recrute-technicien-presse-mecanique-129891/
130991,Pharma Clean recrute Technicien en Génie Civil,Pharma Clean,"Pharma Clean recrute Technicien en Génie Civil Mission - Participation à la conception, la préparation, le suivi et le contrôle des travaux de construction et d’infrastructures . - Assurer le respect des… ...",,Ingénierie,,,,,,,,2026-03-01,"Mar, 2026",Non,TunisieTravail,https://www.tunisietravail.net/pharma-clean-recrute-technicien-en-genie-civil-130991/
131004,Ms Meuble recrute Chargée de Clientèle Showroom,Ms Meuble,"Ms Meuble recrute Chargée de Clientèle Showroom de Meubles Tony Nasr - Ain Zaghouan – Route de la Marsa Profil dynamique, passionné par le mobilier et le service client, pour intégrer un… ...",,Toutes offres Tunisie,,,,,Zaghouan,,,2026-03-01,"Mar, 2026",Non,TunisieTravail,https://www.tunisietravail.net/ms-meuble-recrute-chargee-de-clientele-showroom-131004/
130985,Advensia Gmbh is looking for Support Analyst Iot,,Advensia Gmbh is looking for Support Analyst Iot Key Responsibilities 1. Incident Management • Act as the primary responder for incidents raised by customer authorised personnel. • Classify and validate incident priority… ...,,IT / Informatique,,,,,,,,2026-03-01,"Mar, 2026",Non,TunisieTravail,https://www.tunisietravail.net/advensia-gmbh-is-looking-for-support-analyst-iot-130985/
130998,Biodex recrute Technicien de Production,Biodex,"Biodex recrute Technicien de Production Le poste est destiné à un homme de terrain, capable d’intervenir sur des équipements automatisés et de travailler en environnement industriel Missions principales • Assurer la conduite,… ...",,IT / Informatique,,,,,,,,2026-03-01,"Mar, 2026",Non,TunisieTravail,https://www.tunisietravail.net/biodex-recrute-technicien-de-production-130998/
130909,Hafsa Pour l’Industrie et le Commerce recrute Graphiste Designer,Hafsa Pour l’Industrie et le Commerce,"Hafsa Pour l’Industrie et le Commerce recrute Graphiste Designer On a les idées, il nous manque tes yeux ! › Tu en as marre des stages où tu fais des mises en… ...",,Éducation / Formation,,Stage,,,,,,2026-03-01,"Mar, 2026",Non,TunisieTravail,https://www.tunisietravail.net/hafsa-pour-l-industrie-et-le-commerce-recrute-graphiste-designer-130909/
116550,Bostania des Services recrute Commercial Agroalimentaire Anglophone,Bostania des Services,Bostania des Services recrute Commercial Agroalimentaire Anglophone Responsabilités Développer et entretenir des relations avec la clientèle existante tout en identifiant de nouvelles opportunités commerciales. Promouvoir et vendre nos produits agroalimentaires en mettant… ...,,IT / Informatique,,,,,,,,2026-03-01,"Mar, 2026",Non,TunisieTravail,https://www.tunisietravail.net/bostania-des-services-recrute-commercial-agroalimentaire-anglophone-116550/
130901,Arsenal Bache SA recrute Ingénieur Bureau d’Études,Arsenal Bache SA,Arsenal Bache Sa recrute Ingénieur Bureau d’Études - Missions principales: Réaliser les études techniques et les calculs nécessaires aux projets. Élaborer les plans et schémas techniques. Participer à la conception et à… ...,,Ingénierie,,,,,,,,2026-03-01,"Mar, 2026",Non,TunisieTravail,https://www.tunisietravail.net/arsenal-bache-sa-recrute-ingenieur-bureau-detudes-130901/
130939,Hôtel Jugurtha Palace recrute Comptable,Hôtel Jugurtha Palace,Hôtel Jugurtha Palace recrute Comptable Profil Comptable expérimenté pour travail dans un hôtel au sud Tunisien. Comment postuler : Cette opportunité vous intéresse et votre profil correspond ? Envoyez-nous votre CV via… ...,,IT / Informatique,,,,,,,,2026-03-01,"Mar, 2026",Non,TunisieTravail,https://www.tunisietravail.net/hotel-jugurtha-palace-recrute-comptable-130939/
130982,Slim Fit recrute Responsable Commerciale,Slim Fit,Slim Fit recrute Responsable Commerciale Missions : Développer les ventes et les abonnements Gérer et fidéliser les adhérents Prospecter et conclure des conventions avec des sociétés Superviser la communication (Facebook & Instagram)… ...,,IT / Informatique,,,,,,,,2026-03-01,"Mar, 2026",Non,TunisieTravail,https://www.tunisietravail.net/slim-fit-recrute-responsable-commerciale-130982/
130958,Société de Confection Les Rêves recrute Responsable Qhse / Responsable Administratif,Société de Confection Les Rêves,"Société de Confection Les Rêves recrute Responsable Qhse / Responsable Administratif Candidat(e) motivé(e) disposant de connaissances solides en management industriel, notamment en Qualité, Sécurité et Environnement (QSE), et ayant également des notions… ...",,IT / Informatique,,,,,,,,2026-03-01,"Mar, 2026",Non,TunisieTravail,https://www.tunisietravail.net/societe-de-confection-les-reves-recrute-responsable-qhse-responsable-administratif-130958/
130850,Saidani Foundations recrute Ingénieur Génie Civil,Saidani Foundations,Saidani Foundations recrute Ingénieur Génie Civil Profil Diplôme d’ingénieur en génie civil (Bac›5). Expérience de 2 à 5 ans minimum (débutants acceptés selon profil). Comment postuler : Cette opportunité vous intéresse et… ...,,IT / Informatique,2 à 5 ans,Débutant,,,,,,2026-03-01,"Mar, 2026",Non,TunisieTravail,https://www.tunisietravail.net/saidani-foundations-recrute-ingenieur-genie-civil-130850/
130898,Laboservices recrute Technico-Commercial,Laboservices,"Laboservices recrute Technico-Commercial Profil Bonne connaissance en spectroscopies moléculaire et atomique Niveau : bac›3, bac ›5, ingénieur Langue anglaise Permis de conduire Lieu : M’saken et Déplacement sur toute la Tunisie Comment… ...",,IT / Informatique,,,,,,,,2026-03-01,"Mar, 2026",Non,TunisieTravail,https://www.tunisietravail.net/laboservices-recrute-technico-commercial-130898/
130897,Magic Services recrute des Développeurs,Magic Services,"Magic Services recrute Des Développeurs Profil Développeurs Mobile flutter, Springboot et Web Angular Nombre d’années d’expérience exigé: entre 0 et 2 ans d’expérience Diplôme: Licence, Master et diplôme national d’ingénieur Comment postuler… ...",,IT / Informatique,2 ans d’exp,,,,,,,2026-03-01,"Mar, 2026",Non,TunisieTravail,https://www.tunisietravail.net/magic-services-recrute-des-developpeurs-130897/
126758,Agence Kenza Immobilière recrute Agent Immobilier,Agence Kenza Immobilière,"Agence kenza Immobilière recrute Agent Immobilier Profil * Permis de conduite * Rigoureux, sérieux, ponctuels et motivés * Ayant le sens de conviction * Serviable et disponible auprès de la clientèle *… ...",,IT / Informatique,,,,,,,,2026-03-01,"Mar, 2026",Non,TunisieTravail,https://www.tunisietravail.net/agence-kenza-immobiliere-recrute-agent-immobilier-126758/
130461,NS Consulting recrute Directeur / Directrice,NS Consulting,"Ns Consulting dans le cadre du développement de notre établissement, de l’École Privée , située à Ariana, on recrute Directeur / Directrice Pour assurer la gestion pédagogique, administrative et organisationnelle de l’école.… ...",,IT / Informatique,,Directeur,,,Ariana,,,2026-03-01,"Mar, 2026",Non,TunisieTravail,https://www.tunisietravail.net/ns-consulting-recrute-directeur-directrice-130461/
130932,Fadhel International Trading recrute Assistante Financière et Responsable Export,Fadhel International Trading,Fadhel International Trading recrute Assistante Financière et Responsable Export Mission • Domaine logistique & commerce • Préparer et vérifier les documents d’expédition • Traiter les factures • Assurer le suivi des dossiers… ...,,IT / Informatique,,,,,,,,2026-03-01,"Mar, 2026",Non,TunisieTravail,https://www.tunisietravail.net/fadhel-international-trading-recrute-assistante-financiere-et-responsable-export-130932/
130315,Hafsa Pour l’Industrie et le Commerce recrute Chargé Marketing,Hafsa Pour l’Industrie et le Commerce,"Hafsa Pour l’Industrie et le Commerce entreprise innovante et dynamique spécialisée dans le domaine de l’agro-alimentaire. Pour soutenir notre croissance et l’évolution de nos plateformes numériques, Hafsa recrute Chargé Marketing Vous jouerez… ...",,IT / Informatique,,,,,,,,2026-03-01,"Mar, 2026",Non,TunisieTravail,https://www.tunisietravail.net/hafsa-pour-l-industrie-et-le-commerce-recrute-charge-marketing-130315/
130488,Login Consulting recrute Directeur / Directrice des Technologies de l’Information,Login Consulting,"Login Consulting , pour le compte de son partenaire canadien à Montréal recrute Login Consulting recrute Directeur / Directrice des Technologies de l’Information Temps Plein, À Distance, Pour Un Partenaire Canadien Basé… ...",,Toutes offres Tunisie,,Directeur,,,,,,2026-03-01,"Mar, 2026",Non,TunisieTravail,https://www.tunisietravail.net/login-consulting-recrute-directeur-directrice-des-technologies-de-linformation-130488/
130430,Inchaate recrute Assistante Administrative,Inchaate,Inchaate recrute Assistante Administrative Dynamique et organisée pour rejoindre notre équipe et assurer le bon fonctionnement administratif. Missions : Rédiger et archiver les documents administratifs. Tenir à jour les bases de données… ...,,Toutes offres Tunisie,,,,,,,,2026-03-01,"Mar, 2026",Non,TunisieTravail,https://www.tunisietravail.net/inchaate-recrute-assistante-administrative-130430/
129088,Mister Kahwa Tunisie recrute Commerciale,Mister Kahwa Tunisie,"Mister Kahwa Tunisie recrute Commerciale Expérimenté ou sans expérience, dynamique et enthousiaste pour renforcer notre équipe. Si vous êtes passionné(e) par les ventes, avez un goût prononcé pour le café et souhaitez… ...",,IT / Informatique,,Sans expérience,,,,,,2026-03-01,"Mar, 2026",Non,TunisieTravail,https://www.tunisietravail.net/mister-kahwa-tunisie-recrute-commerciale-129088/
130593,Neroli Services and Consulting recrute Technicien Réseaux et Télécoms,Neroli Services and Consulting,Neroli Services & Consulting recrute Technicien Réseaux et Télécoms - À Distance Pour travailler avec une entreprise française spécialisée dans ce domaine. Vous aurez pour mission : - Assurer la mise en… ...,,IT / Informatique,,,,,,,,2026-03-01,"Mar, 2026",Non,TunisieTravail,https://www.tunisietravail.net/neroli-services-and-consulting-recrute-technicien-reseaux-et-telecoms-130593/
123879,Smifal Textile Company recrute Responsable Production,Smifal Textile Company,"Smifal Textile Company recrute Responsable Production Profil .Expérience significative (3 à 5 ans) dans un poste similaire en production. .Formation Bac +3 Min Electromécanique, Maintenance générale… .Compétences en maintenance industrielle et gestion… ...",,Ingénierie,3 à 5 ans,,,,,,,2026-03-01,"Mar, 2026",Non,TunisieTravail,https://www.tunisietravail.net/smifal-textile-company-recrute-responsable-production-123879/
130743,Trust Consulting Company Plus recrute Comptable,Trust Consulting Company Plus,"Trust Consulting Company Plus groupe structuré opérant dans les domaines du commerce, de l’investissement et des services, recrute Comptable › Localisation : Tunis - Charguia 1 › Rémunération : 1000 à 1400… ...",,IT / Informatique,,,,,Tunis,,,2026-03-01,"Mar, 2026",Non,TunisieTravail,https://www.tunisietravail.net/trust-consulting-company-plus-recrute-comptable-130743/
maxtrade-ingenieur-dapplication-field-application-engineer-fae,Ingénieur d’Application / Field Application Engineer (FAE),MAXTRADE,,compétences | organisation | terrain,Toutes offres,2-5 ans,,,Confidentiel,,"Al Karama, CDI",Présentiel,2026-03-23,Publié:il y a un mois,,Tunijobs,https://www.tunijobs.com/company/maxtrade/jobs/maxtrade-ingenieur-dapplication-field-application-engineer-fae
adam-eden-eva-assistant-e-administratif-ve-bilingue-francais,Assistant(e) Administratif(ve) Bilingue Français,ADAM EDEN EVA,,Autonomie | Aisance Informatique | Maîtrise du Français,Toutes offres,1-6 mois,,,800 - 1100 DT,,"CIVP, CDI",Présentiel,2026-03-23,Publié:il y a un mois,,Tunijobs,https://www.tunijobs.com/company/adam-eden-eva/jobs/adam-eden-eva-assistant-e-administratif-ve-bilingue-francais
stravos-product-manager-at-stravos,Product manager at Stravos,Stravos,,Cadrage | Pilotage | Mentorat,Toutes offres,5-7 ans,,,Confidentiel,,CDI,Hybride,2026-03-23,Publié:il y a un mois,,Tunijobs,https://www.tunijobs.com/company/stravos/jobs/stravos-product-manager-at-stravos
backoff-solutions-comptable-senior-teletravail,Comptable / Gestionnaire de paies Sénior - Télétravail,BackOff Solutions,,Sage100 | Cegid | Silae,Toutes offres,2-5 ans,,,1400 - 1900 DT,,CDI,Télétravail complet,2026-03-23,Publié:il y a un an,,Tunijobs,https://www.tunijobs.com/company/backoff-solutions/jobs/backoff-solutions-comptable-senior-teletravail
premunia-assistant-e-administratif-ve-bilingue-francais,Assistant(e) Administratif(ve) Bilingue Français,PREMUNIA,,Maîtrise du Français : Niveau ... | Autonomie | Rigueur & Organisation,Toutes offres,1-6 mois,,,800 - 1100 DT,,"CDI, CIVP",Présentiel,2026-03-23,Publié:il y a un mois,,Tunijobs,https://www.tunijobs.com/company/premunia/jobs/premunia-assistant-e-administratif-ve-bilingue-francais
devpack-des-operateurs-machines-et-techniciens-de-maintenance,Des operateurs  machines et techniciens de maintenance,devpack,,conaissance thechnique souhait...,Toutes offres,1-2 ans,,,Confidentiel,,CDD,Présentiel,2026-03-23,Publié:il y a un mois,,Tunijobs,https://www.tunijobs.com/company/devpack/jobs/devpack-des-operateurs-machines-et-techniciens-de-maintenance
espace-vert-infographiste,Infographiste,Espace Vert,,Créativité | réactivité | sens du détail,Toutes offres,2-5 ans,,,Confidentiel,,CDI,Présentiel,2026-03-23,Publié:il y a un mois,,Tunijobs,https://www.tunijobs.com/company/espace-vert/jobs/espace-vert-infographiste
yes-you-can-enseignante-danglais,Enseignante d’anglais,yes you can,,"bonne communication , flexible",Toutes offres,1-2 ans,,,Confidentiel,,"CIVP, CDI",Présentiel,2026-03-23,Publié:il y a un mois,,Tunijobs,https://www.tunijobs.com/company/yes-you-can/jobs/yes-you-can-enseignante-danglais
ets-jemmali-and-cie-ingenieur-technicien-electromecanique,Ingénieur / Technicien Electromécanique,Ets Jemmali & Cie,,Sérieux | Dynamique,Toutes offres,Sans expérience,,,Confidentiel,,CIVP,Présentiel,2026-03-23,Publié:il y a un mois,,Tunijobs,https://www.tunijobs.com/company/ets-jemmali-and-cie/jobs/ets-jemmali-and-cie-ingenieur-technicien-electromecanique
climodpro-assistant-facturation-et-logistique-h-f,Coordinateur  Logistique et Transport  (H/F),ClimodPro,,dédouanement | traitement transitaire | aisance relationnelle,Toutes offres,2-5 ans,,,Confidentiel,,CDI,Présentiel,2026-03-23,Publié:il y a un mois,,Tunijobs,https://www.tunijobs.com/company/climodpro/jobs/climodpro-assistant-facturation-et-logistique-h-f
quezia-recrutement-assistant-marketing-prospection,Recrutement – Assistant marketing / prospection,QUEZIA,,Prospection | Marketing,Toutes offres,6-12 mois,,,600 - 1000 DT,,"CDI, Freelance",Télétravail complet,2026-03-19,Publié:il y a 4 jours,,Tunijobs,https://www.tunijobs.com/company/quezia/jobs/quezia-recrutement-assistant-marketing-prospection
electricite-du-lac-ingenieur-bureau-detudes-senior-teletravail-tunisie,Ingénieur Bureau d’Études Senior (Télétravail – Tunisie),Electricité du Lac,,Maîtrise AutoCAD et outils CAO... | Maîtrise Caneco et logiciels é... | Notes de calcul et variantes t...,Toutes offres,7-10 ans,,,1500 DT,,CDI,Télétravail complet,2026-03-19,Publié:il y a 4 jours,,Tunijobs,https://www.tunijobs.com/company/electricite-du-lac/jobs/electricite-du-lac-ingenieur-bureau-detudes-senior-teletravail-tunisie
portaops-ingenieur-daffaires-it-esn-profil-commercial-uniquement,Ingénieur d’Affaires IT – ESN – Profil Commercial Uniquement,Portaops,,Vente | ESN | Affaires,Toutes offres,2-5 ans,,,1500 - 2500 DT,,CDI,Télétravail complet,2026-03-17,Publié:il y a 6 jours,,Tunijobs,https://www.tunijobs.com/company/portaops/jobs/portaops-ingenieur-daffaires-it-esn-profil-commercial-uniquement
qcebe-agent-e-dentretien-h-f,Agent(e) d'entretien H/F,QCEBE,,Nettoyeur | Agent d'entretien,Toutes offres,Sans expérience,,,5000 DT,,CDI,Présentiel,2026-03-17,Publié:il y a 6 jours,,Tunijobs,https://www.tunijobs.com/company/qcebe/jobs/qcebe-agent-e-dentretien-h-f
clicar-televendeurs,Télévendeurs,Clicar,,élocution française et dynamis...,Toutes offres,1-2 ans,,,800 - 1200 DT,,"CDI, CIVP",Présentiel,2026-03-15,Publié:il y a 8 jours,,Tunijobs,https://www.tunijobs.com/company/clicar/jobs/clicar-televendeurs
gts-assistante-de-direction,ASSISTANTE DE DIRECTION,gts,,bac | assistante,Toutes offres,Sans expérience,,,800 DT,,CDI,Présentiel,2026-03-11,Publié:il y a 12 jours,,Tunijobs,https://www.tunijobs.com/company/gts/jobs/gts-assistante-de-direction
fortistore-technico-commercial,Technico-commercial,fortistore,,Bac+3,Toutes offres,2-5 ans,,,Confidentiel,,CDI,Présentiel,2026-03-10,Publié:il y a 13 jours,,Tunijobs,https://www.tunijobs.com/company/fortistore/jobs/fortistore-technico-commercial
favorite-flavours-advisory-sales-and-after-sales,Sales&After-sales,Favorite Flavours Advisory,,Un fin négociateur | Empathique | Mobile,Toutes offres,2-5 ans,,,3000 DT,,CDI,Présentiel,2026-03-07,Publié:il y a 16 jours,,Tunijobs,https://www.tunijobs.com/company/favorite-flavours-advisory/jobs/favorite-flavours-advisory-sales-and-after-sales
backoff-solutions-web-marketing-and-growth-manager-saas-jobtech,Web Marketing & Growth Manager (SaaS / JobTech),BackOff Solutions,,Marketing B2B | Ads | Lead generation,Toutes offres,2-5 ans,,,Confidentiel,,CDI,Télétravail complet,2026-03-05,Publié:il y a 18 jours,,Tunijobs,https://www.tunijobs.com/company/backoff-solutions/jobs/backoff-solutions-web-marketing-and-growth-manager-saas-jobtech
expertise-immigration-canada-ouvrier-ere-dentretien,Ouvrier(ère) d'entretien,Expertise Immigration Canada,,Nettoyage | Entretien ménager,Toutes offres,Sans expérience,,,5000 DT,,CDI,Présentiel,2026-03-04,Publié:il y a 19 jours,,Tunijobs,https://www.tunijobs.com/company/expertise-immigration-canada/jobs/expertise-immigration-canada-ouvrier-ere-dentretien
incorp-consulting-comptabilite-juridique-administratif,Comptabilité – Juridique – Administratif,Incorp Consulting,,Comptabilité générale | Déclarations fiscales et socia... | Maîtrise Excel / outils bureau...,Toutes offres,2-5 ans,,,Confidentiel,,CDI,Présentiel,2026-01-22,Publié:il y a 2 mois,,Tunijobs,https://www.tunijobs.com/company/incorp-consulting/jobs/incorp-consulting-comptabilite-juridique-administratif
supply-chain-management-gestionnaire-de-paie-francaise,GESTIONNAIRE DE PAIE FRANCAISE,SUPPLY CHAIN MANAGEMENT,,français | paie français | travail d'équipe,Toutes offres,2-5 ans,,,1500 - 2500 DT,,CDI,Hybride,2026-01-22,Publié:il y a 2 mois,,Tunijobs,https://www.tunijobs.com/company/supply-chain-management/jobs/supply-chain-management-gestionnaire-de-paie-francaise
plastaa-conducteur-machine-dextrusion,conducteur machine d'extrusion,Plastaa,,serieux,CDI,Sans expérience,,,1000 DT,,CDI,Présentiel,2026-01-22,Publié:il y a 2 mois,,Tunijobs,https://www.tunijobs.com/company/plastaa/jobs/plastaa-conducteur-machine-dextrusion
poly-composite-engineering-magasinier,Magasinier,Poly Composite Engineering,,"informatique de base (word, Ex...",CDI,6-12 mois,,,650 - 1000 DT,,"CIVP, Al Karama, CDI",Présentiel,2026-01-22,Publié:il y a 2 mois,,Tunijobs,https://www.tunijobs.com/company/poly-composite-engineering/jobs/poly-composite-engineering-magasinier
gastro-adexec-inc-prepose-au-nettoyage,Préposé au nettoyage,Gastro Adexec Inc.,,Cuisine | Restauration | Nettoyage,CDI,Sans expérience,,,5000 DT,,CDI,Présentiel,2026-01-22,Publié:il y a 2 mois,,Tunijobs,https://www.tunijobs.com/company/gastro-adexec-inc/jobs/gastro-adexec-inc-prepose-au-nettoyage
smart-solutions-commercial-terrain,Commercial terrain,SMART SOLUTIONS,,Technique de vente | Gestion des projets | Travail d'équipe,CDI,1-2 ans,,,Confidentiel,,CIVP,Présentiel,2026-01-22,Publié:il y a 2 mois,,Tunijobs,https://www.tunijobs.com/company/smart-solutions/jobs/smart-solutions-commercial-terrain
all-for-pets-la-soukra-vendeur,VENDEUR,ALL FOR PETS LA SOUKRA,,Ponctuel | sérieux | Dynaique,CDI,6-12 mois,,,Confidentiel,,"CDI, CIVP",Présentiel,2026-01-22,Publié:il y a 2 mois,,Tunijobs,https://www.tunijobs.com/company/all-for-pets-la-soukra/jobs/all-for-pets-la-soukra-vendeur
risetechnology-telesales-agent,Telesales Agent,Risetechnology,,Fluent English (spoken and wri... | Serious | punctual,CDI,1-2 ans,,,1300 - 1500 DT,,"CIVP, CDI",Présentiel,2026-01-22,Publié:il y a 2 mois,,Tunijobs,https://www.tunijobs.com/company/risetechnology/jobs/risetechnology-telesales-agent
teg-developpeur-se-full-stack-symfony-next-js,Développeur·se Full Stack Symfony / Next.js,TEG,,Bonne maîtrise de Next.js et R... | Solide expérience avec Symfony...,CDI,2-5 ans,,,Confidentiel,,"CIVP, CDI",Présentiel,2026-01-22,Publié:il y a 2 mois,,Tunijobs,https://www.tunijobs.com/company/teg/jobs/teg-developpeur-se-full-stack-symfony-next-js
smartassur-conseiller-en-developpement-commercial,Conseiller en développement commercial,SMARTASSUR,,Empathie | Organisation | Analyse,CDI,1-2 ans,,,1400 DT,,CDI,Présentiel,2026-01-22,Publié:il y a 2 mois,,Tunijobs,https://www.tunijobs.com/company/smartassur/jobs/smartassur-conseiller-en-developpement-commercial
photomart-commercai,Commercai,Photomart,,photography | commercial,CDI,2-5 ans,,,Confidentiel,,"CDI, Stage",Présentiel,2026-01-22,Publié:il y a 2 mois,,Tunijobs,https://www.tunijobs.com/company/photomart/jobs/photomart-commercai
topline-teleprospecteur-teleprospectrice-b2b-100-remote-tunisie,Téléprospecteur / Téléprospectrice B2B – 100 % Remote (Tunisie),Topline,,Téléconseiller | Vente,CDI,2-5 ans,,,1300 - 2600 DT,,Freelance,Télétravail complet,2026-01-22,Publié:il y a 2 mois,,Tunijobs,https://www.tunijobs.com/company/topline/jobs/topline-teleprospecteur-teleprospectrice-b2b-100-remote-tunisie
adam-eden-eva-expert-en-protection-sociale-and-emprunteur,Expert en Protection Sociale & Emprunteur,ADAM EDEN EVA,,Orienté(e) résultats | une grande rigueur organisatio... | Une expérience confirmée en co...,CDI,2-5 ans,,,Confidentiel,,CDI,Présentiel,2026-01-22,Publié:il y a 2 mois,,Tunijobs,https://www.tunijobs.com/company/adam-eden-eva/jobs/adam-eden-eva-expert-en-protection-sociale-and-emprunteur
rj-management-and-immo-ingenieur-en-electricite-conseil-and-support-technique-et-administratif,Ingénieur en électricité – Conseil & Support Technique et Administratif,RJ Management  & Immo,,Français | Schémas électriques | Facturation,CDI,1-6 mois,,,1000 - 1700 DT,,CDI,Présentiel,2026-01-22,Publié:il y a 2 mois,,Tunijobs,https://www.tunijobs.com/company/rj-management-and-immo/jobs/rj-management-and-immo-ingenieur-en-electricite-conseil-and-support-technique-et-administratif
mtd-group-web-designer,Web Designer,MTD GROUP,,Figma | Canva | Photoshop,CDI,,,,Confidentiel,,"CIVP, CDI",Présentiel,2026-01-22,Publié:il y a 2 mois,,Tunijobs,https://www.tunijobs.com/company/mtd-group/jobs/mtd-group-web-designer
clinique-le-bardo-preparateurs-preparatrices-en-pharmacie,Préparateurs / Préparatrices en Pharmacie,Clinique Le Bardo,,"Gestion des stocks | Éthique, responsabilité et rig... | Connaissance Technique",CDI,6-12 mois,,,550 - 1000 DT,,"CDI, Stage, CIVP",Présentiel,2026-01-22,Publié:il y a 2 mois,,Tunijobs,https://www.tunijobs.com/company/clinique-le-bardo/jobs/clinique-le-bardo-preparateurs-preparatrices-en-pharmacie
supply-chain-management-senior-confirme-en-paie-francaise,Gestionnaire de paie français JUNIOR,SUPPLY CHAIN MANAGEMENT,,poste à responsabilités,Toutes offres,6-12 mois,,,500 - 650 DT,,"CIVP, Al Karama, Stage",Présentiel,2025-12-23,Publié:il y a 3 mois,,Tunijobs,https://www.tunijobs.com/company/supply-chain-management/jobs/supply-chain-management-senior-confirme-en-paie-francaise
nexoratech-stage-pfe-2025-2026-developpement-web-saas-ia-6-sujets,Stage PFE 2025-2026 – Développement Web / SaaS / IA (6 sujets),NexoraTech,,Next.js | React.js | TailwindCSS,Toutes offres,Sans expérience,,,Confidentiel,,Stage,Télétravail complet,2025-12-23,Publié:il y a 3 mois,,Tunijobs,https://www.tunijobs.com/company/nexoratech/jobs/nexoratech-stage-pfe-2025-2026-developpement-web-saas-ia-6-sujets
esteexpert-televendeurs-conseillers-commerciaux,Télévendeurs- Conseillers commerciaux,ESTEEXPERT,,Réactivité et sens du service | Organisation,CDI,1-2 ans,,,1050 - 1650 DT,,"CDI, CIVP",Présentiel,2025-12-23,Publié:il y a 3 mois,,Tunijobs,https://www.tunijobs.com/company/esteexpert/jobs/esteexpert-televendeurs-conseillers-commerciaux
acvite-agent-e-dentretien,Agent(e) d'entretien,ACVITE,,Informatique | Permis de conduite,CDI,Sans expérience,,,5000 DT,,CDI,Présentiel,2025-12-23,Publié:il y a 3 mois,,Tunijobs,https://www.tunijobs.com/company/acvite/jobs/acvite-agent-e-dentretien
dr-rania-ghedira-secretaire-medicale,Secrétaire médicale,Dr Rania Ghedira,,Sens de l'organisation | respect du secret médical,CDI,,,,Confidentiel,,"CIVP, CDI",Présentiel,2025-12-23,Publié:il y a 3 mois,,Tunijobs,https://www.tunijobs.com/company/dr-rania-ghedira/jobs/dr-rania-ghedira-secretaire-medicale
challenge-rent-a-car-un-commercial-dans-une-agence-de-location-de-voitures,un commercial dans une agence de location de voitures,CHALLENGE RENT A CAR,,......,CDI,6-12 mois,,,Confidentiel,,CDD,Présentiel,2025-12-23,Publié:il y a 3 mois,,Tunijobs,https://www.tunijobs.com/company/challenge-rent-a-car/jobs/challenge-rent-a-car-un-commercial-dans-une-agence-de-location-de-voitures
limitless-architecture-offre-de-recrutement-jeune-architecte,OFFRE DE RECRUTEMENT – JEUNE ARCHITECTE,Limitless Architecture,,Conception 2D et 3D,CDI,6-12 mois,,,5000 DT,,"CDI, CIVP",Présentiel,2025-12-23,Publié:il y a 3 mois,,Tunijobs,https://www.tunijobs.com/company/limitless-architecture/jobs/limitless-architecture-offre-de-recrutement-jeune-architecte
dorra-deco-responsable-de-showroom,Responsable de showroom,Dorra Deco,,Communication,CDI,Sans expérience,,,600 DT,,CIVP,Présentiel,2025-12-23,Publié:il y a 3 mois,,Tunijobs,https://www.tunijobs.com/company/dorra-deco/jobs/dorra-deco-responsable-de-showroom
maydena-tn-business-development-and-funding-manager-agro-artisanat-premium,Business Development & Funding Manager – Agro-Artisanat Premium,Maydena TN,,financement | gestion de projet | Artisanat,CDI,2-5 ans,,,900 - 1400 DT,,"CDI, CIVP",Hybride,2025-12-23,Publié:il y a 3 mois,,Tunijobs,https://www.tunijobs.com/company/maydena-tn/jobs/maydena-tn-business-development-and-funding-manager-agro-artisanat-premium
plomb-quebec-inc-apprenti-plombier,Apprenti Plombier,Plomb Québec Inc.,,Autonome,CDI,Sans expérience,,,Confidentiel,,CDI,Présentiel,2025-12-23,Publié:il y a 3 mois,,Tunijobs,https://www.tunijobs.com/company/plomb-quebec-inc/jobs/plomb-quebec-inc-apprenti-plombier
afamec-afamec-recrute-concepteur-mecanique-jeune-diplome,AFAMEC recrute : Concepteur Mécanique – Jeune Diplômé,AFAMEC,,Conception mécanique | Solidworks | Maintenance mécanique,CDI,Sans expérience,,,600 - 700 DT,,CDI,Présentiel,2025-12-23,Publié:il y a 3 mois,,Tunijobs,https://www.tunijobs.com/company/afamec/jobs/afamec-afamec-recrute-concepteur-mecanique-jeune-diplome
autosansrisque-stage-pfe-ui-ux-designer,Stage PFE – UI/UX Designer,AUTOSANSRISQUE,,UI | UX | Adobe XD,CDI,6-12 mois,,,Confidentiel,,Stage,Hybride,2025-12-23,Publié:il y a 3 mois,,Tunijobs,https://www.tunijobs.com/company/autosansrisque/jobs/autosansrisque-stage-pfe-ui-ux-designer
msktechnologies-stage-pfe-et-formation-pro-certifie-300-heurs,Stage PFE et Formation PRO Certifié ( 300 Heurs ),MSKTECHNOLOGIES,,siteweb | application mobile | flutter,CDI,Sans expérience,,,Confidentiel,,Stage,Télétravail complet,2025-12-23,Publié:il y a 3 mois,,Tunijobs,https://www.tunijobs.com/company/msktechnologies/jobs/msktechnologies-stage-pfe-et-formation-pro-certifie-300-heurs
ayagency-consulting-designer-graphique-junior,Designer graphique junior,AYAGENCY CONSULTING,,Photoshop | Illustrator | InDesign,CDI,1-6 mois,,,Confidentiel,,"CIVP, CDD",Présentiel,2025-11-23,Publié:il y a 4 mois,,Tunijobs,https://www.tunijobs.com/company/ayagency-consulting/jobs/ayagency-consulting-designer-graphique-junior
ste-dental-concept-technicien-dequipement-biomedical,Technicien d'équipement biomédical,STE DENTAL CONCEPT,,Maintenance et dépannage | Compétences en électricité/éle... | Analyse et résolution de probl...,CDI,2-5 ans,,,Confidentiel,,CDI,Présentiel,2025-11-23,Publié:il y a 4 mois,,Tunijobs,https://www.tunijobs.com/company/ste-dental-concept/jobs/ste-dental-concept-technicien-dequipement-biomedical
black-bear-digital-developpeur-logiciel-python-django-go-frontend-notions-devops,Développeur Logiciel,Black bear-digital,,Python/Django | Golang | Frontend,CDI,5-7 ans,,,450 - 2400 DT,,"CDI, CDD, Freelance",Télétravail complet,2025-11-23,Publié:il y a 4 mois,,Tunijobs,https://www.tunijobs.com/company/black-bear-digital/jobs/black-bear-digital-developpeur-logiciel-python-django-go-frontend-notions-devops
allocab-commercial-sedentaire-senior-en-vehicule-electrique,Commercial Sédentaire Senior en Véhicule électrique,Allocab,,prospection | identification des besoins cli... | Closing,CDD,5-7 ans,,,Confidentiel,,CDI,Présentiel,2025-11-23,Publié:il y a 4 mois,,Tunijobs,https://www.tunijobs.com/company/allocab/jobs/allocab-commercial-sedentaire-senior-en-vehicule-electrique
riviere-dor-responsable-approvisionnement-emballage,Responsable Approvisionnement Emballage,Rivière d'or,,négociation | communication | gérer des priorités,CDD,2-5 ans,,,Confidentiel,,CDI,Présentiel,2025-11-23,Publié:il y a 4 mois,,Tunijobs,https://www.tunijobs.com/company/riviere-dor/jobs/riviere-dor-responsable-approvisionnement-emballage
chateau-dax-architecte-decoratrice,architecte - décoratrice,CHATEAU D'AX,,architecte,CDD,Sans expérience,,,Confidentiel,,CDI,Présentiel,2025-11-23,Publié:il y a 4 mois,,Tunijobs,https://www.tunijobs.com/company/chateau-dax/jobs/chateau-dax-architecte-decoratrice
dps-laser-technicien-conducteur-de-plieuse-numerique,Technicien conducteur de Plieuse numérique,DPS LASER,,pliage,CDD,2-5 ans,,,800 - 1200 DT,,CDI,Présentiel,2025-11-23,Publié:il y a 4 mois,,Tunijobs,https://www.tunijobs.com/company/dps-laser/jobs/dps-laser-technicien-conducteur-de-plieuse-numerique
mediasoft-consultant-e-paie-sage-ligne-100,Consultant(e) Paie Sage Ligne 100,Mediasoft,,Sage Paie ligne 100,CDD,2-5 ans,,,Confidentiel,,CDI,Présentiel,2025-11-23,Publié:il y a 4 mois,,Tunijobs,https://www.tunijobs.com/company/mediasoft/jobs/mediasoft-consultant-e-paie-sage-ligne-100
staffing-tunisia-gestionnaire-de-paie,GESTIONNAIRE DE PAIE,STAFFING TUNISIA,,RESSOURCES HUMAINES,CDD,2-5 ans,,,1400 DT,,CDI,Présentiel,2025-11-23,Publié:il y a 4 mois,,Tunijobs,https://www.tunijobs.com/company/staffing-tunisia/jobs/staffing-tunisia-gestionnaire-de-paie
maitre-afifi-notaire-assistante-pour-notaire,Assistante pour notaire,Maître AFIFI Notaire,,Rigueur | Organisation | ​Sens de l'écoute et de la Com...,CDD,6-12 mois,,,600 DT,,CDI,Présentiel,2025-11-23,Publié:il y a 4 mois,,Tunijobs,https://www.tunijobs.com/company/maitre-afifi-notaire/jobs/maitre-afifi-notaire-assistante-pour-notaire
adam-eden-eva-conseiller-commercial-mutuelle-sante-and-prevoyance-h-f,Conseiller Commercial Mutuelle Santé & Prévoyance (H/F),ADAM EDEN EVA,,Sens du service et de l'écoute | Aptitude à l'argumentation com... | Dynamisme,Toutes offres,6-12 mois,,,Confidentiel,,CDI,Présentiel,2025-10-24,Publié:il y a 5 mois,,Tunijobs,https://www.tunijobs.com/company/adam-eden-eva/jobs/adam-eden-eva-conseiller-commercial-mutuelle-sante-and-prevoyance-h-f
backoff-solutions-consultant-e-specialise-e-en-appels-doffres-europeens-logiciels-saas-france-and-europe,🎯 Consultant(e) spécialisé(e) en appels d’offres européens – Logiciels SaaS (France & Europe),BackOff Solutions,,Appel d'offre | MAPA | AO,Toutes offres,5-7 ans,,,Confidentiel,,CDI,Télétravail complet,2025-10-24,Publié:il y a 5 mois,,Tunijobs,https://www.tunijobs.com/company/backoff-solutions/jobs/backoff-solutions-consultant-e-specialise-e-en-appels-doffres-europeens-logiciels-saas-france-and-europe
biderja-commercial,Commercial,not_a_name,,Communication de vente | Français,CDI,1-2 ans,,,750 - 1200 DT,,CDI,Hybride,2025-10-24,Publié:il y a 5 mois,,Tunijobs,https://www.tunijobs.com/company/not-a-name/jobs/biderja-commercial
le-sculpteur-technicien-superieur-en-architecture-decoration-dinterieur-la-soukra,Technicien Supérieur en Architecture/Décoration d'Intérieur - La Soukra,Le Sculpteur,,autocad,CDD,1-2 ans,,,1000 - 1800 DT,,CDI,Présentiel,2025-10-24,Publié:il y a 5 mois,,Tunijobs,https://www.tunijobs.com/company/le-sculpteur/jobs/le-sculpteur-technicien-superieur-en-architecture-decoration-dinterieur-la-soukra
palma-talents-chef-fe-de-projet-it-h-f,Chef(fe) de projet IT H/F,Palma Talents,,En tant que chef(fe) de projet...,CDD,5-7 ans,,,Confidentiel,,CDD,Télétravail complet,2025-10-24,Publié:il y a 5 mois,,Tunijobs,https://www.tunijobs.com/company/palma-talents/jobs/palma-talents-chef-fe-de-projet-it-h-f
makemusic-ingenieur-du-son-live-studio,Ingénieur du son Live/Studio,MakeMusic,,Logiciels: Reaper + Pro Tools ... | Langues parlées: Français & An...,CDD,5-7 ans,,,600 - 800 DT,,CDI,Présentiel,2025-10-24,Publié:il y a 5 mois,,Tunijobs,https://www.tunijobs.com/company/makemusic/jobs/makemusic-ingenieur-du-son-live-studio
generale-consulting-gc-ingenieur-genie-civil,Ingénieur Génie Civil,Générale Consulting GC²,,Ingénieur Génie Civil,CDD,Sans expérience,,,500 - 1000 DT,,"CDI, CIVP, Al Karama",Présentiel,2025-10-24,Publié:il y a 5 mois,,Tunijobs,https://www.tunijobs.com/company/generale-consulting-gc/jobs/generale-consulting-gc-ingenieur-genie-civil
ste-wamia-manager-experience-client-cx-wamia-tn,MANAGER EXPÉRIENCE CLIENT (CX) – Wamia.tn,STE WAMIA,,"Mentalité ""Problem-Solver"" | Résistance au Stress Maximale | Empathie Client Absolue",CDD,5-7 ans,,,Confidentiel,,CDI,Présentiel,2025-10-24,Publié:il y a 5 mois,,Tunijobs,https://www.tunijobs.com/company/ste-wamia/jobs/ste-wamia-manager-experience-client-cx-wamia-tn
le-charme-de-la-patisserie-commercial-e-centre-de-formation-le-charme-de-la-patisserie,Commercial(e) centre de formation – Le Charme de la Pâtisserie,Le charme de la Pâtisserie,,Communication orale claire et ... | Techniques de vente et de négo... | Gestion des appels entrants et...,CDD,1-2 ans,,,850 - 1200 DT,,CDD,Présentiel,2025-10-24,Publié:il y a 5 mois,,Tunijobs,https://www.tunijobs.com/company/le-charme-de-la-patisserie/jobs/le-charme-de-la-patisserie-commercial-e-centre-de-formation-le-charme-de-la-patisserie
altra-call-commercial-b-to-b-experimente,Commercial B to B expérimenté,Altra Call,,Maîtrise des techniques de ven... | Capacité à identifier les beso... | Excellent niveau de français o...,CDD,5-7 ans,,,Confidentiel,,CDI,Présentiel,2025-10-24,Publié:il y a 5 mois,,Tunijobs,https://www.tunijobs.com/company/altra-call/jobs/altra-call-commercial-b-to-b-experimente
mecanica-coursier,Coursier,MECANICA,,Bonne connaissance du Grand Tu...,CDD,2-5 ans,,,Confidentiel,,CDI,Présentiel,2025-10-24,Publié:il y a 5 mois,,Tunijobs,https://www.tunijobs.com/company/mecanica/jobs/mecanica-coursier
take-off-travel-billettiste-agence-de-voyages,Billettiste – Agence de Voyages,Take Off Travel,,Amadeus (incontournable) | NDC (atout) | Arabe,CDD,1-2 ans,,,800 - 1100 DT,,CDI,Présentiel,2025-10-24,Publié:il y a 5 mois,,Tunijobs,https://www.tunijobs.com/company/take-off-travel/jobs/take-off-travel-billettiste-agence-de-voyages
leonemtravel-senior-web-marketing,Senior Web Marketing,LEONEMTRAVEL,,Capacité à interpréter les don... | Suivi et analyse des KPI : acq... | Esprit d’analyse et rigueur da...,CDD,5-7 ans,,,1500 - 2000 DT,,"CDI, CDD",Hybride,2025-10-24,Publié:il y a 5 mois,,Tunijobs,https://www.tunijobs.com/company/leonemtravel/jobs/leonemtravel-senior-web-marketing
spark-talent-alliance-mission-freelance-ingenieur-angular-et-java-senior,Mission Freelance – Ingénieur Angular et Java Senior,SPARK TALENT ALLIANCE,,angular | java,CDD,5-7 ans,,,2000 - 5000 DT,,Freelance,Hybride,2025-10-24,Publié:il y a 5 mois,,Tunijobs,https://www.tunijobs.com/company/spark-talent-alliance/jobs/spark-talent-alliance-mission-freelance-ingenieur-angular-et-java-senior
clinique-elmourouj-techncienne-en-biomedicale,TECHNCIENNE EN BIOMEDICALE,Clinique El Mourouj,,Configurer l'installation et e...,CDD,Sans expérience,,,700 DT,,CIVP,Présentiel,2025-10-24,Publié:il y a 5 mois,,Tunijobs,https://www.tunijobs.com/company/clinique-elmourouj/jobs/clinique-elmourouj-techncienne-en-biomedicale
maxiom-de-metal-2000-groupe-un-e-gestionnaire-de-facturation-francaise,Un(e)  gestionnaire de facturation française,MAXIOM de METAL 2000 GROUPE,,Saisie et vérification des fac... | Suivi des paiements et des enc... | Maîtrise de la facturation cli...,CDD,1-2 ans,,,Confidentiel,,CDI,Présentiel,2025-10-24,Publié:il y a 5 mois,,Tunijobs,https://www.tunijobs.com/company/maxiom-de-metal-2000-groupe/jobs/maxiom-de-metal-2000-groupe-un-e-gestionnaire-de-facturation-francaise
premunia-conseillers-commerciaux-en-assurance-sante,Conseillers Commerciaux en Assurance Santé,PREMUNIA,,Expertise en Mutuelle Santé | Techniques de Vente à Distance | Sens de l'écoute active,Toutes offres,1-2 ans,,,Confidentiel,,CDI,Présentiel,2025-09-24,Publié:il y a 6 mois,,Tunijobs,https://www.tunijobs.com/company/premunia/jobs/premunia-conseillers-commerciaux-en-assurance-sante
adam-eden-eva-charge-e-qualite-televente-en-mutuelle-sante-and-prevoyance,Chargé(e) Qualité Télévente en Mutuelle Santé & Prévoyance 🚀,ADAM EDEN EVA,,Français lu parlé | Télévente | Assurance,Toutes offres,,,,Confidentiel,,"CDI, CIVP",Présentiel,2025-09-24,Publié:il y a 6 mois,,Tunijobs,https://www.tunijobs.com/company/adam-eden-eva/jobs/adam-eden-eva-charge-e-qualite-televente-en-mutuelle-sante-and-prevoyance
vocalis-televendeurs-experimentes,télévendeurs expérimentés,Vocalis,,Excellente élocution française,CDD,2-5 ans,,,1200 - 2000 DT,,"CDI, Freelance",Hybride,2025-09-24,Publié:il y a 6 mois,,Tunijobs,https://www.tunijobs.com/company/vocalis/jobs/vocalis-televendeurs-experimentes
chezmoii-agent-immobilier,Agent Immobilier,Chezmoii,,commercial | informatique,CDD,1-6 mois,,,900 DT,,"CDI, Freelance, CIVP",Présentiel,2025-09-24,Publié:il y a 6 mois,,Tunijobs,https://www.tunijobs.com/company/chezmoii/jobs/chezmoii-agent-immobilier
thera-responsable-systeme-dinformation,Responsable Système d'Information,THERA,,Connaissance CISCO   Connaissa...,CDD,2-5 ans,,,Confidentiel,,CDI,Présentiel,2025-09-24,Publié:il y a 6 mois,,Tunijobs,https://www.tunijobs.com/company/thera/jobs/thera-responsable-systeme-dinformation
iwgplc-tunisie-community-sales-manager,Community Sales Manager,IWGplc Tunisie,,vente et négociation | gestion de communauté et en re... | communication et service clien...,CDD,2-5 ans,,,1600 DT,,CDI,Présentiel,2025-09-24,Publié:il y a 6 mois,,Tunijobs,https://www.tunijobs.com/company/iwgplc-tunisie/jobs/iwgplc-tunisie-community-sales-manager
2s-consulting-chauffeur-semi-remorque-a-morneg,chauffeur semi-remorque  à Morneg,2s consulting,,rigoureux,CDD,2-5 ans,,,Confidentiel,,CDI,Présentiel,2025-09-24,Publié:il y a 6 mois,,Tunijobs,https://www.tunijobs.com/company/2s-consulting/jobs/2s-consulting-chauffeur-semi-remorque-a-morneg
top-management-top-management-recrute-agent-bpo-h-f,Top Management recrute : Agent BPO (H/F),Top Management,,Bonne maîtrise de la langue al... | Solides connaissances en infor... | Capacité à travailler en équip...,Stage / SIVP,1-2 ans,,,1000 - 1200 DT,,"CDI, Al Karama, Stage, Freelance, CIVP",Hybride,2025-09-24,Publié:il y a 6 mois,,Tunijobs,https://www.tunijobs.com/company/top-management/jobs/top-management-top-management-recrute-agent-bpo-h-f
moore-global-sales-developement-representative-senior,Sales Developement Representative Senior,Moore Global,,Français lu parlé | Ambition | Ténacité,Stage / SIVP,2-5 ans,,,Confidentiel,,CDI,Présentiel,2025-09-24,Publié:il y a 6 mois,,Tunijobs,https://www.tunijobs.com/company/moore-global/jobs/moore-global-sales-developement-representative-senior
emdep-testboards-mechanical-design-engineer,Mechanical Design Engineer,EMDEP TESTBOARDS,,solidworks,Stage / SIVP,2-5 ans,,,2500 DT,,"CDD, CDI",Présentiel,2025-09-24,Publié:il y a 6 mois,,Tunijobs,https://www.tunijobs.com/company/emdep-testboards/jobs/emdep-testboards-mechanical-design-engineer
maxiom-de-metla-2000-groupe-charge-e-de-relation-client-bilingue,Chargé(e) de Relation Client Bilingue,MAXIOM de METAL 2000 GROUPE,,Communication téléphonique | Bonne maîtrise des outils bure... | Excellente maîtrise du françai...,Stage / SIVP,2-5 ans,,,Confidentiel,,CDI,Présentiel,2025-09-24,Publié:il y a 6 mois,,Tunijobs,https://www.tunijobs.com/company/maxiom-de-metal-2000-groupe/jobs/maxiom-de-metla-2000-groupe-charge-e-de-relation-client-bilingue
medspeakers-programme-support-patient,Professionnelle de santé,Medspeakers,,"Esprit d’équipe | Patience, bienveillance et sen... | Rigueur et autonomie dans la g...",Stage / SIVP,6-12 mois,,,Confidentiel,,CIVP,Présentiel,2025-09-24,Publié:il y a 6 mois,,Tunijobs,https://www.tunijobs.com/company/medspeakers/jobs/medspeakers-programme-support-patient
ste-wamia-wamia-recrute-agent-logistique-soukra-sousse,WAMIA RECRUTE – AGENT LOGISTIQUE ( soukra / sousse ),STE WAMIA,,Bonne condition physique et ré...,Stage / SIVP,,,,Confidentiel,,"CDI, Al Karama, CIVP",Présentiel,2025-09-24,Publié:il y a 6 mois,,Tunijobs,https://www.tunijobs.com/company/ste-wamia/jobs/ste-wamia-wamia-recrute-agent-logistique-soukra-sousse
ste-kayan-voyages-agent-de-voyages-monastir,Agent de Voyages - Monastir,STE KAYAN VOYAGES,,Informatique | Billetterie | Amadeus,Stage / SIVP,1-2 ans,,,1050 DT,,"CDI, CIVP, CDD, Stage",Présentiel,2025-09-24,Publié:il y a 6 mois,,Tunijobs,https://www.tunijobs.com/company/ste-kayan-voyages/jobs/ste-kayan-voyages-agent-de-voyages-monastir
rustica-cruises-commercial-francophone,Commercial  francophone,Rustica Cruises,,Français parfait,Stage / SIVP,,,,Confidentiel,,CDI,Présentiel,2025-09-24,Publié:il y a 6 mois,,Tunijobs,https://www.tunijobs.com/company/rustica-cruises/jobs/rustica-cruises-commercial-francophone
tsi-network-specialiste-odoo-erp,Spécialiste Odoo ERP,TSI NETWORK,,Odoo | Python | PostgreSQL,Stage / SIVP,2-5 ans,,,Confidentiel,,CDI,Présentiel,2025-09-24,Publié:il y a 6 mois,,Tunijobs,https://www.tunijobs.com/company/tsi-network/jobs/tsi-network-specialiste-odoo-erp
viamobile-charge-commercial-developpement-reseau-agent-client-viamobile,"Chargé commercial, développement réseau ( agent/client ) – Viamobile",VIAMOBILE,,Développement et suivi de rése... | Gestion des transactions et fl... | Organisation et gestion des pr...,Stage / SIVP,1-2 ans,,,Confidentiel,,"CIVP, CDI",Présentiel,2025-09-24,Publié:il y a 6 mois,,Tunijobs,https://www.tunijobs.com/company/viamobile/jobs/viamobile-charge-commercial-developpement-reseau-agent-client-viamobile
otospex-solutions-data-scientist-on-site-role-in-djerba,Data Scientist - On-Site Role in Djerba,Otospex Solutions,,Data | LLM,Stage / SIVP,2-5 ans,,,Confidentiel,,CDI,Présentiel,2025-09-24,Publié:il y a 6 mois,,Tunijobs,https://www.tunijobs.com/company/otospex-solutions/jobs/otospex-solutions-data-scientist-on-site-role-in-djerba
xtensus,𝐁𝐮𝐬𝐢𝐧𝐞𝐬𝐬 𝐃𝐞𝐯𝐞𝐥𝐨𝐩𝐞𝐫 𝐇/𝐅,Xtensus,,Écoute - Rigueur  -Travail en ...,Stage / SIVP,2-5 ans,,,Confidentiel,,CDI,Présentiel,2025-09-24,Publié:il y a 6 mois,,Tunijobs,https://www.tunijobs.com/company/xtensus/jobs/xtensus
c4i-responsable-de-formation,RESPONSABLE DE FORMATION,C4I,,commercial | gestion | microsoft 365,Stage / SIVP,6-12 mois,,,700 DT,,CIVP,Présentiel,2025-09-24,Publié:il y a 6 mois,,Tunijobs,https://www.tunijobs.com/company/c4i/jobs/c4i-responsable-de-formation
sta-ingenieur-en-energie-ou-en-electricite-exprimente,ingénieur (en énergie ou en électricité)exprimenté,STA,,la réalisation des études tech...,Stage / SIVP,5-7 ans,,,Confidentiel,,CDI,Présentiel,2025-09-24,Publié:il y a 6 mois,,Tunijobs,https://www.tunijobs.com/company/sta/jobs/sta-ingenieur-en-energie-ou-en-electricite-exprimente
thera-technicien-maintenance,Technicien maintenance,THERA,,CVC,Stage / SIVP,,,,Confidentiel,,CDI,Présentiel,2025-09-24,Publié:il y a 6 mois,,Tunijobs,https://www.tunijobs.com/company/thera/jobs/thera-technicien-maintenance
thera-technicien-de-production-homme,Technicien de Production (Homme),THERA,,BPF,Stage / SIVP,1-2 ans,,,Confidentiel,,CDI,Présentiel,2025-09-24,Publié:il y a 6 mois,,Tunijobs,https://www.tunijobs.com/company/thera/jobs/thera-technicien-de-production-homme
thera-analyste-physico-chimie-poste-nuit,Analyste Physico-chimie (Poste Nuit),THERA,,HPLC,Stage / SIVP,1-2 ans,,,Confidentiel,,CDI,Présentiel,2025-09-24,Publié:il y a 6 mois,,Tunijobs,https://www.tunijobs.com/company/thera/jobs/thera-analyste-physico-chimie-poste-nuit
thera-superviseur-magasin,Superviseur Magasin,THERA,,QAD | ERP,Stage / SIVP,1-2 ans,,,Confidentiel,,CDI,Présentiel,2025-09-24,Publié:il y a 6 mois,,Tunijobs,https://www.tunijobs.com/company/thera/jobs/thera-superviseur-magasin
thera-ingenieur-maintenance,Ingénieur Maintenance,THERA,,GMAO | GTC,Stage / SIVP,6-12 mois,,,Confidentiel,,CDI,Présentiel,2025-09-24,Publié:il y a 6 mois,,Tunijobs,https://www.tunijobs.com/company/thera/jobs/thera-ingenieur-maintenance
clevertech-stagiaire-en-communication-and-creation-de-contenu-digital-h-f,Stagiaire en Communication & Création de contenu digital (H/F),CleverTech,,Création de contenu | stratégie de communication dig... | Gestion des réseaux sociaux,Stage / SIVP,Sans expérience,,,Confidentiel,,Stage,Présentiel,2025-09-24,Publié:il y a 6 mois,,Tunijobs,https://www.tunijobs.com/company/clevertech/jobs/clevertech-stagiaire-en-communication-and-creation-de-contenu-digital-h-f
hexabyte-technico-commercial-el-kef,Technico-commercial El Kef,Hexabyte,,Technico-commercial,Stage / SIVP,1-2 ans,,,500 - 1000 DT,,"CDI, CIVP",Présentiel,2025-09-24,Publié:il y a 6 mois,,Tunijobs,https://www.tunijobs.com/company/hexabyte/jobs/hexabyte-technico-commercial-el-kef
clinique-elmourouj-assistante-marketing,ASSISTANTE MARKETING,Clinique El Mourouj,,RESEAUX SOCIAUX | Bonne maîtrise des outils info...,Stage / SIVP,1-6 mois,,,700 DT,,CIVP,Présentiel,2025-09-24,Publié:il y a 6 mois,,Tunijobs,https://www.tunijobs.com/company/clinique-elmourouj/jobs/clinique-elmourouj-assistante-marketing
hexabyte-commercial-terrain-grand-tunis,Commercial Terrain Grand Tunis,Hexabyte,,Excellente aisance à l’oral et...,Stage / SIVP,1-2 ans,,,500 - 1000 DT,,"CIVP, CDI",Présentiel,2025-09-24,Publié:il y a 6 mois,,Tunijobs,https://www.tunijobs.com/company/hexabyte/jobs/hexabyte-commercial-terrain-grand-tunis
thalassomahdiapalace-medecin-generaliste-comptable-hygieniste-plombier-masseur-se-agent-daccueil-nettoyeuse,"MÉDECIN GÉNÉRALISTE, COMPTABLE, HYGIÉNISTE, PLOMBIER, MASSEUR(SE), AGENT D'ACCUEIL, NETTOYEUSE",ThalassoMahdiaPalace,,-une capacité à diagnostiquer ...,Stage / SIVP,1-2 ans,,,750 - 1200 DT,,"CIVP, CDD",Télétravail complet,2025-09-24,Publié:il y a 6 mois,,Tunijobs,https://www.tunijobs.com/company/thalassomahdiapalace/jobs/thalassomahdiapalace-medecin-generaliste-comptable-hygieniste-plombier-masseur-se-agent-daccueil-nettoyeuse
ccsav-technicien-ne-comptable,Technicien(ne) comptable,CCSAV,,Expérience dans un environneme... | Aisance dans un environnement ... | Tenue de livre,Stage / SIVP,1-2 ans,,,1000 - 1350 DT,,"CIVP, CDI",Présentiel,2025-09-24,Publié:il y a 6 mois,,Tunijobs,https://www.tunijobs.com/company/ccsav/jobs/ccsav-technicien-ne-comptable
pharmacie-ramzi-turki-aide-preparateur-ou-technicien-en-pharmacie,Aide préparateur ou technicien en pharmacie,PHARMACIE RAMZI TURKI,,organisé | présentable | vigilant,Stage / SIVP,Sans expérience,,,700 - 1100 DT,,"CDI, CDD, CIVP, Stage",Présentiel,2025-09-24,Publié:il y a 6 mois,,Tunijobs,https://www.tunijobs.com/company/pharmacie-ramzi-turki/jobs/pharmacie-ramzi-turki-aide-preparateur-ou-technicien-en-pharmacie
leonemtravel-agent-de-voyage-confirme-pour-reservation-billetterie-et-hotellerie-h-f,"Agent de Voyage Confirmé pour Réservation, Billetterie et Hôtellerie H/F",LEONEMTRAVEL,,"Excellentes compétences en com... | Sens de la négociation, créati... | Bonne maîtrise du français et ...",Stage / SIVP,2-5 ans,,,1000 - 2000 DT,,CDI,Hybride,2025-09-24,Publié:il y a 6 mois,,Tunijobs,https://www.tunijobs.com/company/leonemtravel/jobs/leonemtravel-agent-de-voyage-confirme-pour-reservation-billetterie-et-hotellerie-h-f
apx-leads-responsable-de-compte,Responsable de compte,APX Leads,,Français | Télévente | Télémarketing,Toutes offres,2-5 ans,,,1500 DT,,CDI,Présentiel,2025-08-25,Publié:il y a 7 mois,,Tunijobs,https://www.tunijobs.com/company/apx-leads/jobs/apx-leads-responsable-de-compte
circular-maintenance-solutions-technicien-ne-en-maintenance-de-microsysteme-electronique,technicien(ne) en maintenance de microsystème électronique,CIRCULAR MAINTENANCE SOLUTIONS,,Bon niveau en français (oral e... | Solides connaissances en élect...,Stage / SIVP,Sans expérience,,,700 - 800 DT,,"CDI, CIVP",Présentiel,2025-08-25,Publié:il y a 7 mois,,Tunijobs,https://www.tunijobs.com/company/circular-maintenance-solutions/jobs/circular-maintenance-solutions-technicien-ne-en-maintenance-de-microsysteme-electronique
societe-les-freres-chabbah-ste-les-freres-chabbah,STE Les Frères Chabbah,SOCIETE LES FRERES CHABBAH,,Planification et gestion de pr...,Stage / SIVP,6-12 mois,,,700 - 1000 DT,,"CDD, Intérim",Présentiel,2025-08-25,Publié:il y a 7 mois,,Tunijobs,https://www.tunijobs.com/company/societe-les-freres-chabbah/jobs/societe-les-freres-chabbah-ste-les-freres-chabbah
otospex-solutions-job-offer-seo-professional,Job Offer: SEO Professional,Otospex Solutions,,SEO,Stage / SIVP,2-5 ans,,,Confidentiel,,CDI,Présentiel,2025-08-25,Publié:il y a 7 mois,,Tunijobs,https://www.tunijobs.com/company/otospex-solutions/jobs/otospex-solutions-job-offer-seo-professional
auracall-recrutement-centre-dappel,Recrutement  centre d'appel,Auracall,,Maîtrise de la langue français...,Freelance,Sans expérience,,,1250 DT,,CDI,Présentiel,2025-08-25,Publié:il y a 7 mois,,Tunijobs,https://www.tunijobs.com/company/auracall/jobs/auracall-recrutement-centre-dappel
otospex-solutions-were-hiring-graphic-designer-otospex-solutions,We’re Hiring: Graphic Designer – Otospex Solutions,Otospex Solutions,,Strong skills in Adobe Creativ...,Freelance,1-2 ans,,,Confidentiel,,CDI,Présentiel,2025-08-25,Publié:il y a 7 mois,,Tunijobs,https://www.tunijobs.com/company/otospex-solutions/jobs/otospex-solutions-were-hiring-graphic-designer-otospex-solutions
paraplume-charge-e-marketing-digital,Chargé(e) Marketing Digital,Paraplume,,marketing | marketing digital | seo,Freelance,1-2 ans,,,Confidentiel,,"CDI, CIVP",Présentiel,2025-08-25,Publié:il y a 7 mois,,Tunijobs,https://www.tunijobs.com/company/paraplume/jobs/paraplume-charge-e-marketing-digital
ccsav-comptable,Comptable,CCSAV,,comptabilité,Freelance,1-6 mois,,,Confidentiel,,"CDI, CIVP",Présentiel,2025-08-25,Publié:il y a 7 mois,,Tunijobs,https://www.tunijobs.com/company/ccsav/jobs/ccsav-comptable
xtensus-commercial-sedentaire-h-f,Commercial Sédentaire H/F,Xtensus,,Le goût du travail en équipe,Freelance,2-5 ans,,,Confidentiel,,"CIVP, CDI",Présentiel,2025-08-25,Publié:il y a 7 mois,,Tunijobs,https://www.tunijobs.com/company/xtensus/jobs/xtensus-commercial-sedentaire-h-f
xtensus-ingenieurs-developpeurs-php,Responsable / Assistante Administratif et Financière,Xtensus,,Écoute - Rigueur -Travail en é...,Freelance,2-5 ans,,,Confidentiel,,CDI,Présentiel,2025-08-25,Publié:il y a 7 mois,,Tunijobs,https://www.tunijobs.com/company/xtensus/jobs/xtensus-ingenieurs-developpeurs-php
tsi-network-digital-communication-and-marketing-specialist,Digital Communication & Marketing Specialist,TSI NETWORK,,IA | Adobe | Google,Freelance,2-5 ans,,,Confidentiel,,CDI,Présentiel,2025-08-25,Publié:il y a 7 mois,,Tunijobs,https://www.tunijobs.com/company/tsi-network/jobs/tsi-network-digital-communication-and-marketing-specialist
otospex-solutions-social-media-manager-djerba-or-tunis,Social Media Manager - Djerba Or Tunis,Otospex Solutions,,Comfortable speaking and prese...,Freelance,1-2 ans,,,Confidentiel,,CDI,Présentiel,2025-08-25,Publié:il y a 7 mois,,Tunijobs,https://www.tunijobs.com/company/otospex-solutions/jobs/otospex-solutions-social-media-manager-djerba-or-tunis
miss-2l-caissiers-a-grombalia,caissiers a Grombalia,MISS 2L,,Expérience en caisse souhaitée...,Freelance,6-12 mois,,,800 DT,,"CDI, CIVP, CDD",Présentiel,2025-08-25,Publié:il y a 7 mois,,Tunijobs,https://www.tunijobs.com/company/miss-2l/jobs/miss-2l-caissiers-a-grombalia
miss-2l-conseillere-en-vente-beaute-a-grombalia,conseillère en vente / beauté a grombalia,MISS 2L,,* Expérience en vente et conse...,Freelance,Sans expérience,,,750 DT,,"CDI, CIVP, CDD",Présentiel,2025-08-25,Publié:il y a 7 mois,,Tunijobs,https://www.tunijobs.com/company/miss-2l/jobs/miss-2l-conseillere-en-vente-beaute-a-grombalia
soowe-community-manager-assistant-digital-marketing-remote,Community Manager-Assistant Digital Marketing (Remote),soowe,,Proactivité | Autonomie,Freelance,1-2 ans,,,850 DT,,CDI,Télétravail complet,2025-08-25,Publié:il y a 7 mois,,Tunijobs,https://www.tunijobs.com/company/soowe/jobs/soowe-community-manager-assistant-digital-marketing-remote
dma-direct-medical-assistance-offre-demploi-qa-and-support-technique-plateforme-medicale-h-f,Offre d’emploi : QA & Support technique – Plateforme médicale (H/F),DMA- Direct Medical Assistance,,"•	Première expérience en QA, s...",Freelance,2-5 ans,,,3000 DT,,"CDD, CDI, Freelance",Hybride,2025-08-25,Publié:il y a 7 mois,,Tunijobs,https://www.tunijobs.com/company/dma-direct-medical-assistance/jobs/dma-direct-medical-assistance-offre-demploi-qa-and-support-technique-plateforme-medicale-h-f
kopileft-services-techniciens-and-ingenieurs-support-applicatif-fr,Techniciens & Ingénieurs Support Applicatif (FR),kopiLeft Services,,Windows et Linux | Outils de ticketing | Bases de données,CDD,2-5 ans,,,1500 - 2050 DT,,"CDI, CIVP",Présentiel,2025-07-26,Publié:il y a 8 mois,,Tunijobs,https://www.tunijobs.com/company/kopileft-services/jobs/kopileft-services-techniciens-and-ingenieurs-support-applicatif-fr
backoff-solutions-qa-analyst-testeur-fonctionnel,QA Analyst / Testeur Fonctionnel,BackOff Solutions,,Cypress | Playwright | QA,CDD,2-5 ans,,,Confidentiel,,CDI,Télétravail complet,2025-07-26,Publié:il y a 8 mois,,Tunijobs,https://www.tunijobs.com/company/backoff-solutions/jobs/backoff-solutions-qa-analyst-testeur-fonctionnel
backoff-solutions-developpeur-se-ia-specialisation-llm-agents-autonomes-teletravail,Développeur·se IA – Spécialisation LLM / Agents autonomes - Télétravail,BackOff Solutions,,AI | IA | LLM,CDD,2-5 ans,,,1900 - 3500 DT,,CDI,Télétravail complet,2025-07-26,Publié:il y a 8 mois,,Tunijobs,https://www.tunijobs.com/company/backoff-solutions/jobs/backoff-solutions-developpeur-se-ia-specialisation-llm-agents-autonomes-teletravail
re-searchlight-professionnelle-de-sante,Professionnelle de santé,Medspeakers,,"Rigueur et autonomie dans la g... | Patience, bienveillance et sen... | Esprit d’équipe",Freelance,6-12 mois,,,Confidentiel,,CIVP,Présentiel,2025-07-26,Publié:il y a 8 mois,,Tunijobs,https://www.tunijobs.com/company/medspeakers/jobs/re-searchlight-professionnelle-de-sante
voicecom-teleoperateurs-experimentes-dans-les-centres-dappels-francophones,Téléopérateurs expérimentés dans les centres d'appels francophones,VOICECOM,,excellente communication verba...,Freelance,1-2 ans,,,1200 - 1300 DT,,CDI,Présentiel,2025-07-26,Publié:il y a 8 mois,,Tunijobs,https://www.tunijobs.com/company/voicecom/jobs/voicecom-teleoperateurs-experimentes-dans-les-centres-dappels-francophones
kopileft-services-responsable-rh-junior,Responsable RH Junior,kopiLeft Services,,RH Généraliste,Freelance,1-2 ans,,,Confidentiel,,"CIVP, CDI",Présentiel,2025-07-26,Publié:il y a 8 mois,,Tunijobs,https://www.tunijobs.com/company/kopileft-services/jobs/kopileft-services-responsable-rh-junior
dorra-deco-architecte-dinterieur,Architecte d'intérieur,Dorra Deco,,"Motivant, avoir le sprit de gr...",Freelance,Sans expérience,,,Confidentiel,,CIVP,Présentiel,2025-07-26,Publié:il y a 8 mois,,Tunijobs,https://www.tunijobs.com/company/dorra-deco/jobs/dorra-deco-architecte-dinterieur
kopileft-services-ingenieurs-developpement-software-promotion-2025,Ingénieurs Développement Software - Promotion 2025,kopiLeft Services,,Parcours Ingénieur généraliste...,Freelance,Sans expérience,,,1500 - 2500 DT,,CIVP,Présentiel,2025-07-26,Publié:il y a 8 mois,,Tunijobs,https://www.tunijobs.com/company/kopileft-services/jobs/kopileft-services-ingenieurs-developpement-software-promotion-2025
climodpro-superviseur-service-apres-vente-sav,Superviseur Service Après-Vente (SAV),ClimodPro,,génie mécanique | électromécanique | aisance relationnelle,Freelance,5-7 ans,,,Confidentiel,,CDI,Présentiel,2025-07-26,Publié:il y a 8 mois,,Tunijobs,https://www.tunijobs.com/company/climodpro/jobs/climodpro-superviseur-service-apres-vente-sav
bioplast-visiteur-medical-junior-articles-pour-bebes,Visiteur Médical Junior,BIOPLAST,,Le poste convient pour des can... | Nous proposons un salaire fixe...,Freelance,1-6 mois,,,Confidentiel,,CIVP,Hybride,2025-07-26,Publié:il y a 8 mois,,Tunijobs,https://www.tunijobs.com/company/bioplast/jobs/bioplast-visiteur-medical-junior-articles-pour-bebes
sit-controls-tunisia-responsable-production-et-process,Responsable Production et Process,SIT CONTROLS TUNISIA,,Production | process | amélioration continue,Freelance,2-5 ans,,,Confidentiel,,CDI,Présentiel,2025-07-26,Publié:il y a 8 mois,,Tunijobs,https://www.tunijobs.com/company/sit-controls-tunisia/jobs/sit-controls-tunisia-responsable-production-et-process
backoff-solutions-support-commercial-prise-de-commandes-and-saisie-h-f,Support Commercial – Prise de commandes & Recouvrement,BackOff Solutions,,Relation ClientB2B | CRM | Autonomie,Toutes offres,1-2 ans,,,700 - 1300 DT,,CDI,Télétravail complet,2025-06-26,Publié:il y a 9 mois,,Tunijobs,https://www.tunijobs.com/company/backoff-solutions/jobs/backoff-solutions-support-commercial-prise-de-commandes-and-saisie-h-f
backoff-solutions-expert-erp-sage-100-api-and-objets-metiers-teletravail,Expert ERP Sage 100 (API & Objets Métiers) - Télétravail,BackOff Solutions,,Sage100 | ERP | Processus Comptables,CDD,5-7 ans,,,1500 - 2800 DT,,CDI,Télétravail complet,2025-06-26,Publié:il y a 9 mois,,Tunijobs,https://www.tunijobs.com/company/backoff-solutions/jobs/backoff-solutions-expert-erp-sage-100-api-and-objets-metiers-teletravail
rosenberger-tunisia-techniciens-maintenance,Techniciens maintenance,Rosenberger Tunisia,,maintenance industrielle,Freelance,Sans expérience,,,1100 DT,,CDI,Présentiel,2025-06-26,Publié:il y a 9 mois,,Tunijobs,https://www.tunijobs.com/company/rosenberger-tunisia/jobs/rosenberger-tunisia-techniciens-maintenance
altaservice-charge-e-qualite,Chargé(e) Qualité,ALTA SERVICES,,Rien à signaler,Freelance,2-5 ans,,,1200 - 1800 DT,,"CDI, CIVP, CDD",Présentiel,2025-06-26,Publié:il y a 9 mois,,Tunijobs,https://www.tunijobs.com/company/alta-services/jobs/altaservice-charge-e-qualite
altaservice-responsable-production,Responsable production Callcenter,ALTA SERVICES,,Rien à signaler,Freelance,2-5 ans,,,1500 - 2500 DT,,"CDI, CIVP, CDD",Présentiel,2025-06-26,Publié:il y a 9 mois,,Tunijobs,https://www.tunijobs.com/company/alta-services/jobs/altaservice-responsable-production
altaservice-charge-e-client-en-reception-dappel,Chargé(e) Client En Réception D'Appel,ALTA SERVICES,,Rien à signaler,Freelance,2-5 ans,,,1000 - 1500 DT,,"CDI, CDD, CIVP",Présentiel,2025-06-26,Publié:il y a 9 mois,,Tunijobs,https://www.tunijobs.com/company/alta-services/jobs/altaservice-charge-e-client-en-reception-dappel
ste-al-mohandes-des-travaux-generaux-chef-de-chantier,Chef de chantier,Société Almohandes des Travaux Généraux,,Permis B,Freelance,1-2 ans,,,1000 DT,,"CIVP, Al Karama, CDD",Présentiel,2025-06-26,Publié:il y a 9 mois,,Tunijobs,https://www.tunijobs.com/company/ste-al-mohandes-des-travaux-generaux/jobs/ste-al-mohandes-des-travaux-generaux-chef-de-chantier
backoff-solutions-developpeur-senior-react-native-nodejs-teletravail,Développeur Senior React Native / NodeJS - Télétravail,BackOff Solutions,,React Native | React | NodeJS,CDI,5-7 ans,,,Confidentiel,,CDI,Télétravail complet,2025-05-27,Publié:il y a 10 mois,,Tunijobs,https://www.tunijobs.com/company/backoff-solutions/jobs/backoff-solutions-developpeur-senior-react-native-nodejs-teletravail
backoff-solutions-charge-e-de-televente-btob-teletravail,Chargé(e) de télévente  (BtoB) - Télétravail,BackOff Solutions,,télévente | adv,CDD,6-12 mois,,,Confidentiel,,CDI,Télétravail complet,2025-05-27,Publié:il y a 10 mois,,Tunijobs,https://www.tunijobs.com/company/backoff-solutions/jobs/backoff-solutions-charge-e-de-televente-btob-teletravail
sotuchoc-magasinier-emballage-mp-pf,Magasinier Emballage / MP / PF,SOTUCHOC,,Gestion de stock,Freelance,1-2 ans,,,Confidentiel,,"CDI, CIVP",Présentiel,2025-05-27,Publié:il y a 10 mois,,Tunijobs,https://www.tunijobs.com/company/sotuchoc/jobs/sotuchoc-magasinier-emballage-mp-pf
sotuchoc-assistant-e-rh,Assistant(e) RH,SOTUCHOC,,Administration du personnel,Freelance,1-2 ans,,,Confidentiel,,"CDI, CIVP",Présentiel,2025-05-27,Publié:il y a 10 mois,,Tunijobs,https://www.tunijobs.com/company/sotuchoc/jobs/sotuchoc-assistant-e-rh
sotuchoc-technicien-superieur-en-genie-mecanique,Technicien Supérieur en Génie Mécanique,SOTUCHOC,,Maintenance Mécanique,Freelance,1-2 ans,,,Confidentiel,,"CDI, CIVP",Présentiel,2025-05-27,Publié:il y a 10 mois,,Tunijobs,https://www.tunijobs.com/company/sotuchoc/jobs/sotuchoc-technicien-superieur-en-genie-mecanique
sotuchoc-technicien-superieur-en-genie-electrique,Technicien Supérieur en Génie Electrique,SOTUCHOC,,Maintenance électrique,Freelance,1-2 ans,,,Confidentiel,,"CDI, CIVP",Présentiel,2025-05-27,Publié:il y a 10 mois,,Tunijobs,https://www.tunijobs.com/company/sotuchoc/jobs/sotuchoc-technicien-superieur-en-genie-electrique
sotuchoc-ingenieur-chef-atelier-production,Ingénieur Chef d'Atelier Production,SOTUCHOC,,Connaissances en ISO 9001 et 2... | Industries agroalimentaires,Freelance,6-12 mois,,,Confidentiel,,"CDI, CIVP",Présentiel,2025-05-27,Publié:il y a 10 mois,,Tunijobs,https://www.tunijobs.com/company/sotuchoc/jobs/sotuchoc-ingenieur-chef-atelier-production
