Job_ID,Titre,Societe,Description,Categories,Annees_Experience,Niveau_Experience,Salaire,Lieu,Type_Contrat,Mode_Travail,Date_Publication,Date_Relative,Expire,Source,Lien
131205,Electricité du Lac recrute Ingénieur Bureau d’Études Senior Télétravail,Electricité du Lac,"Electricité du Lac recrute Ingénieur Bureau d’Études Senior Télétravail – Tunisie Missions principales Réaliser le chiffrage complet des projets électriques selon les normes françaises Préparer et gérer des dossiers complets d’appels d’offres,… ...",IT / Informatique,,Senior,,Lac,Télétravail,Teletravail,2026-03-01,"Mar, 2026",Non,TunisieTravail,https://www.tunisietravail.net/electricite-du-lac-recrute-ingenieur-bureau-d-etudes-senior-teletravail-tunisie-131205/
131133,Siyadah Ai recrute Développeur IA Senior Python,Siyadah Ai,Siyadah Ai recrute Développeur IA Senior Python Description du poste Nous recherchons un Développeur IA Senior spécialisé en Python avec au moins 5 ans d’expérience en intelligence artificielle et machine learning pour… ...,IT / Informatique,5 ans d’exp,Senior,,,,,2026-03-01,"Mar, 2026",Non,TunisieTravail,https://www.tunisietravail.net/siyadah-ai-recrute-developpeur-ia-senior-python-131133/
130280,Chick’n Chips recrute des Cuisiniers / des Cuisinières,Chick’n Chips,Chick’n Chips recrute Des Cuisiniers / Des Cuisinières Profil – Vous êtes titulaire d’un diplôme en cuisine – Age entre 20 et 30 ans – Vous possédez une expérience significative sur un… ...,IT / Informatique,,,,,,,2026-03-01,"Mar, 2026",Non,TunisieTravail,https://www.tunisietravail.net/chickn-chips-recrute-des-cuisiniers-des-cuisinieres-130280/
121972,Domi Affaire Offre Stage Marketing Digital et Communication,,Domi Affaire Offre Stage Marketing Digital et Communication Missions Intégrer et actualiser le contenu sur notre site web via WordPress. Participer à l’analyse et à l’amélioration du référencement du site web. Créer… ...,IT / Informatique,,Stage,,,Stage,,2026-03-01,"Mar, 2026",Non,TunisieTravail,https://www.tunisietravail.net/domi-affaire-offre-stagiaire-marketing-digital-et-communication-121972/
120268,Moser Cabel System recrute Ingénieur Développement et Construction,Moser Cabel System,Moser Cabel System recrute Ingénieur Développement et Construction des Systèmes Electriques et Embarqués Description de l’emploi Concevoir et développer des réseaux de câblage et des armoires électriques en utilisant le logiciel Eplan… ...,IT / Informatique,,,,,,,2026-03-01,"Mar, 2026",Non,TunisieTravail,https://www.tunisietravail.net/moser-cabel-system-recrute-ingenieur-developpement-et-construction-120268/
123819,Eclair recrute Technico Commercial en Electricité Industriel,Eclair,Eclair recrute Technico Commercial en Electricité Industriel Profil Technico-commercial en électricité industriel Expérience : 0 à 1ans Marketing numérique Chiffrage A.O Contrat CIVP Comment postuler Merci d’envoyer votre CV par mail Ville… ...,IT / Informatique,0 à 1ans,,,,CIVP,,2026-03-01,"Mar, 2026",Non,TunisieTravail,https://www.tunisietravail.net/eclair-recrute-technico-commercial-en-electricite-industriel-123819/
131071,Mazzaro Milano recrute des Conseillers de Vente Sfax,Mazzaro Milano,Mazzaro Milano recrute Des Conseillers de Vente Sfax Responsabilités principales – Accueillir les clients et les assister dans la recherche et le choix des produits. – Fournir des informations détaillées sur les… ...,IT / Informatique,,,,Sfax,,,2026-03-01,"Mar, 2026",Non,TunisieTravail,https://www.tunisietravail.net/mazzaro-milano-recrute-des-conseillers-de-vente-sfax-131071/
131165,Call In Call Out recrute Comptable-Junior Mi-Temps,Call In Call Out,"Staffinity SARL est spécialisée dans la gestion des appels entrants et sortants, l’assistance administrative, le support comptable et le marketing digital. Call In Call Out recrute Comptable-Junior Mi-Temps Qui travaillera dans notre… ...",IT / Informatique,,Junior,,,Temps partiel / Mi-temps,,2026-03-01,"Mar, 2026",Non,TunisieTravail,https://www.tunisietravail.net/call-in-call-out-recrute-comptable-junior-mi-temps-131165/
131179,Royal Tulip Korbous Bay recrute Gouvernante Générale,Royal Tulip Korbous Bay,Royal Tulip Korbous Bay recrute Gouvernante Générale Profil * Formation Académique : École hôtelière * Langue : Connaissance en Français et Anglais * Expérience Professionnelle : 5 ans dans un poste similaire.… ...,Hôtellerie / Restauration,,,,,,,2026-03-01,"Mar, 2026",Non,TunisieTravail,https://www.tunisietravail.net/royal-tulip-korbous-bay-recrute-gouvernante-generale-131179/
131138,Clinique la Rose recrute Instrumentistes Bloc Opératoire,Clinique la Rose,Clinique la Rose recrute Instrumentistes Bloc Opératoire Profil recherché : Diplôme en instrumentation Expérience au bloc opératoire souhaitée Sens de l’organisation et esprit d’équipe. Type de contrat : CDI ou CIVP Comment… ...,IT / Informatique,,,,,CDI,,2026-03-01,"Mar, 2026",Non,TunisieTravail,https://www.tunisietravail.net/clinique-la-rose-recrute-instrumentistes-bloc-operatoire-131138/
131198,All For Pets recrute des Vendeurs Soukra,All For Pets,All For Pets recrute Des Vendeurs Soukra Profil Vous êtes passionné(e) du monde des animaux de compagnie. Votre sens du service et votre esprit d’équipe sont des points forts. Vous avez un… ...,IT / Informatique,,,,Soukra,,,2026-03-01,"Mar, 2026",Non,TunisieTravail,https://www.tunisietravail.net/all-for-pets-recrute-des-vendeurs-soukra-131198/
131188,Clinique le Bardo recrute Technicien en Réanimation,Clinique le Bardo,Clinique le Bardo recrute Technicien en Réanimation Polyvalente pour renforcer son équipe de soins. › Missions principales : Assurer la surveillance continue des patients en réanimation. Contrôler et préparer les équipements de… ...,Médical / Paramédical,,,,,,,2026-03-01,"Mar, 2026",Non,TunisieTravail,https://www.tunisietravail.net/clinique-le-bardo-recrute-technicien-en-reanimation-131188/
131088,Hôtel Palais Royal recrute Plombier / Électricien,Hôtel Palais Royal,Hôtel Palais Royal recrute Plombier / Électricien Profil Diplôme en BTP souhaitable Expérience minimum 2 ans dans un hôtel Dynamique et rigoureux Exécuter les maintenances Comment postuler : Cette opportunité vous intéresse… ...,IT / Informatique,,,,,,,2026-03-01,"Mar, 2026",Non,TunisieTravail,https://www.tunisietravail.net/hotel-palais-royal-recrute-plombier-electricien-131088/
131161,Bemepro recrute Thermiciens en Énergie,Bemepro,"Bemepro recrute Thermiciens en Énergie Directement rattaché(e) à l’équipe technique, vous serez le garant de la précision de nos analyses énergétiques. Vos missions principales incluent : • Ingénierie de diagnostic : Réaliser… ...",IT / Informatique,,,,,,,2026-03-01,"Mar, 2026",Non,TunisieTravail,https://www.tunisietravail.net/bemepro-recrute-thermiciens-en-energie-131161/
131168,Advancia SPG Group recrute Ingénieur Senior en Cybersecurite,Advancia SPG Group,Advancia SPG Group recrute Ingenieur Senior en Cybersecurite Mission Consistera principalement à être le référant technique auprès de nos partenaires ’ revendeurs informatiques ’ et de leurs clients finaux sur des missions… ...,IT / Informatique,,Senior,,,,,2026-03-01,"Mar, 2026",Non,TunisieTravail,https://www.tunisietravail.net/advancia-spg-group-recrute-ingenieur-senior-en-cybersecurite-131168/
131153,MHS Eden Yasmine Resort et Spa recrute Comptable Fournisseur Hôtel,MHS Eden Yasmine Resort et Spa,"منتزه الحمامات الجنوبيّة MHS Eden Yasmine Resort et Spa recrute Comptable Fournisseur d’un Hôtel Dynamique et motivé(e), résidant(e) à Hammamet ou Nabeul, pour rejoindre l’équipe de notre hôtel 4› situé à la… ...",IT / Informatique,,,,Nabeul,,,2026-03-01,"Mar, 2026",Non,TunisieTravail,https://www.tunisietravail.net/mhs-eden-yasmine-resort-et-spa-recrute-comptable-fournisseur-hotel-131153/
131147,Atba3Li recrute Livreur à Moto,Atba3Li,Atba3Li recrute Livreur À Moto Mission principale : Le livreur à moto est chargé de livrer des commandes aux clients rapidement et en toute sécurité en utilisant une moto. Tâches principales :… ...,IT / Informatique,,,,,,,2026-03-01,"Mar, 2026",Non,TunisieTravail,https://www.tunisietravail.net/atba3li-recrute-livreur-a-moto-131147/
131180,Royal Tulip Korbous Bay recrute des Chefs de Rang / des Commis de Rang,Royal Tulip Korbous Bay,Royal Tulip Korbous Bay recrute Des Chefs de Rang / Des Commis de Rang Mission * Gérer votre rang et assurer un service de qualité Conseiller les clients sur les plats et… ...,IT / Informatique,,,,,,,2026-03-01,"Mar, 2026",Non,TunisieTravail,https://www.tunisietravail.net/royal-tulip-korbous-bay-recrute-des-chefs-de-rang-des-commis-de-rang-131180/
131148,Stivel recrute Retail Manager / Réseau Ameublement et Textile,Stivel,"Stivel recrute Retail Manager / Réseau Ameublement et Textile Votre Mission : Directement rattaché(e) à la Direction Générale, vous animez et coordonnez l’activité de vos 6 magasins pour garantir une expérience client… ...",IT / Informatique,,Manager,,,,,2026-03-01,"Mar, 2026",Non,TunisieTravail,https://www.tunisietravail.net/stivel-recrute-retail-manager-reseau-ameublement-et-textile-131148/
131097,FD Ingénierie et Conseils recrute Projeteur / Dessinateur en Génie Civil,FD Ingénierie et Conseils,FD Ingénierie & Conseils recrute Projeteur / Dessinateur en Génie Civil Débutant – Eligible SIVP Missions principales : * Réaliser les plans de coffrage * Établir les plans de ferraillage * Mettre… ...,Ingénierie,,Débutant,,,SIVP,,2026-03-01,"Mar, 2026",Non,TunisieTravail,https://www.tunisietravail.net/fd-ingenierie-et-conseils-recrute-projeteur-dessinateur-en-genie-civil-131097/
131163,Africhrome recrute Menuisier,Africhrome,"Africhrome recrute Menuisier Mission Assurer l’assemblage de meubles, effectuer les ajustements nécessaires Maitriser de l’outillage ( visseuse, perceuse ) Comment postuler : Cette opportunité vous intéresse et votre profil correspond ? Envoyez-nous… ...",IT / Informatique,,,,,,,2026-03-01,"Mar, 2026",Non,TunisieTravail,https://www.tunisietravail.net/africhrome-recrute-menuisier-131163/
131183,Carthage Industries recrute Ingénieur Géni Civil,Carthage Industries,"Carthage Industries recrute Ingénieur Géni Civil (Sfax) › Missions Étudier et concevoir les projets de construction. Superviser et suivre les chantiers (qualité, délais, coûts). Coordonner avec les architectes, techniciens et entreprises. Préparer… ...",IT / Informatique,,,,Sfax,,,2026-03-01,"Mar, 2026",Non,TunisieTravail,https://www.tunisietravail.net/carthage-industries-recrute-ingenieur-geni-civil-131183/
131135,Hôtel Novotel Med V recrute Croissantier,Hôtel Novotel Med V,"Hôtel Novotel Med V recrute Croissantier / Pâtissier Profil – 1 an d’expérience dans le domaine de la pâtisserie – Un diplôme ou un certificat en pâtisserie – Être responsable, autonome et… ...",Hôtellerie / Restauration,1 an d’exp,,,,,,2026-03-01,"Mar, 2026",Non,TunisieTravail,https://www.tunisietravail.net/hotel-novotel-med-v-recrute-croissantier-131135/
131141,Academy For Higher Training recrute Formatrice en Anglais,Academy For Higher Training,"Academy For Higher Training recrute Formatrice en Anglais Profil Maîtrise parfaite de l’anglais Diplôme en langue anglaise Sérieuse, motivée et dynamique Comment postuler : Cette opportunité vous intéresse et votre profil correspond… ...",IT / Informatique,,,,,,,2026-03-01,"Mar, 2026",Non,TunisieTravail,https://www.tunisietravail.net/academy-for-higher-training-recrute-formatrice-en-anglais-131141/
131101,Ms Meuble recrute Conseiller.ère Commercial.e Showroom Meubles – Bizerte,Ms Meuble,Ms Meuble recrute Conseiller.ère Commercial.e Showroom Meubles - Bizerte Dynamique et motivé(e). Missions : Accueillir et conseiller les clients en showroom Identifier les besoins et proposer les produits adaptés Conclure les ventes… ...,IT / Informatique,,,,Bizerte,,,2026-03-01,"Mar, 2026",Non,TunisieTravail,https://www.tunisietravail.net/ms-meuble-recrute-conseiller-ere-commercial-e-showroom-meubles-bizerte-131101/
131127,Portaops recrute Ingénieur d’Affaires IT – ESN,Portaops,"Portaops recrute Ingénieur d’Affaires IT - ESN - Profil Commercial Uniquement Poste 100% commercial dans une ESN (prospection, développement de portefeuille, vente de prestations IT). Ce poste ne concerne pas les profils… ...",IT / Informatique,,,,,,,2026-03-01,"Mar, 2026",Non,TunisieTravail,https://www.tunisietravail.net/portaops-recrute-ingenieur-daffaires-it-esn-131127/
131189,ASH Consulting recrute Coordinatrice Commercial,ASH Consulting,"ASH Consulting recrute Coordinatrice Commercial Vous avez une expérience en coordination des ventes et vous aimez les postes où organisation, suivi des opérations et relation client sont essentiels ? › Cette opportunité… ...",IT / Informatique,,,,,,,2026-03-01,"Mar, 2026",Non,TunisieTravail,https://www.tunisietravail.net/ash-consulting-recrute-coordinatrice-commercial-131189/
131209,Coffee Shop recrute Barista,Coffee Shop,"Selim Jlassi recrute Barista Expérimenté Profil Expérimenté pour un coffee shop situé à la Soukra Jeune, Dynamique et sérieux Comment postuler : Cette opportunité vous intéresse et votre profil correspond ? Envoyez-nous… ...",IT / Informatique,,,,La Soukra,,,2026-03-01,"Mar, 2026",Non,TunisieTravail,https://www.tunisietravail.net/coffee-shop-recrute-barista-131209/
128194,Excellence Training Center recrute Formatrice en Langue Italienne,Excellence Training Center,Excellence Training Center recrute Formatrice en Langue Italienne Profil Maitrise la langue italienne Niveau universitaire Disponible respectueux et surtout ponctuel Comment postuler : Merci d’envoyer vos CV à via le formulaire Pays… ...,IT / Informatique,,,,,,,2026-03-01,"Mar, 2026",Non,TunisieTravail,https://www.tunisietravail.net/excellence-training-center-recrute-formatrice-en-langue-italienne-128194/
131195,Cascade recrute des Professeurs,Cascade,"Cascade recrute Des Professeurs - Chimie et Mathématiques en Télétravail, Postes Pour Etudiants et Jeunes Diplômés Pour donner des cours de Physique chimie et Mathématiques en Télétravail en langue française à des… ...",IT / Informatique,,,,,Télétravail,Teletravail,2026-03-01,"Mar, 2026",Non,TunisieTravail,https://www.tunisietravail.net/cascade-recrute-des-professeurs-131195/
131156,Carthage Industries recrute des Chauffeurs / Conducteurs d’Engins,Carthage Industries,Carthage Industries recrute Des Chauffeurs / Conducteur d’Engins › Grutier – Expérience minimum 10 ans › Chauffeur Semi-Remorque – Expérience minimum 5 ans › Conducteur d’Engins de Chantier – Expérience minimum 5… ...,BTP / Génie Civil,,,,,,,2026-03-01,"Mar, 2026",Non,TunisieTravail,https://www.tunisietravail.net/carthage-industries-recrute-chauffeur-conducteur-dengins-131156/
131159,Ecole Privée Khaznadar recrute des Enseignants d’Arabe,Ecole Privée Khaznadar,Ecole Privée Khaznadar recrute Des Enseignants d’Arabe Profil Expérimenté (e) polyvalent (e) matière scientifique et littéraire ainsi que un (e) enseignant (e) de français expérimenté ( e) maitrisant le programme de l’étatique… ...,IT / Informatique,,,,,,,2026-03-01,"Mar, 2026",Non,TunisieTravail,https://www.tunisietravail.net/ecole-privee-khaznadar-recrute-des-enseignants-darabe-131159/
131203,Pavarotti Berge du Lac recrute Commis de Salle,Pavarotti Berge du Lac,Restaurant Lac recrute Des Commis de Salle Qualités principales : - Motivé - Discipline et écoute - Rapidité et efficacité - Excellente présentation et sens du service client. - Capacité à travailler… ...,IT / Informatique,,,,Lac,,,2026-03-01,"Mar, 2026",Non,TunisieTravail,https://www.tunisietravail.net/pavarotti-berge-du-lac-recrute-commis-de-salle-131203/
131100,Aerotech recrute Chargée des Analyses Chimiques,Aerotech,"Aerotech, dans le cadre du renforcement de notre équipe, Aérotech, entreprise spécialisée dans le traitement de surface pour le secteur aéronautique, recrute Chargée des Analyses Chimiques – Analyses des Bains (Traitement de… ...",IT / Informatique,,,,,,,2026-03-01,"Mar, 2026",Non,TunisieTravail,https://www.tunisietravail.net/aerotech-recrute-chargee-des-analyses-chimiques-131100/
131192,CMCA Concessionnaire Automobile recrute Vendeur Piece de Rechange,CMCA Concessionnaire Automobile,Cmca recrute Vendeur Piece de Rechange Profil Vendeur pièce de rechange automobile avec expérience dans le secteur automobile Comment postuler : Cette opportunité vous intéresse et votre profil correspond ? Envoyez-nous votre… ...,IT / Informatique,,,,,,,2026-03-01,"Mar, 2026",Non,TunisieTravail,https://www.tunisietravail.net/cmca-concessionnaire-automobile-recrute-vendeur-piece-de-rechange-131192/
116193,Pesco recrute Technicien Supérieur en Electricité,Pesco,"Pesco recrute Technicien Supérieur en Electricité Exigences - Niveau (Bac+3) en génie électrique, électronique, énergétique ou équivalent. - Expérience (0-1 ans) - Capacité à travailler en équipe et de manière autonome. -… ...",IT / Informatique,0-1 ans,,,,,,2026-03-01,"Mar, 2026",Non,TunisieTravail,https://www.tunisietravail.net/pesco-recrute-technicien-superieur-en-electricite-116193/
131197,Done Delivery recrute Assistante Opérationnelle,Done Delivery,Done Delivery recrute Assistante Opérationnelle Missions principales L’Assistante Opérationnelle joue un rôle clé dans la coordination des opérations logistiques et le support client. Ses responsabilités incluent : • Planification et suivi des… ...,IT / Informatique,,,,,,,2026-03-01,"Mar, 2026",Non,TunisieTravail,https://www.tunisietravail.net/done-delivery-recrute-assistante-operationnelle-131197/
131200,Transglory recrute des Agents de Back Office Langue Espagnol,Transglory,"Transglory recrute Des Agents de Back Office Langue Espagnol Profil – Entre 25-35 ans – Langues : Espagnol haut Niveau. – Etudes : minimum BAC – Bonnes connaissances de bureautique : Word,… ...",Toutes offres Tunisie,25-35 ans,,,,,,2026-03-01,"Mar, 2026",Non,TunisieTravail,https://www.tunisietravail.net/transglory-recrute-des-agents-de-back-office-langue-espagnol-131200/
131049,Sun Contact recrute des Téléconseiller.es en Allemand,Sun Contact,"Sun Contact recrute Des Téléconseiller.es en Allemand Germanophone dynamique, motivé(e) et doté(e) d’un excellent sens de la communication. › Profil recherché : Excellente maîtrise du français et de l’allemand (oral et écrit)… ...",IT / Informatique,,,,,,,2026-03-01,"Mar, 2026",Non,TunisieTravail,https://www.tunisietravail.net/sun-contact-recrute-des-teleconseiller-es-en-allemand-131049/
131126,Pharmahealth recrute Pharmacien.ne Responsable Contrôle Qualité,Pharmahealth,"Pharmahealth recrute Pharmacien.ne Responsable Contrôle Qualité Localisation : Béja, Tunisie Vos principales missions : Garantir la qualité et la conformité des analyses des matières premières, produits en cours et produits finis, conformément… ...",IT / Informatique,,,,Béja,,,2026-03-01,"Mar, 2026",Non,TunisieTravail,https://www.tunisietravail.net/pharmahealth-recrute-pharmacien-ne-responsable-controle-qualite-131126/
131069,The Residence recrute Animatrice Kids Club,The Residence,"The Residence recrute Animatrice Kids Club Profil recherché Expérience : Vous avez une expérience significative dans l’animation ou la gestion de clubs pour enfants, avec une maîtrise des enjeux de sécurité et… ...",IT / Informatique,,,,,,,2026-03-01,"Mar, 2026",Non,TunisieTravail,https://www.tunisietravail.net/the-residence-recrute-animatrice-kids-club-131069/
131084,Bo Digital Offre Stage en Marketing Digital,,"Bo Digital offre Stage en Marketing Digital Lieu : Nabeul ou à distance Niveau : Master (Marketing, Communication, Digital ou équivalent) Durée : 3 à 6 mois Disponibilité : dès que possible… ...",IT / Informatique,,Stage,,Nabeul,Stage,,2026-03-01,"Mar, 2026",Non,TunisieTravail,https://www.tunisietravail.net/bo-digital-offre-stage-en-marketing-digital-131084/
131125,Omos International is looking for Topographic Surveyor / Civil Technician,,"Omos International is looking for Topographic Surveyor / Civil Technician Experienced professionals to join our team for the construction of drilling platforms, access road opening, and infrastructure maintenance in remote desert environments.… ...",IT / Informatique,,,,,Télétravail,Teletravail,2026-03-01,"Mar, 2026",Non,TunisieTravail,https://www.tunisietravail.net/omos-international-is-looking-for-topographic-surveyor-civil-technician-131125/
131105,Cale Chaussures recrute des Ouvriers / des Ouvrières de Production,Cale Chaussures,Cale Chaussures recrute Des Ouvriers / Des Ouvrières de Production – Fabrication de Chaussures (Avec Ou Sans Expérience) Postes disponibles : Différents postes dans la chaîne de fabrication Expérience requise : Avec… ...,Toutes offres Tunisie,,Sans expérience,,,,,2026-03-01,"Mar, 2026",Non,TunisieTravail,https://www.tunisietravail.net/cale-chaussures-recrute-des-ouvriers-des-ouvrieres-de-production-131105/
131124,Omos International is looking for QA/QC Supervisor / Civil Engineer,,"Omos International is looking for QA/QC Supervisor / Civil Engineer Experienced professionals to join our team for the construction of drilling platforms, access road opening, and infrastructure maintenance in remote desert environments.… ...",Toutes offres Tunisie,,,,,Télétravail,Teletravail,2026-03-01,"Mar, 2026",Non,TunisieTravail,https://www.tunisietravail.net/omos-international-is-looking-for-qa-qc-supervisor-civil-engineer-131124/
131083,Omos International is looking for HSSE Supervisors,,"Omos International is looking for HSSE Supervisors Experienced professionals to join our team for the construction of drilling platforms, access road opening, and infrastructure maintenance in remote desert environments. • Role: Enforce… ...",Toutes offres Tunisie,,,,,Télétravail,Teletravail,2026-03-01,"Mar, 2026",Non,TunisieTravail,https://www.tunisietravail.net/omos-international-is-looking-for-hsse-supervisors-131083/
131114,Polysieges recrute Technicien Bureau d’Études,Polysieges,"Polysieges recrute Technicien Bureau d’Études Agencement & Fabrication (H/F) Pour accompagner notre développement et moderniser nos processus de production. Vos missions : Directement rattaché(e) à la direction, vous êtes le pivot entre… ...",Toutes offres Tunisie,,,,,,,2026-03-01,"Mar, 2026",Non,TunisieTravail,https://www.tunisietravail.net/polysieges-recrute-technicien-bureau-detudes-131114/
131091,Société Malibu Food recrute Responsable Cuisine Centrale,Société Malibu Food,"Société Malibu Food recrute Responsable Cuisine Centrale (Laboratoire, Traiteur) Pour superviser la production au sein de notre laboratoire et activité traiteur. › Missions principales : Organiser et superviser la production de la… ...",IT / Informatique,,,,,,,2026-03-01,"Mar, 2026",Non,TunisieTravail,https://www.tunisietravail.net/societe-malibu-food-recrute-responsable-cuisine-centrale-131091/
131040,K line Confection recrute Responsable de Production Textile,K line Confection,"K line Confection recrute Responsable de Production Textile Expérimenté , polyvalent avec un salaire motivant. Responsabilités : Pilotage de la production : il est chargé de la planification , de l’affectation et… ...",IT / Informatique,,,,,,,2026-03-01,"Mar, 2026",Non,TunisieTravail,https://www.tunisietravail.net/k-line-confection-recrute-responsable-de-production-textile-131040/
131145,Arobat recrute Chef Chantier,Arobat,La société Arobat de bâtiment et travaux spécialisé dans le domaine de construction recrute Chef Chantier Spécialisé en bâtiment lieux de travail tous le territoire Tunisien. Exigences : - Avoir l’esprit d’équipe… ...,IT / Informatique,,,,,,,2026-03-01,"Mar, 2026",Non,TunisieTravail,https://www.tunisietravail.net/arobat-recrute-chef-chantier-131145/
131142,Société Général des Traveaux et de Fluide recrute Ingénieur Energétique,Société Général des Traveaux et de Fluide,"Société Général des Traveaux et de Fluide recrute Ingénieur Energétique Le candidat retenu sera chargé de : Étudier, concevoir et dimensionner les installations de génie des fluides (CVC, plomberie, réseaux hydrauliques, etc.) Réaliser… ...",IT / Informatique,,,,,,,2026-03-01,"Mar, 2026",Non,TunisieTravail,https://www.tunisietravail.net/societe-general-des-traveaux-et-de-fluide-recrute-ingenieur-energetique-131142/
131164,Africhrome recrute Chimiste,Africhrome,"Africhrome recrute Chimiste Mission Analyse, Production et Procédés , Documentation et Reporting Comment postuler : Cette opportunité vous intéresse et votre profil correspond ? Envoyez-nous votre CV via le formulaire Pays /… ...",IT / Informatique,,,,,,,2026-03-01,"Mar, 2026",Non,TunisieTravail,https://www.tunisietravail.net/africhrome-recrute-chimiste-131164/
130609,Advisus By Ndc recrute Inspecteur Technique,Advisus By Ndc,"Dans le cadre du renforcement de son équipe, Advisus By Ndc bureau de contrôle technique basé à Tunis recrute Inspecteur Technique – Sécurité des Installations et Équipements Industriels (Tunis) A ce titre… ...",IT / Informatique,,,,Tunis,,,2026-03-01,"Mar, 2026",Non,TunisieTravail,https://www.tunisietravail.net/advisus-by-ndc-recrute-inspecteur-technique-130609/
131061,Tricom recrute des Télévendeurs,Tricom,"Tricom recrute Des Télévendeurs Des talents commerciaux capables de relever le défi. Si vous aimez convaincre, créer du lien et conclure des deals, ce poste est fait pour vous. Votre mission En… ...",IT / Informatique,,,,,,,2026-03-01,"Mar, 2026",Non,TunisieTravail,https://www.tunisietravail.net/tricom-recrute-des-televendeurs-131061/
130435,Kyriad Prestige City Center Tunis recrute Chef Pâtissier,Kyriad Prestige City Center Tunis,"Kyriad Prestige City Center Tunis recrute Chef Pâtissier Profil recherché Formation professionnelle en pâtisserie Expérience confirmée en hôtellerie, restaurant ou établissement similaire Passion pour la pâtisserie, sens du détail et esprit d’équipe… ...",IT / Informatique,,Confirmé,,Tunis,,,2026-03-01,"Mar, 2026",Non,TunisieTravail,https://www.tunisietravail.net/kyriad-prestige-city-center-tunis-recrute-chef-patissier-130435/
130855,Clinique la Rose recrute des Sages Femme – Maternité,Clinique la Rose,"Clinique la Rose recrute Des Sages Femme - Maternité Profil Vous êtes sage-femme diplômée et passionnée par la prise en charge des femmes et des nouveau-nés ? Rejoignez une clinique privée dynamique,… ...",IT / Informatique,,,,,,,2026-03-01,"Mar, 2026",Non,TunisieTravail,https://www.tunisietravail.net/clinique-la-rose-recrute-sage-femme-maternite-130855/
130865,Evo Control recrute Ingénieur en Génie Civil,Evo Control,Evo Control recrute Ingénieur en Génie Civil Missions principales : Examen des dossiers Suivi et contrôle des travaux Analyse technique et rédaction de rapports Coordination avec les différents intervenants Veille au respect… ...,Ingénierie,,,,,,,2026-03-01,"Mar, 2026",Non,TunisieTravail,https://www.tunisietravail.net/evo-control-recrute-ingenieur-en-genie-civil-130865/
131020,Ecostrafi Conseil Offre Stage Pfe en Finance et Management,,Ecostrafi Conseil Offre Stage Pfe en Finance et Management Missions: Participer au développement et à l’optimisation des stratégies commerciales Contribuer aux études de marché et aux analyses concurrentielles Aider à la mise… ...,IT / Informatique,,Stage,,,Stage,,2026-03-01,"Mar, 2026",Non,TunisieTravail,https://www.tunisietravail.net/ecostrafi-conseil-recrute-stage-pfe-en-finance-et-management-131020/
130977,Engineering and General Services EGS recrute Ingénieur Hydraulique Confirmé,Engineering and General Services EGS,"Engineering and General Services EGS est une société d’études pluridisciplinaires créée en 1989, implantée en Tunisie, exerce ses métiers en Tunisie et à l’International en développant ses activités et sa représentation au… ...",IT / Informatique,,,,,,,2026-03-01,"Mar, 2026",Non,TunisieTravail,https://www.tunisietravail.net/engineering-and-general-services-egs-recrute-ingenieur-hydraulique-confirme-130977/
100632,Ideal Chaud Froid recrute des Techniciens,Ideal Chaud Froid,"Ideal Chaud Froid recrute Des Techniciens Profil Techniciens qualifies en plomberie, chauffage central et climatisation avec expérience. Comment postuler Veuillez nous envoyer votre CV par mail Ville › Ariana Tel / Fax… ...",IT / Informatique,,,,Ariana,,,2026-03-01,"Mar, 2026",Non,TunisieTravail,https://www.tunisietravail.net/ideal-chaud-froid-recrute-des-techniciens-100632/
130992,Pharma Clean recrute Technicien Mécanique,Pharma Clean,Pharma Clean recrute Technicien Mécanique Lire et interpréter des plans techniques Monter et démonter des équipements mécaniques Diagnostiquer des pannes Effectuer la maintenance préventive et corrective Contrôler la conformité des pièces Rédiger… ...,IT / Informatique,,,,,,,2026-03-01,"Mar, 2026",Non,TunisieTravail,https://www.tunisietravail.net/pharma-clean-recrute-technicien-mecanique-130992/
130965,Newrest Tunisie recrute des Cuisinier.es,Newrest Tunisie,Newrest Tunisie recrute Des Cuisinier.es ›‍› Relevez un défi de taille : Devenez Cuisinier au cœur de notre expansion ! Vous avez la passion du produit et le goût de la performance… ...,IT / Informatique,,,,,,,2026-03-01,"Mar, 2026",Non,TunisieTravail,https://www.tunisietravail.net/newrest-tunisie-recrute-des-cuisinier-es-130965/
130891,Cabinet Saidi recrute Assistante de Direction Polyvalente,Cabinet Saidi,Cabinet Saidi recrute Assistante de Direction Polyvalente Destiné à assurer un soutien administratif et organisationnel auprès de la direction ainsi qu’un appui dans la gestion des activités du département d’expertise comptable. Attributions… ...,IT / Informatique,,,,,,,2026-03-01,"Mar, 2026",Non,TunisieTravail,https://www.tunisietravail.net/cabinet-saidi-recrute-assistante-de-direction-polyvalente-130891/
130944,Develop Mark recrute Motion Designer,Develop Mark,"Develop Mark recrute Motion Designer Missions : - Création d’animations motion design (réseaux sociaux, publicités, vidéos corporate, etc.) - Réalisation de shootings photo et vidéo pour les clients - Montage vidéo et… ...",IT / Informatique,,,,,,,2026-03-01,"Mar, 2026",Non,TunisieTravail,https://www.tunisietravail.net/develop-mark-recrute-motion-designer-130944/
130890,Cabinet Saidi recrute Réviseur en Comptabilité Française,Cabinet Saidi,"Cabinet Saidi, dans le cadre du renforcement de ses capacités d’intervention, notre Cabinet d’Expertise comptable et de commissariat aux comptes basé à Houmt Souk Djerba souhaite recruter Réviseur en Comptabilité Française Afin… ...",IT / Informatique,,,,,,,2026-03-01,"Mar, 2026",Non,TunisieTravail,https://www.tunisietravail.net/cabinet-saidi-recrute-reviseur-en-comptabilite-francaise-130890/
130929,Phoenix Distillery recrute Agent d’emballage,Phoenix Distillery,"Phoenix Distillery recrute Agent d’Emballage Mission : Préparer, conditionner et étiqueter les produits avant expédition. Contrôler la conformité des articles, vérifier les quantités et l’état des marchandises. Assurer la protection des produits… ...",IT / Informatique,,,,,,,2026-03-01,"Mar, 2026",Non,TunisieTravail,https://www.tunisietravail.net/phoenix-distillery-recrute-agent-demballage-130929/
130832,Linda Agency recrute Technicien Supérieur Électromécanique,Linda Agency,Linda Agency recrute Technicien Supérieur Électromécanique Senior Profil & Expérience Formation : Diplôme Supérieur en Électromécanique ou Automatismes. Expérience : 3 à 5 ans expérience en maintenance de lignes de biscuiterie (Exigence… ...,IT / Informatique,3 à 5 ans,Senior,,,,,2026-03-01,"Mar, 2026",Non,TunisieTravail,https://www.tunisietravail.net/linda-agency-recrute-technicien-superieur-electromecanique-senior-130832/
131038,Société Altitude Sarl recrute des Programmeurs Usinage FAO,Société Altitude Sarl,Société Altitude Sarl recrute Des Programmeurs Usinage FAO Profil recherché : Diplôme en génie mécanique. Maitrise du logiciel CFAO TopSolid ou autre. Bonne connaissance et maitrise des techniques d’usinage et choix des… ...,IT / Informatique,,,,,,,2026-03-01,"Mar, 2026",Non,TunisieTravail,https://www.tunisietravail.net/societe-altitude-sarl-recrute-programmeur-usinage-fao-131038/
131058,Motos Stars recrute Infographiste,Motos Stars,"Motos Stars recrute Infographiste Créatif(ve) et dynamique pour rejoindre notre équipe. Missions : Création de visuels pour les réseaux sociaux (Facebook, Instagram, etc.) Conception d’affiches publicitaires, flyers et supports marketing Création et… ...",IT / Informatique,,,,,,,2026-03-01,"Mar, 2026",Non,TunisieTravail,https://www.tunisietravail.net/motos-stars-recrute-infographiste-131058/
131143,Société Général des Traveaux et de Fluide recrute Technicien Supérieur Énergétique / Électromécanique,Société Général des Traveaux et de Fluide,"Société Général des Traveaux et de Fluide recrute Technicien Supérieur Énergétique / Électromécanique Les candidats retenu serons chargés de : Étudier, concevoir et dimensionner les installations de génie des fluides (CVC, plomberie, réseaux… ...",IT / Informatique,,,,,,,2026-03-01,"Mar, 2026",Non,TunisieTravail,https://www.tunisietravail.net/societe-general-des-traveaux-et-de-fluide-recrute-technicien-superieur-energetique-electromecanique-131143/
131118,Voyance Fr recrute des Téléconseillers Appels Sortants,Voyance Fr,Voyance Fr recrute Des Téléconseillers Appels Sortants Mission Appels sortants sur des leads qualifiés (personnes ayant fait une demande) Qualification des prospects › Pas de vente › Pas d’encaissement › Les consultations… ...,IT / Informatique,,,,,,,2026-03-01,"Mar, 2026",Non,TunisieTravail,https://www.tunisietravail.net/voyance-fr-recrute-des-teleconseillers-appels-sortants-131118/
131070,Excellent Customer Relation recrute des Télévendeurs Expérimentés,Excellent Customer Relation,Excellent Customer Relation recrute Des Télévendeurs Expérimentés En énergie (électricité & gaz) et télécommunication. › Profil recherché : Expérience obligatoire en télévente d’énergie et/ou télécommunication / centre d’appel Très bonne aisance téléphonique… ...,IT / Informatique,,,,,,,2026-03-01,"Mar, 2026",Non,TunisieTravail,https://www.tunisietravail.net/excellent-customer-relation-recrute-des-televendeurs-experimentes-131070/
130839,Lemtech recrute Styliste Modéliste,Lemtech,Lemtech recrute Styliste Modéliste Profil – Aptitude : • Le candidat H/F doit avoir une très bonne connaissance de la langue française tant à l’oral qu’à l’écrit • Master professionnel en design… ...,IT / Informatique,,,,,,,2026-03-01,"Mar, 2026",Non,TunisieTravail,https://www.tunisietravail.net/ste-lemtech-recrute-styliste-modeliste-130839/
131023,Albayrouni Medical Gafsa recrute Commercial Visiteur Parapharmaceutique,Albayrouni Medical Gafsa,Al bayrouni medical societe de distribution gros produits parapharmaceutiques recrute Gafsa Comercial Visiteur Parapharmaceutique Mission Commercial motorisé pour distribution de produits parapharmaceutiques Rémunérations intéressantes (commissions sur chiffre d affaires ) Comment postuler… ...,IT / Informatique,,,,Gafsa,,,2026-03-01,"Mar, 2026",Non,TunisieTravail,https://www.tunisietravail.net/albayrouni-medical-gafsa-recrute-commercial-visiteur-parapharmaceutique-131023/
130819,SOBAT recrute Métreur Vérificateur,SOBAT,SOBAT recrute Métreur Vérificateur Expérimenté pour renforcer notre équipe Profil recherché : • Minimum 3 ans d’expérience en métré • Maîtrise des techniques de métré • Disponibilité immédiate souhaitée Lieu : Zaghouan… ...,IT / Informatique,3 ans d’exp,,,Zaghouan,,,2026-03-01,"Mar, 2026",Non,TunisieTravail,https://www.tunisietravail.net/sobat-recrute-metreur-verificateur-130819/
130852,Ito Tunisia Sarl recrute Operations Specialist,Ito Tunisia Sarl,"Ito Tunisia Sarl recrute Operations Specialist Key Tasks & Responsibilities Coordinate and monitor all operational steps (pre-carriage, sea freight, on-carriage) Prepare, verify, and ensure conformity of all transport documentation Collect and validate… ...",IT / Informatique,,,,,,,2026-03-01,"Mar, 2026",Non,TunisieTravail,https://www.tunisietravail.net/ito-tunisia-sarl-recrute-operations-specialist-130852/
130729,New Call Center recrute Technicien Réseau et Voip,New Call Center,"New Call Center recrute Technicien Reseau et Voip Vos principales missions sont : • Assurer la protection et la surveillance de l’infrastructure informatique (réseaux, systèmes, données) contre les intrusions et les fuites… ...",IT / Informatique,,,,,,,2026-03-01,"Mar, 2026",Non,TunisieTravail,https://www.tunisietravail.net/new-call-center-recrute-technicien-reseau-et-voip-130729/
131065,Abk Traiteur recrute Responsables Expédition Activité Agroalimentaire,Abk Traiteur,Abk Traiteur recrute Responsables Expédition Activité Agroalimentaire Poste basé a Zone Industrielle Elmnihla › Missions principales : Assurer la bonne planification de la préparation des commandes Effectuer un contrôle continu des commandes… ...,IT / Informatique,,,,,,,2026-03-01,"Mar, 2026",Non,TunisieTravail,https://www.tunisietravail.net/abk-traiteur-recrute-responsables-expedition-activite-agroalimentaire-131065/
131123,Omos International is looking for Construction Supervisor / Civil Technician,,"Omos International is looking for Construction Supervisor / Civil Technician Experienced professionals to join our team for the construction of drilling platforms, access road opening, and infrastructure maintenance in remote desert environments.… ...",IT / Informatique,,,,,Télétravail,Teletravail,2026-03-01,"Mar, 2026",Non,TunisieTravail,https://www.tunisietravail.net/omos-international-is-looking-for-construction-supervisor-civil-technician-131123/
130910,Kit Concept recrute Architecte d’Intérieur,Kit Concept,"Kit Concept recrute Architecte d’Intérieur / Designer Espace Fille Profil Ayant une expérience minimal de deux ans dans le secteur des cuisines, dressing et agencement. Taches: Accueil clients Conception des cuisines, des… ...",IT / Informatique,,,,,,,2026-03-01,"Mar, 2026",Non,TunisieTravail,https://www.tunisietravail.net/kit-concept-recrute-architecte-dinterieur-2-130910/
131017,Academy For Higher Training recrute Formatrice Anglais,Academy For Higher Training,"Academy For Higher Training recrute Formatrice Anglais Mission - Maîtrise parfaite de l’anglais - Diplôme en langue anglaise - Sérieuse, motivée et dynamique. NB : fraîchement diplômée bienvenue Comment postuler : Cette… ...",IT / Informatique,,,,,,,2026-03-01,"Mar, 2026",Non,TunisieTravail,https://www.tunisietravail.net/academy-for-higher-training-recrute-formatrice-anglais-131017/
131178,H Factory recrute Technicien Agent Bureau d’Etudes,H Factory,"H Factory recrute Technicien Agent Bureau d’Etudes Missions : Intégré(e) à notre Bureau d’Études, vous serez en charge de la conception et de la modification de plans techniques. Vous travaillerez en étroite… ...",IT / Informatique,,,,,,,2026-03-01,"Mar, 2026",Non,TunisieTravail,https://www.tunisietravail.net/h-factory-recrute-technicien-agent-bureau-detudes-131178/
130967,Newrest Tunisie recrute Responsable d’Unité de Production,Newrest Tunisie,"Newrest Tunisie recrute Responsable d’Unité de Production › Pilotez notre croissance : Devenez Responsable d’Unité de Production ! L’activité de Newrest Tunisie accélère ! Portés par l’acquisition de nouveaux marchés stratégiques, nous… ...",IT / Informatique,,,,,,,2026-03-01,"Mar, 2026",Non,TunisieTravail,https://www.tunisietravail.net/newrest-tunisie-recrute-responsable-dunite-de-production-130967/
130934,Spark Talent Alliance recrute Photographe / Vidéaste et Diffusion Live,Spark Talent Alliance,Spark Talent Alliance recrute Photographe / Vidéaste et Diffusion Live Capable d’assurer la création de contenus visuels et la diffusion live depuis nos restaurants. › Missions principales : › Réaliser des shootings… ...,IT / Informatique,,,,,,,2026-03-01,"Mar, 2026",Non,TunisieTravail,https://www.tunisietravail.net/spark-talent-alliance-recrute-photographe-videaste-et-diffusion-live-130934/
131149,Tecnocasa Kairaoun recrute Agent Immobilier,Tecnocasa Kairaoun,Tecnocasa Kairaoun recrute Agent Immobilier › Vos missions : • Prospection terrain et développement d’un portefeuille clients • Estimation de biens immobiliers • Obtention de mandats de vente et de location •… ...,Commercial / Vente,,,,,,,2026-03-01,"Mar, 2026",Non,TunisieTravail,https://www.tunisietravail.net/tecnocasa-kairaoun-recrute-agent-immobilier-131149/
130990,Masmoudi Concept recrute Architecte d’Intérieur,Masmoudi Concept,"Masmoudi Concept recrute Architecte d’intérieur Profile recherché : - Expérience minimum 2 ans dans le domaine d’architecture d’intérieur - Maitrise parfaite des outils 2D et 3D - Bonnes compréhension des matériaux ,… ...",IT / Informatique,,,,,,,2026-03-01,"Mar, 2026",Non,TunisieTravail,https://www.tunisietravail.net/masmoudi-concept-recrute-architecte-dinterieur-130990/
130997,Laboratoire Dr Ines Abene recrute Technicien de Laboratoire d’Analyses,Laboratoire Dr Ines Abene,Laboratoire Dr Ines Abene recrute Technicien de Laboratoire d’Analyses Manouba Elagba Profil Technicienne qui maitrise parfaitement le prélèvement sanguin. Comment postuler : Cette opportunité vous intéresse et votre profil correspond ? Envoyez-nous… ...,IT / Informatique,,,,Manouba,,,2026-03-01,"Mar, 2026",Non,TunisieTravail,https://www.tunisietravail.net/laboratoire-dr-ines-abene-recrute-technicien-de-laboratoire-danalyses-130997/
131037,Medsirattraining recrute Chef AI Agent,Medsirattraining,"Medsirattraining recrute Chef AI Agent / Responsable Agents Intelligents Pilote la conception, l’orchestration et l’évolution d’un ensemble d’agents IA spécialisés, destinés à optimiser les opérations internes et soutenir les projets d’innovation de… ...",IT / Informatique,,,,,,,2026-03-01,"Mar, 2026",Non,TunisieTravail,https://www.tunisietravail.net/medsirattraining-recrute-chef-ai-agent-131037/
130933,Fadhel International Trading recrute Technicien Supérieur de Maintenance Industrielle,Fadhel International Trading,Fadhel International Trading recrute Technicien Supérieur de Maintenance Industrielle Mission Réaliser les interventions de maintenance préventive et curative sur les équipements et matériels de production Surveiller et entretenir régulièrement les équipements et… ...,Ingénierie,,,,,,,2026-03-01,"Mar, 2026",Non,TunisieTravail,https://www.tunisietravail.net/fadhel-international-trading-recrute-technicien-superieur-de-maintenance-industrielle-130933/
130926,Voxelia recrute des Téléconseillères Francophone,Voxelia,"Voxelia recrute Des Téléconseillères Francophone Pour des campagnes de prise de rendez-vous sur le marché français, dans le cadre d’un partenariat avec des Conseillers en Gestion de Patrimoine. Votre mission : Contacter… ...",IT / Informatique,,,,,,,2026-03-01,"Mar, 2026",Non,TunisieTravail,https://www.tunisietravail.net/voxelia-recrute-des-teleconseilleres-francophone-130926/
131064,CCSAV recrute des Agents Télémarketing Francophone B2B,CCSAV,CCSAV recrute Des Agents Télémarketing Francophone B2B › Profil recherché : Minimum 1 an d’expérience en télévente B2B (obligatoire) Excellente maîtrise du français (poste francophone) Excellente maîtrise du français et de l’anglais… ...,Commercial / Vente,1 an d’exp,,,,,,2026-03-01,"Mar, 2026",Non,TunisieTravail,https://www.tunisietravail.net/ccsav-recrute-des-agents-telemarketing-francophone-b2b-131064/
130823,Finélys Solution recrute des Commerciaux Mutuelle Santé,Finélys Solution,"Finélys Solution recrute Des Commerciaux Mutuelle Santé Nous souhaitons intégrer des profils capables de gérer l’ensemble du cycle de vente, de l’analyse du besoin client jusqu’à la concrétisation du contrat. › Profil… ...",IT / Informatique,,,,,,,2026-03-01,"Mar, 2026",Non,TunisieTravail,https://www.tunisietravail.net/finelys-solution-recrute-des-commerciaux-mutuelle-sante-130823/
131005,Icmed Connect recrute des Télévendeurs Btob – Contrats Énergies,Icmed Connect,"Icmed Connect recrute Télévendeurs Btob - Contrats Énergies (35H) Expérimenté(e)s pour la commercialisation de contrats d’électricité et de gaz en B to B Nous travaillons en partenariat avec plusieurs fournisseurs d’énergie, ce… ...",IT / Informatique,,,,,,,2026-03-01,"Mar, 2026",Non,TunisieTravail,https://www.tunisietravail.net/icmed-connect-recrute-des-televendeurs-btob-contrats-energies-131005/
106016,IKI recrute des Conseillers Mutuelle Santé,IKI,"IKI Assurances, groupe Filiassur, recrute Des Conseillers Mutuelle Santé Avantages Horaires plein temps : 9H00 – 17H45 du Lundi au Vendredi Ou Horaires aménagés Salaire de 1130 dt net (intégrant la prime… ...",IT / Informatique,,,1130 dt net,,,,2026-03-23,,Non,TunisieTravail,https://www.tunisietravail.net/iki-recrute-des-conseillers-mutuelle-sante-106016/
123189,Industrie Multinational recrute Responsable RH Junior,Industrie Multinational,Industrie Multinational opérant dans la grande distribution et la chimie industriel recrute Responsable RH Junior Mission Gérer les entrées et sorties de personnel Participe aux actions de définition de postes et à… ...,IT / Informatique,,Junior,,,,,2026-03-23,,Non,TunisieTravail,https://www.tunisietravail.net/industrie-multinational-recrute-responsable-rh-junior-123189/
130847,Transcom recrute des Conseillers Clientèle – Secteur Fintech – Nouveau Projet,Transcom,"Transcom recrute Des Conseillers Clientèle - Secteur Fintech - Nouveau Projet Chez Transcom, nous sommes des passionnés de l’expérience client (CX) et nous accompagnons la révolution numérique. Nous lançons aujourd’hui un tout… ...",Toutes offres Tunisie,,,,,,,2026-03-23,,Non,TunisieTravail,https://www.tunisietravail.net/transcom-recrute-conseiller-clientele-secteur-fintech-nouveau-projet-130847/
116793,Armatis recrute des Télévendeurs,Armatis,"Armatis recrute Des Télévendeurs Rejoins notre équipe et fais briller tes talents de vente Certifié Best Place To Work en Tunisie en 2023, Armatis Tunis s’agrandit Ce que tu trouveras chez Armatis… ...",IT / Informatique,,,,Tunis,,,2026-03-23,,Non,TunisieTravail,https://www.tunisietravail.net/armatis-recrute-des-televendeurs-116793/
131216,Häring recrute Gestionnaire de Qualité,Häring,"Häring usine allemande de textile, installée récemment à Ksar Hlal, recrute Gestionnaire de Qualité Profil - Une expérience prouvée dans ce domaine. - Niveau académique. - Qualités personnelles : Rigueur, esprit analytique,… ...",IT / Informatique,,,,,,,2026-03-23,,Non,TunisieTravail,https://www.tunisietravail.net/haring-recrute-gestionnaire-de-qualite-131216/
131225,Optyline recrute Brand Manager,Optyline,"Optyline recrute Brand Manager Profil recherché - Multi brand Manager - Dynamique pour gérer et développer plusieurs marques de notre portefeuille. Profil : Diplôme supérieur en marketing, gestion commerciale ou équivalent. Expérience… ...",IT / Informatique,,Manager,,,,,2026-03-23,,Non,TunisieTravail,https://www.tunisietravail.net/optyline-recrute-brand-manager-131225/
131047,Concentrix recrute des Agents en Réception d’Appels Francophone Niveau C1,Concentrix,"Concentrix recrute Des Agents en Réception d’Appels Francophone Niveau C1 Concentrix est un acteur majeur dans le milieu des centres d’appels, avec une reconnaissance par plusieurs d’un lieu où commencent des incroyables… ...",Hôtellerie / Restauration,,,,,,,2026-03-23,,Non,TunisieTravail,https://www.tunisietravail.net/concentrix-recrute-des-agents-en-reception-dappels-francophone-niveau-c1-131047/
131129,Häring recrute Chef de Production,Häring,"Häring usine allemande de textile, installée récemment à Ksar Hlal, recrute Chef de Production Ayant les compétences et qualités suivantes: › Compréhension des processus de production et de leur optimisation (Lean production/production… ...",IT / Informatique,,,,,,,2026-03-23,,Non,TunisieTravail,https://www.tunisietravail.net/haring-recrute-chef-de-production-131129/
130786,Hôtel Nozha Beach recrute Chef d’Animation,Hôtel Nozha Beach,Hôtel Nozha Beach recrute Chef d’animation Profil Chef d’animation avec une expérience exigée Comment postuler : Cette opportunité vous intéresse et votre profil correspond ? Envoyez-nous votre CV via le formulaire Pays… ...,IT / Informatique,,,,,,,2026-03-23,,Non,TunisieTravail,https://www.tunisietravail.net/hotel-nozha-beach-recrute-chef-danimation-130786/
130927,Monoprix recrute des Caristes,Monoprix,Monoprix recrute Des Caristes Mégrine Pour son site basé à Mégrine. Profil recherché : - Formation en manutention/titulaire d’un certificat de cariste (CACES ou autorisation de conduite) pour chariot élévateur. - Expérience… ...,IT / Informatique,,,,Mégrine,,,2026-03-23,,Non,TunisieTravail,https://www.tunisietravail.net/monoprix-recrute-des-caristes-130927/
131109,Otis Déménagement recrute Conseiller Client Expérimenté – Déménagement France,Otis Déménagement,"Otis Déménagement recrute Conseiller Client Expérimenté – Déménagement France Missions Accompagner les clients dans la préparation de leur déménagement Proposer les solutions adaptées (formules, options, logistique) Assurer le suivi des dossiers clients… ...",Logistique / Transport,,,,,,,2026-03-23,,Non,TunisieTravail,https://www.tunisietravail.net/otis-demenagement-recrute-conseiller-client-experimente-demenagement-france-131109/
112922,TP recrute des Conseillers Clients Sousse,TP,Tu cherches un emploi ou une nouvelle expérience ? TP Tunisie t’ouvre ses portes ! Tu maîtrises la langue française et tu voues une passion à l’art de la communication et aux… ...,Marketing / Communication,,,,Sousse,,,2026-03-23,,Non,TunisieTravail,https://www.tunisietravail.net/tp-recrute-des-conseillers-clients-sousse-112922/
130758,Concours CAPES Ministère de l’Education pour le recrutement de 1630 Professeurs – 2026 – مناظرة وزارة التربية للتعاقد مع 1630 أستاذ,,مناظرة وزارة التربية لسنة 2026 لانتداب أساتذة التعليم الثانوي، فني و تقني - أساتذة التعليم الثانوي - أساتذة التعليم الفني - أساتذة التعليم التقني إجراءات الترشح التسجيل: يتم حصريًا عن بعد عبر… ...,Ressources Humaines,,,,,,,2026-03-23,,Non,TunisieTravail,https://www.tunisietravail.net/concours-capes-ministere-de-leducation-pour-le-recrutement-de-1630-professeurs-2026-130758/
60708,La Société Tunisienne de Biscuiterie Sotubi Saida Group recrute Technicien Supérieur Agro Alimentaire,La Société Tunisienne de Biscuiterie Sotubi Saida Group,"La société Tunisienne de Biscuiterie Sotubi Saida recrute Technicien Supérieur Agro Alimentaire Missions : * Assurer la mise en place, le maintien et la fiabilité du plan de contrôle qualité des produits… ...",IT / Informatique,,,,,,,2026-03-01,"Mar, 2026",Non,TunisieTravail,https://www.tunisietravail.net/la-societe-tunisienne-de-biscuiterie-sotubi-saida-group-recrute-technicien-superieur-agro-alimentaire-60708/
130327,Cerat recrute Commercial,Cerat,"Cerat dans le cadre de sa stratégie de développement, La société Céramique Artistique de Tunisie CERAT, recrute Commercial › Missions : Prospection et recherche de nouveaux clients Présentation et promotion des produits/services… ...",IT / Informatique,,,,,,,2026-03-01,"Mar, 2026",Non,TunisieTravail,https://www.tunisietravail.net/cerat-recrute-commercial-130327/
131128,Magasin Général recrute Responsable Contentieux,Magasin Général,Magasin Général recrute Responsable Contentieux Vous êtes passionné par le droit et souhaitez évoluer au sein d’un groupe structuré et dynamique ? Vous avez une solide expérience en gestion de contentieux et… ...,IT / Informatique,,,,,,,2026-03-01,"Mar, 2026",Non,TunisieTravail,https://www.tunisietravail.net/magasin-general-recrute-responsable-contentieux-131128/
127732,Chick’n Chips recrute des Caissiers.ères Boumhal,Chick’n Chips,Chick’n Chips recrute Des Caissiers.ères Boumhal Missions : • Accueil et service client • Prise de commandes & encaissement • Aide à la préparation en cuisine • Respect des normes d’hygiène et… ...,Hôtellerie / Restauration,,,,,,,2026-03-01,"Mar, 2026",Non,TunisieTravail,https://www.tunisietravail.net/chickn-chips-recrute-des-caissiers-eres-127732/
102865,Slim Fit recrute Assistante d’Accueil,Slim Fit,"Slim Fit recrute Assistante d’Accueil Missions : Accueil des adhérents Gestion des inscriptions et paiements Réponse aux messages et appels Suivi des réseaux sociaux Profil : Souriante, organisée, bon relationnel, esprit commercial.… ...",IT / Informatique,,,,,,,2026-03-01,"Mar, 2026",Non,TunisieTravail,https://www.tunisietravail.net/slim-fit-recrute-assistante-d-accueil-102865/
131204,Société Kharrat recrute Assistante Administrative et Financière,Société Kharrat,Société Kharrat recrute Assistante Administrative et Financière Profil Assistante motive et polyvalente Comment postuler : Cette opportunité vous intéresse et votre profil correspond ? Envoyez-nous votre CV via le formulaire Pays /… ...,IT / Informatique,,,,,,,2026-03-01,"Mar, 2026",Non,TunisieTravail,https://www.tunisietravail.net/societe-kharrat-recrute-assistante-administrative-et-financiere-131204/
130734,Vincci Saphir Palace and Spa recrute Contrôleur.se des Revenus,Vincci Saphir Palace and Spa,"Le Vincci Saphir Palace Hammamet, Hôtel 5, recrute Contrôleur.se des Revenus Missions principales : • Contrôler et analyser les revenus quotidiens de l’hôtel • Assurer la fiabilité des reportings et des clôtures… ...",IT / Informatique,,,,,,,2026-03-01,"Mar, 2026",Non,TunisieTravail,https://www.tunisietravail.net/vincci-saphir-palace-and-spa-recrute-controleur-se-des-revenus-130734/
131081,Monoprix recrute Responsable Méthodes Froid Commercial,Monoprix,"Monoprix recrute Responsable Méthodes Froid Commercial Vos missions : • Élaborer et mettre à jour les procédures de maintenance préventive et corrective des installations frigorifiques. • Rédiger les gammes de maintenance, modes… ...",IT / Informatique,,,,,,,2026-03-23,,Non,TunisieTravail,https://www.tunisietravail.net/monoprix-recrute-responsable-methodes-froid-commercial-131081/
129428,Business Hôtel recrute des Agents de Sécurité,Business Hôtel,Business Hôtel recrute Des Agents de Sécurité Mission Est chargé du contrôle de toutes les entrées et sorties dans l’hôtel. - Etablit les rapports de patrouille - Effectue les patrouilles à l’intérieur… ...,IT / Informatique,,,,,,,2026-03-01,"Mar, 2026",Non,TunisieTravail,https://www.tunisietravail.net/business-hotel-recrute-agent-de-securite-129428/
131185,Qcebe Canada recrute des Agents d’Entretien,Qcebe Canada,"Qcebe Canada recrute Des Agents d’Entretien Tu as de l’expérience en entretien ménager et tu est une personne organisée et efficace, une personne sociable qui apprécie tout particulièrement le contact avec les… ...",IT / Informatique,,,,,,,2026-03-01,"Mar, 2026",Non,TunisieTravail,https://www.tunisietravail.net/qcebe-canada-recrute-des-agents-d-entretien-131185/
131194,HMS Médical recrute Délégué Commercial,HMS Médical,"HMS Medical recrute Délégué Commercial Profil : Délégué commercial visite les médecins dentistes pour vendre nos produits. Niveau : Maîtrise ou certificat similaires aux: prothèse dentaire, réparation matériels médicaux, marketing... Exigences :… ...",IT / Informatique,,,,,,,2026-03-01,"Mar, 2026",Non,TunisieTravail,https://www.tunisietravail.net/hms-medical-recrute-delegue-commercial-131194/
131196,Hashtag Agency Offre Stage Assistante Administrative,,"Hashtag Agency Offre Stage Assistante Administrative Durée : 3 à 6 mois Lieu : Berges du Lac 1 Disponibilité : Dès que possible Missions principales - Assurer le suivi administratif quotidien (classement,… ...",IT / Informatique,,Stage,,Lac,Stage,,2026-03-01,"Mar, 2026",Non,TunisieTravail,https://www.tunisietravail.net/hashtag-agency-offre-stage-assistante-administrative-131196/
111543,Hôtel Green Golf recrute Réceptionniste,Hôtel Green Golf,"Hôtel Green Golf recrute Réceptionniste Profil – Expérience souhaitée – Maîtrise des outils informatiques – Rigueur et précision – Sens de l’organisation, Capacité d’écoute et d’adaptation Missions : Accueillir et orienter les… ...",IT / Informatique,,,,,,,2026-03-01,"Mar, 2026",Non,TunisieTravail,https://www.tunisietravail.net/hotel-green-golf-recrute-receptionniste-111543/
129644,Établissement Didon recrute des Enseignant.es,Établissement Didon,"Établissement Didon Le Collège du Lac, établissement pilote privé situé à Lac 1, recrute Des Enseignant.es Vous êtes passionné(e) par l’éducation et souhaitez faire vos premiers pas dans l’enseignement ? Notre programme… ...",IT / Informatique,,,,Lac,,,2026-03-01,"Mar, 2026",Non,TunisieTravail,https://www.tunisietravail.net/etablissement-didon-recrute-des-enseignant-es-129644/
131193,Portaops recrute Assistant Administration des Ventes,Portaops,"Portaops recrute Assistant Administration des Ventes (ADV) – Marché Français (100% Télétravail) Pour structurer et sécuriser notre activité. ADV basé(e) en 100% télétravail, pour travailler sur le marché français. Pourquoi ce poste… ...",IT / Informatique,,,,,Télétravail,Teletravail,2026-03-01,"Mar, 2026",Non,TunisieTravail,https://www.tunisietravail.net/portaops-recrute-assistant-administration-des-ventes-131193/
131190,Soft Travel et Events recrute Agent de Réservation,Soft Travel et Events,Soft Travel et Events recrute Agent de Réservation Hôtel et billetterie Profil Niveau : min expérience 3 ans Comment postuler : Cette opportunité vous intéresse et votre profil correspond ? Envoyez-nous votre… ...,IT / Informatique,,,,,,,2026-03-01,"Mar, 2026",Non,TunisieTravail,https://www.tunisietravail.net/soft-travel-et-events-recrute-agent-de-reservation-131190/
130104,Ferme Haithem Sakkal recrute Responsable d’Exploitation,Ferme Haithem Sakkal,"Ferme Haithem Sakkal recrute Responsable d’exploitation Mission Suivi quotidien des parcelles Application et contrôle des programmes d’irrigation et de fertigation Supervision des travaux agricoles : Taille, désherbage, fertilisation, traitements phytosanitaires, récolte Encadrement… ...",IT / Informatique,,,,,,,2026-03-01,"Mar, 2026",Non,TunisieTravail,https://www.tunisietravail.net/ferme-haithem-sakkal-recrute-responsable-dexploitation-130104/
129438,Tricom recrute des Chargé.es de Qualité,Tricom,"Tricom recrute Des Chargé.es de Qualité Rattaché au Responsable qualité, le CQ aura pour missions de : • Assurer des contrôles de qualité en Auditant les RDV et en veillant à la… ...",IT / Informatique,,,,,,,2026-03-01,"Mar, 2026",Non,TunisieTravail,https://www.tunisietravail.net/tricom-recrute-des-charge-es-de-qualite-129438/
129672,Concentrix recrute en Réception des Appels,Concentrix,"Votre implication, votre autonomie, votre goût du travail bien fait sont autant d’atouts qui vous permettront de réussir dans votre poste et d’évoluer au sein de notre entreprise en intégrant nos équipes.… ...",IT / Informatique,,,,,,,2026-03-23,,Non,TunisieTravail,https://www.tunisietravail.net/concentrix-recrute-en-reception-des-appels-129672/
81461,Armatis recrute des Collaborateurs,Armatis,"RANGEZ-MOI CE CV. DISCUTONS PLUTÔT ! Armatis Tunisie s’agrandit ! et recrute Des Collaborateurs En postulant chez nous vous ne rejoindrez pas seulement une entreprise, vous intègrerez une équipe composée d’hommes et… ...",IT / Informatique,,,,,,,2026-03-23,,Non,TunisieTravail,https://www.tunisietravail.net/armatis-recrute-des-collaborateurs-81461/
118307,IKI Assurances recrute des Conseillers,IKI Assurances,"Donnez un coup de boost à votre carrière avec IKI Assurances ! IKI est à la recherche de Conseillers passionnés et motivés IKI Assurances, groupe Filiassur, recrute Des Conseillers Postes [CurrentJobs] ››… ...",IT / Informatique,,,,,,,2026-03-23,,Non,TunisieTravail,https://www.tunisietravail.net/iki-assurances-recrute-des-conseillers-118307/
130924,Otis Déménagement recrute des Collaborateurs,Otis Déménagement,"Otis Déménagement recrute Des Collaborateurs Postes [CurrentJobs] OTIS Déménagement est une société spécialisée dans le déménagement de particuliers et d’entreprises, basée à Boulogne-Billancourt (92). Elle accompagne ses clients dans leurs projets de… ...",IT / Informatique,,,,,,,2026-03-23,,Non,TunisieTravail,https://www.tunisietravail.net/otis-demenagement-recrute-des-collaborateurs-130924/
125663,Hôtel Nozha Beach recrute des Collaborateurs,Hôtel Nozha Beach,"Hôtel Nozha Beach recrute Des Collaborateurs Les postes: Postes [CurrentJobs] Profil Dynamique, motivé(e) et rigoureux(se). Avec une expérience exigée Pays / Ville › Tunisie, Nabeul Téléphone › 72322640 Adresse › Route Touristique… ...",Hôtellerie / Restauration,,,,Nabeul,,,2026-03-23,,Non,TunisieTravail,https://www.tunisietravail.net/hotel-nozha-beach-recrute-des-collaborateurs-125663/
109870,Transcom recrute des Conseillers en Réception d’Appels,Transcom,"TRANSCOM WORLD WIDE Nous assurons une gamme complète de services (Réception des appels) en langue Française, Italienne, Anglaise et Allemande pour le compte des clients internationaux à partir de nos deux sites… ...",IT / Informatique,,,,,,,2026-03-23,,Non,TunisieTravail,https://www.tunisietravail.net/transcom-recrute-des-conseillers-en-reception-d-appels-109870/
117283,Industrie Multinational recrute des Collaborateurs,Industrie Multinational,"Industrie Multinational en Afrique opérant dans la grande distribution et la chimie industriel, recrute Des Collaborateurs Postes [CurrentJobs] Rejoindre l’équipe du premier acteur en Tunisie et du seul acteur régional indépendant en… ...",Ingénierie,,,,,,,2026-03-23,,Non,TunisieTravail,https://www.tunisietravail.net/industrie-multinational-recrute-des-collaborateurs-117283/
101094,TP recrute des Collaborateurs,TP,"Vous êtes à la recherche d’un emploi stable avec de réelles perspectives d’évolution ? Ou en poste, mais désireux (se) de changer de job ? Vous voulez rejoindre le leader mondial de… ...",IT / Informatique,,,,,,,2026-03-23,,Non,TunisieTravail,https://www.tunisietravail.net/tp-recrute-des-collaborateurs-101094/
100715,Monoprix recrute des Collaborateurs,Monoprix,"Monoprix est une entreprise dynamique et innovante, spécialisée dans le secteur du commerce et de la distribution. Nous nous engageons à développer un environnement de travail stimulant et enrichissant, favorisant la croissance… ...",IT / Informatique,,,,,,,2026-03-23,,Non,TunisieTravail,https://www.tunisietravail.net/monoprix-recrute-des-collaborateurs-100715/
130941,Magasin Général recrute Chef de Dépôt,Magasin Général,"Magasin Général recrute Chef de Dépôt Pour ses dépôts situés à Borj Cedria et Sfax. Rattaché(e) à la direction LOGISTIQUE, vous aurez pour mission principale d’assurer la gestion globale de l’entrepôt et… ...",IT / Informatique,,,,Sfax,,,2026-03-01,"Mar, 2026",Non,TunisieTravail,https://www.tunisietravail.net/magasin-general-recrute-chef-de-depot-130941/
129707,Plan B recrute Chef Comptable,Plan B,"Plan B recrute Chef Comptable Rattaché(e) à la Direction Générale, le/la Chef Comptable est responsable de la supervision de l’ensemble des opérations de comptabilité générale. Il/elle veille à la production d’états financiers… ...",IT / Informatique,,,,,,,2026-03-01,"Mar, 2026",Non,TunisieTravail,https://www.tunisietravail.net/plan-b-recrute-chef-comptable-129707/
131140,Canadian International School Of Tunis recrute Directeur Administratif et Financier – DAF,Canadian International School Of Tunis,"Canadian International School Of Tunis recrute Directeur Administratif et Financier - DAF 1. Mission Générale Placé sous l’autorité de la Direction Générale, le DAF assure la gestion saine et optimisée des ressources… ...",IT / Informatique,,Directeur,,Tunis,,,2026-03-01,"Mar, 2026",Non,TunisieTravail,https://www.tunisietravail.net/canadian-international-school-of-tunis-recrute-directeur-administratif-et-financier-daf-131140/
131170,Afrique Auto recrute Commercial,Afrique Auto,"Afrique Auto recrute Commercial Mission Chargé de développer et fidéliser le portefeuille clients dans le domaine des pièces de rechange automobiles. Vous serez responsable de la prospection de nouveaux clients, du suivi… ...",IT / Informatique,,,,,,,2026-03-01,"Mar, 2026",Non,TunisieTravail,https://www.tunisietravail.net/afrique-auto-recrute-commercial-131170/
131089,Société Mestiri recrute Commercial,Société Mestiri,Société Mestiri recrute Commercial - Sousse / Tunis Mission Contact et prospection des nouveaux clients et poursuivre la relation avec les anciens clients . Servir et passer les commandes clients . Agir… ...,IT / Informatique,,,,Tunis,,,2026-03-01,"Mar, 2026",Non,TunisieTravail,https://www.tunisietravail.net/societe-mestiri-recrute-commercial-131089/
131134,Process Inspection & Control Pic recrute Responsable Commerciale et Marketing,Process Inspection & Control Pic,"Process Inspection & Control Pic est un leader reconnu dans le domaine du contrôle et de l’inspection technique. Avec une équipe de collaborateurs, ingénieurs et techniciens, nous accompagnons les plus grands projets… ...",IT / Informatique,,,,,,,2026-03-01,"Mar, 2026",Non,TunisieTravail,https://www.tunisietravail.net/process-inspection-control-pic-recrute-responsable-commerciale-et-marketing-131134/
131151,CMCA Concessionnaire Automobile recrute Magasinier,CMCA Concessionnaire Automobile,"CMCA Concessionnaire Automobile recrute Magasinier Qualifié pour renforcer son équipe. Missions principales : - Réceptionner, contrôler et stocker les pièces de rechange et accessoires automobiles. - Gérer les entrées et sorties de… ...",Hôtellerie / Restauration,,,,,,,2026-03-01,"Mar, 2026",Non,TunisieTravail,https://www.tunisietravail.net/cmca-recrute-poste-magasinier-131151/
131144,Siyadah Ai recrute Développeur IA Senior Python – Arabie Saudite,Siyadah Ai,Siyadah Ai recrute Développeur IA Senior Python - Arabie Saudite Avec au moins 3 ans d’expérience en intelligence artificielle et machine learning pour rejoindre notre équipe en Arabie Saoudite. Le candidat participera… ...,IT / Informatique,3 ans d’exp,Senior,,,,,2026-03-01,"Mar, 2026",Non,TunisieTravail,https://www.tunisietravail.net/siyadah-ai-recrute-developpeur-ia-senior-python-arabie-saudite-131144/
109397,Optima Software Services Plus O2SPlus recrute Consultant Fonctionnel et Technique,Optima Software Services Plus O2SPlus,"Optima Software Services Plus O2SPlus, Dans le cadre de notre développement, nous renforçons notre équipe études et développement par le recrutement Consultant Fonctionnel et Technique Rattaché(e) au Directeur Technique, vous intégrez notre… ...",Ressources Humaines,,Directeur,,,,,2026-03-01,"Mar, 2026",Non,TunisieTravail,https://www.tunisietravail.net/o2splus-recrute-consultant-fonctionnel-et-technique-109397/
131152,Canadian International School Of Tunis recrute Comptable Scolaire,Canadian International School Of Tunis,Canadian International School Of Tunis recrute Comptable Scolaire Motivé(e) et rigoureux(se) pour accompagner la gestion financière de l’établissement. Vos principales missions : • Assurer la comptabilité générale et le suivi des opérations… ...,IT / Informatique,,,,Tunis,,,2026-03-01,"Mar, 2026",Non,TunisieTravail,https://www.tunisietravail.net/canadian-international-school-of-tunis-recrute-comptable-scolaire-131152/
131137,Clinique Didon recrute Responsable Commercial et Marketing,Clinique Didon,Clinique Didon recrute Responsable Commercial et Marketing › Vos principales missions : Définir et piloter la stratégie commerciale et marketing de la clinique Développer la notoriété et l’image de marque de l’établissement… ...,IT / Informatique,,,,,,,2026-03-01,"Mar, 2026",Non,TunisieTravail,https://www.tunisietravail.net/clinique-didon-recrute-responsable-commercial-et-marketing-131137/
131094,Etablissement Mhirsi Abrasifs recrute Responsable Parc,Etablissement Mhirsi Abrasifs,"Etablissement Mhirsi Abrasifs recrute Responsable Parc Mission: Assurer la gestion, le suivi et l’optimisation du parc de véhicules de l’entreprise Assurer le suivi quotidien du parc (véhicules légers, utilitaires, camions). Planifier et… ...",IT / Informatique,,,,,,,2026-03-01,"Mar, 2026",Non,TunisieTravail,https://www.tunisietravail.net/etablissement-mhirsi-abrasifs-recrute-responsable-parc-131094/
109392,Optima Software Services Plus O2SPlus recrute Développeur WinDev,Optima Software Services Plus O2SPlus,"Optima Software Services Plus O2SPlus, Dans le cadre de notre développement, nous renforçons notre équipe études et développement par le recrutement Développeur WinDev Description du poste : - Vous êtes passionné par… ...",IT / Informatique,,,,,,,2026-03-01,"Mar, 2026",Non,TunisieTravail,https://www.tunisietravail.net/o2splus-recrute-developpeur-windev-109392/
131167,Advancia SPG Group recrute Sales Representative,Advancia SPG Group,Advancia SPG Group recrute Sales Representative Mission • Description de la mission : - Prospecter de nouveaux clients et développer de nouvelles opportunités sur les produits IT - Gérer et fidéliser un… ...,IT / Informatique,,,,,,,2026-03-01,"Mar, 2026",Non,TunisieTravail,https://www.tunisietravail.net/advancia-spg-group-recrute-sales-representative-131167/
131103,Beauty Best Way recrute des Téléconseillères Tourisme Médical,Beauty Best Way,"Beauty Best Way recrute Téléconseillères – Tourisme Médical Horaire : Du lundi au vendredi, de 09h00 à 18h00 Poste en présentiel - Tunis Beb Laasal Week-end off Vos missions : Accueillir, informer… ...",Hôtellerie / Restauration,,,,Tunis,,Sur site,2026-03-01,"Mar, 2026",Non,TunisieTravail,https://www.tunisietravail.net/beauty-best-way-recrute-des-teleconseilleres-tourisme-medical-131103/
131072,Ideryet recrute Commerciale IT,Ideryet,Ideryet recrute Commerciale IT Mission · Développer et gérer un portefeuille clients B2B · Prospecter de nouveaux clients et identifier des opportunités commerciales. · Promouvoir et vendre des solutions IT : matériel… ...,IT / Informatique,,,,,,,2026-03-01,"Mar, 2026",Non,TunisieTravail,https://www.tunisietravail.net/ideryet-recrute-commerciale-it-131072/
131090,Société Malibu Food recrute Contrôleur F and B,Société Malibu Food,"Société Malibu Food recrute Contrôleur F and B (Food and Beverage) › Missions principales : Contrôler les achats, les stocks et les consommations des produits alimentaires et boissons. Suivre les coûts et… ...",IT / Informatique,,,,,,,2026-03-01,"Mar, 2026",Non,TunisieTravail,https://www.tunisietravail.net/societe-malibu-food-recrute-controleur-f-and-b-131090/
131028,Mazzaro Milano recrute Responsable Magasin Sfax,Mazzaro Milano,Mazzaro Milano recrute Responsable Magasin Sfax Responsabilités principales : * Gérer un point de vente * Développer les chiffres d’affaires * Former et gérer des équipes ... * Assurer l’accueil des clients… ...,IT / Informatique,,,,Sfax,,,2026-03-01,"Mar, 2026",Non,TunisieTravail,https://www.tunisietravail.net/mazzaro-milano-recrute-responsable-magasin-sfax-131028/
130863,Sheee recrute Ingénieure en Électricité,Sheee,Sheee recrute Ingénieure en Électricité Missions principales : Superviser les travaux d’installation électrique (HT/MT/BT). Assurer le suivi technique des chantiers. Réaliser les plans et schémas électriques. Contrôler la conformité des installations selon… ...,IT / Informatique,,,,,,,2026-03-01,"Mar, 2026",Non,TunisieTravail,https://www.tunisietravail.net/sheee-recrute-ingenieure-en-electricite-130863/
130887,Mice Travel recrute Chef de Projets Sénior,Mice Travel,Mice Travel recrute Chef de Projets Sénior Profil recherché : Diplôme : Licence ou Master Expérience : au moins 3 ans dans le secteur Touristique ou Hôtelier ou événementiel Langue : Bonne… ...,Hôtellerie / Restauration,,,,,,,2026-03-01,"Mar, 2026",Non,TunisieTravail,https://www.tunisietravail.net/mice-travel-recrute-chef-de-projets-senior-130887/
129702,Prochimat recrute des Agents de Gardiennage,Prochimat,Prochimat recrute Des Agents de Gardiennage Lieu de travail : Sousse – Sidi Abdelhamid Profil recherché : Sérieux et motivé pour assurer la sécurité de notre site à Sousse. Âge entre 45… ...,IT / Informatique,,,,Sousse,,,2026-03-01,"Mar, 2026",Non,TunisieTravail,https://www.tunisietravail.net/prochimat-recrute-des-agents-de-gardiennage-129702/
129956,Graphika recrute des Techniciens,Graphika,"Graphika recrute Des Techniciens (H/F) Profil : Impression, finition, …. Avec au sans expérience Exigences de l’emploi: Organisé, ponctuel, esprit d’équipe Langues: • Arabe • Français Comment postuler : Cette opportunité vous… ...",IT / Informatique,,Sans expérience,,,,,2026-03-01,"Mar, 2026",Non,TunisieTravail,https://www.tunisietravail.net/graphika-recrute-des-techniciens-129956/
131011,Kyriad Prestige City Center Tunis recrute Hygiéniste,Kyriad Prestige City Center Tunis,Kyriad Prestige City Center Tunis recrute Hygiéniste Profil recherché : › Expérience exigée en hôtellerie (minimum 2 ans) › Maîtrise des normes d’hygiène et de sécurité › Rigueur et sens de l’organisation… ...,IT / Informatique,,,,Tunis,,,2026-03-01,"Mar, 2026",Non,TunisieTravail,https://www.tunisietravail.net/kyriad-prestige-city-center-tunis-recrute-hygieniste-131011/
130975,Engineering and General Services EGS recrute Ingénieur Génie Civil Junior,Engineering and General Services EGS,"Engineering and General Services EGS est une société d’études pluridisciplinaires créée en 1989, implantée en Tunisie, exerce ses métiers en Tunisie et à l’International en développant ses activités et sa représentation au… ...",IT / Informatique,,,,,,,2026-03-01,"Mar, 2026",Non,TunisieTravail,https://www.tunisietravail.net/engineering-and-general-services-egs-recrute-ingenieur-genie-civil-junior-130975/
131122,Omos International is looking for Project Manager / Civil Engineer,,"Omos International is looking for Project Manager / Civil Engineer Experienced professionals to join our team for the construction of drilling platforms, access road opening, and infrastructure maintenance in remote desert environments.… ...",Toutes offres Tunisie,,Manager,,,Télétravail,Teletravail,2026-03-01,"Mar, 2026",Non,TunisieTravail,https://www.tunisietravail.net/omos-international-is-looking-for-project-manager-civil-engineer-131122/
131031,Loussaief Consulting et Assisatnce recrute des Commerciaux Freelance,Loussaief Consulting et Assisatnce,Loussaief Consulting et Assisatnce recrute Des Commerciaux Freelance Pour une collaboration basée sur la performance. › Votre rôle : • Prospecter et développer un portefeuille clients • Identifier et convaincre les opérateurs… ...,IT / Informatique,,,,,Freelance,,2026-03-01,"Mar, 2026",Non,TunisieTravail,https://www.tunisietravail.net/loussaief-consulting-et-assisatnce-recrute-des-commerciaux-freelance-131031/
130974,Câblage Electrique Tunisie recrute des Chefs de Ligne – Câblages Automobile,Câblage Electrique Tunisie,Câblage Electrique Tunisie recrute Des Chefs de Ligne - Câblages Automobile - Menzel Bourguiba Profil - Niveau BAC› - Expérience 2 ans min dans un poste similaire - Connaissance de la langue… ...,Ingénierie,,,,,,,2026-03-01,"Mar, 2026",Non,TunisieTravail,https://www.tunisietravail.net/cablage-electrique-tunisie-recrute-des-chefs-de-ligne-cablages-automobile-130974/
131003,Sigma Audit recrute Auditeur Comptable,Sigma Audit,"Sigma Audit recrute Auditeur Comptable Description Vous êtes dynamique, rigoureux(se). Vous aimez le travail en équipe et les tâches diversifiées. Vous maitrisez parfaitement le Français (oral › écrit) Vos missions : -… ...",IT / Informatique,,,,,,,2026-03-01,"Mar, 2026",Non,TunisieTravail,https://www.tunisietravail.net/sigma-audit-recrute-auditeur-comptable-131003/
130616,H Factory recrute des Ouvriers,H Factory,H Factory recrute Des Ouvriers تقوم شركة H Factory بتوظيف مشغلي آلات المتطلبات المطلوبة: مشغلو آلات حاصلون على شهادة CAP أو PDP أو BTS. الإقامة بالقرب من المناطق التالية: شبّة، فوشانة، المحمدية،… ...,Toutes offres Tunisie,,,,,,,2026-03-01,"Mar, 2026",Non,TunisieTravail,https://www.tunisietravail.net/h-factory-recrute-des-ouvriers-130616/
129700,Allocab recrute Commercial Sédentaire en Véhicule Électrique,Allocab,Allocab recrute Commercial Sédentaire en Véhicule Électrique Vos missions Vous disposez idéalement d’une expérience réussie dans la vente de services de location longue durée. Vous maîtrisez les techniques de vente modernes :… ...,IT / Informatique,,,,,,,2026-03-01,"Mar, 2026",Non,TunisieTravail,https://www.tunisietravail.net/allocab-recrute-commercial-sedentaire-en-vehicule-electrique-129700/
131169,Tucal recrute Chargé Ressources Humaines,Tucal,"Tucal recrute Chargé Ressources Humaines Mission Se collaborer avec l’équipe ressources humaines dans les activités: recrutement, formation, paie, projets RH et gestion administrative des ressources humaines. Exigance › Diplôme: Bac›2/3 en Management,… ...",IT / Informatique,,,,,,,2026-03-23,,Non,TunisieTravail,https://www.tunisietravail.net/tucal-recrute-charge-ressources-humaines-131169/
130771,Hôtel Nozha Beach recrute Sous Chef de Cuisine,Hôtel Nozha Beach,Hôtel Nozha Beach recrute Sous Chef de Cuisine Profil Sous chef de cuisine avec une expérience exigée Comment postuler : Cette opportunité vous intéresse et votre profil correspond ? Envoyez-nous votre CV… ...,IT / Informatique,,,,,,,2026-03-01,"Mar, 2026",Non,TunisieTravail,https://www.tunisietravail.net/hotel-nozha-beach-recrute-sous-chef-de-cuisine-130771/
127305,Monogros recrute des Préparateurs de Commandes,Monogros,Monogros recrute Des Préparateurs de Commandes à Mégrine Missions : Préparer les commandes des clients Parcourir l’entrepôt pour collecter les produits selon les bons de commande Palettiser et emballer les marchandises Vérifier… ...,IT / Informatique,,,,Mégrine,,,2026-03-23,,Non,TunisieTravail,https://www.tunisietravail.net/monogros-recrute-des-preparateurs-de-commandes-127305/
130253,Multinational recrute Bilingual Sales Representatives French / English,Multinational,"Multinational recrute Bilingual Sales Representatives French / English Vos missions * Identifier et qualifier les leads. * Organiser des rendez-vous avec des prospects qualifiés pour les équipes commerciales. * Assurer les relances,… ...",IT / Informatique,,,,,,,2026-03-23,,Non,TunisieTravail,https://www.tunisietravail.net/multinational-b2b-recrute-bilingual-sales-representatives-french-english-130253/
130306,Concentrix recrute des Conseillers Supports en Réception d’Appel,Concentrix,"Concentrix recrute Des Conseillers Supports en Réception d’Appel Concentrix est un acteur majeur dans le milieu des centres d’appels, avec une reconnaissance par plusieurs d’un lieu où commencent des incroyables carrières. Que… ...",Hôtellerie / Restauration,,,,,,,2026-03-23,,Non,TunisieTravail,https://www.tunisietravail.net/concentrix-recrute-des-conseillers-supports-en-reception-d-appel-130306/
130106,TP recrute des Interprètes Instantanés,TP,"Chez TP, nous croyons que la communication ne doit connaître aucune frontière. Dans le cadre de notre développement sur le marché américain, nous cherchons des interprètes instantanés trilingues, talentueux et engagés. Vous… ...",IT / Informatique,,,,,,,2026-03-23,,Non,TunisieTravail,https://www.tunisietravail.net/tp-recrute-des-interpretes-instantanes-130106/
98328,Armatis recrute des Chargé.es de Clientèle Assistance Commerciale,Armatis,"Armatis recrute Des Chargé.es de Clientèle Assistance Commerciale Vous maîtrisez parfaitement la langue française ? De nature empathique, vous avez le sens du service, de la satisfaction client et êtes doté de… ...",IT / Informatique,,,,,,,2026-03-23,,Non,TunisieTravail,https://www.tunisietravail.net/armatis-recrute-des-charge-es-de-clientele-assistance-commerciale-98328/
115537,Industrie Multinational recrute Agent de Transit,Industrie Multinational,Entreprise Multinational industrielles opérant dans la grande distribution recrute Agent de Transit Mission Rattaché au Directeur Transit il sera chargé de : Assurer les tâches administratives déléguées par le responsable du service… ...,IT / Informatique,,Directeur,,,,,2026-03-23,,Non,TunisieTravail,https://www.tunisietravail.net/entreprise-multinational-recrute-agent-de-transit-115537/
131150,Transcom recrute des Conseillers Clientèle – Nouveau Projet / Secteur Fintech,Transcom,"Transcom recrute Des Conseillers Clientèle - Nouveau Projet / Secteur Fintech Chez Transcom, nous sommes des passionnés de l’expérience client (CX) et nous accompagnons la révolution numérique. Nous lançons aujourd’hui un tout… ...",Toutes offres Tunisie,,,,,,,2026-03-23,,Non,TunisieTravail,https://www.tunisietravail.net/transcom-recrute-conseiller-clientele-secteur-fintech-nouveau-projet-2-131150/
131107,Otis Déménagement recrute Conseiller Commercial Spécialiste Déménagement France,Otis Déménagement,Otis Déménagement recrute Conseiller Commercial Spécialiste Déménagement France Missions Analyser les besoins des clients et proposer la meilleure solution de déménagement Établir les devis et expliquer les prestations Transformer les demandes en… ...,IT / Informatique,,,,,,,2026-03-23,,Non,TunisieTravail,https://www.tunisietravail.net/otis-demenagement-recrute-conseiller-commercial-specialiste-demenagement-france-131107/
128184,Easyprint recrute Assistant Achat,Easyprint,"Easyprint recrute Assistant(E) Achat Mission principale : Assister le service achats dans la gestion administrative et opérationnelle des achats afin d’assurer l’approvisionnement de l’entreprise dans les meilleures conditions de coût, de qualité… ...",IT / Informatique,,,,,,,2026-03-01,"Mar, 2026",Non,TunisieTravail,https://www.tunisietravail.net/easyprint-recrute-assistant-achat-128184/
128173,Tunisian Food Company recrute des Équipier.eres,Tunisian Food Company,"Tunisian Food Company recrute Des Équipier.eres Vous êtes motivé(e), dynamique et prêt(e) à rejoindre une équipe jeune et engagée ? Ce poste est fait pour vous ! › Profil recherché : Aucune… ...",IT / Informatique,,,,,,,2026-03-01,"Mar, 2026",Non,TunisieTravail,https://www.tunisietravail.net/tunisian-food-company-recrute-des-equipier-eres-128173/
131093,Luxury House recrute Comptable,Luxury House,Luxury House recrute Comptable Responsabilités – Gestion des comptes clients et fournisseurs – Suivi des paiements et des recouvrements – Arrêter les états financiers Pointage / paie Banque / CNSS/ les fiche… ...,IT / Informatique,,,,,,,2026-03-01,"Mar, 2026",Non,TunisieTravail,https://www.tunisietravail.net/luxury-house-recrute-comptable-131093/
128183,Easyprint recrute Techico Commercial,Easyprint,"Easyprint recrute Techico Commercial (H/F) Mission principale Assurer la prospection, le développement et le suivi du portefeuille clients tout en apportant des solutions techniques adaptées aux besoins des clients afin d’atteindre les… ...",IT / Informatique,,,,,,,2026-03-01,"Mar, 2026",Non,TunisieTravail,https://www.tunisietravail.net/easyprint-recrute-techico-commercial-128183/
125706,Boraplast Group recrute Assistante de Production,Boraplast Group,Boraplast Group recrute Assistante de Production Activités principales · Planifier la production avec les responsables d’atelier · Coordonner les exigences de production et les nécessités de maintenance · Assurer les communications avec… ...,IT / Informatique,,,,,,,2026-03-01,"Mar, 2026",Non,TunisieTravail,https://www.tunisietravail.net/boraplast-group-recrute-assistante-de-production-125706/
122757,Boraplast Group recrute Assistante Administrative,Boraplast Group,Boraplast Group recrute Assistante Administrative Qualifications demandées Maîtrisant parfaitement bien l’anglais et le Français. Ponctuelle Présentable Excellente capacité d’écoute et de communication Faire des déplacements internationaux Rigoureuse. Comment postuler Merci d’envoyer votre… ...,IT / Informatique,,,,,,,2026-03-01,"Mar, 2026",Non,TunisieTravail,https://www.tunisietravail.net/bora-recrute-assistante-administrative-122757/
130920,Bmc Sarl recrute Account et Content Manager Social Media,Bmc Sarl,"Bmc Sarl recrute Account et Content Manager Social Media Pour assurer la relation client et la gestion des réseaux sociaux. Mission En tant qu’Account & Community Manager, vous serez en charge de… ...",IT / Informatique,,Manager,,,,,2026-03-01,"Mar, 2026",Non,TunisieTravail,https://www.tunisietravail.net/bmc-sarl-recrute-account-et-content-manager-social-media-130920/
131043,Clinique Ennasr recrute Technicien Informatique,Clinique Ennasr,Clinique Ennasr recrute Technicien Informatique Sexe : Homme/Femme Études : BAC›3 ou équivalant Âge : Indifférent Expérience : Souhaitable Lieu de travail : Ennasr 2 Au sein de la Direction des Systèmes… ...,IT / Informatique,,,,Ennasr,,,2026-03-01,"Mar, 2026",Non,TunisieTravail,https://www.tunisietravail.net/clinique-ennasr-recrute-technicien-informatique-131043/
129115,Manfin International recrute Junior Business Developer,Manfin International,Manfin International (Bureau de liaison CCM Worldwide - Tunisie) recrute Business Developer Pour piloter sa croissance auprès des plus grandes institutions internationales. Votre mission Identifier et concrétiser des opportunités de projets financés… ...,IT / Informatique,,,,,,,2026-03-01,"Mar, 2026",Non,TunisieTravail,https://www.tunisietravail.net/manfin-international-recrute-junior-business-developer-129115/
128152,Tunisian Food Company recrute Aide Cuisinier,Tunisian Food Company,"Tunisian Food Company recrute Aide Cuisinier (H/F) Dans le cadre du renforcement de notre équipe, nous recherchons un(e) Aide Cuisinier(e) motivé(e), dynamique et prêt(e) à s’investir. Sous la supervision du manager de… ...",IT / Informatique,,Manager,,,,,2026-03-01,"Mar, 2026",Non,TunisieTravail,https://www.tunisietravail.net/tunisian-food-company-recrute-aide-cuisinier-128152/
128727,Tunisie Plastiques Systèmes recrute Technicien Métrologie,Tunisie Plastiques Systèmes,Tunisie Plastiques Systèmes recrute Technicien Métrologie Mission: - Traiter les demandes de métrologie et les intégrer au planning - Elaborer la méthode de mesure appropriée en fonction de la demande - Créer… ...,IT / Informatique,,,,,,,2026-03-01,"Mar, 2026",Non,TunisieTravail,https://www.tunisietravail.net/tunisie-plastiques-systemes-recrute-technicien-metrologie-128727/
125419,Enpal Italia Italie recrute Technicien Support Technique,Enpal Italia Italie,Enpal Italia Italie recrute Technicien Support Technique - Expérience Indispensable dans le Photovoltaïque & les Pompes à Chaleur pour le marché italien Description du poste & Responsabilités - Fournir une assistance technique… ...,IT / Informatique,,,,,,,2026-03-01,"Mar, 2026",Non,TunisieTravail,https://www.tunisietravail.net/enpal-italia-italie-recrute-technicien-support-technique-125419/
128496,Excellence Training Center recrute Formateur en Langue Française,Excellence Training Center,"Excellence Training Center recrute Formateur en Langue Française Capable d’enseigner les niveaux scolaires: 2eme ,3eme et bac si non s’abstenir Profil: Niveau universitaire Sérieux et disponible Maîtrise parfaitement la langue française Réside… ...",IT / Informatique,,,,,,,2026-03-01,"Mar, 2026",Non,TunisieTravail,https://www.tunisietravail.net/excellence-training-center-recrute-enseignante-francais-128496/
129151,Magic Autos recrute Chef d’Atelier Mécanique,Magic Autos,"La société Magic Autos, spécialisée dans les services automobiles (réparation, entretien, nettoyage et diagnostic), recrute Chef d’Atelier Mécanique Profil recherché : Expérience minimum 2 ans en tant que Chef d’Atelier Mécanique Excellentes… ...",IT / Informatique,,,,,,,2026-03-01,"Mar, 2026",Non,TunisieTravail,https://www.tunisietravail.net/magic-autos-recrute-chef-datelier-mecanique-129151/
131171,Afrique Auto recrute Technicien en Bureautique et Informatique de Gestion,Afrique Auto,Afrique Auto recrute Technicien en Bureautique et Informatique de Gestion Mission Chargé d’assurer la facturation quotidienne et le suivi rigoureux et régulier des stocks. Vous veillerez à la fiabilité des données et… ...,IT / Informatique,,,,,,,2026-03-01,"Mar, 2026",Non,TunisieTravail,https://www.tunisietravail.net/afrique-auto-recrute-technicien-en-bureautique-et-informatique-de-gestion-131171/
130438,Société Yazis Pneu recrute Assistante Administrative et Comptable,Société Yazis Pneu,"Société Yazis Pneu recrute Assistante Administrative et Comptable › Profil recherché : Formation en comptabilité (Bac ›3 minimum ,Bac ›5 idéal ) Comment postuler : Cette opportunité vous intéresse et votre profil… ...",IT / Informatique,,,,,,,2026-03-01,"Mar, 2026",Non,TunisieTravail,https://www.tunisietravail.net/societe-yazis-pneu-recrute-assistante-administrative-et-comptable-130438/
129374,Kymeos Mea recrute Account Manager Anglophone et Francophone,Kymeos Mea,"Kymeos Mea recrute Account Manager Anglophone et Francophone MEA Votre mission : En tant qu’Account Manager, vous serez responsable de la gestion et du développement d’un portefeuille clients sur la zone qui… ...",Toutes offres Tunisie,,Manager,,,,,2026-03-01,"Mar, 2026",Non,TunisieTravail,https://www.tunisietravail.net/kymeos-mea-recrute-account-manager-anglophone-et-francophone-129374/
125397,Saybolt Tunisie recrute Assistant Administratif et Ressources Humaines,Saybolt Tunisie,Saybolt Tunisie recrute Assistant Administratif et Ressources Humaines Saybolt Tunisie recrute Assistant Administratif et Ressources Humaines Missions principales • Gestion administrative o Assurer la gestion quotidienne des tâches administratives : gestion du… ...,Ressources Humaines,,,,,,,2026-03-01,"Mar, 2026",Non,TunisieTravail,https://www.tunisietravail.net/saybolt-tunisie-recrute-assistant-administratif-et-ressources-humaines-125397/
127567,Arines Travel Services recrute Agent de Voyage,Arines Travel Services,"Arines Travel Services recrute Agent de Voyage Contrat CIVP Mission Conseiller les clients sur les destinations, les séjours et les services de voyage. Organiser et gérer les réservations de vols, hôtels et… ...",Hôtellerie / Restauration,,,,,CIVP,,2026-03-01,"Mar, 2026",Non,TunisieTravail,https://www.tunisietravail.net/arines-travel-services-recrute-agent-de-voyage-127567/
130768,Call-Lab recrute des Téléconseillers,Call-Lab,"Call-Lab recrute Des Téléconseillers Êtes-vous un chasseur dans l’âme, passionné par la conversation et l’atteinte d’objectifs ambitieux ? Avez-vous une fibre commerciale qui ne demande qu’à s’exprimer pleinement ? Nous recherchons des… ...",IT / Informatique,,,,,,,2026-03-01,"Mar, 2026",Non,TunisieTravail,https://www.tunisietravail.net/call-lab-recrute-des-teleconseillers-130768/
125818,Regency Nannies Canada recrute des Conseiller.ères Pédagogique,Regency Nannies Canada,Regency Nannies Canada recrute Des Conseiller.ères Pédagogique Spécialisé.e en Troubles d’Apprentissage Responsabilités principales - Effectuer des rencontres vidéo avec les étudiants et leurs familles pour évaluer leurs besoins et proposer des solutions… ...,IT / Informatique,,,,,,,2026-03-01,"Mar, 2026",Non,TunisieTravail,https://www.tunisietravail.net/regency-nannies-recrute-conseiller-ere-pedagogique-125818/
130078,TP recrute des Télévendeurs TLV,TP,"TP Tunisie ouvre ses portes aux Experts de l’expérience client et recrute Des Télévendeurs Alors si tu as un excellent niveau en français et tu es doté d’un fort sens commercial, rejoins-nous… ...",IT / Informatique,,,,,,,2026-03-23,,Non,TunisieTravail,https://www.tunisietravail.net/tp-recrute-des-televendeurs-tlv-130078/
130774,Hôtel Nozha Beach recrute Chef Cafetier,Hôtel Nozha Beach,Hôtel Nozha Beach recrute Chef Cafetier Profil Chef cafetier avec une expérience exigée Comment postuler : Cette opportunité vous intéresse et votre profil correspond ? Envoyez-nous votre CV via le formulaire Pays… ...,IT / Informatique,,,,,,,2026-03-23,,Non,TunisieTravail,https://www.tunisietravail.net/hotel-nozha-beach-recrute-chef-cafetier-130774/
131074,Monoprix recrute Responsable Exploitation Transport,Monoprix,"Monoprix recrute Responsable Exploitation Transport Dans le cadre du renforcement de son équipe de transport, Monoprix recrute un Responsable d’Exploitation Transport pour son site de Mégrine. Mission : • Gestion d’exploitation transport,… ...",IT / Informatique,,,,Mégrine,,,2026-03-23,,Non,TunisieTravail,https://www.tunisietravail.net/monoprix-recrute-responsable-exploitation-transport-131074/
131077,Monoprix recrute des Employées Commerciales,Monoprix,"Monoprix recrute Des Employées Commerciales Missions principales : • Accueillir et conseiller les clients avec courtoisie et professionnalisme. • Gérer les transactions en caisse avec rigueur et précision. • Assurer le réassortiment,… ...",IT / Informatique,,,,,,,2026-03-23,,Non,TunisieTravail,https://www.tunisietravail.net/monoprix-recrute-des-employees-commerciales-131077/
130918,Transcom recrute des Agents Relation Client – Helpdesk Français / Anglais,Transcom,"Transcom recrute Des Agents Relation Client - Helpdesk Français / Anglais Chez Transcom, nous sommes des experts de l’assistance technique et de la performance opérationnelle. Nous savons que derrière chaque entreprise se… ...",Toutes offres Tunisie,,,,,,,2026-03-23,,Non,TunisieTravail,https://www.tunisietravail.net/transcom-recrute-des-agents-relation-client-helpdesk-francais-anglais-130918/
130905,Premiumcom Group recrute des Télévendeurs Téléphonie Btoc Expérimentés,Premiumcom Group,"Premiumcom Group recrute Des Télévendeurs Téléphonie BtoC Expérimentés Description du poste A l’issue de votre formation et avec le soutien de votre manager, vous serez en charge de susciter l’intérêt des prospects… ...",IT / Informatique,,Manager,,,,,2026-03-01,"Mar, 2026",Non,TunisieTravail,https://www.tunisietravail.net/premiumcom-group-recrute-des-televendeurs-telephonie-btoc-experimentes-130905/
115538,Industrie Multinational recrute Assistante en Ressources Humaines,Industrie Multinational,"Industrie Multinational opérant dans la grande distribution et la chimie industriel recrute Assistante en Ressources Humaines Chargée du Pointage Mission Rattaché au Responsable Ressources Humaines, vous serez chargé de gérer l’ensemble des… ...",Ingénierie,,,,,,,2026-03-23,,Non,TunisieTravail,https://www.tunisietravail.net/industrie-multinational-recrute-assistante-en-ressources-humaines-115538/
131111,Otis Déménagement recrute Commercial / Conseiller Expert en Déménagement – Marché Français,Otis Déménagement,Otis Déménagement recrute Commercial / Conseiller Expert en Déménagement – Marché Français Expérimenté spécialisé dans le déménagement sur le marché français. Maîtrisant les spécificités du secteur du déménagement en France : estimation… ...,IT / Informatique,,,,,,,2026-03-23,,Non,TunisieTravail,https://www.tunisietravail.net/otis-demenagement-recrute-commercial-conseiller-expert-en-demenagement-marche-francais-131111/
131108,Otis Déménagement recrute Commercial Sédentaire – Expert Déménagement,Otis Déménagement,Otis Déménagement recrute Commercial Sédentaire – Expert Déménagement Pour gérer les demandes clients provenant du marché français. Missions Traitement des demandes de devis Analyse du volume et proposition tarifaire Vente des prestations… ...,IT / Informatique,,,,,,,2026-03-23,,Non,TunisieTravail,https://www.tunisietravail.net/otis-demenagement-recrute-commercial-sedentaire-expert-demenagement-131108/
131106,Otis Déménagement recrute Commercial Confirmé en Déménagement – Marché Français,Otis Déménagement,"Otis Déménagement recrute Commercial Confirmé en Déménagement – Marché Français Professionnel maîtrisant les devis de déménagement, l’analyse du volume, la tarification et la vente de prestations auprès d’une clientèle française. Missions Gérer… ...",IT / Informatique,,Confirmé,,,,,2026-03-23,,Non,TunisieTravail,https://www.tunisietravail.net/otis-demenagement-recrute-commercial-confirme-en-demenagement-marche-francais-131106/
120513,PremiumCom Group recrute des Télévendeurs Téléphonie BtoC,PremiumCom Group,"PremiumCom Group recrute Des Télévendeurs Téléphonie BtoC Expérimentés Description du poste A l’issue de votre formation et avec le soutien de votre manager, vous serez en charge de susciter l’intérêt des prospects… ...",IT / Informatique,,Manager,,,,,2026-03-01,"Mar, 2026",Non,TunisieTravail,https://www.tunisietravail.net/premiumcom-group-recrute-des-televendeurs-telephonie-btoc-120513/
130914,Transcom recrute des Agents Relation Client French-English / Location de Voitures,Transcom,"Transcom recrute Des Agents Relation Client French-English / Location de Voitures Chez Transcom, nous sommes des passionnés de l’expérience client (CX). Nous sommes aussi dévoués à nos clients que leurs propres fans… ...",IT / Informatique,,,,,,,2026-03-23,,Non,TunisieTravail,https://www.tunisietravail.net/transcom-recrute-des-agents-relation-client-french-english-location-de-voitures-130914/
130705,Hôtel Nozha Beach recrute Chef de Cuisine,Hôtel Nozha Beach,Hôtel Nozha Beach recrute Chef de Cuisine Profil Chef de cuisine avec une expérience. Comment postuler : Cette opportunité vous intéresse et votre profil correspond ? Envoyez-nous votre CV via le formulaire… ...,IT / Informatique,,,,,,,2026-03-23,,Non,TunisieTravail,https://www.tunisietravail.net/hotel-nozha-beach-recrute-chef-de-cuisine-130705/
106695,Concentrix recrute des Conseillers Clients Anglophone en Réceptions des Appels,Concentrix,Concentrix recrute Des Conseillers Clients Anglophone en Réceptions des Appels Mission : • Réceptionner les appels clients • Détecter les besoins du client et proposer les services appropriés • Transmission du dossier… ...,Hôtellerie / Restauration,,,,,,,2026-03-23,,Non,TunisieTravail,https://www.tunisietravail.net/concentrix-recrute-des-conseillers-clients-anglophone-en-receptions-des-appels-106695/
122212,TP recrute des Conseillers Client,TP,"Souhaitez-vous travailler dans un environnement innovatif et évolutif ? Rejoindre TP, c’est dire OUI à une expérience qui a du sens, celle où les rencontres et les missions vous poussent à grandir… ...",IT / Informatique,,,,,,,2026-03-23,,Non,TunisieTravail,https://www.tunisietravail.net/tp-recrute-des-conseillers-client-122212/
114639,Jarzis Decor recrute Commercial,Jarzis Decor,Jarzis Decor recrute Commercial Responsabilités • Identifier et contacter des prospects potentiels. • Présenter nos produits/services de manière convaincante. • Négocier des accords et conclure des ventes. • Établir et entretenir des… ...,IT / Informatique,,,,,,,2026-03-01,"Mar, 2026",Non,TunisieTravail,https://www.tunisietravail.net/jarzis-decor-recrute-commercial-114639/
131045,Bomaco recrute des Ouvriers / des Ouvrières,Bomaco,"Bomaco Nous sommes une société offshore à la Z.I Sidi Daoud Rte la Marsa, on recrute Des Ouvriers / Des Ouvrières Profil Ouvrier secteur électronique Comment postuler : Cette opportunité vous intéresse… ...",IT / Informatique,,,,La Marsa,,,2026-03-01,"Mar, 2026",Non,TunisieTravail,https://www.tunisietravail.net/bomaco-recrute-des-ouvriers-des-ouvrieres-131045/
128471,Dakat Corp Tunisia Security recrute des Agents de Sécurité,Dakat Corp Tunisia Security,Dakat Corp Tunisia Security recrute Des Agents de Sécurité Sfax Jbeniana › Conditions du poste : Salaire : 750 DT / mois Horaires : 5 jours de travail par semaine Repos :… ...,IT / Informatique,,,750 DT / mois Horaires,Sfax,,,2026-03-01,"Mar, 2026",Non,TunisieTravail,https://www.tunisietravail.net/dakat-corp-tunisia-security-recrute-des-agents-de-securite-128471/
125631,Tunis Marriott Hôtel recrute Valet de Chambre,Tunis Marriott Hôtel,"Tunis Marriott Hôtel recrute Valet de Chambre Profil Excellente présentation, sens du service et de la communication, motivation et flexibilité. Langues requises : Français et Anglais Comment postuler Merci d’envoyer vos CV… ...",IT / Informatique,,,,Tunis,,,2026-03-01,"Mar, 2026",Non,TunisieTravail,https://www.tunisietravail.net/tunis-marriott-hotel-recrute-valet-de-chambre-125631/
124259,Hôtel La Menara Sidi Bou Said recrute Réceptionniste,Hôtel La Menara Sidi Bou Said,"Hôtel La Menara Sidi Bou Said recrute Réceptionniste Profil – Femme ou Homme – Langues requises: Français, Anglais (Obligatoire) – Expérience Justifiée. – Compétences informatiques – Excellente présentation, attitude positive, bonne communication,… ...",IT / Informatique,,,,,,,2026-03-01,"Mar, 2026",Non,TunisieTravail,https://www.tunisietravail.net/hotel-la-menara-sidi-bou-said-recrute-receptionniste-124259/
122098,DA-KAT Corp Tunisia Security recrute des Conducteurs,DA-KAT Corp Tunisia Security,DA-KAT Corp Tunisia Security recrute Des Conducteurs › Missions principales : Assurer le transport du personnel et/ou du matériel en toute sécurité Veiller au bon entretien du véhicule Respecter le code de… ...,IT / Informatique,,,,,,,2026-03-01,"Mar, 2026",Non,TunisieTravail,https://www.tunisietravail.net/da-kat-corp-tunisia-security-recrute-des-conducteurs-122098/
131050,Engineering Management et Contracting recrute Responsable QHSE Junior,Engineering Management et Contracting,"Engineering Management & Contracting recrute Responsable Qhse Junior Rattaché(e) à la Direction, vous participerez à l’animation et à l’amélioration continue du système de management QHSE. Missions principales : - Participer à la… ...",IT / Informatique,,Junior,,,,,2026-03-01,"Mar, 2026",Non,TunisieTravail,https://www.tunisietravail.net/engineering-management-et-contracting-recrute-responsable-qhse-junior-131050/
127576,Miaflab recrute des Délégué.es Médical,Miaflab,"Miaflab, société spécialisée dans l’importation et la distribution de produits dentaires et parapharmaceutiques, recrute Des Délégué.es Médical Qui sera destiné pour la distribution et la vente des produits dentaires et Parapharmaceutiques sur… ...",IT / Informatique,,,,,,,2026-03-01,"Mar, 2026",Non,TunisieTravail,https://www.tunisietravail.net/miaflab-recrute-des-delegue-es-medical-127576/
120689,Hotelsa Food Tunisie recrute Technicien en Maintenance Industrielle,Hotelsa Food Tunisie,"Hotelsa Food Tunisie recrute Technicien en Maintenance Industrielle Responsabilités : · Effectuer la maintenance préventive selon les calendriers établis. · Diagnostiquer et résoudre les pannes mécaniques, électriques et hydrauliques. · Effectuer les… ...",IT / Informatique,,,,,,,2026-03-01,"Mar, 2026",Non,TunisieTravail,https://www.tunisietravail.net/hotelsa-food-tunisie-recrute-technicien-en-maintenance-industrielle-120689/
122675,Africa Engineering recrute Assistante Administrative,Africa Engineering,Africa Engineering recrute Assistante Administrative Missions Classement et organisation des documents administratifs. Clôture et archivage des dossiers d’appels d’offres. Gestion des impressions et préparation des dossiers pour soumission. Fournir un soutien administratif… ...,Toutes offres Tunisie,,,,,,,2026-03-01,"Mar, 2026",Non,TunisieTravail,https://www.tunisietravail.net/africa-engineering-recrute-assistante-administrative-122675/
128820,Africa Engineering recrute Responsable Comptable et Financière,Africa Engineering,Africa Engineering recrute Responsable Comptable et Financière Nous recrutons : Responsable Comptable et Financière Nous recherchons un(e) professionnel(le) expérimenté(e) pour piloter et exécuter les activités comptables et financières de la société et… ...,IT / Informatique,,,,,,,2026-03-01,"Mar, 2026",Non,TunisieTravail,https://www.tunisietravail.net/africa-engineering-recrute-responsable-comptable-et-financiere-128820/
131018,Bewell Pharma recrute Délégué Médical,Bewell Pharma,Bewell Pharma recrute Délégué Médical Tunis et Sfax Pour promouvoir notre gamme de produits auprès des professionnels de santé. Description du poste : Ses principales missions seront : • Promouvoir les produits… ...,IT / Informatique,,,,Tunis,,,2026-03-01,"Mar, 2026",Non,TunisieTravail,https://www.tunisietravail.net/bewell-pharma-recrute-delegue-medical-131018/
131099,Novotel Tunis Lac recrute Front Office Manager,Novotel Tunis Lac,"Novotel Tunis Lac recrute Front Office Manager Inspirant, motivation et enthousiasme. En tant que Chef de Réception (H/F), vous mettez en valeur vos qualités de Leader et vos compétences interpersonnelles pour maximiser… ...",IT / Informatique,,Manager,,Tunis,,,2026-03-01,"Mar, 2026",Non,TunisieTravail,https://www.tunisietravail.net/novotel-tunis-lac-recrute-front-office-manager-131099/
125632,Tunis Marriott Hôtel recrute Artisan de Marbre Marbrier,Tunis Marriott Hôtel,"Tunis Marriott Hôtel recrute Artisan de Marbre Marbrier Profil Artisan de marbre. Excellente présentation, sens du service et de la communication, motivation et flexibilité. Comment postuler Merci d’envoyer vos CV via le… ...",IT / Informatique,,,,Tunis,,,2026-03-01,"Mar, 2026",Non,TunisieTravail,https://www.tunisietravail.net/tunis-marriott-hotel-recrute-artisan-de-marbre-marbrier-125632/
129016,Tui Blue Palm Beach Hammamet recrute des Agents de Cuisine,Tui Blue Palm Beach Hammamet,"Tui Blue Palm Beach Hammamet recrute Des Agents de Cuisine Missions : Accueil et service client, mise en place, propreté et hygiène, assurer une expérience de qualité. Profil : Expérience souhaitée en… ...",IT / Informatique,,,,,,,2026-03-01,"Mar, 2026",Non,TunisieTravail,https://www.tunisietravail.net/tb-palm-baech-hammamet-recrute-des-agents-de-cuisine-129016/
130935,Newmed recrute Commercial.e Grand Tunis,Newmed,Newmed recrute Commercial.e Grand Tunis Profil Formation Medecine Dentaire ou Formation Prothese Dentaire Comment postuler : Cette opportunité vous intéresse et votre profil correspond ? Envoyez-nous votre CV via le formulaire Pays… ...,IT / Informatique,,,,Tunis,,,2026-03-01,"Mar, 2026",Non,TunisieTravail,https://www.tunisietravail.net/newmed-recrute-commercial-e-grand-tunis-130935/
130628,Société de Commerce recrute Chauffeur,Société de Commerce,"Société de Commerce recrute Société Cherche Chauffeur Mission Chauffeur expérimenté pour Assurer les trajets de la direction, en toute sécurité et en respectant les horaires et transport familial quotidien; Expérience significative en… ...",IT / Informatique,,,,,,,2026-03-01,"Mar, 2026",Non,TunisieTravail,https://www.tunisietravail.net/societe-de-commerce-recrute-chauffeur-130628/
130936,Newmed recrute Assistante Technico-Commerciale,Newmed,Newmed recrute Assistante Technico-Commerciale Profil Formation technicien médical ou marketing Comment postuler : Cette opportunité vous intéresse et votre profil correspond ? Envoyez-nous votre CV via le formulaire Pays / Ville ›… ...,IT / Informatique,,,,,,,2026-03-01,"Mar, 2026",Non,TunisieTravail,https://www.tunisietravail.net/newmed-recrute-assistante-technico-commerciale-130936/
119270,NewMed recrute Technico Commercial.e,NewMed,"NewMed recrute Technico Commercial.e Mission En tant que Technico-commercial, vous serez chargé de développer et de gérer un portefeuille de clients dans la banlieue sud de Tunis. Vos responsabilités comprendront la prospection… ...",IT / Informatique,,,,Tunis,,,2026-03-01,"Mar, 2026",Non,TunisieTravail,https://www.tunisietravail.net/newmed-recrute-technico-commercial-e-119270/
128205,Tunisienne des Industries Energétiques recrute des Ouvriers,Tunisienne des Industries Energétiques,Tunisienne des Industries Energétiques recrute Des Ouvriers Qualifié Motivés et compétents pour rejoindre notre équipe dynamique. Missions principales : • Réaliser le montage mécanique ou électromécanique de sous-ensembles ou d’équipements complets (armoires… ...,Ingénierie,,,,,,,2026-03-01,"Mar, 2026",Non,TunisieTravail,https://www.tunisietravail.net/tunisienne-des-industries-energetiques-recrute-des-ouvriers-128205/
130101,Apex Training recrute Commercial,Apex Training,Apex Training recrute Commercial.e À Temps Partiel › Lieu : Mourouj 1Notre centre de formation recrute un(e) commercial(e) à temps partiel pour accompagner le développement de son activité. › Missions principales :… ...,IT / Informatique,,,,,Temps partiel / Mi-temps,,2026-03-01,"Mar, 2026",Non,TunisieTravail,https://www.tunisietravail.net/apex-training-recrute-commercial-130101/
129987,Instadrone Tunisie recrute Chef d’Équipe Géomètre Spécialité Topographique,Instadrone Tunisie,Instadrone Tunisie recrute Chef d’Équipe Géomètre Spécialité Topographique 1 Missions principales Superviser et coordonner les activités de l’équipe topographique. Réaliser et contrôler la classification des nuages de points. Produire des plans topographiques… ...,IT / Informatique,,,,,,,2026-03-01,"Mar, 2026",Non,TunisieTravail,https://www.tunisietravail.net/instadrone-tunisie-recrute-chef-dequipe-geometre-specialite-topographique-129987/
131113,Domi Affaire recrute des Téléconseiller.ères Réception d’Appels,Domi Affaire,Domi Affaire recrute Des Téléconseiller.ères Réception d’Appels › Secteur : Énergies Renouvelables Pour assurer la réception et le traitement des appels entrants. › Vos missions : • Répondre et traiter les appels… ...,IT / Informatique,,,,,,,2026-03-01,"Mar, 2026",Non,TunisieTravail,https://www.tunisietravail.net/domi-affaire-recrute-des-teleconseiller-eres-reception-dappels-131113/
130229,Vocalline recrute des Téléconseillers Tourisme Médical,Vocalline,Vocal Line recrute Des Téléconseillers Tourisme Médical › Vos missions : - Accueillir et conseiller les patients par téléphone et par e-mail - Identifier leurs besoins et les orienter selon les recommandations… ...,Hôtellerie / Restauration,,,,,,,2026-03-01,"Mar, 2026",Non,TunisieTravail,https://www.tunisietravail.net/vocalline-recrute-des-teleconseillers-tourisme-medical-langue-francaise-130229/
121518,Industrie Multinational recrute Technicien Maintenance Mécanique,Industrie Multinational,"Industrie Multinational opérant dans la grande distribution et le secteur chimique recrute Technicien Maintenance Mécanique Mission • Localiser et diagnostiquer une panne • Remettre en état de production les machines, par échange… ...",IT / Informatique,,,,,,,2026-03-23,,Non,TunisieTravail,https://www.tunisietravail.net/industrie-multinational-recrute-technicien-maintenance-mecanique-121518/
130349,Industrie Multinational recrute Conducteur Machine / Technicien de Production,Industrie Multinational,Industrie Multinational recrute Conducteur Machine / Technicien de Production Pour renforcer son équipe. Missions principales Suivi de la production. Intervention en cas de dysfonctionnement technique. Respect des consignes de sécurité et des… ...,IT / Informatique,,,,,,,2026-03-23,,Non,TunisieTravail,https://www.tunisietravail.net/industrie-multinational-recrute-conducteur-machine-technicien-de-production-130349/
98327,Armatis recrute des Chargés de Clientèle Multicanal,Armatis,"Armatis recrute Des Chargés de Clientèle Multicanal Vous maîtrisez parfaitement la langue française à l’écrit et à l’oral ? Vous êtes ambitieux, dynamique et avez le sens du service et de l’écoute… ...",IT / Informatique,,,,,,,2026-03-23,,Non,TunisieTravail,https://www.tunisietravail.net/armatis-recrute-des-charges-de-clientele-multicanal-98327/
129370,Industrie Multinational recrute Responsable Mécanique / Technicien Maintenance Mécanique,Industrie Multinational,"Industrie Multinational recrute Responsable Mécanique / Technicien Maintenance Mécanique Rattaché au Responsable Maintenance, votre mission consiste à : Assurer les meilleures conditions de fonctionnement des différents équipements et systèmes nécessaires à la… ...",IT / Informatique,,,,,,,2026-03-23,,Non,TunisieTravail,https://www.tunisietravail.net/industrie-multinational-recrute-responsable-mecanique-technicien-maintenance-mecanique-129370/
130694,Concentrix recrute des Conseillers en Réception d’Appel Bilingue,Concentrix,Concentrix recrute Des Conseillers en Réception d’Appel Bilingue Mission : Détecter les besoins du client et proposer les services appropriés Transmission du dossier en cas de complexité vers Le niveau 2 Veille… ...,IT / Informatique,,,,,,,2026-03-23,,Non,TunisieTravail,https://www.tunisietravail.net/concentrix-recrute-des-conseillers-en-reception-dappel-bilingue-130694/
129277,Industrie Multinational recrute Ingénieur Maintenance,Industrie Multinational,Industrie Multinational recrute Ingénieur Maintenance Mission - Superviser les activités et interventions de maintenance sur l’ensemble du site industriel afin de fiabiliser les moyens et équipements selon les impératifs techniques et économiques… ...,IT / Informatique,,,,,,,2026-03-23,,Non,TunisieTravail,https://www.tunisietravail.net/industrie-multinational-recrute-ingenieur-maintenance-129277/
131110,Otis Déménagement recrute Téléconseiller Commercial – Secteur Déménagement,Otis Déménagement,Otis Déménagement recrute Téléconseiller Commercial – Secteur Déménagement Spécialisé en déménagement marché français. Missions Réception et traitement des demandes de devis Conseil et vente de prestations de déménagement Suivi des prospects et… ...,IT / Informatique,,,,,,,2026-03-23,,Non,TunisieTravail,https://www.tunisietravail.net/otis-demenagement-recrute-teleconseiller-commercial-secteur-demenagement-131110/
91620,Concentrix recrute des Conseillers Techniques Anglais Français,Concentrix,"Concentrix multinationale spécialisée dans le service client à distance, nous travaillons avec des clients renommés. Nous sommes à la recherche de Des Conseillers Techniques Anglais Français Support de nos Clients Anglophones. Profil… ...",IT / Informatique,,,,,,,2026-03-23,,Non,TunisieTravail,https://www.tunisietravail.net/concentrix-recrute-des-conseillers-techniques-anglais-francais-91620/
130923,X SPACE recrute Responsable Centre,X SPACE,X SPACE recrute Responsable Centre Profil entrepreneurial capable de piloter un espace de coworking avec une vision orientée croissance et rentabilité. › Missions principales - Gestion quotidienne du centre - Développement commercial… ...,IT / Informatique,,,,,,,2026-03-01,"Mar, 2026",Non,TunisieTravail,https://www.tunisietravail.net/x-space-recrute-responsable-centre-130923/
130894,Espace Vert recrute Technico-Commercial,Espace Vert,"Espace Vert recrute Technico-Commercial - Irrigation Goutte à Goutte Ingénieur d’Affaires – Technico-Commercial (Irrigation Goutte-à-Goutte) Mission principale Développer le portefeuille clients de l’agence de Sfax, piloter les offres techniques et financières, et… ...",IT / Informatique,,,,Sfax,,,2026-03-01,"Mar, 2026",Non,TunisieTravail,https://www.tunisietravail.net/espace-vert-recrute-technico-commercial-130894/
131019,Ecostrafi Conseil recrute Chargée de Réponse aux Offres Junior,Ecostrafi Conseil,"Ecostrafi Conseil recrute Chargée de Réponse aux Offres Junior Missions : En tant que junior chargé de réponse aux offres de ECOSTRAFI, votre mission consistera à : – Suivi et Veille des… ...",Toutes offres Tunisie,,Junior,,,,,2026-03-01,"Mar, 2026",Non,TunisieTravail,https://www.tunisietravail.net/ecostrafi-conseil-recrute-chargee-de-reponse-aux-offres-junior-131019/
131062,Diamelle recrute des Conseillères de Vente,Diamelle,"Diamelle recrute es Conseillères de Vente en Épicerie Fine Profil recherché Personne dynamique, souriante et accueillante Excellent sens de la négociation et du commerce Bon contact avec la clientèle Esprit d’équipe et… ...",IT / Informatique,,,,,,,2026-03-01,"Mar, 2026",Non,TunisieTravail,https://www.tunisietravail.net/diamelle-recrute-des-conseilleres-de-vente-131062/
131055,Lloyd Assurances recrute Administrateur Systèmes et Réseaux,Lloyd Assurances,Lloyd Assurances recrute Administrateur Systèmes et Réseaux Expérimenté pour accompagner le développement et la sécurisation de notre infrastructure IT. › Vos responsabilités : ›️ Administrer et maintenir les infrastructures systèmes & réseaux… ...,IT / Informatique,,,,,,,2026-03-01,"Mar, 2026",Non,TunisieTravail,https://www.tunisietravail.net/lloyd-assurances-recrute-administrateur-systemes-et-reseaux-131055/
130906,Moustiquaire recrute Graphiste,Moustiquaire,"Moustiquaire recrute Graphiste › Localisation : La Marsa / Télétravail possible / Hybride › Type de contrat : Freelance, Mi-temps ou Prestation de service › Contexte : Gestion de 3 à 4… ...",Toutes offres Tunisie,,,,La Marsa,Freelance,Teletravail,2026-03-01,"Mar, 2026",Non,TunisieTravail,https://www.tunisietravail.net/moustiquaire-recrute-graphiste-130906/
131024,SPCF recrute Agent Approvisionnement et Achats,SPCF,"SPCF recrute Agent Approvisionnement et Achats - Pièces de Rechange & Maintenance › Missions principales : - Gérer les achats de pièces de rechange et consommables de maintenance - Identifier, sélectionner et… ...",Toutes offres Tunisie,,,,,,,2026-03-01,"Mar, 2026",Non,TunisieTravail,https://www.tunisietravail.net/spcf-recrute-agent-approvisionnement-et-achats-131024/
130912,Medespoir recrute des Conseillères Médicales Bilingues,Medespoir,"Medespoir recrute Conseillères Médicales Bilingues Pour accompagner nos futurs patients à distance. Missions principales Accompagnement personnalisé des futurs patients (à distance) Réponse aux demandes d’information (appels, messages, emails) Gestion et suivi des… ...",Toutes offres Tunisie,,,,,,,2026-03-01,"Mar, 2026",Non,TunisieTravail,https://www.tunisietravail.net/medespoir-recrute-des-conseilleres-medicales-bilingues-130912/
130969,Société Techwin recrute des Enseignants en Anglais,Société Techwin,Société Techwin recrute Des Enseignants en Anglais English Language Teacher Requirements: A university degree in English Language or a related field.. Strong communication skills with students and parents. Ability to use modern… ...,IT / Informatique,,,,,,,2026-03-01,"Mar, 2026",Non,TunisieTravail,https://www.tunisietravail.net/societe-techwin-recrute-des-enseignants-en-anglais-2-130969/
131066,Abk Traiteur recrute Technicien.ne Junior en Agroalimentaire,Abk Traiteur,Abk Traiteur recrute Technicien.ne Junior en Agroalimentaire Poste basé a Zone Industrielle Elmnihla › Missions principales : Planifier la production Superviser l’équipe de production Saisir les ordres de fabrication (OF) sur l’ERP… ...,IT / Informatique,,Junior,,,,,2026-03-01,"Mar, 2026",Non,TunisieTravail,https://www.tunisietravail.net/abk-traiteur-recrute-technicien-ne-junior-en-agroalimentaire-131066/
130888,Staffinity recrute Comptable Junior Mi-Temps,Staffinity,"Staffinity SARL est spécialisée dans la gestion des appels entrants et sortants, l’assistance administrative, le support comptable et le marketing digital. Staffinity recrute Comptable Junior Mi-Temps Qui travaillera dans notre bureau à… ...",IT / Informatique,,Junior,,,Temps partiel / Mi-temps,,2026-03-01,"Mar, 2026",Non,TunisieTravail,https://www.tunisietravail.net/staffinity-recrute-comptable-junior-mi-temps-130888/
131034,SCD Les Dauphins recrute Community Manager – Gestions des Réseaux Sociaux,SCD Les Dauphins,"SCD Les Dauphins recrute Community Manager - Gestions des Réseaux Sociaux Créatif(ve) et dynamique pour gérer et développer nos réseaux sociaux. Missions principales : • Gestion et animation des pages Facebook, TikTok,… ...",IT / Informatique,,Manager,,,,,2026-03-01,"Mar, 2026",Non,TunisieTravail,https://www.tunisietravail.net/scd-les-dauphins-recrute-community-manager-gestions-des-reseaux-sociaux-131034/
131032,Expertise Immigration Canada recrute des Ouvrier.ères d’Entretien,Expertise Immigration Canada,"Expertise Immigration Canada recrute Des Ouvrier.ères d’Entretien Tu es au cœur de notre savoir-faire. Grâce à ton sens du détail et à ta rigueur, chaque bain livré offre une expérience exceptionnelle à… ...",Toutes offres Tunisie,,,,,,,2026-03-01,"Mar, 2026",Non,TunisieTravail,https://www.tunisietravail.net/expertise-immigration-canada-recrute-des-ouvrier-eres-dentretien-131032/
131010,Kroki Plast recrute Assistante Commerciale,Kroki Plast,"Kroki Plast recrute Assistante Commerciale Collaboratrice polyvalente, maîtrisant parfaitement l’anglais (c1), pour soutenir les activités administratives et commerciales de l’entreprise. Missions principales : Traduire et communications. Assurer la communication avec les clients.… ...",IT / Informatique,,,,,,,2026-03-01,"Mar, 2026",Non,TunisieTravail,https://www.tunisietravail.net/kroki-plast-recrute-assistante-commerciale-131010/
131025,Laboratoires Africa recrute Assistant Gestion de Stock,Laboratoires Africa,"Laboratoires Africa recrute Assistant Gestion de Stock Fonctions : • Superviser les opérations de réception, stockage au magasin • Gestion de l’espace de stockage afin d’optimiser les flux et la disponibilité des… ...",IT / Informatique,,,,,,,2026-03-01,"Mar, 2026",Non,TunisieTravail,https://www.tunisietravail.net/laboratoires-africa-recrute-assistant-gestion-de-stock-131025/
131067,Waheguru Travels recrute Agent de Voyage,Waheguru Travels,"Waheguru Travels recrute Agent de Voyage Motivé(e), dynamique et orienté(e) service client. Offre d’emploi : Agent de Voyage Société : Waheguru Travels Tunisia Lieu : Ain Zaghouan Nord, Tunis, Tunisie Type de… ...",IT / Informatique,,,,Tunis,,,2026-03-01,"Mar, 2026",Non,TunisieTravail,https://www.tunisietravail.net/waheguru-travels-recrute-agent-de-voyage-131067/
127601,Intégration des Industries Services et Technologies recrute Assistante de Direction,Intégration des Industries Services et Technologies,"Intégration des Industries Services et Technologies (2IST) recrute Assistante de Direction Présentable et active. Mission - Saisir et mettre en forme les documents, les transmettre et les classer. - Accueillir les personnes… ...",Toutes offres Tunisie,,,,,,,2026-03-01,"Mar, 2026",Non,TunisieTravail,https://www.tunisietravail.net/integration-des-industries-services-et-technologies-2ist-recrute-assistante-de-direction-127601/
131001,Monoprix recrute Responsable Import et Transit,Monoprix,"Monoprix est une entreprise dynamique et innovante, spécialisée dans le secteur du commerce et de la distribution. Monoprix recrute Responsable Import et Transit Missions et tâches principales: Assurer la gestion complète des… ...",IT / Informatique,,,,,,,2026-03-23,,Non,TunisieTravail,https://www.tunisietravail.net/monoprix-recrute-responsable-import-et-transit-131001/
129242,Monoprix recrute des Caissiers Rayon Alcool,Monoprix,"Monoprix recrute Des Caissiers Rayon Alcool Vous êtes dynamique, rigoureux et aimez le contact client ? Rejoignez notre équipe en tant que caissier au sein du rayon alcool de notre magasin Monoprix.… ...",Toutes offres Tunisie,,,,,,,2026-03-23,,Non,TunisieTravail,https://www.tunisietravail.net/monoprix-recrute-des-caissiers-rayon-alcool-129242/
130954,Otis Déménagement recrute Responsable Plateau Téléconseiller en Service de Déménagement,Otis Déménagement,Otis Déménagement recrute Responsable Plateau Téléconseiller en Service de Déménagement Missions : Gestion opérationnelle du plateau Suivi des leads et du portefeuille clients Pilotage de la performance commerciale Profil : Expérience obligatoire… ...,IT / Informatique,,,,,,,2026-03-23,,Non,TunisieTravail,https://www.tunisietravail.net/otis-demenagement-recrute-responsable-plateau-teleconseiller-en-service-de-demenagement-130954/
124542,Tecnocasa recrute Comptable,Tecnocasa,"Tecnocasa recrute Comptable Junior Mission 1.Coordination avec le cabinet comptable Collecter, vérifier et transmettre les pièces comptables de toutes les filiales (factures, relevés, justificatifs) Assurer un lien constant avec le cabinet d’expertise… ...",IT / Informatique,,Junior,,,,,2026-03-01,"Mar, 2026",Non,TunisieTravail,https://www.tunisietravail.net/tecnocasa-recrute-comptable-124542/
125407,Industrial and Petroleum Engineering recrute Responsable Logistique,Industrial and Petroleum Engineering,"Industrial and Petroleum Engineering recrute Responsable Logistique Missions principales Gestion des achats et de la maintenance : Assurer l’approvisionnement en essence, pièces et équipements, tout en garantissant le bon fonctionnement et la… ...",IT / Informatique,,,,,,,2026-03-01,"Mar, 2026",Non,TunisieTravail,https://www.tunisietravail.net/industrial-and-petroleum-engineering-recrute-responsable-logistique-125407/
127125,BFCD recrute Représentant Commercial,BFCD,"BFCD recrute Représentant Commercial Missions principales - Promouvoir et vendre les produits de la gamme Al Jazira (huile d’olive, huile végétale, vinaigre, etc.) auprès des détaillants. - Visiter quotidiennement un portefeuille de… ...",IT / Informatique,,,,,,,2026-03-01,"Mar, 2026",Non,TunisieTravail,https://www.tunisietravail.net/bfcd-recrute-representant-commercial-127125/
125099,Exacom Audit recrute Auditeur,Exacom Audit,"Exacom Audit recrute Auditeur Vous effectuerez des missions pour d’audit auprès de nos clients, opérant dans des secteurs d’activités variés, de la PME aux grandes entreprises. Vous réaliserez principalement les missions suivantes… ...",IT / Informatique,,,,,,,2026-03-01,"Mar, 2026",Non,TunisieTravail,https://www.tunisietravail.net/exacom-audit-recrute-auditeur-125099/
41657,Tecnocasa recrute Conseiller Immobilier,Tecnocasa,Tecnocasa recrute Conseiller Immobilier Votre mission Prospecter sur le terrain pour identifier de nouveaux vendeurs et acheteurs. Développer votre portefeuille clients et biens immobiliers. Estimer la valeur des biens avec professionnalisme. Obtenir… ...,Commercial / Vente,,,,,,,2026-03-01,"Mar, 2026",Non,TunisieTravail,https://www.tunisietravail.net/tecnocasa-recrute-conseiller-en-immobilier-41657/
130612,Monoprix recrute Contrôleur.se de Gestion,Monoprix,"Monoprix recrute Contrôleur.se de Gestion Mission - Détermination des couts de productions et de revient des différents articles, section, ligne…; - Calcul de la rentabilité par article, - Prendre les mesures nécessaires… ...",IT / Informatique,,,,,,,2026-03-23,,Non,TunisieTravail,https://www.tunisietravail.net/monoprix-recrute-controleur-se-de-gestion-130612/
104071,Monoprix recrute des Ouvriers Poissonnier,Monoprix,Monoprix recrute Des Ouvriers Poissonnier Pour sa plateforme Marrée. Profil Avec expérience. Comment postuler : Cette opportunité vous intéresse et votre profil correspond ? Envoyez-nous votre CV via le formulaire Pays /… ...,IT / Informatique,,,,,,,2026-03-23,,Non,TunisieTravail,https://www.tunisietravail.net/monoprix-recrute-des-ouvriers-poissonnier-104071/
129891,Magsteel recrute Technicien Presse Mécanique,Magsteel,Magsteel recrute Technicien Presse Mécanique Missions : - Assurer la production sur les presses conformément aux ordres de fabrication. - Garantir la qualité des pièces produites par l’application des procédures d’auto-contrôle. -… ...,IT / Informatique,,,,,,,2026-03-01,"Mar, 2026",Non,TunisieTravail,https://www.tunisietravail.net/magsteel-recrute-technicien-presse-mecanique-129891/
130991,Pharma Clean recrute Technicien en Génie Civil,Pharma Clean,"Pharma Clean recrute Technicien en Génie Civil Mission - Participation à la conception, la préparation, le suivi et le contrôle des travaux de construction et d’infrastructures . - Assurer le respect des… ...",Ingénierie,,,,,,,2026-03-01,"Mar, 2026",Non,TunisieTravail,https://www.tunisietravail.net/pharma-clean-recrute-technicien-en-genie-civil-130991/
131004,Ms Meuble recrute Chargée de Clientèle Showroom,Ms Meuble,"Ms Meuble recrute Chargée de Clientèle Showroom de Meubles Tony Nasr - Ain Zaghouan – Route de la Marsa Profil dynamique, passionné par le mobilier et le service client, pour intégrer un… ...",Toutes offres Tunisie,,,,Zaghouan,,,2026-03-01,"Mar, 2026",Non,TunisieTravail,https://www.tunisietravail.net/ms-meuble-recrute-chargee-de-clientele-showroom-131004/
130985,Advensia Gmbh is looking for Support Analyst Iot,,Advensia Gmbh is looking for Support Analyst Iot Key Responsibilities 1. Incident Management • Act as the primary responder for incidents raised by customer authorised personnel. • Classify and validate incident priority… ...,IT / Informatique,,,,,,,2026-03-01,"Mar, 2026",Non,TunisieTravail,https://www.tunisietravail.net/advensia-gmbh-is-looking-for-support-analyst-iot-130985/
130998,Biodex recrute Technicien de Production,Biodex,"Biodex recrute Technicien de Production Le poste est destiné à un homme de terrain, capable d’intervenir sur des équipements automatisés et de travailler en environnement industriel Missions principales • Assurer la conduite,… ...",IT / Informatique,,,,,,,2026-03-01,"Mar, 2026",Non,TunisieTravail,https://www.tunisietravail.net/biodex-recrute-technicien-de-production-130998/
130930,Monoprix recrute Responsable Référentiel et E-Commerce,Monoprix,"Monoprix recrute Responsable Référentiel et E-Commerce – Monoprix Tunisie Vos missions : 1. Gérer le référentiel produit e-commerce ; • Maintenir un référentiel produits e-commerce complet, fiable et à jour (SKU, codes,… ...",IT / Informatique,,,,,,,2026-03-23,,Non,TunisieTravail,https://www.tunisietravail.net/monoprix-recrute-responsable-referentiel-et-e-commerce-130930/
101737,TP recrute des Conseillers Client Assistance Commerciale,TP,TP Tunisie maintient une dynamique de d’embouche solide et recrute Des Conseillers Client Assistance Commerciale Tu cherches un emploi ou une nouvelle expérience ? TP Tunisie t’ouvre ses portes : tu choisis… ...,IT / Informatique,,,,,,,2026-03-23,,Non,TunisieTravail,https://www.tunisietravail.net/tp-recrute-des-conseillers-client-assistance-commerciale-101737/
130909,Hafsa Pour l’Industrie et le Commerce recrute Graphiste Designer,Hafsa Pour l’Industrie et le Commerce,"Hafsa Pour l’Industrie et le Commerce recrute Graphiste Designer On a les idées, il nous manque tes yeux ! › Tu en as marre des stages où tu fais des mises en… ...",Éducation / Formation,,Stage,,,,,2026-03-01,"Mar, 2026",Non,TunisieTravail,https://www.tunisietravail.net/hafsa-pour-l-industrie-et-le-commerce-recrute-graphiste-designer-130909/
116550,Bostania des Services recrute Commercial Agroalimentaire Anglophone,Bostania des Services,Bostania des Services recrute Commercial Agroalimentaire Anglophone Responsabilités Développer et entretenir des relations avec la clientèle existante tout en identifiant de nouvelles opportunités commerciales. Promouvoir et vendre nos produits agroalimentaires en mettant… ...,IT / Informatique,,,,,,,2026-03-01,"Mar, 2026",Non,TunisieTravail,https://www.tunisietravail.net/bostania-des-services-recrute-commercial-agroalimentaire-anglophone-116550/
130901,Arsenal Bache SA recrute Ingénieur Bureau d’Études,Arsenal Bache SA,Arsenal Bache Sa recrute Ingénieur Bureau d’Études - Missions principales: Réaliser les études techniques et les calculs nécessaires aux projets. Élaborer les plans et schémas techniques. Participer à la conception et à… ...,Ingénierie,,,,,,,2026-03-01,"Mar, 2026",Non,TunisieTravail,https://www.tunisietravail.net/arsenal-bache-sa-recrute-ingenieur-bureau-detudes-130901/
130939,Hôtel Jugurtha Palace recrute Comptable,Hôtel Jugurtha Palace,Hôtel Jugurtha Palace recrute Comptable Profil Comptable expérimenté pour travail dans un hôtel au sud Tunisien. Comment postuler : Cette opportunité vous intéresse et votre profil correspond ? Envoyez-nous votre CV via… ...,IT / Informatique,,,,,,,2026-03-01,"Mar, 2026",Non,TunisieTravail,https://www.tunisietravail.net/hotel-jugurtha-palace-recrute-comptable-130939/
130982,Slim Fit recrute Responsable Commerciale,Slim Fit,Slim Fit recrute Responsable Commerciale Missions : Développer les ventes et les abonnements Gérer et fidéliser les adhérents Prospecter et conclure des conventions avec des sociétés Superviser la communication (Facebook & Instagram)… ...,IT / Informatique,,,,,,,2026-03-01,"Mar, 2026",Non,TunisieTravail,https://www.tunisietravail.net/slim-fit-recrute-responsable-commerciale-130982/
130958,Société de Confection Les Rêves recrute Responsable Qhse / Responsable Administratif,Société de Confection Les Rêves,"Société de Confection Les Rêves recrute Responsable Qhse / Responsable Administratif Candidat(e) motivé(e) disposant de connaissances solides en management industriel, notamment en Qualité, Sécurité et Environnement (QSE), et ayant également des notions… ...",IT / Informatique,,,,,,,2026-03-01,"Mar, 2026",Non,TunisieTravail,https://www.tunisietravail.net/societe-de-confection-les-reves-recrute-responsable-qhse-responsable-administratif-130958/
130850,Saidani Foundations recrute Ingénieur Génie Civil,Saidani Foundations,Saidani Foundations recrute Ingénieur Génie Civil Profil Diplôme d’ingénieur en génie civil (Bac›5). Expérience de 2 à 5 ans minimum (débutants acceptés selon profil). Comment postuler : Cette opportunité vous intéresse et… ...,IT / Informatique,2 à 5 ans,Débutant,,,,,2026-03-01,"Mar, 2026",Non,TunisieTravail,https://www.tunisietravail.net/saidani-foundations-recrute-ingenieur-genie-civil-130850/
130898,Laboservices recrute Technico-Commercial,Laboservices,"Laboservices recrute Technico-Commercial Profil Bonne connaissance en spectroscopies moléculaire et atomique Niveau : bac›3, bac ›5, ingénieur Langue anglaise Permis de conduire Lieu : M’saken et Déplacement sur toute la Tunisie Comment… ...",IT / Informatique,,,,,,,2026-03-01,"Mar, 2026",Non,TunisieTravail,https://www.tunisietravail.net/laboservices-recrute-technico-commercial-130898/
130897,Magic Services recrute des Développeurs,Magic Services,"Magic Services recrute Des Développeurs Profil Développeurs Mobile flutter, Springboot et Web Angular Nombre d’années d’expérience exigé: entre 0 et 2 ans d’expérience Diplôme: Licence, Master et diplôme national d’ingénieur Comment postuler… ...",IT / Informatique,2 ans d’exp,,,,,,2026-03-01,"Mar, 2026",Non,TunisieTravail,https://www.tunisietravail.net/magic-services-recrute-des-developpeurs-130897/
126758,Agence Kenza Immobilière recrute Agent Immobilier,Agence Kenza Immobilière,"Agence kenza Immobilière recrute Agent Immobilier Profil * Permis de conduite * Rigoureux, sérieux, ponctuels et motivés * Ayant le sens de conviction * Serviable et disponible auprès de la clientèle *… ...",IT / Informatique,,,,,,,2026-03-01,"Mar, 2026",Non,TunisieTravail,https://www.tunisietravail.net/agence-kenza-immobiliere-recrute-agent-immobilier-126758/
130461,NS Consulting recrute Directeur / Directrice,NS Consulting,"Ns Consulting dans le cadre du développement de notre établissement, de l’École Privée , située à Ariana, on recrute Directeur / Directrice Pour assurer la gestion pédagogique, administrative et organisationnelle de l’école.… ...",IT / Informatique,,Directeur,,Ariana,,,2026-03-01,"Mar, 2026",Non,TunisieTravail,https://www.tunisietravail.net/ns-consulting-recrute-directeur-directrice-130461/
130932,Fadhel International Trading recrute Assistante Financière et Responsable Export,Fadhel International Trading,Fadhel International Trading recrute Assistante Financière et Responsable Export Mission • Domaine logistique & commerce • Préparer et vérifier les documents d’expédition • Traiter les factures • Assurer le suivi des dossiers… ...,IT / Informatique,,,,,,,2026-03-01,"Mar, 2026",Non,TunisieTravail,https://www.tunisietravail.net/fadhel-international-trading-recrute-assistante-financiere-et-responsable-export-130932/
130788,Hôtel Nozha Beach recrute Chef de Maintenance,Hôtel Nozha Beach,Hôtel Nozha Beach recrute Chef de Maintenance Profil Chef de Maintenance avec une expérience exigée Comment postuler : Cette opportunité vous intéresse et votre profil correspond ? Envoyez-nous votre CV via le… ...,IT / Informatique,,,,,,,2026-03-23,,Non,TunisieTravail,https://www.tunisietravail.net/hotel-nozha-beach-recrute-chef-de-maintenance-130788/
130955,Otis Déménagement recrute Responsable en Déménagement – Marché Français,Otis Déménagement,"Otis Déménagement recrute Responsable en Déménagement – Marché Français Afin de piloter, structurer et développer l’activité commerciale. Nous recherchons un profil expérimenté, capable de maîtriser les spécificités du marché français du déménagement… ...",IT / Informatique,,,,,,,2026-03-23,,Non,TunisieTravail,https://www.tunisietravail.net/otis-demenagement-recrute-responsable-en-demenagement-marche-francais-130955/
130952,Otis Déménagement recrute Responsable Centre d’Appel en Déménagement,Otis Déménagement,Otis Déménagement recrute Responsable Centre d’Appel en Déménagement Missions : Superviser l’équipe commerciale Analyser les KPI et améliorer la performance Structurer les process de vente Profil : Expérience confirmée en déménagement marché… ...,IT / Informatique,,Confirmé,,,,,2026-03-23,,Non,TunisieTravail,https://www.tunisietravail.net/otis-demenagement-recrute-responsable-centre-dappel-en-demenagement-130952/
130951,Otis Déménagement recrute Manager Centre d’Appel – Spécialiste Déménagement,Otis Déménagement,Otis Déménagement recrute Manager Centre d’Appel – Spécialiste Déménagement Expérimenté pour piloter une équipe commerciale dédiée au marché français. Missions Encadrer et motiver les téléconseillers Suivre les performances et atteindre les objectifs… ...,IT / Informatique,,Manager,,,,,2026-03-23,,Non,TunisieTravail,https://www.tunisietravail.net/otis-demenagement-recrute-manager-centre-dappel-specialiste-demenagement-130951/
128189,Monoprix recrute des Agents de Sécurité Grand Tunis,Monoprix,Monoprix Tunisie renforce ses équipes et recrute Des Agents de Sécurité Grand Tunis Dynamiques et rigoureux pour ses points de vente situés sur le Grand Tunis Missions principales : Assurer la surveillance… ...,IT / Informatique,,,,Tunis,,,2026-03-23,,Non,TunisieTravail,https://www.tunisietravail.net/monoprix-recrute-des-agents-de-securite-grand-tunis-128189/
130315,Hafsa Pour l’Industrie et le Commerce recrute Chargé Marketing,Hafsa Pour l’Industrie et le Commerce,"Hafsa Pour l’Industrie et le Commerce entreprise innovante et dynamique spécialisée dans le domaine de l’agro-alimentaire. Pour soutenir notre croissance et l’évolution de nos plateformes numériques, Hafsa recrute Chargé Marketing Vous jouerez… ...",IT / Informatique,,,,,,,2026-03-01,"Mar, 2026",Non,TunisieTravail,https://www.tunisietravail.net/hafsa-pour-l-industrie-et-le-commerce-recrute-charge-marketing-130315/
130488,Login Consulting recrute Directeur / Directrice des Technologies de l’Information,Login Consulting,"Login Consulting , pour le compte de son partenaire canadien à Montréal recrute Login Consulting recrute Directeur / Directrice des Technologies de l’Information Temps Plein, À Distance, Pour Un Partenaire Canadien Basé… ...",Toutes offres Tunisie,,Directeur,,,,,2026-03-01,"Mar, 2026",Non,TunisieTravail,https://www.tunisietravail.net/login-consulting-recrute-directeur-directrice-des-technologies-de-linformation-130488/
130430,Inchaate recrute Assistante Administrative,Inchaate,Inchaate recrute Assistante Administrative Dynamique et organisée pour rejoindre notre équipe et assurer le bon fonctionnement administratif. Missions : Rédiger et archiver les documents administratifs. Tenir à jour les bases de données… ...,Toutes offres Tunisie,,,,,,,2026-03-01,"Mar, 2026",Non,TunisieTravail,https://www.tunisietravail.net/inchaate-recrute-assistante-administrative-130430/
129088,Mister Kahwa Tunisie recrute Commerciale,Mister Kahwa Tunisie,"Mister Kahwa Tunisie recrute Commerciale Expérimenté ou sans expérience, dynamique et enthousiaste pour renforcer notre équipe. Si vous êtes passionné(e) par les ventes, avez un goût prononcé pour le café et souhaitez… ...",IT / Informatique,,Sans expérience,,,,,2026-03-01,"Mar, 2026",Non,TunisieTravail,https://www.tunisietravail.net/mister-kahwa-tunisie-recrute-commerciale-129088/
130593,Neroli Services and Consulting recrute Technicien Réseaux et Télécoms,Neroli Services and Consulting,Neroli Services & Consulting recrute Technicien Réseaux et Télécoms - À Distance Pour travailler avec une entreprise française spécialisée dans ce domaine. Vous aurez pour mission : - Assurer la mise en… ...,IT / Informatique,,,,,,,2026-03-01,"Mar, 2026",Non,TunisieTravail,https://www.tunisietravail.net/neroli-services-and-consulting-recrute-technicien-reseaux-et-telecoms-130593/
123879,Smifal Textile Company recrute Responsable Production,Smifal Textile Company,"Smifal Textile Company recrute Responsable Production Profil .Expérience significative (3 à 5 ans) dans un poste similaire en production. .Formation Bac +3 Min Electromécanique, Maintenance générale… .Compétences en maintenance industrielle et gestion… ...",Ingénierie,3 à 5 ans,,,,,,2026-03-01,"Mar, 2026",Non,TunisieTravail,https://www.tunisietravail.net/smifal-textile-company-recrute-responsable-production-123879/
130743,Trust Consulting Company Plus recrute Comptable,Trust Consulting Company Plus,"Trust Consulting Company Plus groupe structuré opérant dans les domaines du commerce, de l’investissement et des services, recrute Comptable › Localisation : Tunis - Charguia 1 › Rémunération : 1000 à 1400… ...",IT / Informatique,,,,Tunis,,,2026-03-01,"Mar, 2026",Non,TunisieTravail,https://www.tunisietravail.net/trust-consulting-company-plus-recrute-comptable-130743/
130987,Otis Déménagement recrute Chef d’Équipe – Superviseur Opérationnel Vente,Otis Déménagement,Otis Déménagement recrute Chef d’Équipe – Superviseur Opérationnel Vente (Centre d’Appel) Operation Demenagement Chef d’équipe – Superviseur opérationnel est chargé(e) de piloter une équipe de conseillers commerciaux en centre d’appel afin d’atteindre… ...,IT / Informatique,,,,,,,2026-03-23,,Non,TunisieTravail,https://www.tunisietravail.net/otis-demenagement-recrute-chef-dequipe-superviseur-operationnel-vente-130987/
130878,Magsteel recrute Chargé Qualité Sécurité et Environnement,Magsteel,Magsteel recrute Chargé Qualité Sécurité et Environnement La fonction est rattachée au responsable qualité. Compétences requises : - Formation Bac ›2/›3 minimum en mécanique - Expérience dans le contrôle qualité mécanique de… ...,IT / Informatique,,,,,,,2026-03-23,"Fév, 2026",Non,TunisieTravail,https://www.tunisietravail.net/magsteel-26-recrute-charge-qualite-securite-et-environnement-130878/
130937,Newkey recrute Conseiller Immobilier,Newkey,Newkey recrute Conseiller Immobilier Motivés et ambitieux pour renforcer notre équipe. Vos missions: Développer votre notoriété et celle de l’entreprise sur le secteur affecté Constituer et entretenir un stock attractif de biens… ...,IT / Informatique,,,,,,,2026-03-23,"Fév, 2026",Non,TunisieTravail,https://www.tunisietravail.net/newkey-recrute-conseiller-immobilier-130937/
130868,Mice Travel recrute Senior Sales Exécutif,Mice Travel,"Mice Travel recrute Senior Sales Exécutif Profil Diplôme : niveau supérieur exigé Langue : Bonne maitrise du Français et de l’anglais Bonne Maitrise de l’outil informatique ; Doté d’une très bonne organisation,… ...",IT / Informatique,,Senior,,,,,2026-03-23,"Fév, 2026",Non,TunisieTravail,https://www.tunisietravail.net/mice-travel-recrute-senior-sales-executif-130868/
130872,Ipsoft recrute Technicien Sécurité Electronique,Ipsoft,"Ipsoft recrute Technicien Sécurité Electronique Pour assurer l’installation, la mise en service, la maintenance et le dépannage de systèmes de sécurité . Missions principales : Installation et configuration de systèmes de sécurité… ...",IT / Informatique,,,,,,,2026-03-23,"Fév, 2026",Non,TunisieTravail,https://www.tunisietravail.net/ipsoft-recrute-technicien-reseau-130872/
130885,Transglory recrute Agent de Back Office,Transglory,Transglory recrute Agent de Back Office Nouveaux talents souhaitant évoluer dans un environnement international dynamique et stimulant. Profil recherché : Jeune diplômé(e) ou candidat(e) avec une première expérience professionnelle Maîtrise obligatoire de… ...,IT / Informatique,,,,,,,2026-03-23,"Fév, 2026",Non,TunisieTravail,https://www.tunisietravail.net/transglory-recrute-agent-de-back-office-130885/
130949,Le Corail Suites Hotel recrute Contrôleur,Le Corail Suites Hotel,"Le Corail Suites Hotel recrute Contrôleur Finalité du poste Le Contrôleur Revenue est chargé d’assurer le contrôle, l’analyse et l’optimisation des revenus de l’établissement. Il garantit la fiabilité des informations financières, veille… ...",IT / Informatique,,,,,,,2026-03-23,"Fév, 2026",Non,TunisieTravail,https://www.tunisietravail.net/le-corail-suites-hotel-recrute-controleur-130949/
130917,N2Verse recrute des Commerciaux,N2Verse,N2Verse recrute Des Commerciaux Vous êtes motivé(e) par la vente et les résultats ? Rejoignez notre équipe en tant que commercial indépendant et développez votre portefeuille clients B2B. › Profil recherché : Expérience… ...,IT / Informatique,,,,,,,2026-03-23,"Fév, 2026",Non,TunisieTravail,https://www.tunisietravail.net/n2verse-recrute-des-commerciaux-130917/
130907,Select Nutrition Animal recrute Agent Commercial,Select Nutrition Animal,"Select Nutrition Animal recrute Agent Commercial / Technico Commercial Mission Prospection de marché, développer le porte feuille clients... Comment postuler : Cette opportunité vous intéresse et votre profil correspond ? Envoyez-nous votre… ...",IT / Informatique,,,,,,,2026-03-23,"Fév, 2026",Non,TunisieTravail,https://www.tunisietravail.net/select-nutrition-animal-recrute-agent-commercial-130907/
130948,Dynacast Tunisia recrute Technicien Documents Qualité,Dynacast Tunisia,Dynacast Tunisia recrute Technicien Documents Qualité Mission - Organiser et gérer l’information qualité pour mettre à disposition des services concernés les documents qualité nécessaires. - Vérifier la cohérence des informations avec les… ...,IT / Informatique,,,,,,,2026-03-23,"Fév, 2026",Non,TunisieTravail,https://www.tunisietravail.net/dynacast-tunisia-recrute-technicien-documents-qualite-130948/
130581,Clôturé : Concours Ministère de Jeunesse des Sport pour le recrutement de 726 Professeurs de Sport – 2026 – مناظرة وزارة الشباب والرياضة لانتداب 726 أستاذ تعليم ثانوي تربية بدنية,,تنظم وزارة الشباب والرياضة مناظرة خارجية بالملفات لانتداب (726) أستاذ تعليم ثانوي تربية بدنية بعنوان سنة 2026، وذلك وفقًا للبيانات بالجدول التالي: رتبة الانتداب :أستاذ تعليم ثانوي تربية بدنية عدد الخطط المراد… ...,Ressources Humaines,,,,,,,2026-03-23,,Non,TunisieTravail,https://www.tunisietravail.net/concours-ministere-de-jeunesse-des-sport-pour-le-recrutement-de-726-professeurs-de-sport-2026-130581/
130947,Khadraoui Tek recrute Chargée de Vente en Ligne,Khadraoui Tek,"Khadraoui Tek recrute Chargée de Vente en Ligne (E-Commerce) Dynamique, organisée et orientée résultats. › Poste basé à Bizerte › Missions principales : Répondre rapidement aux messages (Facebook, Instagram, TikTok, WhatsApp) Conseiller… ...",Commercial / Vente,,,,Bizerte,,,2026-03-23,"Fév, 2026",Non,TunisieTravail,https://www.tunisietravail.net/khadraoui-tek-recrute-chargee-de-vente-en-ligne-130947/
130966,Etablissement Mhirsi Abrasifs recrute Agent de Facturation,Etablissement Mhirsi Abrasifs,Etablissement Mhirsi Abrasifs recrute Agent de Facturation Qui sera responsable de la gestion des facturations en veillant à garantir le bon déroulement des opérations et la satisfaction de nos clients. • Missions… ...,Toutes offres Tunisie,,,,,,,2026-03-23,"Fév, 2026",Non,TunisieTravail,https://www.tunisietravail.net/etablissement-mhirsi-abrasifs-recrute-agent-de-facturation-130966/
129693,Yousarssif recrute Gestionnaire de Stock,Yousarssif,"Yousarssif recrute Gestionnaire de Stock Tu es organisé(e), rigoureux(se) et tu maîtrises la gestion des flux logistiques ? * Missions principales : – Assurer la gestion des réceptions, transferts, retours et expéditions… ...",IT / Informatique,,,,,,,2026-03-23,"Fév, 2026",Non,TunisieTravail,https://www.tunisietravail.net/yousarssif-recrute-gestionnaire-de-stock-129693/
130971,Perspectives recrute Assitant.e Administratif.ive Bilingue Français / Anglais,Perspectives,"Perspectives recrute Assitant.e Administratif.ive Bilingue Français / Anglais – Télétravail 100% Relations École-Entreprises Missions principales Sous la responsabilité de l’équipe Relations Entreprise, vous assurerez un rôle clé dans la gestion contractuelle et… ...",IT / Informatique,,,,,Télétravail,Teletravail,2026-03-23,"Fév, 2026",Non,TunisieTravail,https://www.tunisietravail.net/perspectives-recrute-assitant-e-administratif-ive-bilingue-francais-anglais-130971/
128546,The Residence recrute Infirmière / Infirmier,The Residence,Hôtel The Résidence Tunis recrute Infirmière / Infirmier – Hôtel The Residence Vous êtes passionné(e) par le bien-être des autres et souhaitez évoluer dans un environnement dynamique ? Missions : Assurer les premiers… ...,IT / Informatique,,,,Tunis,,,2026-03-23,"Fév, 2026",Non,TunisieTravail,https://www.tunisietravail.net/the-residence-recrute-infirmiere-infirmier-128546/
129187,Prochimat recrute des Chauffeurs Poids Lourd,Prochimat,Prochimat recrute Des Chauffeurs Poids Lourd Pour renforcer notre équipe. ( Basé à Sousse / Basé à Tunis Banlieue Sud ) Profil recherché : Age : Minimum 30 ans Niveau d’études :… ...,Logistique / Transport,,,,Tunis,,,2026-03-23,"Fév, 2026",Non,TunisieTravail,https://www.tunisietravail.net/prochimat-recrute-chauffeur-poids-lourd-129187/
127991,SpaceNet recrute Commercial Hammamet,SpaceNet,SpaceNet recrute Commercial Hammamet Missions principales : Définir et mettre en œuvre la stratégie commerciale Développer le portefeuille clients et fidéliser les clients existants Piloter et animer l’équipe commerciale Atteindre les objectifs… ...,IT / Informatique,,,,,,,2026-03-23,"Fév, 2026",Non,TunisieTravail,https://www.tunisietravail.net/spacenet-recrute-commercial-hammamet-127991/
130957,Solvarisk Sarl recrute Juriste Assurance,Solvarisk Sarl,"Solvarisk Sarl Tilde Embedded Insurance, société de gestion de produits affinitaires et d’assurance embarquée basée en Tunisie, recrute Juriste Assurance Pour renforcer son équipe opérationnelle. › Missions principales : Gestion juridique des… ...",IT / Informatique,,,,,,,2026-03-23,"Fév, 2026",Non,TunisieTravail,https://www.tunisietravail.net/solvarisk-sarl-recrute-juriste-assurance-130957/
130931,Socem recrute Chauffeur de Poids Lourd,Socem,Socem recrute Chauffeur de Poids Lourd سائق شاحنة صنف 3.5 طن تعلن شركتنا عن حاجتها إلى سائق شاحنة (3.5 طن) للانضمام إلى فريق العمل. المهام المطلوبة: • نقل وتوزيع البضائع وفق جدول… ...,Logistique / Transport,,,,,,,2026-03-23,"Fév, 2026",Non,TunisieTravail,https://www.tunisietravail.net/socem-recrute-chauffeur-de-poids-lourd-130931/
130964,Formozaic recrute Assistant.e Administratif.ve Planification,Formozaic,Formozaic recrute Assistant.e Administratif.ve Planification Mission Récapitulatif des tâches (Non Exhaustif) Planification des formateurs et jury de certification Organisation des sessions d’examen Diverses tâches administratives Saisie de données Traitement de documents administratifs… ...,IT / Informatique,,,,,,,2026-03-23,"Fév, 2026",Non,TunisieTravail,https://www.tunisietravail.net/formozaic-recrute-assistant-e-administratif-ve-planification-130964/
130963,Formozaic recrute Chargé.e Clients – Formation en Ligne,Formozaic,Formozaic recrute Chargé.e Clients - Formation en Ligne Profil à la fois administratif et commercial afin de gérer et de suivre les dossiers des clients ayant souscrit à des formations en ligne.… ...,IT / Informatique,,,,,,,2026-03-23,"Fév, 2026",Non,TunisieTravail,https://www.tunisietravail.net/formozaic-recrute-charge-e-clients-formation-en-ligne-130963/
129880,Connectbiz recrute Comptable Junior,Connectbiz,Connectbiz.tn Société spécialisée dans la comptabilité Française recrute Comptable Junior Profil Comptable junior pour intégrer une équipe dynamique et contribuer à la bonne gestion comptable de nos clients basés en France. Comment… ...,IT / Informatique,,Junior,,,,,2026-03-23,"Fév, 2026",Non,TunisieTravail,https://www.tunisietravail.net/connectbiz-recrute-comptable-junior-129880/
113249,Active Travel recrute Agent.e de Billetterie,Active Travel,Active Travel recrute Agent.e de Billetterie Confirmé Conseiller.ère en Voyage Profil Vous avez une expérience dans le domaine de la billetterie (minimum 2 ans) et des voyages à l’étranger; Vous êtes titulaire… ...,IT / Informatique,,Confirmé,,,,,2026-03-23,"Fév, 2026",Non,TunisieTravail,https://www.tunisietravail.net/active-travel-recrute-agent-e-de-billetterie-confirme-113249/
127420,Industrial and Petroleum Engineering recrute Gestionnaire de Stock,Industrial and Petroleum Engineering,Industrial and Petroleum Engineering recrute Gestionnaire de Stock Principales responsabilités - Organisation du magasin : Assurer la mise en rayon des produits de manière attractive et conforme aux standards de l’entreprise. Veiller… ...,IT / Informatique,,,,,,,2026-03-23,"Fév, 2026",Non,TunisieTravail,https://www.tunisietravail.net/industrial-and-petroleum-engineering-recrute-gestionnaire-de-stock-127420/
125912,BE4IC Automation recrute Ingénieur Etudes,BE4IC Automation,"BE4IC Automation recrute Ingénieur Etudes Mission En tant qu’ingénieur.e d’études, vos principales responsabilités seront les suivantes : - Analyser les cahiers des charges et définir les solutions techniques adaptées. - Rédaction des… ...",IT / Informatique,,,,,,,2026-03-23,"Fév, 2026",Non,TunisieTravail,https://www.tunisietravail.net/be4ic-automation-recrute-ingenieur-detudes-125912/
130921,Stet recrute Technico Commercial,Stet,STET recrute Technico Commercial Missions principales : Prospection commerciale (téléphonique) Développement et suivi du portefeuille clients Élaboration des offres technico-commerciales Suivi des devis et des commandes clients Coordination avec les équipes techniques… ...,IT / Informatique,,,,,,,2026-03-23,"Fév, 2026",Non,TunisieTravail,https://www.tunisietravail.net/stet-recrute-technico-commercial-130921/
130889,Imec International recrute Technicien Câblage Électrique et Automatismes,Imec International,"Imec International recrute Technicien Câblage Électrique et Automatismes Vos missions Rattaché(e) au Responsable technique, vous interviendrez principalement sur nos installations électriques et systèmes automatisés. Vos missions seront les suivantes : • Lecture… ...",IT / Informatique,,,,,,,2026-03-23,"Fév, 2026",Non,TunisieTravail,https://www.tunisietravail.net/imec-international-recrute-technicien-cablage-electrique-et-automatismes-130889/
130622,Active Travel recrute Chef de Produit Croisières,Active Travel,"Active Travel recrute Chef de Produit Croisières Missions principales : En tant que Chef de Produit Croisières, vous serez en charge de : - Concevoir, développer et gérer les produits croisières (maritimes… ...",IT / Informatique,,,,,,,2026-03-23,"Fév, 2026",Non,TunisieTravail,https://www.tunisietravail.net/active-travel-recrute-chef-de-produit-croisieres-130622/
130144,Pâtisserie Masmoudi recrute des Conseillers de Vente Ksar Hellal,Pâtisserie Masmoudi,"Pâtisserie Masmoudi recrute Des Conseillers de Vente Ksar Hellal Profil Jeunes, dynamiques, sérieux et Motivé Saisissez cette opportunité pour relancer votre carrière et faite de votre travail un plaisir toujours renouvelé Comment… ...",IT / Informatique,,,,,,,2026-03-23,"Fév, 2026",Non,TunisieTravail,https://www.tunisietravail.net/patisserie-masmoudi-recrute-des-conseillers-de-vente-ksar-hellal-130144/
124296,Ideal Sanitaire recrute Responsable Juridique,Ideal Sanitaire,Ideal Sanitaire recrute Responsable Juridique Mission - Réalisation de la veille réglementaire - Information des responsables concernés des textes réglementaires applicable au sein de la société - Gestion des dossiers d’assurance -… ...,IT / Informatique,,,,,,,2026-03-23,"Fév, 2026",Non,TunisieTravail,https://www.tunisietravail.net/ideal-sanitaire-recrute-responsable-juridique-124296/
130950,Perspectives recrute Assistant.e Administratif.ve Pédagogique et Logistique,Perspectives,Perspectives recrute Assistant.e Administratif.ve Pédagogique et Logistique Executive Education / Formation Continue - Télétravail 100% Missions principales 1. Gestion administrative des formations A. Gestion des inscriptions & dossiers - Inscrire les apprenants… ...,Logistique / Transport,,,,,Télétravail,Teletravail,2026-03-23,"Fév, 2026",Non,TunisieTravail,https://www.tunisietravail.net/perspectives-recrute-assistant-e-administratif-ve-pedagogique-et-logistique-130950/
130903,Phoenix Distillery recrute Chauffeur,Phoenix Distillery,"Phoenix Distillery recrute Chauffeur Profil : Titulaire d’un permis de conduire valide Expérience souhaitée dans un poste similaire (chauffeur/livreur) Bonne connaissance des lieux et des routes du Grand Tunis Ponctuel, autonome et… ...",IT / Informatique,,,,Tunis,,,2026-03-23,"Fév, 2026",Non,TunisieTravail,https://www.tunisietravail.net/phoenix-distillery-recrute-chauffeur-130903/
130956,Aksys Services recrute Chauffeur / Livreur,Aksys Services,"Dans le cadre du développement de ses activités, une entreprise spécialisée dans la logistique et la livraison Aksys Services recrute Chauffeur / Livreur Sur tout le territoire tunisien. › Missions principales Assurer… ...",IT / Informatique,,,,,,,2026-03-23,"Fév, 2026",Non,TunisieTravail,https://www.tunisietravail.net/aksys-services-recrute-chauffeur-livreur-130956/
128588,Cabinet Hassen Boughariou recrute Comptable,Cabinet Hassen Boughariou,"Cabinet Hassen Boughariou recrute Comptable Profil Avec une expérience de 2 ans ou plus, pour prendre en charge les tâches suivantes : - Saisie mensuelle des pièces comptables - Pointage des rapprochements… ...",Comptabilité / Finance,,,,,,,2026-03-23,"Fév, 2026",Non,TunisieTravail,https://www.tunisietravail.net/cabinet-hassen-boughariou-recrute-comptable-128588/
130879,Otis Déménagement recrute Manager Centre d’Appel,Otis Déménagement,"Otis Déménagement recrute Manager Centre d’Appel Spécialiste en Déménagement Expérimenté, spécialisé dans la vente de prestations de déménagement opérées sur l’ensemble du territoire français. Profil orienté performance, capable de piloter une équipe… ...",IT / Informatique,,Manager,,,,,2026-03-23,,Non,TunisieTravail,https://www.tunisietravail.net/otis-demenagement-recrute-manager-centre-dappel-specialiste-en-demenagement-130879/
130831,Arsenal Bache Sa recrute Responsable Marketing et Communication,Arsenal Bache Sa,"Arsenal Bache Sa recrute Responsable Marketing et Communication Profil Polyvalente et créative pour gérer la communication et le marketing digital de notre société. Le poste comprend la gestion complète des réseaux sociaux,… ...",IT / Informatique,,,,,,,2026-03-23,"Fév, 2026",Non,TunisieTravail,https://www.tunisietravail.net/arsenal-bache-sa-recrute-responsable-marketing-communication-130831/
130841,Parc Dactivites Economiques de Zarzis recrute Directeur Administratif et Financier,Parc Dactivites Economiques de Zarzis,"Parc Dactivites Economiques de Zarzis recrute Directeur Administratif et Financier Rattaché à la Direction Générale, le Directeur Administratif et Financier (DAF) sera en charge des aspects administratifs et financières de la Société… ...",IT / Informatique,,Directeur,,,,,2026-03-23,"Fév, 2026",Non,TunisieTravail,https://www.tunisietravail.net/parc-dactivites-economiques-de-zarzis-recrute-directeur-administratif-et-financier-130841/
130860,Sheee recrute Technicien Supérieur en Électricité,Sheee,Sheee recrute Technicien Supérieur en Électricité Missions : Installation et maintenance des équipements électriques Réalisation de câblage et montage d’armoires électriques Lecture et interprétation des schémas électriques Diagnostic et dépannage des installations… ...,IT / Informatique,,,,,,,2026-03-23,"Fév, 2026",Non,TunisieTravail,https://www.tunisietravail.net/sheee-recrute-technicien-superieur-en-electricite-130860/
128268,Clinique Zaghouan recrute Technicien en Anesthésie,Clinique Zaghouan,"Clinique Zaghouan recrute Technicien en Anesthésie Expérimenté(e) pour renforcer l’équipe d’anesthésie .. Missions principales : • Préparer le matériel et les produits nécessaires à l’anesthésie. • Assister le médecin anesthésiste avant, pendant… ...",IT / Informatique,,,,Zaghouan,,,2026-03-23,"Fév, 2026",Non,TunisieTravail,https://www.tunisietravail.net/clinique-zaghouan-recrute-technicien-en-anesthesie-128268/
77052,Imec International recrute Aide Comptable,Imec International,"Imec International recrute Aide comptable Profil: Titulaire d’un licence en comptabilité ou finance Maîtrise de la langue française Maîtrise les outils bureautiques (pack office) Attention soutenue, concentration Rigueur et méthode Ponctualité Sens… ...",IT / Informatique,,,,,,,2026-03-23,"Fév, 2026",Non,TunisieTravail,https://www.tunisietravail.net/imec-international-recrute-aide-comptable-77052/
130869,Olfa Turki recrute Conseillère Clientèle,Olfa Turki,"Olfa Turki Design (OTD) incarne l’excellence de la haute couture à travers des créations exclusives pensées pour sublimer les moments d’exception. La marque se distingue par son sens du détail, son élégance… ...",Toutes offres Tunisie,,,,,,,2026-03-23,"Fév, 2026",Non,TunisieTravail,https://www.tunisietravail.net/olfa-turki-recrute-conseillere-clientele-130869/
130874,Global Costumer Support recrute Graphic Designer,Global Costumer Support,"Global Costumer Support recrute Graphic Designer (H/F) Rattaché(e) au département Communication, vous participez à la création de supports visuels destinés à la communication interne et externe de l’entreprise. Missions : Création de… ...",Marketing / Communication,,,,,,,2026-03-23,"Fév, 2026",Non,TunisieTravail,https://www.tunisietravail.net/global-costumer-support-recrute-graphic-designer-h-f-130874/
130803,Maxtrade recrute Ingénieur d’Application / Field Application Engineer,Maxtrade,"Maxtrade recrute Ingénieur d’Application / Field Application Engineer (Fae) Missions Principales : Être le premier vis-à-vis technique des clients : - Accompagner techniquement les clients dans le choix, l’intégration et l’optimisation des… ...",Ingénierie,,,,,,,2026-03-23,"Fév, 2026",Non,TunisieTravail,https://www.tunisietravail.net/maxtrade-recrute-ingenieur-dapplication-field-application-engineer-130803/
130880,Motos Stars offre Stage Comptabilité et Finance,,Motos Stars recrute Stage Comptabilité et Finance Missions: La saisie et le contrôle des pièces comptables Le classement et l’archivage des documents comptables L’établissement des factures clients et fournisseurs Le suivi des… ...,IT / Informatique,,Stage,,,Stage,,2026-03-23,"Fév, 2026",Non,TunisieTravail,https://www.tunisietravail.net/motos-stars-offre-stage-comptabilite-et-finance-2-130880/
130883,Sastp recrute Responsable Logistique,Sastp,Sastp recrute Responsable Logistique - Chef Transport Profil Minimum 3 ans d’experience dans le terrain des chantiers (suivi les camions ou les engins dans les chantiers et suivi les chauffeurs et faire… ...,Hôtellerie / Restauration,3 ans d’exp,,,,,,2026-03-23,"Fév, 2026",Non,TunisieTravail,https://www.tunisietravail.net/sastp-recrute-responsable-logistique-130883/
130854,GRG Oficina SARL recrute Modéliste,GRG Oficina SARL,"GRG OFICINA SARL recrute Modéliste Profil Modéliste expérimenté(e) qui maîtrise de la création, modification, gradation des patrons et traitement des placements tout en respectant les spécifications du client, en collaboration avec le… ...",IT / Informatique,,,,,,,2026-03-23,"Fév, 2026",Non,TunisieTravail,https://www.tunisietravail.net/grg-oficina-sarl-recrute-unemodeliste-130854/
130886,Smedi Health Academy Offre Stage Marketing Digital,,Smedi Health Academy Offre Stage Marketing Digital Mission principale Stagiaire en Marketing Digital & Gestion de la Relation Client (CRM) pour participer activement à la mise en œuvre de notre stratégie digitale… ...,IT / Informatique,,Stage,,,Stage,,2026-03-23,"Fév, 2026",Non,TunisieTravail,https://www.tunisietravail.net/smedi-health-academy-offre-stage-marketing-digital-130886/
130856,Darine Trade recrute Aide Magasinier,Darine Trade,Darine Trade recrute Aide Magasinier › Missions principales : * Rangement et organisation du stock * Manutention et gestion des marchandises * Réparation d’articles défectueux * Montage et démontage de lustres *… ...,Logistique / Transport,,,,,,,2026-03-23,"Fév, 2026",Non,TunisieTravail,https://www.tunisietravail.net/darine-trade-recrute-aide-magasinier-130856/
130895,Cadyou recrute des Techniciens Fraisage Programmeur,Cadyou,"Cadyou société Off-shore de conception et fabrication des machines et outillage spécial secteur automobile et divers. recrute Des Techniciens Fraisage Programmeur › Machiniste CNC Profil BTS, BTP, Bac ›2....) : Programeur ›… ...",IT / Informatique,,,,,,,2026-03-23,"Fév, 2026",Non,TunisieTravail,https://www.tunisietravail.net/cadyou-recrute-des-techniciens-fraisage-programmeur-130895/
130893,SPCF recrute Financier.e,SPCF,SPCF recrute Financier(E) Missions principales : - Suivi et contrôle des factures (clients et fournisseurs) - Élaboration et suivi des retenues à la source - Participation au suivi administratif général de l’entreprise… ...,Toutes offres Tunisie,,,,,,,2026-03-23,"Fév, 2026",Non,TunisieTravail,https://www.tunisietravail.net/spcf-recrute-financier-e-130893/
130834,Reachline recrute des Téléconseillers Langue Italien,Reachline,"Reachline recrute Des Téléconseillers Langue Italien › Émission d’appels › Gestion des mails › Support via chat Profil recherché : Maîtrise de l’Italien Bonne communication et aisance relationnelle Sérieux(se), motivé(e) et orienté(e)… ...",IT / Informatique,,,,,,,2026-03-23,"Fév, 2026",Non,TunisieTravail,https://www.tunisietravail.net/reachline-recrute-des-teleconseillers-langue-italien-130834/
130708,Etablissement Emile Zola recrute Professeur du Second Histoire Géographie,Etablissement Emile Zola,"Etablissement Emile Zola recrute Professeur du Second Histoire Géographie En vacation, disposant d’une solide expérience en classe au sein d’établissements d’enseignement français. Mission : Assurer un enseignement de qualité dans la discipline,… ...",IT / Informatique,,,,,,,2026-03-23,"Fév, 2026",Non,TunisieTravail,https://www.tunisietravail.net/etablissement-emile-zola-recrute-professeur-du-second-histoire-geographie-130708/
130697,Précision Electronique recrute Docteur en Chimie – Pharmacien,Précision Electronique,"Précision Electronique recrute Docteur en Chimie - Pharmacien Directeur Commercial Analyse des besoins clients et identification des problématiques techniques. Proposition de solutions techniques adaptées, en collaboration avec les services techniques et analytiques.… ...",IT / Informatique,,Directeur,,,,,2026-03-23,"Fév, 2026",Non,TunisieTravail,https://www.tunisietravail.net/precision-electronique-recrute-docteur-en-chimie-pharmacien-130697/
130781,El Mazraa recrute Soudeur TIG,El Mazraa,El Mazraa recrute Soudeur Tig Missions : Réaliser des travaux de soudure TIG sur inox Maintenance et réparation des équipements industriels Fabrication et assemblage de pièces métalliques Respect des normes d’hygiène et… ...,Ingénierie,,,,,,,2026-03-23,"Fév, 2026",Non,TunisieTravail,https://www.tunisietravail.net/el-mazraa-recrute-soudeur-tig-130781/
130817,Geofit Tunisie recrute Dessinateur Géomètre Topographe,Geofit Tunisie,"Geofit Tunisie recrute Dessinateur Géomètre Topographe Au sein du service topographie et sous la direction d’un responsable de service, vous serez chargé(e) de participer aux chantiers sous les aspects suivants: – Réalisation… ...",IT / Informatique,,,,,,,2026-03-23,"Fév, 2026",Non,TunisieTravail,https://www.tunisietravail.net/geofit-tunisie-recrute-dessinateur-geometre-topographe-130817/
130760,Royal Tulip Korbous Bay recrute Directeur de Nuit,Royal Tulip Korbous Bay,"Royal Tulip Korbous Bay recrute Directeur de Nuit Mission Assure la gestion, la sécurité et la continuité des opérations d’un hôtel durant les heures nocturnes. Il supervise le personnel de nuit, gère… ...",IT / Informatique,,Directeur,,,,,2026-03-23,"Fév, 2026",Non,TunisieTravail,https://www.tunisietravail.net/royal-tulip-korbous-bay-recrute-directeur-de-nuit-130760/
112924,Collège Emile Zola recrute des Enseignants Histoire Géographie,Collège Emile Zola,Collège Emile Zola recrute Des Enseignants Histoire Géographie Profil – Formation supérieure : licence (bac+3) minimum – Excellente maîtrise de la langue française orale et écrite indispensable – Compétence pédagogique pour l’enseignement… ...,IT / Informatique,,,,,,,2026-03-23,"Fév, 2026",Non,TunisieTravail,https://www.tunisietravail.net/college-emile-zola-recrute-des-enseignants-d-histoire-geographie-112924/
124899,Clinique Ezzahra recrute Technicien en Pédiatrie,Clinique Ezzahra,"Clinique Ezzahra recrute Technicien en Pédiatrie Mission - Etablir le projet de soins- Réaliser, contrôler des soins infirmiers et accompagnement du bébé et de son entourage - Surveiller l’évolution de l’état de… ...",IT / Informatique,,,,,,,2026-03-23,"Fév, 2026",Non,TunisieTravail,https://www.tunisietravail.net/clinique-ezzahra-recrute-technicien-en-pediatrie-124899/
130820,Socobat recrute Métreur Vérificateur,Socobat,"Socobat recrute Métreur Vérificateur Descriptif du poste : Afin de renforcer son équipe d’encadrement, la SOCOBAT recrute un Métreur Vérificateur. Vous serez rattaché à la Direction Technique et chargé D’effectué les métrés… ...",Toutes offres Tunisie,,,,,,,2026-03-23,"Fév, 2026",Non,TunisieTravail,https://www.tunisietravail.net/socobat-recrute-metreur-verificateur-130820/
130822,Bmc Sarl recrute Consultant Fonctionnel Logistique SAP SD / MM,Bmc Sarl,"Bmc Sarl recrute Consultant Fonctionnel Logistique SAP SD / MM Dans le cadre de la mise en place d’un Support Unifié N1/N2, notre client renforce son dispositif de support applicatif afin de… ...",IT / Informatique,,,,,,,2026-03-23,"Fév, 2026",Non,TunisieTravail,https://www.tunisietravail.net/bmc-sarl-recrute-consultant-fonctionnel-logistique-sap-sd-mm-130822/
121889,Agrihouse And Irrigation recrute Ingénieur Agronome,Agrihouse And Irrigation,Agrihouse And Irrigation recrute Ingénieur Agronome - Production Végétale Profil Spécialise En Production Végétal Pour Notre Point de Vente Avenue de L’Environnement Menzel Bouzelfa Comment postuler : Cette opportunité vous intéresse et… ...,IT / Informatique,,,,,,,2026-03-23,"Fév, 2026",Non,TunisieTravail,https://www.tunisietravail.net/agrihouse-and-irrigation-recrute-ingenieur-agronome-121889/
130766,Mayar des Services Informatiques recrute Consultant SAP PP,Mayar des Services Informatiques,Mayar des Services Informatiques recrute Consultant SAP PP – Tunisie (Cdi Ou Freelance) Vous êtes passionné(e) par les environnements industriels et les processus de fabrication ? Vous maîtrisez SAP PP et les… ...,IT / Informatique,,,,,CDI,,2026-03-23,"Fév, 2026",Non,TunisieTravail,https://www.tunisietravail.net/mayar-des-services-informatiques-recrute-consultant-sap-pp-130766/
130483,Mecaform recrute Opérateur Régleur Presse / Outilleur,Mecaform,"Mecaform recrute Opérateur Régleur Presse / Outilleur Mission Opérateur Régleur Presse / Outilleur sera chargé de : • Monter, régler et démarrer les outillages sur presses mécaniques ou hydrauliques ; • Assurer… ...",Ingénierie,,,,,,,2026-03-23,"Fév, 2026",Non,TunisieTravail,https://www.tunisietravail.net/mecaform-recrute-operateur-regleur-presse-outilleur-130483/
130804,3W WIT Web Agency recrute Graphiste,3W WIT Web Agency,"3W WIT est une agence web spécialisée dans la mise en place de solutions digitales sur-mesure, basée à Nabeul. 3W WIT Web Agency recrute Graphiste Expérimenté Profil recherché : - Expérience dans… ...",IT / Informatique,,,,Nabeul,,,2026-03-23,"Fév, 2026",Non,TunisieTravail,https://www.tunisietravail.net/3w-wit-web-agency-recrute-graphiste-130804/
130511,Hotel Steigenberger Marhaba Thalasso recrute Chef des Bars,Hotel Steigenberger Marhaba Thalasso,Hôtel Steigenberger Marhaba Thalasso recrute Chef des Bars Missions : Supervision des bars et du personnel bar Élaboration des cartes boissons et cocktails Contrôle de la qualité du service et des coûts… ...,IT / Informatique,,,,,,,2026-03-23,"Fév, 2026",Non,TunisieTravail,https://www.tunisietravail.net/hotel-steigenberger-marhaba-thalasso-recrute-chef-des-bars-130511/
130553,Enpal recrute Account Manager,Enpal,Enpal recrute Account Manager › Supporto Clienti Post Vendita › Settore Fotovoltaico › Italiano Fluente Obbligatorio (C1/C2) Descrizione dell’azienda Enpal é il green unicorn 1› in Europa. Enpal è un’azienda leader nel… ...,IT / Informatique,,Manager,,,,,2026-03-23,"Fév, 2026",Non,TunisieTravail,https://www.tunisietravail.net/enpal-recrute-account-manager-130553/
130552,Enpal recrute Install Partner Manager,Enpal,"Enpal recrute Install Partner Manager (Operations Specialist Settore Fotovoltaico) › Conoscenza Fluente (C1) Della Lingua Italiana Obbligatoria Descrizione dell’azienda Unisciti al nostro fantastico team di Enpal, il primo unicorno › green in… ...",IT / Informatique,,Manager,,,,,2026-03-23,"Fév, 2026",Non,TunisieTravail,https://www.tunisietravail.net/enpal-recrute-install-partner-manager-130552/
130706,NavaSTGI Marine Chantierl recrute Technicien Process,NavaSTGI Marine Chantierl,STGI Marine Chantier Naval recrute Technicien Process Missions principales suivantes: Analyser les plans et dossiers techniques issus du bureau d’études Définir et optimiser les process de fabrication en menuiserie Élaborer les gammes… ...,BTP / Génie Civil,,,,,,,2026-03-23,"Fév, 2026",Non,TunisieTravail,https://www.tunisietravail.net/stgi-marine-chantier-naval-recrute-technicien-process-130706/
130645,Digital Solutions recrute Photographe Full-Time,Digital Solutions,Digital Solutions continue son expansion ! Nous recherchons un talent visuel capable de capturer l’essence de nos projets et de transformer des images brutes en contenus premium. Digital Solutions recrute Photographe Full-Time… ...,IT / Informatique,,,,,,,2026-03-23,"Fév, 2026",Non,TunisieTravail,https://www.tunisietravail.net/digital-solutions-recrute-photographe-full-time-130645/
130465,Clinique Ophtalmologique de Tunis recrute Instrumentiste,Clinique Ophtalmologique de Tunis,Clinique Ophtalmologique de Tunis recrute Instrumentiste Mission • Vérifier la fonctionnalité des équipements dans la salle opératoire la matinée avant le début du programme opératoire. • Remplir et signer la fiche d’ouverture… ...,IT / Informatique,,,,Tunis,,,2026-03-23,"Fév, 2026",Non,TunisieTravail,https://www.tunisietravail.net/clinique-ophtalmologique-de-tunis-recrute-instrumentiste-130465/
130338,Slim Fit recrute Coach Sportif,Slim Fit,Slim Fit recrute Coach Sportif Motivé(e) pour des séances EMS personnalisées. ›️ Formation sport ›️ Bon relationnel & énergie positive ›️ Expérience coaching souhaitée (EMS › plus) Comment postuler : Cette opportunité… ...,IT / Informatique,,,,,,,2026-03-23,"Fév, 2026",Non,TunisieTravail,https://www.tunisietravail.net/slim-fit-recrute-coach-sportif-ems-130338/
130797,Hb Consulting recrute Comptable Senior,Hb Consulting,"Hb Consulting recrute Comptable Senior Dans le cadre du développement de son activité, le cabinet HB Consulting, cabinet d’expertise comptable basé à Menzah 6 – Ariana, recrute un(e) Comptable Senior Tâches comptables… ...",IT / Informatique,,Senior,,Ariana,,,2026-03-23,"Fév, 2026",Non,TunisieTravail,https://www.tunisietravail.net/hb-consulting-recrute-comptable-senior-130797/
130699,Otis Déménagement Offre Stage en Communication,,"Otis Déménagement Offre Stage en Communication Chez Otis Déménagement, nous ne transportons pas seulement des cartons, nous accompagnons des changements de vie. Entreprise à taille humaine et réactive, nous mettons un point… ...",Marketing / Communication,,Stage,,,Stage,,2026-03-23,,Non,TunisieTravail,https://www.tunisietravail.net/otis-demenagement-offre-stage-en-communication-130699/
130711,Ips Solutions recrute Chaudronnier,Ips Solutions,"Ips Solutions recrute Chaudronnier Exigence : • Préparer et mettre en forme les tôles en acier inoxydable. • Lecture de plans techniques. • Découpe et formage : Utilisation de machines (cisaille, laser,… ...",Toutes offres Tunisie,,,,,,,2026-03-23,"Fév, 2026",Non,TunisieTravail,https://www.tunisietravail.net/ips-solutions-recrute-chaudronnier-130711/
130814,Keyndgo Conciergerie offre Stage Back Office,,"Dans le cadre du développement de notre agence de conciergerie immobilière spécialisée dans la gestion de locations courte et moyenne durée, Keyndgo Conciergerie offre Stage Back Office › Missions principales : Gestion… ...",IT / Informatique,,Stage,,,Stage,,2026-03-23,"Fév, 2026",Non,TunisieTravail,https://www.tunisietravail.net/keyndgo-conciergerie-offre-stage-back-office-130814/
130813,Keyndgo Conciergerie recrute Agent de Terrain,Keyndgo Conciergerie,"Dans le cadre du développement de notre agence de conciergerie immobilière spécialisée dans la gestion de locations courte et moyenne durée, Keyndgo Conciergerie recrute Agent de Terrain Dynamique et rigoureux(se) pour renforcer… ...",IT / Informatique,,,,,,,2026-03-23,"Fév, 2026",Non,TunisieTravail,https://www.tunisietravail.net/keyndgo-conciergerie-recrute-agent-de-terrain-130813/
130808,Kelma recrute Marketing and Innovation Director,Kelma,"Kelma recrute Marketing and Innovation Director Location: Tripoli, Libya (International Placement) Industry: Retail – Recruiting on behalf of our client Contract Type: Full-time Executive International Benefits: Housing provided Transportation provided Annual round-trip… ...",IT / Informatique,,,,,,,2026-03-23,"Fév, 2026",Non,TunisieTravail,https://www.tunisietravail.net/kelma-recrute-marketing-and-innovation-director-130808/
130464,Clinique Ophtalmologique de Tunis recrute Infirmier,Clinique Ophtalmologique de Tunis,"Clinique Ophtalmologique de Tunis recrute Infirmier Mission · Assurer la passation · Accueillir le patient · Vérifier l’identité du patient, le motif d’hospitalisation, la lettre d’admission, le nom du médecin traitant et… ...",IT / Informatique,,,,Tunis,,,2026-03-23,"Fév, 2026",Non,TunisieTravail,https://www.tunisietravail.net/clinique-ophtalmologique-de-tunis-recrute-infirmier-130464/
130811,Effios Expertise recrute Lead Data Engineer,Effios Expertise,"EFFIOS EXPERTISE est la filiale technique du groupe EFFIOS, cabinet de conseil français reconnu pour son engagement dans la transformation numérique des politiques publiques, et notamment pour son expertise historique dans le… ...",IT / Informatique,,,,,,,2026-03-23,"Fév, 2026",Non,TunisieTravail,https://www.tunisietravail.net/effios-expertise-recrute-lead-data-engineer-130811/
130795,Ctrl X recrute Graphiste Technique / Designer Signalétique,Ctrl X,"CTRL X est une sociéte spécialisé dans la conception et la fabrication d’objets sur-mesure (signalétique, PLV, décoration, design produit) à base de plexi, bois et autres matériaux. Nous allions artisanat de précision… ...",IT / Informatique,,,,,,,2026-03-23,"Fév, 2026",Non,TunisieTravail,https://www.tunisietravail.net/ctrl-x-recrute-graphiste-technique-designer-signaletique-130795/
130691,Cekterys recrute Ingénieur.e Électricité,Cekterys,"Cekterys recrute Ingénieur.e Électricité Motivé(e) et rigoureux(se). Missions Principales: Concevoir, développer et superviser les projets électriques Réaliser des études techniques et établir des cahiers des charges Assurer la conformité des installations électriques… ...",IT / Informatique,,,,,,,2026-03-23,"Fév, 2026",Non,TunisieTravail,https://www.tunisietravail.net/cekterys-recrute-ingenieur-e-electricite-130691/
115672,Maltex recrute Chef Atelier,Maltex,"Maltex recrute Chef Atelier Compétences requises Technicienne textile Ayant déjà eu une expérience de Chef d’atelier Capable de réaliser patronages, échantillonnages, prototypes Création de fiches techniques Utilisation de toutes les machines de… ...",Hôtellerie / Restauration,,,,,,,2026-03-23,"Fév, 2026",Non,TunisieTravail,https://www.tunisietravail.net/maltex-recrute-chef-atelier-115672/
124898,Clinique Ezzahra recrute Sage Femme,Clinique Ezzahra,"Clinique Ezzahra recrute Sage Femme Expérimenté Profil Une sage femme Disponibilité : jour / nuit Expérience : 5 ANS Mission – Prendre en charge et surveiller la femme enceinte avant, pendant et… ...",IT / Informatique,,,,,,,2026-03-23,"Fév, 2026",Non,TunisieTravail,https://www.tunisietravail.net/clinique-ezzahra-recrute-sage-femme-2-124898/
130762,Société Alaeddine des Travaux Publics et Hydrauliques recrute Technicien Génie Civil,Société Alaeddine des Travaux Publics et Hydrauliques,Société Alaeddine des Travaux Publics et Hydrauliques recrute Technicien Génie Civil Profil Technicien de génie civil nouveau diplômé pour son poste de suivie et coordination des travaux de chantier Comment postuler :… ...,Ingénierie,,,,,,,2026-03-23,"Fév, 2026",Non,TunisieTravail,https://www.tunisietravail.net/societe-alaeddine-des-travaux-publics-et-hydrauliques-recrute-technicien-genie-civil-130762/
130602,Ébénor Création recrute Chef de Production,Ébénor Création,"Ébénor Création recrute Chef de Production Profil Dynamique et doté d’un fort esprit de leadership Être diplômé (BTP BTS ou équivalent) en spécialité technique (mécanique, maintenance, électromécanique, , etc. ou équivalent) ›… ...",IT / Informatique,,,,,,,2026-03-23,"Fév, 2026",Non,TunisieTravail,https://www.tunisietravail.net/ebenor-creation-recrute-chef-de-production-130602/
99054,AutoworldGuesmi recrute Mécanicien,AutoworldGuesmi,"AutoworldGuesmi recrute Mécanicien Profil recherché Expérience confirmée en mécanique automobile (réparation, diagnostic, entretien). Sérieux, rigueur et souci du détail. Bonne capacité à travailler en équipe. Résidant à Ben Arous ou dans les… ...",IT / Informatique,,Confirmé,,Ben Arous,,,2026-03-23,"Fév, 2026",Non,TunisieTravail,https://www.tunisietravail.net/autoworldguesmi-recrute-technicien-maintenance-automobile-99054/
130761,Société Alaeddine des Travaux Publics et Hydrauliques recrute Ingénieur Génie Civil / Hydraulique,Société Alaeddine des Travaux Publics et Hydrauliques,Société Alaeddine des Travaux Publics et Hydrauliques recrute Ingénieur Génie Civil / Hydraulique Profil Ingénieur génie civil ou hydraulique nouveau diplômé pour son poste de suivie et coordination des travaux de chantier… ...,Ingénierie,,,,,,,2026-03-23,"Fév, 2026",Non,TunisieTravail,https://www.tunisietravail.net/societe-alaeddine-des-travaux-publics-et-hydrauliques-recrute-ingenieur-genie-civil-hydraulique-130761/
130765,Soukayna Group recrute Technicien en Digital Marketing,Soukayna Group,Soukayna Group recrute Technicien en Digital Marketing Mission Vous serez chargé(e) de gérer et d’optimiser les outils numériques et les campagnes marketing au quotidien. Vous participerez à l’édition et à la gestion… ...,IT / Informatique,,,,,,,2026-03-23,"Fév, 2026",Non,TunisieTravail,https://www.tunisietravail.net/soukayna-group-recrute-technicien-en-digital-marketing-130765/
130828,Boulangerie Ben Hamouda recrute Femme de Ménage,Boulangerie Ben Hamouda,"Boulangerie Ben Hamouda recrute Femme de Ménage Dynamique et fiable pour assurer la propreté et l’hygiène de notre boulangerie. Missions principales : Nettoyage des surfaces de travail, des plaques et autre Entretien… ...",IT / Informatique,,,,,,,2026-03-23,"Fév, 2026",Non,TunisieTravail,https://www.tunisietravail.net/boulangerie-ben-hamouda-recrute-femme-de-menage-130828/
130519,Odesign recrute Graphiste Machiniste,Odesign,Odesign recrute Graphiste Machiniste Press Numérique Minolta et Richo Profil - Graphiste machiniste press numérique minolta et richo - Ayant une expérience min 2 ans. - Maitrise parfaite des outils AI; photoshop;… ...,IT / Informatique,,,,,,,2026-03-23,"Fév, 2026",Non,TunisieTravail,https://www.tunisietravail.net/odesign-recrute-graphiste-machiniste-130519/
130378,Smartech Academy Manouba recrute Professeur de Langue Française,Smartech Academy Manouba,"Smartech Academy Manouba recrute Professeur de Langue Française Profil Professeur(e) de langue française, Résidant(e) dans la région de la Manouba Comment postuler : Cette opportunité vous intéresse et votre profil correspond ?… ...",IT / Informatique,,,,Manouba,,,2026-03-23,"Fév, 2026",Non,TunisieTravail,https://www.tunisietravail.net/smartech-academy-manouba-recrute-professeur-de-langue-francaise-130378/
130631,La Plume Graphique recrute Infographiste Print / Design Graphique,La Plume Graphique,La Plume Graphique recrute Infographiste Print / Design Graphique Pour assurer la création et la préparation technique de ses supports de communication imprimés. Missions : · Création et mise en page de… ...,Marketing / Communication,,,,,,,2026-03-23,"Fév, 2026",Non,TunisieTravail,https://www.tunisietravail.net/la-plume-graphique-recrute-infographiste-print-design-graphique-130631/
130470,H Global Consulting recrute Ingénieure Structure en Génie Civil,H Global Consulting,"Dans le cadre du développement de l’activité de l’un de nos clients, nous construisons progressivement une équipe de bureau d’études structure à Gabès, avec une montée en compétence à la fois humaine… ...",IT / Informatique,,,,Gabès,,,2026-03-23,"Fév, 2026",Non,TunisieTravail,https://www.tunisietravail.net/h-global-consulting-recrute-ingenieure-structure-en-genie-civil-130470/
130827,Evo Control recrute Ingénieur / Technicien Génie Civil,Evo Control,"Evo Control recrute Ingénieur / Technicien Génie Civil Le candidat sera chargé de gérer et piloter les missions d’expertise technique, comprenant notamment : Organisation et planification des missions d’expertise Déplacements sur chantier… ...",Ingénierie,,,,,,,2026-03-23,"Fév, 2026",Non,TunisieTravail,https://www.tunisietravail.net/evo-control-recrute-ingenieur-technicien-genie-civil-130827/
130751,Web Technology Masters offre Stage PFE Développement,,Web Technology Masters offre Stage PFE Développement de Logiciel de Gestion des Ressources Humaines (Grh) Les modules et fonctionnalités du logiciel de Gestion des Ressources Humaines (GRH) sont : - Gestion du… ...,IT / Informatique,,Stage,,,Stage,,2026-03-23,"Fév, 2026",Non,TunisieTravail,https://www.tunisietravail.net/web-technology-masters-offre-stage-pfe-developpement-130751/
130419,Clinique Pasteur recrute Technicien Supérieur en Kinésithérapie,Clinique Pasteur,"Clinique Pasteur recrute Technicien Supérieur en Kinésithérapie Proifl Discipliné, disponible pour travailler de jour comme de nuit, ayant le sens du travail en équipe. Ayant une expérience en milieu de réanimation cardiaque.… ...",IT / Informatique,,,,,,,2026-03-23,"Fév, 2026",Non,TunisieTravail,https://www.tunisietravail.net/clinique-pasteur-recrute-technicien-superieur-en-kinesitherapie-130419/
130750,Web Technology Masters offre Stage PFE GMG,,Web Technology Masters offre Stage PFE GMG Développement de Logiciel de Gestion des Moyens Généraux () Les modules et fonctionnalités du logiciel de Gestion des Moyens Généraux (GMG) sont : - Gestion… ...,IT / Informatique,,Stage,,,Stage,,2026-03-23,"Fév, 2026",Non,TunisieTravail,https://www.tunisietravail.net/web-technology-masters-offre-stage-pfe-gmg-130750/
130780,Benna By Nour recrute des Vendeuses en Pâtisserie,Benna By Nour,Benna By Nour recrute Des Vendeuses en Pâtisserie Missions : • Mise en place et organisation de la vitrine. • Accueil et conseil clientèle. • Vente des produits et encaissement. • Gestion… ...,IT / Informatique,,,,,,,2026-03-23,"Fév, 2026",Non,TunisieTravail,https://www.tunisietravail.net/benna-by-nour-recrute-des-vendeuses-en-patisserie-130780/
130426,Centre CPN recrute des Formateurs de Langue Anglais,Centre CPN,Centre CPN recrute Des Formateurs de Langue Anglais Anglais général; de base et des niveaux avancée Profil Titulaire d’une Licence ou plus en Anglais Ayant un minimum d’expérience dans le domaine de… ...,IT / Informatique,,,,,,,2026-03-23,"Fév, 2026",Non,TunisieTravail,https://www.tunisietravail.net/centre-cpn-recrute-des-formateurs-de-langue-anglais-130426/
130674,Smedi Nursing recrute des Femmes de Menages,Smedi Nursing,Smedi Nursing recrute Des Femmes de Menages Au Centre de Convalesence le Havre ’Smedi Nursing’ Objet de l’appel d’offres : Fourniture de services de nettoyage et d’entretien des locaux situés à [adresse… ...,IT / Informatique,,,,,,,2026-03-23,"Fév, 2026",Non,TunisieTravail,https://www.tunisietravail.net/smedi-nursing-recrute-des-femmes-de-menages-130674/
130779,Benna By Nour recrute Chef Pâtissier,Benna By Nour,"Benna By Nour recrute Chef Pâtissier (F) Missions : • Production quotidienne de pâtisseries : gâteaux, mille-feuille, éclairs et autres créations. • Organisation et supervision de l’équipe pâtisserie. • Gestion des stocks… ...",Hôtellerie / Restauration,,,,,,,2026-03-23,"Fév, 2026",Non,TunisieTravail,https://www.tunisietravail.net/benna-by-nour-recrute-chef-patissier-130779/
130560,Pôle Hospitalier International Echifa Djerba recrute des Infirmier.es,Pôle Hospitalier International Echifa Djerba,Pôle Hospitalier International Echifa Djerba recrute Des Infirmier.es Missions principales : - Réaliser les soins infirmiers conformément aux protocoles en vigueur - Surveiller l’évolution de l’état de santé des patients - Assurer… ...,IT / Informatique,,,,,,,2026-03-23,"Fév, 2026",Non,TunisieTravail,https://www.tunisietravail.net/pole-hospitalier-international-echifa-djerba-recrute-des-infirmier-es-130560/
130588,Infinite recrute Senior Mechatronic Engineer,Infinite,"Infinite recrute Senior Mechatronic Engineer Reference ID: INF-JOB-2026-ENG-01 Company: Infinite - Sustainable Micromobility Solutions Location: Pôle Technologique ElGhazala, Tunisia Reporting to: CTO / Co-Founder Role Overview We are looking for a brilliant… ...",IT / Informatique,,Senior,,,,,2026-03-23,"Fév, 2026",Non,TunisieTravail,https://www.tunisietravail.net/infinite-recrute-senior-mechatronic-engineer-130588/
130649,Carto Topo Experts recrute Géomètre-Topographe,Carto Topo Experts,Carto Topo Experts recrute Géomètre-Topographe Technicien diplômé en topographie (Technicien ou Technicien Supérieur) › Compétences requises : Maîtrise des logiciels AutoCAD et Covadis Bonne utilisation de la station totale Réalisation des levés… ...,IT / Informatique,,,,,,,2026-03-23,"Fév, 2026",Non,TunisieTravail,https://www.tunisietravail.net/carto-topo-experts-recrute-geometre-topographe-130649/
130805,Comptoir Réunis du Centre recrute Commercial Responsable Showroom,Comptoir Réunis du Centre,"Comptoir Réunis du Centre recrute Commercial Responsable Showroom Profil Compétences commerciales avérées Sens esthétique développé et passion pour le design. Excellente présentation et communication en français et arabe. Dynamisme, organisation et esprit… ...",IT / Informatique,,,,,,,2026-03-23,"Fév, 2026",Non,TunisieTravail,https://www.tunisietravail.net/comptoir-reunis-du-centre-recrute-commercial-responsable-showroom-130805/
130800,AFIS recrute Assistante Commerciale d’Assurances,AFIS,"Afis recrute Assistante Commerciale d’assurances Description du poste : Dynamique et organisée pour soutenir notre équipe commerciale. Vous serez le point de contact principal entre nos clients et notre société, en veillant… ...",IT / Informatique,,,,,,,2026-03-23,"Fév, 2026",Non,TunisieTravail,https://www.tunisietravail.net/afis-recrute-assistante-commerciale-dassurances-130800/
130698,Kdamak Shipping Company recrute Commercial,Kdamak Shipping Company,Kdamak Shipping Company recrute Commercial Profil - Expérience grand max 2 ans dans le domaine de transport international - Diplôme en transport logistique ou diplôme en commerce international - Maitrise la langue… ...,IT / Informatique,,,,,,,2026-03-23,"Fév, 2026",Non,TunisieTravail,https://www.tunisietravail.net/kdamak-shipping-company-recrute-commercial-130698/
130825,Fiberlinks is looking for Fire Fighting System Technician / Installer,,Fiberlinks is looking for Fire Fighting System Technician / Installer - Minimum 3 Years Experience Company: Fiberlinks Sp. z o.o. Location: Poland Employment Type: Hourly Paid Agreement Fiberlinks Sp. z o.o. is… ...,IT / Informatique,,,,,,,2026-03-23,"Fév, 2026",Non,TunisieTravail,https://www.tunisietravail.net/fiberlinks-is-looking-for-fire-fighting-system-technician-installer-130825/
130778,Boulangerie Ben Hamouda recrute des Ouvriers de Boulangerie,Boulangerie Ben Hamouda,"Dans le cadre du développement de notre boulangerie situé a Bardo, Boulangerie Ben Hamouda recrute Des Ouvriers de Boulangerie Motivés et sérieux pour rejoindre notre équipe. Mission • Aider à la préparation… ...",IT / Informatique,,,,,,,2026-03-23,"Fév, 2026",Non,TunisieTravail,https://www.tunisietravail.net/boulangerie-ben-hamouda-recrute-des-ouvriers-de-boulangerie-130778/
130688,Atelier la Raffinée recrute des Pâtissières / des Chocolatières,Atelier la Raffinée,"Atelier la Raffinée recrute Des Pâtissières / Des Chocolatières Qualifiées À Sfax Des jeunes diplômées et passionnées pour rejoindre notre laboratoire. Vos Missions : Sous la direction du chef d’atelier, vous participerez… ...",Médical / Paramédical,,,,Sfax,,,2026-03-23,"Fév, 2026",Non,TunisieTravail,https://www.tunisietravail.net/atelier-la-raffinee-recrute-patissieres-et-chocolatieres-130688/
130744,Trust Consulting Company Plus offre Stage Comptable,,"Groupe opérant dans les domaines du commerce, de l’investissement et des services, Trust Consulting Company Plus offre Stage Comptable › Localisation : Tunis - Charguia 1 Missions principales : • Assistance dans… ...",IT / Informatique,,Stage,,Tunis,Stage,,2026-03-23,"Fév, 2026",Non,TunisieTravail,https://www.tunisietravail.net/trust-consulting-company-plus-offre-stage-comptable-130744/
130791,Professional Inspectors recrute Inspecteur CND,Professional Inspectors,"Professional Inspectors recrute Inspecteur CND - Contrôle Non Destructif Niveau II - Agence Sfax Mission: - Exécuter les travaux d’inspection et de contrôle non destructif ordonnés dans l’ordre de mission, dans les… ...",BTP / Génie Civil,,,,Sfax,,,2026-03-23,"Fév, 2026",Non,TunisieTravail,https://www.tunisietravail.net/professional-inspectors-recrute-inspecteur-cnd-2-130791/
130738,Ipmc recrute Technicien Imprimeur Flexographie,Ipmc,Ipmc Notre société spécialisé en fabrication d’emballage plastique recrute Technicien Imprimeur Flexographie Mission : - Faire les réglages mécaniques et bien entretenir la machine. - Nettoyage des clichés d’impression. - Suivre le… ...,IT / Informatique,,,,,,,2026-03-23,"Fév, 2026",Non,TunisieTravail,https://www.tunisietravail.net/ipmc-recrute-technicien-imprimeur-flexographie-130738/
130714,Bureau d’Etudes Génie Civil Offre Stage Technicien / Ingénieur Génie Civil Rémunéré,,Bureau d’Etudes Génie Civil Offre Stage Technicien / Ingénieur Génie Civil Rémunéré Pour un stage rémunéré de 3 mois. Ce stage offre une opportunité précieuse de participer à des projets diversifiés dans… ...,IT / Informatique,,Stage,,,Stage,,2026-03-23,"Fév, 2026",Non,TunisieTravail,https://www.tunisietravail.net/bureau-detudes-genie-civil-offre-stage-technicien-ingenieur-genie-civil-remunere-130714/
130809,Société BEH recrute Designer Graphique,Société BEH,"Société BEH recrute Designer Graphique Créative, polyvalente et passionnée, capable de transformer des idées en contenus visuels percutants et de contribuer activement au déploiement de nos campagnes digitales. Profil recherché & qualifications… ...",IT / Informatique,,,,,,,2026-03-23,"Fév, 2026",Non,TunisieTravail,https://www.tunisietravail.net/societe-beh-recrute-designer-graphique-130809/
130618,CIC Razi Neurosciences et Santé Mentale Lr18Sp03 recrute Postdoctorant Contractuel,CIC Razi Neurosciences et Santé Mentale Lr18Sp03,CIC Razi Neurosciences et Santé Mentale recrute Postdoctorant Contractuel Pour Les Besoins du Laboratoire de Recherche Lr18Sp03 - Maladies Neurodégénératives et Troubles Psychiatriques Durée du contrat : 6 mois renouvelables Dernier diplôme… ...,IT / Informatique,,,,,,,2026-03-23,"Fév, 2026",Non,TunisieTravail,https://www.tunisietravail.net/cic-razi-neurosciences-et-sante-mentale-lr18sp03-recrute-postdoctorant-contractuel-130618/
130718,Best Contact recrute des Téléconseiller.es Prise de RDV – B2B,Best Contact,Best Contact recrute Des Téléconseiller.es Prise de RDV – B2B Vous avez une expérience réussie en prise de rendez-vous et vous aimez relever des défis commerciaux ? Rejoignez notre équipe ! Votre… ...,IT / Informatique,,,,,,,2026-03-23,,Non,TunisieTravail,https://www.tunisietravail.net/best-contact-recrute-des-teleconseiller-es-prise-de-rdv-b2b-130718/
130846,Sitar recrute Assistante Administrative,Sitar,"Sitar recrute Assistante Administrative Missions : - Organiser et coordonner les informations internes et externes, parfois confidentielles, liées au fonctionnement de la structure. - Effectuer les traitements administratifs. - Réceptionner, orienter et… ...",IT / Informatique,,,,,,,2026-03-23,"Fév, 2026",Non,TunisieTravail,https://www.tunisietravail.net/sitar-recrute-assistante-administrative-130846/
126962,Top Promo Voyages recrute Agent de Voyages,Top Promo Voyages,"Top Promo Voyages recrute Agent de Voyages La Candidate doit répondre aux conditions suivantes • Design graphique : Canva, Photoshop, Illustrator… (Création des affiches…) • Bonne Maîtrise de la langue française. •… ...",IT / Informatique,,,,,,,2026-03-23,"Fév, 2026",Non,TunisieTravail,https://www.tunisietravail.net/top-promo-voyages-recrute-agent-de-voyages-126962/
125071,Clinique Zaghouan recrute Responsable Achat,Clinique Zaghouan,"Clinique Zaghouan recrute Responsable Achat Profil 1- Diplômé en Gestion, finance, achats ou logistique 2- Expérience minimum 3- Permis de conduire souhaitable Comment postuler Merci d’envoyer votre CV par mail Ville ›… ...",IT / Informatique,,,,Zaghouan,,,2026-03-23,"Fév, 2026",Non,TunisieTravail,https://www.tunisietravail.net/clinique-zaghouan-recrute-responsable-achat-125071/
