Job_ID,Titre,Societe,Description,Skills,Categories,Annees_Experience,Niveau_Experience,Education,Salaire,Lieu,Type_Contrat,Mode_Travail,Date_Publication,Date_Relative,Expire,Source,Lien
100000,Cybersecurity Engineer,BANK ABC,BANK ABC recrute un(e) Cybersecurity Engineer. Le/La candidat(e) idéal(e) maîtrise Firewall | Penetration Testing | SIEM et dispose d'une solide expérience dans le domaine. Rejoignez une équipe dynamique et contribuez à des projets innovants.,· Firewall | · Penetration Testing | · SIEM | · ISO 27001 | · Network Security,informatique / télécoms,7+ Yrs of Exp,Junior,,800 - 1100 TND,Sfax,CDD,Teletravail,2026-02-14,14 février 2026,Yes,Keejob,https://www.keejob.com/offres-emploi/100000/cybersecurity-engineer/
100001,Call Center Agent,BANK ABC,BANK ABC recrute un(e) Call Center Agent. Le/La candidat(e) idéal(e) maîtrise Communication | French | English et dispose d'une solide expérience dans le domaine. Rejoignez une équipe dynamique et contribuez à des projets innovants.,· Communication | · French | · English | · CRM | · Customer Care,call center / télévente,1 - 3 Yrs of Exp,Junior,,1000 - 1500 TND,"Lac 2, Tunis",CDI | CDD,Hybrid,2026-02-14,14 février 2026,No,Tunijobs,https://www.tunijobs.com/job/100001/call-center-agent/
100002,Mobile Developer,ORANGE TUNISIE,ORANGE TUNISIE recrute un(e) Mobile Developer. Le/La candidat(e) idéal(e) maîtrise Swift | Flutter | Android et dispose d'une solide expérience dans le domaine. Rejoignez une équipe dynamique et contribuez à des projets innovants.,· Swift | · Flutter | · Android | · React Native | · Kotlin,informatique / télécoms,5+ Yrs of Exp,Entry Level,,800 - 1100 TND,"Lac 2, Tunis",CDI | CDD,Présentiel,2026-01-28,28 janvier 2026,Non,TunisieTravail,https://www.tunisietravail.net/offre/100002/mobile-developer/
100003,Accountant,TELNET HOLDING,TELNET HOLDING recrute un(e) Accountant. Le/La candidat(e) idéal(e) maîtrise Excel | Tax | QuickBooks et dispose d'une solide expérience dans le domaine. Rejoignez une équipe dynamique et contribuez à des projets innovants.,· Excel | · Tax | · QuickBooks | · IFRS | · Accounting,banque / finance / assurances,3 - 7 Yrs of Exp,Entry Level,,1000 - 1300 TND,Ariana,Stage,Sur site,2026-03-21,21 mars 2026,No,Keejob,https://www.keejob.com/offres-emploi/100003/accountant/
100004,AI Engineer,VALEO TUNISIA,VALEO TUNISIA recrute un(e) AI Engineer. Le/La candidat(e) idéal(e) maîtrise Hugging Face | Computer Vision | NLP et dispose d'une solide expérience dans le domaine. Rejoignez une équipe dynamique et contribuez à des projets innovants.,· Hugging Face | · Computer Vision | · NLP | · LLMs | · TensorFlow,informatique / télécoms,1 - 3 Yrs of Exp,Senior,,1000 - 1500 TND,"La Soukra, Ariana",CDD | SIVP,Teletravail,2026-02-09,9 février 2026,Non,Wuzzuf,https://wuzzuf.net/jobs/p/100004/ai-engineer/
100005,Electrical Engineer,LEONI,LEONI recrute un(e) Electrical Engineer. Le/La candidat(e) idéal(e) maîtrise PLC | Electrical Design | Power Systems et dispose d'une solide expérience dans le domaine. Rejoignez une équipe dynamique et contribuez à des projets innovants.,· PLC | · Electrical Design | · Power Systems | · SCADA | · AutoCAD,électronique / électricité / énergie,1 an d'exp,Experienced,,2500 - 4000 TND,Ben Arous,CDI,Teletravail,2026-01-30,30 janvier 2026,Yes,Wuzzuf,https://wuzzuf.net/jobs/p/100005/electrical-engineer/
100006,Customer Services Officer,ORANGE TUNISIE,ORANGE TUNISIE recrute un(e) Customer Services Officer. Le/La candidat(e) idéal(e) maîtrise Problem Solving | CRM | Communication et dispose d'une solide expérience dans le domaine. Rejoignez une équipe dynamique et contribuez à des projets innovants.,· Problem Solving | · CRM | · Communication | · Customer Care,call center / télévente,3 - 7 Yrs of Exp,Entry Level,,2500 - 4000 TND,"Oued Ellil, La Manouba",CDI | CDD,Hybrid,2026-03-15,15 mars 2026,Non,TunisieTravail,https://www.tunisietravail.net/offre/100006/customer-services-officer/
100007,Cloud Architect,APTIV,APTIV recrute un(e) Cloud Architect. Le/La candidat(e) idéal(e) maîtrise Terraform | AWS | Kubernetes et dispose d'une solide expérience dans le domaine. Rejoignez une équipe dynamique et contribuez à des projets innovants.,· Terraform | · AWS | · Kubernetes | · Microservices | · GCP,informatique / télécoms,7+ Yrs of Exp,Senior,,2500 - 4000 TND,Nabeul,CDI | SIVP,Remote,2026-02-01,1 février 2026,Yes,Wuzzuf,https://wuzzuf.net/jobs/p/100007/cloud-architect/
100008,QA Engineer,DELPHI TECHNOLOGIES,DELPHI TECHNOLOGIES recrute un(e) QA Engineer. Le/La candidat(e) idéal(e) maîtrise Selenium | Agile Testing | Test Automation et dispose d'une solide expérience dans le domaine. Rejoignez une équipe dynamique et contribuez à des projets innovants.,· Selenium | · Agile Testing | · Test Automation | · JUnit | · JIRA,informatique / télécoms,7+ Yrs of Exp,Manager,,4000 - 5000 TND,Tunis,CDD | SIVP,Hybride,2026-03-05,5 mars 2026,No,Keejob,https://www.keejob.com/offres-emploi/100008/qa-engineer/
100009,Procurement Officer,COFICAB,COFICAB recrute un(e) Procurement Officer. Le/La candidat(e) idéal(e) maîtrise Negotiation | Procurement | ERP et dispose d'une solide expérience dans le domaine. Rejoignez une équipe dynamique et contribuez à des projets innovants.,· Negotiation | · Procurement | · ERP | · Contract Management | · Sourcing,commerce / vente / distribution,2-4 an,Junior,,1500 - 2500 TND,Monastir,CDI,Sur site,2026-02-28,28 février 2026,No,Wuzzuf,https://wuzzuf.net/jobs/p/100009/procurement-officer/
100010,SAP Consultant,TUNISIE TELECOM,TUNISIE TELECOM recrute un(e) SAP Consultant. Le/La candidat(e) idéal(e) maîtrise SAP MM | SAP SD | SAP FI et dispose d'une solide expérience dans le domaine. Rejoignez une équipe dynamique et contribuez à des projets innovants.,· SAP MM | · SAP SD | · SAP FI | · SAP HANA | · ABAP,informatique / télécoms,2 ans d'exp,Manager,,1000 - 1500 TND,"Hammam Sousse, Sousse",CDI | CDD,Présentiel,2026-01-30,30 janvier 2026,Non,Tunijobs,https://www.tunijobs.com/job/100010/sap-consultant/
100011,QA Engineer,APTIV,APTIV recrute un(e) QA Engineer. Le/La candidat(e) idéal(e) maîtrise Agile Testing | JIRA | Selenium et dispose d'une solide expérience dans le domaine. Rejoignez une équipe dynamique et contribuez à des projets innovants.,· Agile Testing | · JIRA | · Selenium | · Test Automation | · JUnit,informatique / télécoms,5+ Yrs of Exp,Senior Management,,4000 - 5000 TND,Sfax,CDD,Teletravail,2026-02-09,9 février 2026,Non,Tunijobs,https://www.tunijobs.com/job/100011/qa-engineer/
100012,Marketing Manager,BANK ABC,BANK ABC recrute un(e) Marketing Manager. Le/La candidat(e) idéal(e) maîtrise Brand Management | SEO | Google Ads et dispose d'une solide expérience dans le domaine. Rejoignez une équipe dynamique et contribuez à des projets innovants.,· Brand Management | · SEO | · Google Ads | · Digital Marketing | · CRM,communication / publicité / média,1 an d'exp,Directeur,,1000 - 1300 TND,Tunis,Stage,Hybrid,2026-02-06,6 février 2026,Non,Keejob,https://www.keejob.com/offres-emploi/100012/marketing-manager/
100013,Procurement Officer,TUNISIE TELECOM,TUNISIE TELECOM recrute un(e) Procurement Officer. Le/La candidat(e) idéal(e) maîtrise ERP | Sourcing | Procurement et dispose d'une solide expérience dans le domaine. Rejoignez une équipe dynamique et contribuez à des projets innovants.,· ERP | · Sourcing | · Procurement | · Contract Management | · Negotiation,commerce / vente / distribution,60 ans d'exp,Sans exp,,1200 - 1400 TND,Sfax,CDI,Hybride,2026-02-01,1 février 2026,No,Wuzzuf,https://wuzzuf.net/jobs/p/100013/procurement-officer/
100014,HR Manager,SAFRAN,SAFRAN recrute un(e) HR Manager. Le/La candidat(e) idéal(e) maîtrise HRIS | Performance Management | Labor Law et dispose d'une solide expérience dans le domaine. Rejoignez une équipe dynamique et contribuez à des projets innovants.,· HRIS | · Performance Management | · Labor Law | · Recruitment | · Payroll,recrutement / ressources humaines,5+ Yrs of Exp,Senior,,1200 - 1400 TND,Ariana,CDD,Présentiel,2026-02-26,26 février 2026,No,Keejob,https://www.keejob.com/offres-emploi/100014/hr-manager/
100015,Cloud Architect,SAFRAN,SAFRAN recrute un(e) Cloud Architect. Le/La candidat(e) idéal(e) maîtrise Azure | GCP | Terraform et dispose d'une solide expérience dans le domaine. Rejoignez une équipe dynamique et contribuez à des projets innovants.,· Azure | · GCP | · Terraform | · AWS | · Kubernetes,informatique / télécoms,2 ans d'exp,Junior,,800 - 1100 TND,Sfax,Stage,Télétravail complet,2026-01-31,31 janvier 2026,Non,Tunijobs,https://www.tunijobs.com/job/100015/cloud-architect/
100016,Frontend Developer,SAFRAN,SAFRAN recrute un(e) Frontend Developer. Le/La candidat(e) idéal(e) maîtrise CSS | TypeScript | Vue.js et dispose d'une solide expérience dans le domaine. Rejoignez une équipe dynamique et contribuez à des projets innovants.,· CSS | · TypeScript | · Vue.js | · JavaScript | · React.js,informatique / télécoms,1 an d'exp,Sans exp,,1100 - 1400 TND,Monastir,SIVP,Remote,2026-02-27,27 février 2026,Yes,Wuzzuf,https://wuzzuf.net/jobs/p/100016/frontend-developer/
100017,Content Writer,SAMSUNG TUNISIA,SAMSUNG TUNISIA recrute un(e) Content Writer. Le/La candidat(e) idéal(e) maîtrise English | WordPress | SEO et dispose d'une solide expérience dans le domaine. Rejoignez une équipe dynamique et contribuez à des projets innovants.,· English | · WordPress | · SEO | · Copywriting | · French,communication / publicité / média,1 an d'exp,Experienced,,800 - 1100 TND,Tunis,CDI | SIVP,Remote,2026-03-20,20 mars 2026,Yes,Wuzzuf,https://wuzzuf.net/jobs/p/100017/content-writer/
100018,Legal Counsel,BIAT,BIAT recrute un(e) Legal Counsel. Le/La candidat(e) idéal(e) maîtrise Corporate Law | Legal Research | Litigation et dispose d'une solide expérience dans le domaine. Rejoignez une équipe dynamique et contribuez à des projets innovants.,· Corporate Law | · Legal Research | · Litigation | · Compliance | · Contract Law,juridique / droit,2 ans d'exp,Directeur,,800 - 1100 TND,"Oued Ellil, La Manouba",CDI,Remote,2026-02-26,26 février 2026,Yes,Wuzzuf,https://wuzzuf.net/jobs/p/100018/legal-counsel/
100019,SEO Specialist,POULINA GROUP,POULINA GROUP recrute un(e) SEO Specialist. Le/La candidat(e) idéal(e) maîtrise HTML | Keyword Research | Google Analytics et dispose d'une solide expérience dans le domaine. Rejoignez une équipe dynamique et contribuez à des projets innovants.,· HTML | · Keyword Research | · Google Analytics | · SEO | · SEM,informatique / télécoms,7+ Yrs of Exp,Manager,,1100 - 1400 TND,Monastir,SIVP,Télétravail complet,2026-03-07,7 mars 2026,Non,Wuzzuf,https://wuzzuf.net/jobs/p/100019/seo-specialist/
100020,Data Scientist,VALEO TUNISIA,VALEO TUNISIA recrute un(e) Data Scientist. Le/La candidat(e) idéal(e) maîtrise Statistics | Scikit-learn | Python et dispose d'une solide expérience dans le domaine. Rejoignez une équipe dynamique et contribuez à des projets innovants.,· Statistics | · Scikit-learn | · Python | · Pandas | · TensorFlow,informatique / télécoms,1 - 3 Yrs of Exp,Manager,,1500 - 2500 TND,Sfax,CDD,Hybrid,2026-02-19,19 février 2026,No,Wuzzuf,https://wuzzuf.net/jobs/p/100020/data-scientist/
100021,Frontend Developer,VALEO TUNISIA,VALEO TUNISIA recrute un(e) Frontend Developer. Le/La candidat(e) idéal(e) maîtrise JavaScript | HTML | React.js et dispose d'une solide expérience dans le domaine. Rejoignez une équipe dynamique et contribuez à des projets innovants.,· JavaScript | · HTML | · React.js | · TypeScript | · Vue.js,informatique / télécoms,2-4 an,Entry Level,,1000 - 1300 TND,Sfax,CDD | SIVP,Présentiel,2026-01-22,22 janvier 2026,Non,Keejob,https://www.keejob.com/offres-emploi/100021/frontend-developer/
100022,AI Engineer,MICROSOFT TUNISIA,MICROSOFT TUNISIA recrute un(e) AI Engineer. Le/La candidat(e) idéal(e) maîtrise TensorFlow | NLP | Computer Vision et dispose d'une solide expérience dans le domaine. Rejoignez une équipe dynamique et contribuez à des projets innovants.,· TensorFlow | · NLP | · Computer Vision | · Python | · Hugging Face,informatique / télécoms,1 an d'exp,Senior,,2500 - 4000 TND,Ben Arous,CDI,Sur site,2026-03-07,7 mars 2026,No,Tunijobs,https://www.tunijobs.com/job/100022/ai-engineer/
100023,Cloud Architect,DELICE DANONE,DELICE DANONE recrute un(e) Cloud Architect. Le/La candidat(e) idéal(e) maîtrise GCP | Azure | Terraform et dispose d'une solide expérience dans le domaine. Rejoignez une équipe dynamique et contribuez à des projets innovants.,· GCP | · Azure | · Terraform | · Microservices | · Kubernetes,informatique / télécoms,2 ans d'exp,Manager,,800 - 1100 TND,La Manouba,CDI | SIVP,Présentiel,2026-03-16,16 mars 2026,Non,Keejob,https://www.keejob.com/offres-emploi/100023/cloud-architect/
100024,Logistics Coordinator,SOFRECOM,SOFRECOM recrute un(e) Logistics Coordinator. Le/La candidat(e) idéal(e) maîtrise Shipping | Import | Export et dispose d'une solide expérience dans le domaine. Rejoignez une équipe dynamique et contribuez à des projets innovants.,· Shipping | · Import | · Export | · Customs | · Transport Management,logistique / transport,3 - 7 Yrs of Exp,Senior,,1500 - 2500 TND,"La Soukra, Ariana",Stage,Remote,2026-02-08,8 février 2026,Yes,Wuzzuf,https://wuzzuf.net/jobs/p/100024/logistics-coordinator/
100025,Mobile Developer,TUNISIE TELECOM,TUNISIE TELECOM recrute un(e) Mobile Developer. Le/La candidat(e) idéal(e) maîtrise React Native | iOS | Kotlin et dispose d'une solide expérience dans le domaine. Rejoignez une équipe dynamique et contribuez à des projets innovants.,· React Native | · iOS | · Kotlin | · Flutter | · Swift,informatique / télécoms,7+ Yrs of Exp,Directeur,,1100 - 1400 TND,Sousse,Stage,Hybride,2026-02-01,1 février 2026,Non,TunisieTravail,https://www.tunisietravail.net/offre/100025/mobile-developer/
100026,Accountant,PROXYM GROUP,PROXYM GROUP recrute un(e) Accountant. Le/La candidat(e) idéal(e) maîtrise Accounting | QuickBooks | Excel et dispose d'une solide expérience dans le domaine. Rejoignez une équipe dynamique et contribuez à des projets innovants.,· Accounting | · QuickBooks | · Excel | · Tax | · IFRS,banque / finance / assurances,3 - 7 Yrs of Exp,Directeur,,800 - 1100 TND,"Hammam Sousse, Sousse",CDD,Remote,2026-03-04,4 mars 2026,No,TunisieTravail,https://www.tunisietravail.net/offre/100026/accountant/
100027,AI Engineer,PROXYM GROUP,PROXYM GROUP recrute un(e) AI Engineer. Le/La candidat(e) idéal(e) maîtrise Python | Computer Vision | TensorFlow et dispose d'une solide expérience dans le domaine. Rejoignez une équipe dynamique et contribuez à des projets innovants.,· Python | · Computer Vision | · TensorFlow | · LLMs | · NLP,informatique / télécoms,1 an d'exp,Senior,,1100 - 1400 TND,Sousse,CDI | SIVP,Hybrid,2026-01-22,22 janvier 2026,Non,TunisieTravail,https://www.tunisietravail.net/offre/100027/ai-engineer/
100028,Business Intelligence Analyst,CARTHAGO CERAMICS,CARTHAGO CERAMICS recrute un(e) Business Intelligence Analyst. Le/La candidat(e) idéal(e) maîtrise ETL | DAX | Tableau et dispose d'une solide expérience dans le domaine. Rejoignez une équipe dynamique et contribuez à des projets innovants.,· ETL | · DAX | · Tableau | · SQL | · Power BI,banque / finance / assurances,3 - 7 Yrs of Exp,Entry Level,,800 - 1100 TND,"Lac 2, Tunis",CDI | CDD,Sur site,2026-01-25,25 janvier 2026,Yes,Tunijobs,https://www.tunijobs.com/job/100028/business-intelligence-analyst/
100029,Graphic Designer,SAMSUNG TUNISIA,SAMSUNG TUNISIA recrute un(e) Graphic Designer. Le/La candidat(e) idéal(e) maîtrise Illustrator | InDesign | Typography et dispose d'une solide expérience dans le domaine. Rejoignez une équipe dynamique et contribuez à des projets innovants.,· Illustrator | · InDesign | · Typography | · Photoshop | · Branding,communication / publicité / média,2 ans d'exp,Entry Level,,1100 - 1400 TND,"Hammam Sousse, Sousse",CDI | CDD,Hybrid,2026-02-09,9 février 2026,No,TunisieTravail,https://www.tunisietravail.net/offre/100029/graphic-designer/
100030,Embedded Systems Engineer,DELPHI TECHNOLOGIES,DELPHI TECHNOLOGIES recrute un(e) Embedded Systems Engineer. Le/La candidat(e) idéal(e) maîtrise C++ | PCB Design | ARM et dispose d'une solide expérience dans le domaine. Rejoignez une équipe dynamique et contribuez à des projets innovants.,· C++ | · PCB Design | · ARM | · RTOS | · Microcontrollers,électronique / électricité / énergie,1 - 3 Yrs of Exp,Sans exp,,800 - 1100 TND,Ben Arous,SIVP,Teletravail,2026-02-12,12 février 2026,No,Wuzzuf,https://wuzzuf.net/jobs/p/100030/embedded-systems-engineer/
100031,SEO Specialist,CARTHAGO CERAMICS,CARTHAGO CERAMICS recrute un(e) SEO Specialist. Le/La candidat(e) idéal(e) maîtrise Keyword Research | SEM | Google Analytics et dispose d'une solide expérience dans le domaine. Rejoignez une équipe dynamique et contribuez à des projets innovants.,· Keyword Research | · SEM | · Google Analytics | · HTML | · SEO,informatique / télécoms,2-4 an,Senior,,1100 - 1400 TND,"La Soukra, Ariana",CDD | SIVP,Hybride,2026-02-01,1 février 2026,Yes,Tunijobs,https://www.tunijobs.com/job/100031/seo-specialist/
100032,Marketing Manager,TELNET HOLDING,TELNET HOLDING recrute un(e) Marketing Manager. Le/La candidat(e) idéal(e) maîtrise SEO | Google Ads | Digital Marketing et dispose d'une solide expérience dans le domaine. Rejoignez une équipe dynamique et contribuez à des projets innovants.,· SEO | · Google Ads | · Digital Marketing | · CRM | · Brand Management,communication / publicité / média,3 - 7 Yrs of Exp,Senior Management,,1000 - 1300 TND,Monastir,CDI | CDD,Hybride,2026-03-21,21 mars 2026,Yes,Keejob,https://www.keejob.com/offres-emploi/100032/marketing-manager/
100033,Product Manager,HUAWEI TUNISIA,HUAWEI TUNISIA recrute un(e) Product Manager. Le/La candidat(e) idéal(e) maîtrise Product Roadmap | User Stories | Scrum et dispose d'une solide expérience dans le domaine. Rejoignez une équipe dynamique et contribuez à des projets innovants.,· Product Roadmap | · User Stories | · Scrum | · Agile | · Jira,informatique / télécoms,2 ans d'exp,Sans exp,,1200 - 1400 TND,Sousse,Stage,Hybride,2026-01-25,25 janvier 2026,Yes,Keejob,https://www.keejob.com/offres-emploi/100033/product-manager/
100034,Electrical Engineer,EVERIENCE TUNISIA,EVERIENCE TUNISIA recrute un(e) Electrical Engineer. Le/La candidat(e) idéal(e) maîtrise Power Systems | Electrical Design | AutoCAD et dispose d'une solide expérience dans le domaine. Rejoignez une équipe dynamique et contribuez à des projets innovants.,· Power Systems | · Electrical Design | · AutoCAD | · SCADA | · PLC,électronique / électricité / énergie,5+ Yrs of Exp,Senior Management,,2500 - 4000 TND,"La Soukra, Ariana",CDI | CDD,Teletravail,2026-02-09,9 février 2026,Yes,Tunijobs,https://www.tunijobs.com/job/100034/electrical-engineer/
100035,Mechanical Engineer,VALEO TUNISIA,VALEO TUNISIA recrute un(e) Mechanical Engineer. Le/La candidat(e) idéal(e) maîtrise FEA | AutoCAD | Manufacturing et dispose d'une solide expérience dans le domaine. Rejoignez une équipe dynamique et contribuez à des projets innovants.,· FEA | · AutoCAD | · Manufacturing | · Thermodynamics | · SolidWorks,industrie / production / maintenance,60 ans d'exp,Senior,,1100 - 1400 TND,Ariana,SIVP,Hybrid,2026-03-06,6 mars 2026,No,Wuzzuf,https://wuzzuf.net/jobs/p/100035/mechanical-engineer/
100036,Graphic Designer,TELNET HOLDING,TELNET HOLDING recrute un(e) Graphic Designer. Le/La candidat(e) idéal(e) maîtrise Illustrator | Typography | Photoshop et dispose d'une solide expérience dans le domaine. Rejoignez une équipe dynamique et contribuez à des projets innovants.,· Illustrator | · Typography | · Photoshop | · Branding | · InDesign,communication / publicité / média,7+ Yrs of Exp,Sans exp,,1500 - 2500 TND,"La Soukra, Ariana",CDI | CDD,Remote,2026-03-19,19 mars 2026,Non,Wuzzuf,https://wuzzuf.net/jobs/p/100036/graphic-designer/
100037,UX/UI Designer,INTILAAQ,INTILAAQ recrute un(e) UX/UI Designer. Le/La candidat(e) idéal(e) maîtrise User Research | Wireframing | Prototyping et dispose d'une solide expérience dans le domaine. Rejoignez une équipe dynamique et contribuez à des projets innovants.,· User Research | · Wireframing | · Prototyping | · Figma | · Adobe XD,communication / publicité / média,5+ Yrs of Exp,Entry Level,,2500 - 4000 TND,Nabeul,CDI | SIVP,Hybride,2026-03-23,23 mars 2026,Yes,Tunijobs,https://www.tunijobs.com/job/100037/uxui-designer/
100038,Graphic Designer,GFI TUNISIE,GFI TUNISIE recrute un(e) Graphic Designer. Le/La candidat(e) idéal(e) maîtrise Typography | Illustrator | Branding et dispose d'une solide expérience dans le domaine. Rejoignez une équipe dynamique et contribuez à des projets innovants.,· Typography | · Illustrator | · Branding | · Photoshop | · InDesign,communication / publicité / média,1 an d'exp,Sans exp,,1500 - 2500 TND,"Hammam Sousse, Sousse",CDD | SIVP,Télétravail complet,2026-02-20,20 février 2026,No,Tunijobs,https://www.tunijobs.com/job/100038/graphic-designer/
100039,Frontend Developer,INTILAAQ,INTILAAQ recrute un(e) Frontend Developer. Le/La candidat(e) idéal(e) maîtrise CSS | Vue.js | React.js et dispose d'une solide expérience dans le domaine. Rejoignez une équipe dynamique et contribuez à des projets innovants.,· CSS | · Vue.js | · React.js | · JavaScript | · TypeScript,informatique / télécoms,7+ Yrs of Exp,Manager,,4000 - 5000 TND,Sousse,CDI,Hybrid,2026-02-10,10 février 2026,No,Keejob,https://www.keejob.com/offres-emploi/100039/frontend-developer/
100040,Customer Services Officer,ORANGE TUNISIE,ORANGE TUNISIE recrute un(e) Customer Services Officer. Le/La candidat(e) idéal(e) maîtrise Problem Solving | CRM | Communication et dispose d'une solide expérience dans le domaine. Rejoignez une équipe dynamique et contribuez à des projets innovants.,· Problem Solving | · CRM | · Communication | · Customer Care,call center / télévente,7+ Yrs of Exp,Entry Level,,1000 - 1300 TND,Monastir,CDI,Hybride,2026-02-03,3 février 2026,Yes,TunisieTravail,https://www.tunisietravail.net/offre/100040/customer-services-officer/
100041,Full Stack Developer,SOPRA HR SOFTWARE,SOPRA HR SOFTWARE recrute un(e) Full Stack Developer. Le/La candidat(e) idéal(e) maîtrise Node.js | React.js | Docker et dispose d'une solide expérience dans le domaine. Rejoignez une équipe dynamique et contribuez à des projets innovants.,· Node.js | · React.js | · Docker | · PostgreSQL | · MongoDB,informatique / télécoms,1 an d'exp,Manager,,1200 - 1400 TND,Sousse,CDI | CDD,Hybride,2026-01-29,29 janvier 2026,Non,Wuzzuf,https://wuzzuf.net/jobs/p/100041/full-stack-developer/
100042,Social Media Manager,ORANGE TUNISIE,ORANGE TUNISIE recrute un(e) Social Media Manager. Le/La candidat(e) idéal(e) maîtrise Meta Ads | Analytics | Content Creation et dispose d'une solide expérience dans le domaine. Rejoignez une équipe dynamique et contribuez à des projets innovants.,· Meta Ads | · Analytics | · Content Creation | · Social Media | · Canva,communication / publicité / média,2 ans d'exp,Junior,,1100 - 1400 TND,"Oued Ellil, La Manouba",CDD | SIVP,Remote,2026-03-04,4 mars 2026,No,Wuzzuf,https://wuzzuf.net/jobs/p/100042/social-media-manager/
100043,Product Manager,TELNET HOLDING,TELNET HOLDING recrute un(e) Product Manager. Le/La candidat(e) idéal(e) maîtrise User Stories | Scrum | Agile et dispose d'une solide expérience dans le domaine. Rejoignez une équipe dynamique et contribuez à des projets innovants.,· User Stories | · Scrum | · Agile | · Product Roadmap | · Jira,informatique / télécoms,7+ Yrs of Exp,Experienced,,1000 - 1300 TND,"La Soukra, Ariana",CDD | SIVP,Hybrid,2026-03-01,1 mars 2026,Non,Keejob,https://www.keejob.com/offres-emploi/100043/product-manager/
100044,Supply Chain Analyst,INTILAAQ,INTILAAQ recrute un(e) Supply Chain Analyst. Le/La candidat(e) idéal(e) maîtrise Forecasting | Supply Chain Management | SAP et dispose d'une solide expérience dans le domaine. Rejoignez une équipe dynamique et contribuez à des projets innovants.,· Forecasting | · Supply Chain Management | · SAP | · Logistics | · Excel,logistique / transport,2-4 an,Entry Level,,4000 - 5000 TND,Monastir,CDI | CDD,Télétravail complet,2026-02-24,24 février 2026,Yes,Wuzzuf,https://wuzzuf.net/jobs/p/100044/supply-chain-analyst/
100045,SEO Specialist,ESPRIT SCHOOL,ESPRIT SCHOOL recrute un(e) SEO Specialist. Le/La candidat(e) idéal(e) maîtrise Keyword Research | Google Analytics | SEO et dispose d'une solide expérience dans le domaine. Rejoignez une équipe dynamique et contribuez à des projets innovants.,· Keyword Research | · Google Analytics | · SEO | · SEM | · HTML,informatique / télécoms,60 ans d'exp,Sans exp,,1500 - 2500 TND,Tunis,CDI | CDD,Télétravail complet,2026-02-03,3 février 2026,No,Wuzzuf,https://wuzzuf.net/jobs/p/100045/seo-specialist/
100046,Backend Developer,SATORIPHAN GROUP,SATORIPHAN GROUP recrute un(e) Backend Developer. Le/La candidat(e) idéal(e) maîtrise Django | Spring Boot | Redis et dispose d'une solide expérience dans le domaine. Rejoignez une équipe dynamique et contribuez à des projets innovants.,· Django | · Spring Boot | · Redis | · REST API | · PostgreSQL,informatique / télécoms,1 an d'exp,Directeur,,1000 - 1300 TND,Ariana,CDD | SIVP,Remote,2026-02-16,16 février 2026,No,TunisieTravail,https://www.tunisietravail.net/offre/100046/backend-developer/
100047,Content Writer,COFICAB,COFICAB recrute un(e) Content Writer. Le/La candidat(e) idéal(e) maîtrise SEO | WordPress | French et dispose d'une solide expérience dans le domaine. Rejoignez une équipe dynamique et contribuez à des projets innovants.,· SEO | · WordPress | · French | · English | · Copywriting,communication / publicité / média,3 - 7 Yrs of Exp,Sans exp,,1200 - 1400 TND,Ben Arous,CDD | SIVP,Présentiel,2026-03-05,5 mars 2026,No,Keejob,https://www.keejob.com/offres-emploi/100047/content-writer/
100048,Mechanical Engineer,DELPHI TECHNOLOGIES,DELPHI TECHNOLOGIES recrute un(e) Mechanical Engineer. Le/La candidat(e) idéal(e) maîtrise Manufacturing | FEA | AutoCAD et dispose d'une solide expérience dans le domaine. Rejoignez une équipe dynamique et contribuez à des projets innovants.,· Manufacturing | · FEA | · AutoCAD | · Thermodynamics | · SolidWorks,industrie / production / maintenance,1 - 3 Yrs of Exp,Entry Level,,1200 - 1400 TND,Sfax,CDD | SIVP,Teletravail,2026-03-06,6 mars 2026,No,Tunijobs,https://www.tunijobs.com/job/100048/mechanical-engineer/
100049,Cybersecurity Engineer,AIRBUS TUNISIA,AIRBUS TUNISIA recrute un(e) Cybersecurity Engineer. Le/La candidat(e) idéal(e) maîtrise ISO 27001 | Penetration Testing | SIEM et dispose d'une solide expérience dans le domaine. Rejoignez une équipe dynamique et contribuez à des projets innovants.,· ISO 27001 | · Penetration Testing | · SIEM | · Firewall | · Network Security,informatique / télécoms,1 - 3 Yrs of Exp,Senior,,1200 - 1400 TND,Ben Arous,CDD,Hybrid,2026-02-05,5 février 2026,Non,TunisieTravail,https://www.tunisietravail.net/offre/100049/cybersecurity-engineer/
100050,SAP Consultant,BANK ABC,BANK ABC recrute un(e) SAP Consultant. Le/La candidat(e) idéal(e) maîtrise SAP HANA | SAP SD | ABAP et dispose d'une solide expérience dans le domaine. Rejoignez une équipe dynamique et contribuez à des projets innovants.,· SAP HANA | · SAP SD | · ABAP | · SAP MM | · SAP FI,informatique / télécoms,2-4 an,Senior Management,,1000 - 1300 TND,Tunis,CDI | SIVP,Hybrid,2026-02-07,7 février 2026,No,TunisieTravail,https://www.tunisietravail.net/offre/100050/sap-consultant/
100051,Mechanical Engineer,VALEO TUNISIA,VALEO TUNISIA recrute un(e) Mechanical Engineer. Le/La candidat(e) idéal(e) maîtrise FEA | AutoCAD | SolidWorks et dispose d'une solide expérience dans le domaine. Rejoignez une équipe dynamique et contribuez à des projets innovants.,· FEA | · AutoCAD | · SolidWorks | · Thermodynamics | · Manufacturing,industrie / production / maintenance,2 ans d'exp,Sans exp,,4000 - 5000 TND,Sfax,CDI | SIVP,Hybride,2026-01-30,30 janvier 2026,Yes,Keejob,https://www.keejob.com/offres-emploi/100051/mechanical-engineer/
100052,Full Stack Developer,SOFRECOM,SOFRECOM recrute un(e) Full Stack Developer. Le/La candidat(e) idéal(e) maîtrise Node.js | Docker | MongoDB et dispose d'une solide expérience dans le domaine. Rejoignez une équipe dynamique et contribuez à des projets innovants.,· Node.js | · Docker | · MongoDB | · React.js | · PostgreSQL,informatique / télécoms,7+ Yrs of Exp,Directeur,,2500 - 4000 TND,Monastir,CDI | CDD,Hybrid,2026-02-16,16 février 2026,Yes,Keejob,https://www.keejob.com/offres-emploi/100052/full-stack-developer/
100053,Logistics Coordinator,MICROSOFT TUNISIA,MICROSOFT TUNISIA recrute un(e) Logistics Coordinator. Le/La candidat(e) idéal(e) maîtrise Customs | Shipping | Import et dispose d'une solide expérience dans le domaine. Rejoignez une équipe dynamique et contribuez à des projets innovants.,· Customs | · Shipping | · Import | · Transport Management | · Export,logistique / transport,2 ans d'exp,Manager,,1200 - 1400 TND,Sousse,CDI | SIVP,Sur site,2026-03-07,7 mars 2026,Non,Wuzzuf,https://wuzzuf.net/jobs/p/100053/logistics-coordinator/
100054,Data Scientist,SAFRAN,SAFRAN recrute un(e) Data Scientist. Le/La candidat(e) idéal(e) maîtrise SQL | Pandas | Statistics et dispose d'une solide expérience dans le domaine. Rejoignez une équipe dynamique et contribuez à des projets innovants.,· SQL | · Pandas | · Statistics | · Scikit-learn | · Machine Learning,informatique / télécoms,1 - 3 Yrs of Exp,Entry Level,,4000 - 5000 TND,Sfax,CDD | SIVP,Teletravail,2026-03-09,9 mars 2026,No,Keejob,https://www.keejob.com/offres-emploi/100054/data-scientist/
100055,SEO Specialist,SAMSUNG TUNISIA,SAMSUNG TUNISIA recrute un(e) SEO Specialist. Le/La candidat(e) idéal(e) maîtrise Google Analytics | SEM | SEO et dispose d'une solide expérience dans le domaine. Rejoignez une équipe dynamique et contribuez à des projets innovants.,· Google Analytics | · SEM | · SEO | · Keyword Research | · HTML,informatique / télécoms,2-4 an,Senior,,800 - 1100 TND,Sousse,Stage,Hybrid,2026-01-30,30 janvier 2026,Yes,TunisieTravail,https://www.tunisietravail.net/offre/100055/seo-specialist/
100056,Social Media Manager,MICROSOFT TUNISIA,MICROSOFT TUNISIA recrute un(e) Social Media Manager. Le/La candidat(e) idéal(e) maîtrise Meta Ads | Social Media | Content Creation et dispose d'une solide expérience dans le domaine. Rejoignez une équipe dynamique et contribuez à des projets innovants.,· Meta Ads | · Social Media | · Content Creation | · Analytics | · Canva,communication / publicité / média,60 ans d'exp,Senior Management,,1000 - 1300 TND,"Oued Ellil, La Manouba",CDI,Remote,2026-02-19,19 février 2026,Yes,TunisieTravail,https://www.tunisietravail.net/offre/100056/social-media-manager/
100057,Customer Services Officer,CARTHAGO CERAMICS,CARTHAGO CERAMICS recrute un(e) Customer Services Officer. Le/La candidat(e) idéal(e) maîtrise Communication | Customer Care | Problem Solving et dispose d'une solide expérience dans le domaine. Rejoignez une équipe dynamique et contribuez à des projets innovants.,· Communication | · Customer Care | · Problem Solving | · CRM,call center / télévente,1 - 3 Yrs of Exp,Junior,,1000 - 1500 TND,Monastir,CDI | SIVP,Hybride,2026-02-03,3 février 2026,No,Keejob,https://www.keejob.com/offres-emploi/100057/customer-services-officer/
100058,AI Engineer,BIAT,BIAT recrute un(e) AI Engineer. Le/La candidat(e) idéal(e) maîtrise TensorFlow | LLMs | Hugging Face et dispose d'une solide expérience dans le domaine. Rejoignez une équipe dynamique et contribuez à des projets innovants.,· TensorFlow | · LLMs | · Hugging Face | · Python | · NLP,informatique / télécoms,5+ Yrs of Exp,Experienced,,1000 - 1300 TND,Sousse,SIVP,Remote,2026-02-25,25 février 2026,Yes,TunisieTravail,https://www.tunisietravail.net/offre/100058/ai-engineer/
100059,Project Manager,MICROSOFT TUNISIA,MICROSOFT TUNISIA recrute un(e) Project Manager. Le/La candidat(e) idéal(e) maîtrise MS Project | Project Management | PMP et dispose d'une solide expérience dans le domaine. Rejoignez une équipe dynamique et contribuez à des projets innovants.,· MS Project | · Project Management | · PMP | · Risk Management | · Agile,informatique / télécoms,2 ans d'exp,Sans exp,,800 - 1100 TND,"Hammam Sousse, Sousse",Stage,Présentiel,2026-03-03,3 mars 2026,No,TunisieTravail,https://www.tunisietravail.net/offre/100059/project-manager/
100060,Supply Chain Analyst,EVERIENCE TUNISIA,EVERIENCE TUNISIA recrute un(e) Supply Chain Analyst. Le/La candidat(e) idéal(e) maîtrise SAP | Logistics | Forecasting et dispose d'une solide expérience dans le domaine. Rejoignez une équipe dynamique et contribuez à des projets innovants.,· SAP | · Logistics | · Forecasting | · Excel | · Supply Chain Management,logistique / transport,1 - 3 Yrs of Exp,Manager,,1100 - 1400 TND,Monastir,CDD | SIVP,Remote,2026-03-10,10 mars 2026,Non,Keejob,https://www.keejob.com/offres-emploi/100060/supply-chain-analyst/
100061,Machine Learning Engineer,DELICE DANONE,DELICE DANONE recrute un(e) Machine Learning Engineer. Le/La candidat(e) idéal(e) maîtrise Docker | Deep Learning | Kubernetes et dispose d'une solide expérience dans le domaine. Rejoignez une équipe dynamique et contribuez à des projets innovants.,· Docker | · Deep Learning | · Kubernetes | · MLOps | · Python,informatique / télécoms,3 - 7 Yrs of Exp,Senior,,4000 - 5000 TND,Sfax,CDD | SIVP,Télétravail complet,2026-03-18,18 mars 2026,Non,Tunijobs,https://www.tunijobs.com/job/100061/machine-learning-engineer/
100062,Project Manager,HUAWEI TUNISIA,HUAWEI TUNISIA recrute un(e) Project Manager. Le/La candidat(e) idéal(e) maîtrise Agile | Risk Management | PMP et dispose d'une solide expérience dans le domaine. Rejoignez une équipe dynamique et contribuez à des projets innovants.,· Agile | · Risk Management | · PMP | · MS Project | · Project Management,informatique / télécoms,2-4 an,Sans exp,,1200 - 1400 TND,"Oued Ellil, La Manouba",CDI | SIVP,Hybride,2026-02-22,22 février 2026,Non,Wuzzuf,https://wuzzuf.net/jobs/p/100062/project-manager/
100063,DevOps Engineer,ESPRIT SCHOOL,ESPRIT SCHOOL recrute un(e) DevOps Engineer. Le/La candidat(e) idéal(e) maîtrise AWS | CI/CD | Jenkins et dispose d'une solide expérience dans le domaine. Rejoignez une équipe dynamique et contribuez à des projets innovants.,· AWS | · CI/CD | · Jenkins | · Docker | · Kubernetes,informatique / télécoms,60 ans d'exp,Manager,,4000 - 5000 TND,"La Soukra, Ariana",CDI | CDD,Hybrid,2026-01-29,29 janvier 2026,No,TunisieTravail,https://www.tunisietravail.net/offre/100063/devops-engineer/
100064,Content Writer,COFICAB,COFICAB recrute un(e) Content Writer. Le/La candidat(e) idéal(e) maîtrise French | WordPress | English et dispose d'une solide expérience dans le domaine. Rejoignez une équipe dynamique et contribuez à des projets innovants.,· French | · WordPress | · English | · SEO | · Copywriting,communication / publicité / média,7+ Yrs of Exp,Directeur,,2500 - 4000 TND,Tunis,SIVP,Hybride,2026-02-15,15 février 2026,No,Wuzzuf,https://wuzzuf.net/jobs/p/100064/content-writer/
100065,Accountant,LEONI,LEONI recrute un(e) Accountant. Le/La candidat(e) idéal(e) maîtrise IFRS | QuickBooks | Accounting et dispose d'une solide expérience dans le domaine. Rejoignez une équipe dynamique et contribuez à des projets innovants.,· IFRS | · QuickBooks | · Accounting | · Tax | · Excel,banque / finance / assurances,60 ans d'exp,Senior,,4000 - 5000 TND,Tunis,CDD | SIVP,Teletravail,2026-01-27,27 janvier 2026,No,Keejob,https://www.keejob.com/offres-emploi/100065/accountant/
100066,Mobile Developer,TELNET HOLDING,TELNET HOLDING recrute un(e) Mobile Developer. Le/La candidat(e) idéal(e) maîtrise Kotlin | Swift | Android et dispose d'une solide expérience dans le domaine. Rejoignez une équipe dynamique et contribuez à des projets innovants.,· Kotlin | · Swift | · Android | · iOS | · React Native,informatique / télécoms,5+ Yrs of Exp,Sans exp,,1500 - 2500 TND,"Hammam Sousse, Sousse",CDD | SIVP,Télétravail complet,2026-01-28,28 janvier 2026,No,Keejob,https://www.keejob.com/offres-emploi/100066/mobile-developer/
100067,Graphic Designer,EVERIENCE TUNISIA,EVERIENCE TUNISIA recrute un(e) Graphic Designer. Le/La candidat(e) idéal(e) maîtrise Typography | Photoshop | Branding et dispose d'une solide expérience dans le domaine. Rejoignez une équipe dynamique et contribuez à des projets innovants.,· Typography | · Photoshop | · Branding | · Illustrator | · InDesign,communication / publicité / média,2 ans d'exp,Senior,,4000 - 5000 TND,Sousse,CDD | SIVP,Hybrid,2026-02-24,24 février 2026,Non,Keejob,https://www.keejob.com/offres-emploi/100067/graphic-designer/
100068,Software Developer,IBM TUNISIA,IBM TUNISIA recrute un(e) Software Developer. Le/La candidat(e) idéal(e) maîtrise Java | C++ | Agile et dispose d'une solide expérience dans le domaine. Rejoignez une équipe dynamique et contribuez à des projets innovants.,· Java | · C++ | · Agile | · Python | · Git,informatique / télécoms,7+ Yrs of Exp,Manager,,1000 - 1500 TND,Sousse,CDI,Présentiel,2026-03-08,8 mars 2026,No,Wuzzuf,https://wuzzuf.net/jobs/p/100068/software-developer/
100069,Technical Support Engineer,SAMSUNG TUNISIA,SAMSUNG TUNISIA recrute un(e) Technical Support Engineer. Le/La candidat(e) idéal(e) maîtrise Troubleshooting | Networking | ITIL et dispose d'une solide expérience dans le domaine. Rejoignez une équipe dynamique et contribuez à des projets innovants.,· Troubleshooting | · Networking | · ITIL | · Technical Support | · Windows,informatique / télécoms,1 - 3 Yrs of Exp,Senior Management,,1100 - 1400 TND,"Hammam Sousse, Sousse",CDI,Télétravail complet,2026-02-11,11 février 2026,No,Tunijobs,https://www.tunijobs.com/job/100069/technical-support-engineer/
100070,Embedded Systems Engineer,SAMSUNG TUNISIA,SAMSUNG TUNISIA recrute un(e) Embedded Systems Engineer. Le/La candidat(e) idéal(e) maîtrise Microcontrollers | C++ | C et dispose d'une solide expérience dans le domaine. Rejoignez une équipe dynamique et contribuez à des projets innovants.,· Microcontrollers | · C++ | · C | · PCB Design | · RTOS,électronique / électricité / énergie,7+ Yrs of Exp,Entry Level,,4000 - 5000 TND,Ben Arous,CDD,Remote,2026-02-11,11 février 2026,No,TunisieTravail,https://www.tunisietravail.net/offre/100070/embedded-systems-engineer/
100071,Business Intelligence Analyst,TUNISIE TELECOM,TUNISIE TELECOM recrute un(e) Business Intelligence Analyst. Le/La candidat(e) idéal(e) maîtrise ETL | Tableau | DAX et dispose d'une solide expérience dans le domaine. Rejoignez une équipe dynamique et contribuez à des projets innovants.,· ETL | · Tableau | · DAX | · Financial Reporting | · SQL,banque / finance / assurances,7+ Yrs of Exp,Entry Level,,800 - 1100 TND,"Oued Ellil, La Manouba",Stage,Hybride,2026-03-22,22 mars 2026,Yes,TunisieTravail,https://www.tunisietravail.net/offre/100071/business-intelligence-analyst/
100072,Full Stack Developer,CARTHAGO CERAMICS,CARTHAGO CERAMICS recrute un(e) Full Stack Developer. Le/La candidat(e) idéal(e) maîtrise HTML/CSS | PostgreSQL | MongoDB et dispose d'une solide expérience dans le domaine. Rejoignez une équipe dynamique et contribuez à des projets innovants.,· HTML/CSS | · PostgreSQL | · MongoDB | · React.js | · Node.js,informatique / télécoms,3 - 7 Yrs of Exp,Entry Level,,1000 - 1500 TND,"Hammam Sousse, Sousse",CDI,Hybride,2026-02-11,11 février 2026,Yes,Wuzzuf,https://wuzzuf.net/jobs/p/100072/full-stack-developer/
100073,Software Developer,MICROSOFT TUNISIA,MICROSOFT TUNISIA recrute un(e) Software Developer. Le/La candidat(e) idéal(e) maîtrise Git | Java | C++ et dispose d'une solide expérience dans le domaine. Rejoignez une équipe dynamique et contribuez à des projets innovants.,· Git | · Java | · C++ | · REST API | · Agile,informatique / télécoms,1 - 3 Yrs of Exp,Experienced,,2500 - 4000 TND,Sousse,CDD,Teletravail,2026-01-24,24 janvier 2026,Yes,Keejob,https://www.keejob.com/offres-emploi/100073/software-developer/
100074,Financial Analyst,APTIV,APTIV recrute un(e) Financial Analyst. Le/La candidat(e) idéal(e) maîtrise IFRS | Budgeting | Financial Modeling et dispose d'une solide expérience dans le domaine. Rejoignez une équipe dynamique et contribuez à des projets innovants.,· IFRS | · Budgeting | · Financial Modeling | · Excel | · Forecasting,banque / finance / assurances,5+ Yrs of Exp,Senior,,4000 - 5000 TND,Sfax,CDD,Télétravail complet,2026-02-04,4 février 2026,Non,TunisieTravail,https://www.tunisietravail.net/offre/100074/financial-analyst/
100075,Sales Manager,PROXYM GROUP,PROXYM GROUP recrute un(e) Sales Manager. Le/La candidat(e) idéal(e) maîtrise KPI Management | Negotiation | B2B Sales et dispose d'une solide expérience dans le domaine. Rejoignez une équipe dynamique et contribuez à des projets innovants.,· KPI Management | · Negotiation | · B2B Sales | · CRM | · Sales Strategy,commerce / vente / distribution,2 ans d'exp,Senior Management,,1500 - 2500 TND,"Hammam Sousse, Sousse",CDD | SIVP,Hybride,2026-02-17,17 février 2026,No,TunisieTravail,https://www.tunisietravail.net/offre/100075/sales-manager/
100076,SEO Specialist,LEONI,LEONI recrute un(e) SEO Specialist. Le/La candidat(e) idéal(e) maîtrise Keyword Research | SEO | HTML et dispose d'une solide expérience dans le domaine. Rejoignez une équipe dynamique et contribuez à des projets innovants.,· Keyword Research | · SEO | · HTML | · SEM | · Google Analytics,informatique / télécoms,5+ Yrs of Exp,Directeur,,1000 - 1300 TND,"Hammam Sousse, Sousse",Stage,Remote,2026-02-12,12 février 2026,Yes,Keejob,https://www.keejob.com/offres-emploi/100076/seo-specialist/
100077,SAP Consultant,DELICE DANONE,DELICE DANONE recrute un(e) SAP Consultant. Le/La candidat(e) idéal(e) maîtrise ABAP | SAP MM | SAP HANA et dispose d'une solide expérience dans le domaine. Rejoignez une équipe dynamique et contribuez à des projets innovants.,· ABAP | · SAP MM | · SAP HANA | · SAP FI | · SAP SD,informatique / télécoms,2 ans d'exp,Senior,,1200 - 1400 TND,"La Soukra, Ariana",CDD,Remote,2026-02-20,20 février 2026,No,TunisieTravail,https://www.tunisietravail.net/offre/100077/sap-consultant/
100078,Financial Analyst,SAMSUNG TUNISIA,SAMSUNG TUNISIA recrute un(e) Financial Analyst. Le/La candidat(e) idéal(e) maîtrise IFRS | Forecasting | Budgeting et dispose d'une solide expérience dans le domaine. Rejoignez une équipe dynamique et contribuez à des projets innovants.,· IFRS | · Forecasting | · Budgeting | · Financial Modeling | · Excel,banque / finance / assurances,60 ans d'exp,Sans exp,,1100 - 1400 TND,Tunis,CDD | SIVP,Hybrid,2026-01-29,29 janvier 2026,Non,Keejob,https://www.keejob.com/offres-emploi/100078/financial-analyst/
100079,Civil Engineer,VALEO TUNISIA,VALEO TUNISIA recrute un(e) Civil Engineer. Le/La candidat(e) idéal(e) maîtrise BIM | Revit | AutoCAD et dispose d'une solide expérience dans le domaine. Rejoignez une équipe dynamique et contribuez à des projets innovants.,· BIM | · Revit | · AutoCAD | · Construction | · Project Management,bâtiment / travaux publics / architecture,1 - 3 Yrs of Exp,Directeur,,1000 - 1300 TND,Monastir,CDI,Hybride,2026-02-26,26 février 2026,Non,Keejob,https://www.keejob.com/offres-emploi/100079/civil-engineer/
100080,Call Center Agent,BANK ABC,BANK ABC recrute un(e) Call Center Agent. Le/La candidat(e) idéal(e) maîtrise Customer Care | English | Communication et dispose d'une solide expérience dans le domaine. Rejoignez une équipe dynamique et contribuez à des projets innovants.,· Customer Care | · English | · Communication | · CRM | · French,call center / télévente,3 - 7 Yrs of Exp,Directeur,,1200 - 1400 TND,La Manouba,Stage,Teletravail,2026-01-29,29 janvier 2026,Yes,Keejob,https://www.keejob.com/offres-emploi/100080/call-center-agent/
100081,Data Scientist,ESPRIT SCHOOL,ESPRIT SCHOOL recrute un(e) Data Scientist. Le/La candidat(e) idéal(e) maîtrise Scikit-learn | Machine Learning | Pandas et dispose d'une solide expérience dans le domaine. Rejoignez une équipe dynamique et contribuez à des projets innovants.,· Scikit-learn | · Machine Learning | · Pandas | · TensorFlow | · Python,informatique / télécoms,1 an d'exp,Manager,,800 - 1100 TND,La Manouba,Stage,Télétravail complet,2026-02-09,9 février 2026,Non,Keejob,https://www.keejob.com/offres-emploi/100081/data-scientist/
100082,SEO Specialist,IBM TUNISIA,IBM TUNISIA recrute un(e) SEO Specialist. Le/La candidat(e) idéal(e) maîtrise SEO | Google Analytics | SEM et dispose d'une solide expérience dans le domaine. Rejoignez une équipe dynamique et contribuez à des projets innovants.,· SEO | · Google Analytics | · SEM | · HTML | · Keyword Research,informatique / télécoms,2 ans d'exp,Senior,,4000 - 5000 TND,Monastir,Stage,Hybrid,2026-02-18,18 février 2026,Yes,Tunijobs,https://www.tunijobs.com/job/100082/seo-specialist/
100083,SEO Specialist,VERMEG,VERMEG recrute un(e) SEO Specialist. Le/La candidat(e) idéal(e) maîtrise SEM | Google Analytics | Keyword Research et dispose d'une solide expérience dans le domaine. Rejoignez une équipe dynamique et contribuez à des projets innovants.,· SEM | · Google Analytics | · Keyword Research | · SEO | · HTML,informatique / télécoms,1 an d'exp,Junior,,4000 - 5000 TND,Nabeul,CDI | CDD,Hybride,2026-02-10,10 février 2026,Non,Tunijobs,https://www.tunijobs.com/job/100083/seo-specialist/
100084,Project Manager,HUAWEI TUNISIA,HUAWEI TUNISIA recrute un(e) Project Manager. Le/La candidat(e) idéal(e) maîtrise MS Project | Project Management | Risk Management et dispose d'une solide expérience dans le domaine. Rejoignez une équipe dynamique et contribuez à des projets innovants.,· MS Project | · Project Management | · Risk Management | · PMP | · Agile,informatique / télécoms,1 - 3 Yrs of Exp,Experienced,,2500 - 4000 TND,"Oued Ellil, La Manouba",CDI | SIVP,Hybrid,2026-03-15,15 mars 2026,No,Keejob,https://www.keejob.com/offres-emploi/100084/project-manager/
100085,Procurement Officer,CARTHAGO CERAMICS,CARTHAGO CERAMICS recrute un(e) Procurement Officer. Le/La candidat(e) idéal(e) maîtrise Sourcing | Procurement | ERP et dispose d'une solide expérience dans le domaine. Rejoignez une équipe dynamique et contribuez à des projets innovants.,· Sourcing | · Procurement | · ERP | · Contract Management | · Negotiation,commerce / vente / distribution,3 - 7 Yrs of Exp,Sans exp,,1500 - 2500 TND,Monastir,CDI | CDD,Remote,2026-02-23,23 février 2026,Yes,Tunijobs,https://www.tunijobs.com/job/100085/procurement-officer/
100086,Business Intelligence Analyst,IBM TUNISIA,IBM TUNISIA recrute un(e) Business Intelligence Analyst. Le/La candidat(e) idéal(e) maîtrise ETL | DAX | Tableau et dispose d'une solide expérience dans le domaine. Rejoignez une équipe dynamique et contribuez à des projets innovants.,· ETL | · DAX | · Tableau | · SQL | · Power BI,banque / finance / assurances,2 ans d'exp,Senior,,1000 - 1300 TND,Nabeul,CDI,Hybride,2026-03-19,19 mars 2026,Yes,Tunijobs,https://www.tunijobs.com/job/100086/business-intelligence-analyst/
100087,Financial Analyst,GFI TUNISIE,GFI TUNISIE recrute un(e) Financial Analyst. Le/La candidat(e) idéal(e) maîtrise Excel | Financial Modeling | Budgeting et dispose d'une solide expérience dans le domaine. Rejoignez une équipe dynamique et contribuez à des projets innovants.,· Excel | · Financial Modeling | · Budgeting | · IFRS | · Forecasting,banque / finance / assurances,7+ Yrs of Exp,Junior,,1100 - 1400 TND,"Oued Ellil, La Manouba",SIVP,Hybrid,2026-03-01,1 mars 2026,Non,Tunijobs,https://www.tunijobs.com/job/100087/financial-analyst/
100088,Social Media Manager,APTIV,APTIV recrute un(e) Social Media Manager. Le/La candidat(e) idéal(e) maîtrise Content Creation | Canva | Analytics et dispose d'une solide expérience dans le domaine. Rejoignez une équipe dynamique et contribuez à des projets innovants.,· Content Creation | · Canva | · Analytics | · Meta Ads | · Social Media,communication / publicité / média,5+ Yrs of Exp,Senior,,1100 - 1400 TND,"Oued Ellil, La Manouba",CDD,Télétravail complet,2026-03-01,1 mars 2026,No,Keejob,https://www.keejob.com/offres-emploi/100088/social-media-manager/
100089,Content Writer,COFICAB,COFICAB recrute un(e) Content Writer. Le/La candidat(e) idéal(e) maîtrise French | English | Copywriting et dispose d'une solide expérience dans le domaine. Rejoignez une équipe dynamique et contribuez à des projets innovants.,· French | · English | · Copywriting | · Content Strategy | · SEO,communication / publicité / média,1 - 3 Yrs of Exp,Entry Level,,1500 - 2500 TND,La Manouba,CDI,Teletravail,2026-03-12,12 mars 2026,Non,Keejob,https://www.keejob.com/offres-emploi/100089/content-writer/
100090,Social Media Manager,SAMSUNG TUNISIA,SAMSUNG TUNISIA recrute un(e) Social Media Manager. Le/La candidat(e) idéal(e) maîtrise Meta Ads | Social Media | Canva et dispose d'une solide expérience dans le domaine. Rejoignez une équipe dynamique et contribuez à des projets innovants.,· Meta Ads | · Social Media | · Canva | · Analytics | · Content Creation,communication / publicité / média,7+ Yrs of Exp,Senior Management,,1500 - 2500 TND,Sousse,SIVP,Hybrid,2026-02-27,27 février 2026,Yes,Wuzzuf,https://wuzzuf.net/jobs/p/100090/social-media-manager/
100091,Customer Services Officer,COFICAB,COFICAB recrute un(e) Customer Services Officer. Le/La candidat(e) idéal(e) maîtrise Customer Care | Problem Solving | Communication et dispose d'une solide expérience dans le domaine. Rejoignez une équipe dynamique et contribuez à des projets innovants.,· Customer Care | · Problem Solving | · Communication | · CRM,call center / télévente,2 ans d'exp,Entry Level,,4000 - 5000 TND,"Hammam Sousse, Sousse",CDI | CDD,Remote,2026-02-08,8 février 2026,Yes,Keejob,https://www.keejob.com/offres-emploi/100091/customer-services-officer/
100092,Civil Engineer,SAFRAN,SAFRAN recrute un(e) Civil Engineer. Le/La candidat(e) idéal(e) maîtrise Revit | BIM | Construction et dispose d'une solide expérience dans le domaine. Rejoignez une équipe dynamique et contribuez à des projets innovants.,· Revit | · BIM | · Construction | · AutoCAD | · Project Management,bâtiment / travaux publics / architecture,1 - 3 Yrs of Exp,Senior Management,,1100 - 1400 TND,Tunis,CDD,Remote,2026-03-16,16 mars 2026,Yes,Tunijobs,https://www.tunijobs.com/job/100092/civil-engineer/
100093,Full Stack Developer,BANK ABC,BANK ABC recrute un(e) Full Stack Developer. Le/La candidat(e) idéal(e) maîtrise Node.js | MongoDB | HTML/CSS et dispose d'une solide expérience dans le domaine. Rejoignez une équipe dynamique et contribuez à des projets innovants.,· Node.js | · MongoDB | · HTML/CSS | · React.js | · PostgreSQL,informatique / télécoms,2 ans d'exp,Junior,,4000 - 5000 TND,"Lac 2, Tunis",CDI | CDD,Teletravail,2026-03-03,3 mars 2026,Non,TunisieTravail,https://www.tunisietravail.net/offre/100093/full-stack-developer/
100094,Accountant,DELPHI TECHNOLOGIES,DELPHI TECHNOLOGIES recrute un(e) Accountant. Le/La candidat(e) idéal(e) maîtrise IFRS | Tax | Accounting et dispose d'une solide expérience dans le domaine. Rejoignez une équipe dynamique et contribuez à des projets innovants.,· IFRS | · Tax | · Accounting | · Excel | · QuickBooks,banque / finance / assurances,60 ans d'exp,Senior,,1500 - 2500 TND,"Oued Ellil, La Manouba",CDI | CDD,Présentiel,2026-03-22,22 mars 2026,No,Tunijobs,https://www.tunijobs.com/job/100094/accountant/
100095,Supply Chain Analyst,MICROSOFT TUNISIA,MICROSOFT TUNISIA recrute un(e) Supply Chain Analyst. Le/La candidat(e) idéal(e) maîtrise Supply Chain Management | Forecasting | Excel et dispose d'une solide expérience dans le domaine. Rejoignez une équipe dynamique et contribuez à des projets innovants.,· Supply Chain Management | · Forecasting | · Excel | · SAP | · Logistics,logistique / transport,5+ Yrs of Exp,Senior,,2500 - 4000 TND,Sfax,CDD,Remote,2026-01-29,29 janvier 2026,Yes,Tunijobs,https://www.tunijobs.com/job/100095/supply-chain-analyst/
100096,Sales Manager,APTIV,APTIV recrute un(e) Sales Manager. Le/La candidat(e) idéal(e) maîtrise B2B Sales | Sales Strategy | CRM et dispose d'une solide expérience dans le domaine. Rejoignez une équipe dynamique et contribuez à des projets innovants.,· B2B Sales | · Sales Strategy | · CRM | · Negotiation | · KPI Management,commerce / vente / distribution,2-4 an,Senior,,1000 - 1300 TND,"La Soukra, Ariana",CDI | SIVP,Teletravail,2026-02-02,2 février 2026,No,TunisieTravail,https://www.tunisietravail.net/offre/100096/sales-manager/
100097,HR Manager,AIRBUS TUNISIA,AIRBUS TUNISIA recrute un(e) HR Manager. Le/La candidat(e) idéal(e) maîtrise Payroll | Performance Management | Recruitment et dispose d'une solide expérience dans le domaine. Rejoignez une équipe dynamique et contribuez à des projets innovants.,· Payroll | · Performance Management | · Recruitment | · Labor Law | · HRIS,recrutement / ressources humaines,2-4 an,Senior,,1000 - 1500 TND,"Hammam Sousse, Sousse",CDI | CDD,Remote,2026-03-12,12 mars 2026,Yes,Wuzzuf,https://wuzzuf.net/jobs/p/100097/hr-manager/
100098,SEO Specialist,VALEO TUNISIA,VALEO TUNISIA recrute un(e) SEO Specialist. Le/La candidat(e) idéal(e) maîtrise HTML | Keyword Research | SEM et dispose d'une solide expérience dans le domaine. Rejoignez une équipe dynamique et contribuez à des projets innovants.,· HTML | · Keyword Research | · SEM | · Google Analytics | · SEO,informatique / télécoms,60 ans d'exp,Senior Management,,1100 - 1400 TND,Ben Arous,CDI | SIVP,Sur site,2026-03-19,19 mars 2026,No,Tunijobs,https://www.tunijobs.com/job/100098/seo-specialist/
100099,Procurement Officer,TELNET HOLDING,TELNET HOLDING recrute un(e) Procurement Officer. Le/La candidat(e) idéal(e) maîtrise ERP | Sourcing | Negotiation et dispose d'une solide expérience dans le domaine. Rejoignez une équipe dynamique et contribuez à des projets innovants.,· ERP | · Sourcing | · Negotiation | · Procurement | · Contract Management,commerce / vente / distribution,1 - 3 Yrs of Exp,Senior,,1000 - 1300 TND,"Oued Ellil, La Manouba",CDI | SIVP,Présentiel,2026-01-29,29 janvier 2026,No,TunisieTravail,https://www.tunisietravail.net/offre/100099/procurement-officer/
100100,Electrical Engineer,POULINA GROUP,POULINA GROUP recrute un(e) Electrical Engineer. Le/La candidat(e) idéal(e) maîtrise Power Systems | AutoCAD | Electrical Design et dispose d'une solide expérience dans le domaine. Rejoignez une équipe dynamique et contribuez à des projets innovants.,· Power Systems | · AutoCAD | · Electrical Design | · SCADA | · PLC,électronique / électricité / énergie,2-4 an,Junior,,4000 - 5000 TND,Sfax,Stage,Télétravail complet,2026-02-19,19 février 2026,No,Tunijobs,https://www.tunijobs.com/job/100100/electrical-engineer/
100101,Data Analyst,APTIV,APTIV recrute un(e) Data Analyst. Le/La candidat(e) idéal(e) maîtrise Data Visualization | Excel | SQL et dispose d'une solide expérience dans le domaine. Rejoignez une équipe dynamique et contribuez à des projets innovants.,· Data Visualization | · Excel | · SQL | · Tableau | · Python,informatique / télécoms,2-4 an,Experienced,,1500 - 2500 TND,Ben Arous,CDI | CDD,Remote,2026-02-18,18 février 2026,No,Tunijobs,https://www.tunijobs.com/job/100101/data-analyst/
100102,Call Center Agent,EVERIENCE TUNISIA,EVERIENCE TUNISIA recrute un(e) Call Center Agent. Le/La candidat(e) idéal(e) maîtrise English | Customer Care | French et dispose d'une solide expérience dans le domaine. Rejoignez une équipe dynamique et contribuez à des projets innovants.,· English | · Customer Care | · French | · CRM | · Communication,call center / télévente,2-4 an,Experienced,,1000 - 1300 TND,"Oued Ellil, La Manouba",CDD | SIVP,Teletravail,2026-03-07,7 mars 2026,No,TunisieTravail,https://www.tunisietravail.net/offre/100102/call-center-agent/
100103,SAP Consultant,DELICE DANONE,DELICE DANONE recrute un(e) SAP Consultant. Le/La candidat(e) idéal(e) maîtrise ABAP | SAP SD | SAP FI et dispose d'une solide expérience dans le domaine. Rejoignez une équipe dynamique et contribuez à des projets innovants.,· ABAP | · SAP SD | · SAP FI | · SAP MM | · SAP HANA,informatique / télécoms,5+ Yrs of Exp,Manager,,1000 - 1300 TND,"Hammam Sousse, Sousse",CDD | SIVP,Remote,2026-02-10,10 février 2026,Yes,Tunijobs,https://www.tunijobs.com/job/100103/sap-consultant/
100104,Financial Analyst,BANK ABC,BANK ABC recrute un(e) Financial Analyst. Le/La candidat(e) idéal(e) maîtrise Budgeting | IFRS | Financial Modeling et dispose d'une solide expérience dans le domaine. Rejoignez une équipe dynamique et contribuez à des projets innovants.,· Budgeting | · IFRS | · Financial Modeling | · Forecasting | · Excel,banque / finance / assurances,3 - 7 Yrs of Exp,Manager,,1000 - 1500 TND,Sfax,SIVP,Télétravail complet,2026-03-11,11 mars 2026,Non,Tunijobs,https://www.tunijobs.com/job/100104/financial-analyst/
100105,Procurement Officer,COFICAB,COFICAB recrute un(e) Procurement Officer. Le/La candidat(e) idéal(e) maîtrise Contract Management | Procurement | ERP et dispose d'une solide expérience dans le domaine. Rejoignez une équipe dynamique et contribuez à des projets innovants.,· Contract Management | · Procurement | · ERP | · Negotiation | · Sourcing,commerce / vente / distribution,2-4 an,Manager,,1000 - 1500 TND,"Lac 2, Tunis",CDI | CDD,Sur site,2026-03-14,14 mars 2026,No,Tunijobs,https://www.tunijobs.com/job/100105/procurement-officer/
100106,Financial Analyst,SAMSUNG TUNISIA,SAMSUNG TUNISIA recrute un(e) Financial Analyst. Le/La candidat(e) idéal(e) maîtrise Excel | Forecasting | Budgeting et dispose d'une solide expérience dans le domaine. Rejoignez une équipe dynamique et contribuez à des projets innovants.,· Excel | · Forecasting | · Budgeting | · IFRS | · Financial Modeling,banque / finance / assurances,3 - 7 Yrs of Exp,Entry Level,,4000 - 5000 TND,Ariana,SIVP,Hybride,2026-02-17,17 février 2026,Yes,Wuzzuf,https://wuzzuf.net/jobs/p/100106/financial-analyst/
100107,Civil Engineer,VALEO TUNISIA,VALEO TUNISIA recrute un(e) Civil Engineer. Le/La candidat(e) idéal(e) maîtrise Revit | Project Management | Construction et dispose d'une solide expérience dans le domaine. Rejoignez une équipe dynamique et contribuez à des projets innovants.,· Revit | · Project Management | · Construction | · BIM | · AutoCAD,bâtiment / travaux publics / architecture,2-4 an,Entry Level,,800 - 1100 TND,"Hammam Sousse, Sousse",CDI | CDD,Télétravail complet,2026-01-31,31 janvier 2026,No,Wuzzuf,https://wuzzuf.net/jobs/p/100107/civil-engineer/
100108,Content Writer,VERMEG,VERMEG recrute un(e) Content Writer. Le/La candidat(e) idéal(e) maîtrise English | French | Copywriting et dispose d'une solide expérience dans le domaine. Rejoignez une équipe dynamique et contribuez à des projets innovants.,· English | · French | · Copywriting | · SEO | · WordPress,communication / publicité / média,60 ans d'exp,Manager,,2500 - 4000 TND,Sfax,CDD,Télétravail complet,2026-03-06,6 mars 2026,No,Wuzzuf,https://wuzzuf.net/jobs/p/100108/content-writer/
100109,HR Manager,BANK ABC,BANK ABC recrute un(e) HR Manager. Le/La candidat(e) idéal(e) maîtrise HRIS | Recruitment | Payroll et dispose d'une solide expérience dans le domaine. Rejoignez une équipe dynamique et contribuez à des projets innovants.,· HRIS | · Recruitment | · Payroll | · Labor Law | · Performance Management,recrutement / ressources humaines,5+ Yrs of Exp,Directeur,,800 - 1100 TND,La Manouba,CDI,Télétravail complet,2026-03-18,18 mars 2026,Yes,Tunijobs,https://www.tunijobs.com/job/100109/hr-manager/
100110,Marketing Manager,GFI TUNISIE,GFI TUNISIE recrute un(e) Marketing Manager. Le/La candidat(e) idéal(e) maîtrise SEO | Brand Management | Digital Marketing et dispose d'une solide expérience dans le domaine. Rejoignez une équipe dynamique et contribuez à des projets innovants.,· SEO | · Brand Management | · Digital Marketing | · CRM | · Google Ads,communication / publicité / média,60 ans d'exp,Senior Management,,800 - 1100 TND,Sfax,CDI,Hybrid,2026-02-03,3 février 2026,Non,Wuzzuf,https://wuzzuf.net/jobs/p/100110/marketing-manager/
100111,Mobile Developer,DELPHI TECHNOLOGIES,DELPHI TECHNOLOGIES recrute un(e) Mobile Developer. Le/La candidat(e) idéal(e) maîtrise iOS | Android | Kotlin et dispose d'une solide expérience dans le domaine. Rejoignez une équipe dynamique et contribuez à des projets innovants.,· iOS | · Android | · Kotlin | · Flutter | · React Native,informatique / télécoms,2 ans d'exp,Junior,,1200 - 1400 TND,Nabeul,CDD | SIVP,Télétravail complet,2026-03-04,4 mars 2026,Yes,Wuzzuf,https://wuzzuf.net/jobs/p/100111/mobile-developer/
100112,Electrical Engineer,TELNET HOLDING,TELNET HOLDING recrute un(e) Electrical Engineer. Le/La candidat(e) idéal(e) maîtrise AutoCAD | SCADA | PLC et dispose d'une solide expérience dans le domaine. Rejoignez une équipe dynamique et contribuez à des projets innovants.,· AutoCAD | · SCADA | · PLC | · Power Systems | · Electrical Design,électronique / électricité / énergie,7+ Yrs of Exp,Junior,,1500 - 2500 TND,Ariana,CDI | SIVP,Remote,2026-03-05,5 mars 2026,Non,Wuzzuf,https://wuzzuf.net/jobs/p/100112/electrical-engineer/
100113,Data Analyst,APTIV,APTIV recrute un(e) Data Analyst. Le/La candidat(e) idéal(e) maîtrise Power BI | SQL | Python et dispose d'une solide expérience dans le domaine. Rejoignez une équipe dynamique et contribuez à des projets innovants.,· Power BI | · SQL | · Python | · Excel | · Data Visualization,informatique / télécoms,7+ Yrs of Exp,Experienced,,1100 - 1400 TND,"Lac 2, Tunis",CDI,Hybrid,2026-02-11,11 février 2026,Non,Keejob,https://www.keejob.com/offres-emploi/100113/data-analyst/
100114,HR Manager,TUNISIE TELECOM,TUNISIE TELECOM recrute un(e) HR Manager. Le/La candidat(e) idéal(e) maîtrise Recruitment | Labor Law | Performance Management et dispose d'une solide expérience dans le domaine. Rejoignez une équipe dynamique et contribuez à des projets innovants.,· Recruitment | · Labor Law | · Performance Management | · HRIS | · Payroll,recrutement / ressources humaines,2-4 an,Senior Management,,4000 - 5000 TND,"Hammam Sousse, Sousse",CDD,Télétravail complet,2026-01-30,30 janvier 2026,Non,TunisieTravail,https://www.tunisietravail.net/offre/100114/hr-manager/
100115,DevOps Engineer,HUAWEI TUNISIA,HUAWEI TUNISIA recrute un(e) DevOps Engineer. Le/La candidat(e) idéal(e) maîtrise AWS | Docker | CI/CD et dispose d'une solide expérience dans le domaine. Rejoignez une équipe dynamique et contribuez à des projets innovants.,· AWS | · Docker | · CI/CD | · Jenkins | · Terraform,informatique / télécoms,1 an d'exp,Experienced,,1100 - 1400 TND,"La Soukra, Ariana",CDI | CDD,Télétravail complet,2026-01-26,26 janvier 2026,Yes,Wuzzuf,https://wuzzuf.net/jobs/p/100115/devops-engineer/
100116,Mechanical Engineer,ESPRIT SCHOOL,ESPRIT SCHOOL recrute un(e) Mechanical Engineer. Le/La candidat(e) idéal(e) maîtrise SolidWorks | AutoCAD | Thermodynamics et dispose d'une solide expérience dans le domaine. Rejoignez une équipe dynamique et contribuez à des projets innovants.,· SolidWorks | · AutoCAD | · Thermodynamics | · FEA | · Manufacturing,industrie / production / maintenance,2 ans d'exp,Experienced,,2500 - 4000 TND,Nabeul,CDD | SIVP,Remote,2026-03-06,6 mars 2026,No,TunisieTravail,https://www.tunisietravail.net/offre/100116/mechanical-engineer/
100117,Marketing Manager,BIAT,BIAT recrute un(e) Marketing Manager. Le/La candidat(e) idéal(e) maîtrise CRM | Brand Management | SEO et dispose d'une solide expérience dans le domaine. Rejoignez une équipe dynamique et contribuez à des projets innovants.,· CRM | · Brand Management | · SEO | · Google Ads | · Digital Marketing,communication / publicité / média,7+ Yrs of Exp,Manager,,1100 - 1400 TND,La Manouba,CDI,Sur site,2026-03-18,18 mars 2026,No,Tunijobs,https://www.tunijobs.com/job/100117/marketing-manager/
100118,Embedded Systems Engineer,MICROSOFT TUNISIA,MICROSOFT TUNISIA recrute un(e) Embedded Systems Engineer. Le/La candidat(e) idéal(e) maîtrise ARM | Microcontrollers | PCB Design et dispose d'une solide expérience dans le domaine. Rejoignez une équipe dynamique et contribuez à des projets innovants.,· ARM | · Microcontrollers | · PCB Design | · C | · C++,électronique / électricité / énergie,1 an d'exp,Experienced,,2500 - 4000 TND,Ben Arous,CDD | SIVP,Télétravail complet,2026-02-23,23 février 2026,Non,TunisieTravail,https://www.tunisietravail.net/offre/100118/embedded-systems-engineer/
100119,DevOps Engineer,SAMSUNG TUNISIA,SAMSUNG TUNISIA recrute un(e) DevOps Engineer. Le/La candidat(e) idéal(e) maîtrise Terraform | AWS | CI/CD et dispose d'une solide expérience dans le domaine. Rejoignez une équipe dynamique et contribuez à des projets innovants.,· Terraform | · AWS | · CI/CD | · Jenkins | · Docker,informatique / télécoms,60 ans d'exp,Junior,,1000 - 1500 TND,Sfax,CDD,Télétravail complet,2026-03-14,14 mars 2026,Yes,Keejob,https://www.keejob.com/offres-emploi/100119/devops-engineer/
100120,Financial Analyst,SOPRA HR SOFTWARE,SOPRA HR SOFTWARE recrute un(e) Financial Analyst. Le/La candidat(e) idéal(e) maîtrise Forecasting | Financial Modeling | Budgeting et dispose d'une solide expérience dans le domaine. Rejoignez une équipe dynamique et contribuez à des projets innovants.,· Forecasting | · Financial Modeling | · Budgeting | · IFRS | · Excel,banque / finance / assurances,60 ans d'exp,Senior,,1000 - 1500 TND,"La Soukra, Ariana",SIVP,Remote,2026-02-28,28 février 2026,No,TunisieTravail,https://www.tunisietravail.net/offre/100120/financial-analyst/
100121,AI Engineer,TUNISIE TELECOM,TUNISIE TELECOM recrute un(e) AI Engineer. Le/La candidat(e) idéal(e) maîtrise Python | Hugging Face | NLP et dispose d'une solide expérience dans le domaine. Rejoignez une équipe dynamique et contribuez à des projets innovants.,· Python | · Hugging Face | · NLP | · LLMs | · Computer Vision,informatique / télécoms,1 - 3 Yrs of Exp,Senior Management,,1200 - 1400 TND,"Oued Ellil, La Manouba",SIVP,Hybride,2026-03-07,7 mars 2026,No,Keejob,https://www.keejob.com/offres-emploi/100121/ai-engineer/
100122,Product Manager,VERMEG,VERMEG recrute un(e) Product Manager. Le/La candidat(e) idéal(e) maîtrise Scrum | Agile | User Stories et dispose d'une solide expérience dans le domaine. Rejoignez une équipe dynamique et contribuez à des projets innovants.,· Scrum | · Agile | · User Stories | · Product Roadmap | · Jira,informatique / télécoms,5+ Yrs of Exp,Experienced,,1000 - 1300 TND,"La Soukra, Ariana",CDI | SIVP,Hybrid,2026-01-31,31 janvier 2026,No,Keejob,https://www.keejob.com/offres-emploi/100122/product-manager/
100123,Frontend Developer,HUAWEI TUNISIA,HUAWEI TUNISIA recrute un(e) Frontend Developer. Le/La candidat(e) idéal(e) maîtrise TypeScript | Vue.js | HTML et dispose d'une solide expérience dans le domaine. Rejoignez une équipe dynamique et contribuez à des projets innovants.,· TypeScript | · Vue.js | · HTML | · CSS | · React.js,informatique / télécoms,2-4 an,Directeur,,4000 - 5000 TND,Tunis,SIVP,Présentiel,2026-03-11,11 mars 2026,Yes,Keejob,https://www.keejob.com/offres-emploi/100123/frontend-developer/
100124,Financial Analyst,VALEO TUNISIA,VALEO TUNISIA recrute un(e) Financial Analyst. Le/La candidat(e) idéal(e) maîtrise IFRS | Excel | Budgeting et dispose d'une solide expérience dans le domaine. Rejoignez une équipe dynamique et contribuez à des projets innovants.,· IFRS | · Excel | · Budgeting | · Financial Modeling | · Forecasting,banque / finance / assurances,60 ans d'exp,Sans exp,,2500 - 4000 TND,"Oued Ellil, La Manouba",CDI,Teletravail,2026-02-26,26 février 2026,No,TunisieTravail,https://www.tunisietravail.net/offre/100124/financial-analyst/
100125,DevOps Engineer,VALEO TUNISIA,VALEO TUNISIA recrute un(e) DevOps Engineer. Le/La candidat(e) idéal(e) maîtrise AWS | Jenkins | CI/CD et dispose d'une solide expérience dans le domaine. Rejoignez une équipe dynamique et contribuez à des projets innovants.,· AWS | · Jenkins | · CI/CD | · Docker | · Terraform,informatique / télécoms,1 an d'exp,Senior,,1000 - 1500 TND,Ben Arous,CDD,Teletravail,2026-02-24,24 février 2026,No,Wuzzuf,https://wuzzuf.net/jobs/p/100125/devops-engineer/
100126,Network Engineer,SOPRA HR SOFTWARE,SOPRA HR SOFTWARE recrute un(e) Network Engineer. Le/La candidat(e) idéal(e) maîtrise Routing | TCP/IP | Cisco et dispose d'une solide expérience dans le domaine. Rejoignez une équipe dynamique et contribuez à des projets innovants.,· Routing | · TCP/IP | · Cisco | · CCNA | · VPN,informatique / télécoms,1 - 3 Yrs of Exp,Senior,,1000 - 1500 TND,"Oued Ellil, La Manouba",CDI | SIVP,Teletravail,2026-03-15,15 mars 2026,Non,TunisieTravail,https://www.tunisietravail.net/offre/100126/network-engineer/
100127,Technical Support Engineer,AIRBUS TUNISIA,AIRBUS TUNISIA recrute un(e) Technical Support Engineer. Le/La candidat(e) idéal(e) maîtrise Windows | ITIL | Networking et dispose d'une solide expérience dans le domaine. Rejoignez une équipe dynamique et contribuez à des projets innovants.,· Windows | · ITIL | · Networking | · Technical Support | · Troubleshooting,informatique / télécoms,1 - 3 Yrs of Exp,Directeur,,2500 - 4000 TND,"Oued Ellil, La Manouba",CDD | SIVP,Sur site,2026-03-21,21 mars 2026,No,Keejob,https://www.keejob.com/offres-emploi/100127/technical-support-engineer/
100128,Graphic Designer,MICROSOFT TUNISIA,MICROSOFT TUNISIA recrute un(e) Graphic Designer. Le/La candidat(e) idéal(e) maîtrise InDesign | Branding | Photoshop et dispose d'une solide expérience dans le domaine. Rejoignez une équipe dynamique et contribuez à des projets innovants.,· InDesign | · Branding | · Photoshop | · Illustrator | · Typography,communication / publicité / média,1 an d'exp,Manager,,4000 - 5000 TND,Nabeul,CDI | CDD,Remote,2026-03-19,19 mars 2026,Non,Tunijobs,https://www.tunijobs.com/job/100128/graphic-designer/
100129,Marketing Manager,CARTHAGO CERAMICS,CARTHAGO CERAMICS recrute un(e) Marketing Manager. Le/La candidat(e) idéal(e) maîtrise SEO | Google Ads | CRM et dispose d'une solide expérience dans le domaine. Rejoignez une équipe dynamique et contribuez à des projets innovants.,· SEO | · Google Ads | · CRM | · Brand Management | · Digital Marketing,communication / publicité / média,5+ Yrs of Exp,Senior,,1500 - 2500 TND,Ariana,CDI | CDD,Sur site,2026-03-15,15 mars 2026,No,Tunijobs,https://www.tunijobs.com/job/100129/marketing-manager/
100130,Civil Engineer,TUNISIE TELECOM,TUNISIE TELECOM recrute un(e) Civil Engineer. Le/La candidat(e) idéal(e) maîtrise BIM | AutoCAD | Project Management et dispose d'une solide expérience dans le domaine. Rejoignez une équipe dynamique et contribuez à des projets innovants.,· BIM | · AutoCAD | · Project Management | · Construction | · Revit,bâtiment / travaux publics / architecture,2-4 an,Experienced,,1500 - 2500 TND,Ariana,Stage,Teletravail,2026-03-08,8 mars 2026,No,Tunijobs,https://www.tunijobs.com/job/100130/civil-engineer/
100131,Procurement Officer,VALEO TUNISIA,VALEO TUNISIA recrute un(e) Procurement Officer. Le/La candidat(e) idéal(e) maîtrise Sourcing | ERP | Negotiation et dispose d'une solide expérience dans le domaine. Rejoignez une équipe dynamique et contribuez à des projets innovants.,· Sourcing | · ERP | · Negotiation | · Procurement | · Contract Management,commerce / vente / distribution,60 ans d'exp,Directeur,,1200 - 1400 TND,"Oued Ellil, La Manouba",SIVP,Sur site,2026-02-19,19 février 2026,Non,Tunijobs,https://www.tunijobs.com/job/100131/procurement-officer/
100132,Embedded Systems Engineer,SATORIPHAN GROUP,SATORIPHAN GROUP recrute un(e) Embedded Systems Engineer. Le/La candidat(e) idéal(e) maîtrise Microcontrollers | ARM | RTOS et dispose d'une solide expérience dans le domaine. Rejoignez une équipe dynamique et contribuez à des projets innovants.,· Microcontrollers | · ARM | · RTOS | · PCB Design | · C,électronique / électricité / énergie,2-4 an,Entry Level,,1500 - 2500 TND,Nabeul,SIVP,Sur site,2026-02-24,24 février 2026,No,Keejob,https://www.keejob.com/offres-emploi/100132/embedded-systems-engineer/
100133,Full Stack Developer,POULINA GROUP,POULINA GROUP recrute un(e) Full Stack Developer. Le/La candidat(e) idéal(e) maîtrise Docker | Node.js | MongoDB et dispose d'une solide expérience dans le domaine. Rejoignez une équipe dynamique et contribuez à des projets innovants.,· Docker | · Node.js | · MongoDB | · PostgreSQL | · HTML/CSS,informatique / télécoms,60 ans d'exp,Entry Level,,1000 - 1300 TND,Sousse,CDI,Remote,2026-02-27,27 février 2026,No,Keejob,https://www.keejob.com/offres-emploi/100133/full-stack-developer/
100134,Marketing Manager,DELPHI TECHNOLOGIES,DELPHI TECHNOLOGIES recrute un(e) Marketing Manager. Le/La candidat(e) idéal(e) maîtrise Google Ads | SEO | Digital Marketing et dispose d'une solide expérience dans le domaine. Rejoignez une équipe dynamique et contribuez à des projets innovants.,· Google Ads | · SEO | · Digital Marketing | · CRM | · Brand Management,communication / publicité / média,2-4 an,Experienced,,4000 - 5000 TND,"La Soukra, Ariana",CDI | CDD,Teletravail,2026-03-21,21 mars 2026,Yes,Keejob,https://www.keejob.com/offres-emploi/100134/marketing-manager/
100135,Procurement Officer,SOFRECOM,SOFRECOM recrute un(e) Procurement Officer. Le/La candidat(e) idéal(e) maîtrise ERP | Contract Management | Procurement et dispose d'une solide expérience dans le domaine. Rejoignez une équipe dynamique et contribuez à des projets innovants.,· ERP | · Contract Management | · Procurement | · Negotiation | · Sourcing,commerce / vente / distribution,60 ans d'exp,Entry Level,,4000 - 5000 TND,Tunis,SIVP,Hybrid,2026-02-19,19 février 2026,Yes,TunisieTravail,https://www.tunisietravail.net/offre/100135/procurement-officer/
100136,Cybersecurity Engineer,SAFRAN,SAFRAN recrute un(e) Cybersecurity Engineer. Le/La candidat(e) idéal(e) maîtrise ISO 27001 | Firewall | Network Security et dispose d'une solide expérience dans le domaine. Rejoignez une équipe dynamique et contribuez à des projets innovants.,· ISO 27001 | · Firewall | · Network Security | · SIEM | · Penetration Testing,informatique / télécoms,3 - 7 Yrs of Exp,Junior,,4000 - 5000 TND,Sousse,CDI | SIVP,Hybride,2026-02-10,10 février 2026,Yes,TunisieTravail,https://www.tunisietravail.net/offre/100136/cybersecurity-engineer/
100137,Technical Support Engineer,COFICAB,COFICAB recrute un(e) Technical Support Engineer. Le/La candidat(e) idéal(e) maîtrise Networking | Troubleshooting | ITIL et dispose d'une solide expérience dans le domaine. Rejoignez une équipe dynamique et contribuez à des projets innovants.,· Networking | · Troubleshooting | · ITIL | · Technical Support | · Windows,informatique / télécoms,1 an d'exp,Senior Management,,1500 - 2500 TND,Nabeul,CDD,Remote,2026-03-11,11 mars 2026,Yes,Keejob,https://www.keejob.com/offres-emploi/100137/technical-support-engineer/
100138,UX/UI Designer,SAFRAN,SAFRAN recrute un(e) UX/UI Designer. Le/La candidat(e) idéal(e) maîtrise Wireframing | User Research | Prototyping et dispose d'une solide expérience dans le domaine. Rejoignez une équipe dynamique et contribuez à des projets innovants.,· Wireframing | · User Research | · Prototyping | · Figma | · Adobe XD,communication / publicité / média,5+ Yrs of Exp,Senior Management,,2500 - 4000 TND,La Manouba,CDD,Remote,2026-02-16,16 février 2026,Yes,Wuzzuf,https://wuzzuf.net/jobs/p/100138/uxui-designer/
100139,Marketing Manager,DELPHI TECHNOLOGIES,DELPHI TECHNOLOGIES recrute un(e) Marketing Manager. Le/La candidat(e) idéal(e) maîtrise Google Ads | Brand Management | CRM et dispose d'une solide expérience dans le domaine. Rejoignez une équipe dynamique et contribuez à des projets innovants.,· Google Ads | · Brand Management | · CRM | · SEO | · Digital Marketing,communication / publicité / média,1 - 3 Yrs of Exp,Directeur,,1100 - 1400 TND,Ben Arous,CDD | SIVP,Teletravail,2026-03-06,6 mars 2026,Yes,Wuzzuf,https://wuzzuf.net/jobs/p/100139/marketing-manager/
100140,Project Manager,IBM TUNISIA,IBM TUNISIA recrute un(e) Project Manager. Le/La candidat(e) idéal(e) maîtrise MS Project | Agile | Risk Management et dispose d'une solide expérience dans le domaine. Rejoignez une équipe dynamique et contribuez à des projets innovants.,· MS Project | · Agile | · Risk Management | · PMP | · Project Management,informatique / télécoms,7+ Yrs of Exp,Sans exp,,1500 - 2500 TND,Sousse,SIVP,Sur site,2026-02-15,15 février 2026,No,Keejob,https://www.keejob.com/offres-emploi/100140/project-manager/
100141,Data Analyst,SOPRA HR SOFTWARE,SOPRA HR SOFTWARE recrute un(e) Data Analyst. Le/La candidat(e) idéal(e) maîtrise Tableau | Power BI | Data Visualization et dispose d'une solide expérience dans le domaine. Rejoignez une équipe dynamique et contribuez à des projets innovants.,· Tableau | · Power BI | · Data Visualization | · SQL | · Python,informatique / télécoms,1 - 3 Yrs of Exp,Manager,,1000 - 1300 TND,"Oued Ellil, La Manouba",CDD | SIVP,Présentiel,2026-01-23,23 janvier 2026,Non,TunisieTravail,https://www.tunisietravail.net/offre/100141/data-analyst/
100142,Database Administrator,EVERIENCE TUNISIA,EVERIENCE TUNISIA recrute un(e) Database Administrator. Le/La candidat(e) idéal(e) maîtrise Backup & Recovery | MySQL | PostgreSQL et dispose d'une solide expérience dans le domaine. Rejoignez une équipe dynamique et contribuez à des projets innovants.,· Backup & Recovery | · MySQL | · PostgreSQL | · Oracle | · SQL Server,informatique / télécoms,5+ Yrs of Exp,Senior Management,,1000 - 1300 TND,"Hammam Sousse, Sousse",Stage,Teletravail,2026-02-25,25 février 2026,Non,Keejob,https://www.keejob.com/offres-emploi/100142/database-administrator/
100143,Content Writer,BIAT,BIAT recrute un(e) Content Writer. Le/La candidat(e) idéal(e) maîtrise WordPress | English | French et dispose d'une solide expérience dans le domaine. Rejoignez une équipe dynamique et contribuez à des projets innovants.,· WordPress | · English | · French | · Content Strategy | · Copywriting,communication / publicité / média,1 - 3 Yrs of Exp,Junior,,1000 - 1300 TND,"Hammam Sousse, Sousse",CDI | SIVP,Teletravail,2026-03-03,3 mars 2026,Yes,TunisieTravail,https://www.tunisietravail.net/offre/100143/content-writer/
100144,Software Developer,BIAT,BIAT recrute un(e) Software Developer. Le/La candidat(e) idéal(e) maîtrise Git | Python | Java et dispose d'une solide expérience dans le domaine. Rejoignez une équipe dynamique et contribuez à des projets innovants.,· Git | · Python | · Java | · Agile | · C++,informatique / télécoms,1 - 3 Yrs of Exp,Junior,,800 - 1100 TND,Ben Arous,CDI | SIVP,Présentiel,2026-01-23,23 janvier 2026,Non,Wuzzuf,https://wuzzuf.net/jobs/p/100144/software-developer/
100145,Marketing Manager,MICROSOFT TUNISIA,MICROSOFT TUNISIA recrute un(e) Marketing Manager. Le/La candidat(e) idéal(e) maîtrise CRM | Brand Management | Digital Marketing et dispose d'une solide expérience dans le domaine. Rejoignez une équipe dynamique et contribuez à des projets innovants.,· CRM | · Brand Management | · Digital Marketing | · SEO | · Google Ads,communication / publicité / média,2 ans d'exp,Experienced,,1000 - 1500 TND,"Lac 2, Tunis",CDI | CDD,Hybride,2026-01-31,31 janvier 2026,No,Wuzzuf,https://wuzzuf.net/jobs/p/100145/marketing-manager/
100146,Backend Developer,BANK ABC,BANK ABC recrute un(e) Backend Developer. Le/La candidat(e) idéal(e) maîtrise REST API | Spring Boot | Redis et dispose d'une solide expérience dans le domaine. Rejoignez une équipe dynamique et contribuez à des projets innovants.,· REST API | · Spring Boot | · Redis | · PostgreSQL | · Node.js,informatique / télécoms,7+ Yrs of Exp,Sans exp,,1500 - 2500 TND,Sfax,CDI | CDD,Hybride,2026-02-12,12 février 2026,Non,Wuzzuf,https://wuzzuf.net/jobs/p/100146/backend-developer/
100147,Backend Developer,SOFRECOM,SOFRECOM recrute un(e) Backend Developer. Le/La candidat(e) idéal(e) maîtrise PostgreSQL | Spring Boot | Django et dispose d'une solide expérience dans le domaine. Rejoignez une équipe dynamique et contribuez à des projets innovants.,· PostgreSQL | · Spring Boot | · Django | · Node.js | · REST API,informatique / télécoms,60 ans d'exp,Entry Level,,1500 - 2500 TND,Ben Arous,CDI | SIVP,Hybride,2026-03-08,8 mars 2026,Yes,Tunijobs,https://www.tunijobs.com/job/100147/backend-developer/
100148,Data Scientist,ESPRIT SCHOOL,ESPRIT SCHOOL recrute un(e) Data Scientist. Le/La candidat(e) idéal(e) maîtrise Pandas | TensorFlow | Machine Learning et dispose d'une solide expérience dans le domaine. Rejoignez une équipe dynamique et contribuez à des projets innovants.,· Pandas | · TensorFlow | · Machine Learning | · Python | · Scikit-learn,informatique / télécoms,1 - 3 Yrs of Exp,Manager,,2500 - 4000 TND,"Hammam Sousse, Sousse",CDI | SIVP,Hybride,2026-02-22,22 février 2026,No,Keejob,https://www.keejob.com/offres-emploi/100148/data-scientist/
100149,Cybersecurity Engineer,DELICE DANONE,DELICE DANONE recrute un(e) Cybersecurity Engineer. Le/La candidat(e) idéal(e) maîtrise Firewall | ISO 27001 | Network Security et dispose d'une solide expérience dans le domaine. Rejoignez une équipe dynamique et contribuez à des projets innovants.,· Firewall | · ISO 27001 | · Network Security | · SIEM | · Penetration Testing,informatique / télécoms,2-4 an,Senior Management,,1500 - 2500 TND,Nabeul,CDD | SIVP,Présentiel,2026-02-21,21 février 2026,No,Wuzzuf,https://wuzzuf.net/jobs/p/100149/cybersecurity-engineer/
100150,Graphic Designer,GFI TUNISIE,GFI TUNISIE recrute un(e) Graphic Designer. Le/La candidat(e) idéal(e) maîtrise Illustrator | Typography | InDesign et dispose d'une solide expérience dans le domaine. Rejoignez une équipe dynamique et contribuez à des projets innovants.,· Illustrator | · Typography | · InDesign | · Photoshop | · Branding,communication / publicité / média,2 ans d'exp,Junior,,1200 - 1400 TND,"Oued Ellil, La Manouba",CDI | SIVP,Teletravail,2026-03-19,19 mars 2026,Non,TunisieTravail,https://www.tunisietravail.net/offre/100150/graphic-designer/
100151,Customer Services Officer,PROXYM GROUP,PROXYM GROUP recrute un(e) Customer Services Officer. Le/La candidat(e) idéal(e) maîtrise Problem Solving | Customer Care | Communication et dispose d'une solide expérience dans le domaine. Rejoignez une équipe dynamique et contribuez à des projets innovants.,· Problem Solving | · Customer Care | · Communication | · CRM,call center / télévente,60 ans d'exp,Junior,,4000 - 5000 TND,Sousse,CDI | SIVP,Remote,2026-01-25,25 janvier 2026,No,Keejob,https://www.keejob.com/offres-emploi/100151/customer-services-officer/
100152,Social Media Manager,EVERIENCE TUNISIA,EVERIENCE TUNISIA recrute un(e) Social Media Manager. Le/La candidat(e) idéal(e) maîtrise Canva | Meta Ads | Analytics et dispose d'une solide expérience dans le domaine. Rejoignez une équipe dynamique et contribuez à des projets innovants.,· Canva | · Meta Ads | · Analytics | · Content Creation | · Social Media,communication / publicité / média,1 an d'exp,Directeur,,1000 - 1300 TND,Tunis,CDI | CDD,Hybrid,2026-03-07,7 mars 2026,Yes,Tunijobs,https://www.tunijobs.com/job/100152/social-media-manager/
100153,DevOps Engineer,DELPHI TECHNOLOGIES,DELPHI TECHNOLOGIES recrute un(e) DevOps Engineer. Le/La candidat(e) idéal(e) maîtrise Docker | Terraform | AWS et dispose d'une solide expérience dans le domaine. Rejoignez une équipe dynamique et contribuez à des projets innovants.,· Docker | · Terraform | · AWS | · Jenkins | · Kubernetes,informatique / télécoms,2-4 an,Sans exp,,1500 - 2500 TND,Nabeul,CDI | CDD,Télétravail complet,2026-03-12,12 mars 2026,No,Tunijobs,https://www.tunijobs.com/job/100153/devops-engineer/
100154,Accountant,TELNET HOLDING,TELNET HOLDING recrute un(e) Accountant. Le/La candidat(e) idéal(e) maîtrise Excel | IFRS | Tax et dispose d'une solide expérience dans le domaine. Rejoignez une équipe dynamique et contribuez à des projets innovants.,· Excel | · IFRS | · Tax | · QuickBooks | · Accounting,banque / finance / assurances,7+ Yrs of Exp,Manager,,1200 - 1400 TND,Tunis,Stage,Sur site,2026-02-17,17 février 2026,No,Wuzzuf,https://wuzzuf.net/jobs/p/100154/accountant/
100155,Electrical Engineer,SAMSUNG TUNISIA,SAMSUNG TUNISIA recrute un(e) Electrical Engineer. Le/La candidat(e) idéal(e) maîtrise Power Systems | SCADA | PLC et dispose d'une solide expérience dans le domaine. Rejoignez une équipe dynamique et contribuez à des projets innovants.,· Power Systems | · SCADA | · PLC | · Electrical Design | · AutoCAD,électronique / électricité / énergie,5+ Yrs of Exp,Manager,,1100 - 1400 TND,Ariana,CDD | SIVP,Télétravail complet,2026-02-22,22 février 2026,Non,Wuzzuf,https://wuzzuf.net/jobs/p/100155/electrical-engineer/
100156,Software Developer,GFI TUNISIE,GFI TUNISIE recrute un(e) Software Developer. Le/La candidat(e) idéal(e) maîtrise REST API | Git | Java et dispose d'une solide expérience dans le domaine. Rejoignez une équipe dynamique et contribuez à des projets innovants.,· REST API | · Git | · Java | · Agile | · C++,informatique / télécoms,1 an d'exp,Senior Management,,800 - 1100 TND,Ariana,CDD | SIVP,Sur site,2026-03-17,17 mars 2026,No,Keejob,https://www.keejob.com/offres-emploi/100156/software-developer/
100157,Civil Engineer,TUNISIE TELECOM,TUNISIE TELECOM recrute un(e) Civil Engineer. Le/La candidat(e) idéal(e) maîtrise Construction | BIM | AutoCAD et dispose d'une solide expérience dans le domaine. Rejoignez une équipe dynamique et contribuez à des projets innovants.,· Construction | · BIM | · AutoCAD | · Revit | · Project Management,bâtiment / travaux publics / architecture,5+ Yrs of Exp,Experienced,,1200 - 1400 TND,Ben Arous,CDD,Hybride,2026-01-30,30 janvier 2026,Yes,Wuzzuf,https://wuzzuf.net/jobs/p/100157/civil-engineer/
100158,Network Engineer,SAFRAN,SAFRAN recrute un(e) Network Engineer. Le/La candidat(e) idéal(e) maîtrise TCP/IP | Switching | Cisco et dispose d'une solide expérience dans le domaine. Rejoignez une équipe dynamique et contribuez à des projets innovants.,· TCP/IP | · Switching | · Cisco | · Routing | · VPN,informatique / télécoms,60 ans d'exp,Junior,,1500 - 2500 TND,"Hammam Sousse, Sousse",CDD | SIVP,Remote,2026-02-16,16 février 2026,Yes,Tunijobs,https://www.tunijobs.com/job/100158/network-engineer/
100159,Customer Services Officer,HUAWEI TUNISIA,HUAWEI TUNISIA recrute un(e) Customer Services Officer. Le/La candidat(e) idéal(e) maîtrise Problem Solving | CRM | Customer Care et dispose d'une solide expérience dans le domaine. Rejoignez une équipe dynamique et contribuez à des projets innovants.,· Problem Solving | · CRM | · Customer Care | · Communication,call center / télévente,60 ans d'exp,Directeur,,1200 - 1400 TND,Ben Arous,Stage,Hybride,2026-03-12,12 mars 2026,Non,Tunijobs,https://www.tunijobs.com/job/100159/customer-services-officer/
100160,Electrical Engineer,EVERIENCE TUNISIA,EVERIENCE TUNISIA recrute un(e) Electrical Engineer. Le/La candidat(e) idéal(e) maîtrise Power Systems | SCADA | Electrical Design et dispose d'une solide expérience dans le domaine. Rejoignez une équipe dynamique et contribuez à des projets innovants.,· Power Systems | · SCADA | · Electrical Design | · AutoCAD | · PLC,électronique / électricité / énergie,3 - 7 Yrs of Exp,Experienced,,1000 - 1300 TND,Monastir,Stage,Hybrid,2026-03-07,7 mars 2026,Non,Wuzzuf,https://wuzzuf.net/jobs/p/100160/electrical-engineer/
100161,Graphic Designer,AIRBUS TUNISIA,AIRBUS TUNISIA recrute un(e) Graphic Designer. Le/La candidat(e) idéal(e) maîtrise Illustrator | Photoshop | Typography et dispose d'une solide expérience dans le domaine. Rejoignez une équipe dynamique et contribuez à des projets innovants.,· Illustrator | · Photoshop | · Typography | · InDesign | · Branding,communication / publicité / média,3 - 7 Yrs of Exp,Senior Management,,1200 - 1400 TND,La Manouba,SIVP,Sur site,2026-03-11,11 mars 2026,Non,Keejob,https://www.keejob.com/offres-emploi/100161/graphic-designer/
100162,Product Manager,AIRBUS TUNISIA,AIRBUS TUNISIA recrute un(e) Product Manager. Le/La candidat(e) idéal(e) maîtrise Agile | Product Roadmap | User Stories et dispose d'une solide expérience dans le domaine. Rejoignez une équipe dynamique et contribuez à des projets innovants.,· Agile | · Product Roadmap | · User Stories | · Jira | · Scrum,informatique / télécoms,5+ Yrs of Exp,Entry Level,,2500 - 4000 TND,Monastir,CDI | SIVP,Hybride,2026-02-16,16 février 2026,No,Wuzzuf,https://wuzzuf.net/jobs/p/100162/product-manager/
100163,SAP Consultant,ESPRIT SCHOOL,ESPRIT SCHOOL recrute un(e) SAP Consultant. Le/La candidat(e) idéal(e) maîtrise SAP FI | ABAP | SAP SD et dispose d'une solide expérience dans le domaine. Rejoignez une équipe dynamique et contribuez à des projets innovants.,· SAP FI | · ABAP | · SAP SD | · SAP MM | · SAP HANA,informatique / télécoms,3 - 7 Yrs of Exp,Experienced,,1500 - 2500 TND,Nabeul,CDI,Présentiel,2026-01-24,24 janvier 2026,Non,TunisieTravail,https://www.tunisietravail.net/offre/100163/sap-consultant/
100164,Mobile Developer,BANK ABC,BANK ABC recrute un(e) Mobile Developer. Le/La candidat(e) idéal(e) maîtrise Swift | Android | Kotlin et dispose d'une solide expérience dans le domaine. Rejoignez une équipe dynamique et contribuez à des projets innovants.,· Swift | · Android | · Kotlin | · React Native | · Flutter,informatique / télécoms,3 - 7 Yrs of Exp,Sans exp,,1200 - 1400 TND,Monastir,CDI | SIVP,Hybride,2026-03-02,2 mars 2026,Yes,Wuzzuf,https://wuzzuf.net/jobs/p/100164/mobile-developer/
100165,Marketing Manager,ESPRIT SCHOOL,ESPRIT SCHOOL recrute un(e) Marketing Manager. Le/La candidat(e) idéal(e) maîtrise CRM | Brand Management | SEO et dispose d'une solide expérience dans le domaine. Rejoignez une équipe dynamique et contribuez à des projets innovants.,· CRM | · Brand Management | · SEO | · Digital Marketing | · Google Ads,communication / publicité / média,60 ans d'exp,Manager,,800 - 1100 TND,"La Soukra, Ariana",CDI,Télétravail complet,2026-03-15,15 mars 2026,Non,Wuzzuf,https://wuzzuf.net/jobs/p/100165/marketing-manager/
100166,Full Stack Developer,COFICAB,COFICAB recrute un(e) Full Stack Developer. Le/La candidat(e) idéal(e) maîtrise React.js | PostgreSQL | Node.js et dispose d'une solide expérience dans le domaine. Rejoignez une équipe dynamique et contribuez à des projets innovants.,· React.js | · PostgreSQL | · Node.js | · MongoDB | · HTML/CSS,informatique / télécoms,2-4 an,Junior,,1200 - 1400 TND,"La Soukra, Ariana",CDI | CDD,Hybrid,2026-02-06,6 février 2026,Non,Keejob,https://www.keejob.com/offres-emploi/100166/full-stack-developer/
100167,Technical Support Engineer,DELICE DANONE,DELICE DANONE recrute un(e) Technical Support Engineer. Le/La candidat(e) idéal(e) maîtrise Windows | Networking | ITIL et dispose d'une solide expérience dans le domaine. Rejoignez une équipe dynamique et contribuez à des projets innovants.,· Windows | · Networking | · ITIL | · Troubleshooting | · Technical Support,informatique / télécoms,7+ Yrs of Exp,Junior,,800 - 1100 TND,"La Soukra, Ariana",CDD | SIVP,Hybrid,2026-02-17,17 février 2026,Yes,Keejob,https://www.keejob.com/offres-emploi/100167/technical-support-engineer/
100168,Embedded Systems Engineer,BANK ABC,BANK ABC recrute un(e) Embedded Systems Engineer. Le/La candidat(e) idéal(e) maîtrise Microcontrollers | ARM | C++ et dispose d'une solide expérience dans le domaine. Rejoignez une équipe dynamique et contribuez à des projets innovants.,· Microcontrollers | · ARM | · C++ | · C | · RTOS,électronique / électricité / énergie,3 - 7 Yrs of Exp,Entry Level,,1500 - 2500 TND,Ben Arous,Stage,Remote,2026-03-08,8 mars 2026,Non,Wuzzuf,https://wuzzuf.net/jobs/p/100168/embedded-systems-engineer/
100169,Financial Analyst,LEONI,LEONI recrute un(e) Financial Analyst. Le/La candidat(e) idéal(e) maîtrise Forecasting | Excel | Budgeting et dispose d'une solide expérience dans le domaine. Rejoignez une équipe dynamique et contribuez à des projets innovants.,· Forecasting | · Excel | · Budgeting | · Financial Modeling | · IFRS,banque / finance / assurances,1 an d'exp,Senior,,2500 - 4000 TND,Nabeul,CDI | CDD,Présentiel,2026-02-10,10 février 2026,No,Keejob,https://www.keejob.com/offres-emploi/100169/financial-analyst/
100170,Full Stack Developer,DELICE DANONE,DELICE DANONE recrute un(e) Full Stack Developer. Le/La candidat(e) idéal(e) maîtrise React.js | Node.js | HTML/CSS et dispose d'une solide expérience dans le domaine. Rejoignez une équipe dynamique et contribuez à des projets innovants.,· React.js | · Node.js | · HTML/CSS | · Docker | · MongoDB,informatique / télécoms,2 ans d'exp,Junior,,1200 - 1400 TND,Ariana,Stage,Hybride,2026-02-15,15 février 2026,Yes,TunisieTravail,https://www.tunisietravail.net/offre/100170/full-stack-developer/
100171,Mechanical Engineer,ESPRIT SCHOOL,ESPRIT SCHOOL recrute un(e) Mechanical Engineer. Le/La candidat(e) idéal(e) maîtrise SolidWorks | Manufacturing | FEA et dispose d'une solide expérience dans le domaine. Rejoignez une équipe dynamique et contribuez à des projets innovants.,· SolidWorks | · Manufacturing | · FEA | · AutoCAD | · Thermodynamics,industrie / production / maintenance,5+ Yrs of Exp,Junior,,1200 - 1400 TND,"Oued Ellil, La Manouba",CDD,Télétravail complet,2026-01-23,23 janvier 2026,Yes,Wuzzuf,https://wuzzuf.net/jobs/p/100171/mechanical-engineer/
100172,Sales Manager,TELNET HOLDING,TELNET HOLDING recrute un(e) Sales Manager. Le/La candidat(e) idéal(e) maîtrise Negotiation | CRM | KPI Management et dispose d'une solide expérience dans le domaine. Rejoignez une équipe dynamique et contribuez à des projets innovants.,· Negotiation | · CRM | · KPI Management | · B2B Sales | · Sales Strategy,commerce / vente / distribution,2-4 an,Senior,,1500 - 2500 TND,Tunis,CDI,Remote,2026-02-27,27 février 2026,Non,TunisieTravail,https://www.tunisietravail.net/offre/100172/sales-manager/
100173,DevOps Engineer,IBM TUNISIA,IBM TUNISIA recrute un(e) DevOps Engineer. Le/La candidat(e) idéal(e) maîtrise Jenkins | Terraform | AWS et dispose d'une solide expérience dans le domaine. Rejoignez une équipe dynamique et contribuez à des projets innovants.,· Jenkins | · Terraform | · AWS | · Kubernetes | · Docker,informatique / télécoms,60 ans d'exp,Senior Management,,1200 - 1400 TND,La Manouba,CDI | SIVP,Remote,2026-02-01,1 février 2026,No,TunisieTravail,https://www.tunisietravail.net/offre/100173/devops-engineer/
100174,Backend Developer,SAMSUNG TUNISIA,SAMSUNG TUNISIA recrute un(e) Backend Developer. Le/La candidat(e) idéal(e) maîtrise Redis | PostgreSQL | Node.js et dispose d'une solide expérience dans le domaine. Rejoignez une équipe dynamique et contribuez à des projets innovants.,· Redis | · PostgreSQL | · Node.js | · Spring Boot | · Django,informatique / télécoms,2 ans d'exp,Senior,,1100 - 1400 TND,Sousse,CDI | CDD,Hybride,2026-02-06,6 février 2026,Yes,Wuzzuf,https://wuzzuf.net/jobs/p/100174/backend-developer/
100175,Mobile Developer,AIRBUS TUNISIA,AIRBUS TUNISIA recrute un(e) Mobile Developer. Le/La candidat(e) idéal(e) maîtrise Kotlin | Swift | Android et dispose d'une solide expérience dans le domaine. Rejoignez une équipe dynamique et contribuez à des projets innovants.,· Kotlin | · Swift | · Android | · Flutter | · iOS,informatique / télécoms,1 - 3 Yrs of Exp,Senior Management,,1500 - 2500 TND,Ben Arous,CDI,Teletravail,2026-01-22,22 janvier 2026,Non,Keejob,https://www.keejob.com/offres-emploi/100175/mobile-developer/
100176,Backend Developer,SAFRAN,SAFRAN recrute un(e) Backend Developer. Le/La candidat(e) idéal(e) maîtrise PostgreSQL | Redis | REST API et dispose d'une solide expérience dans le domaine. Rejoignez une équipe dynamique et contribuez à des projets innovants.,· PostgreSQL | · Redis | · REST API | · Node.js | · Spring Boot,informatique / télécoms,2 ans d'exp,Experienced,,2500 - 4000 TND,Tunis,SIVP,Remote,2026-03-01,1 mars 2026,No,Keejob,https://www.keejob.com/offres-emploi/100176/backend-developer/
100177,Data Analyst,AIRBUS TUNISIA,AIRBUS TUNISIA recrute un(e) Data Analyst. Le/La candidat(e) idéal(e) maîtrise Python | Excel | Data Visualization et dispose d'une solide expérience dans le domaine. Rejoignez une équipe dynamique et contribuez à des projets innovants.,· Python | · Excel | · Data Visualization | · Power BI | · Tableau,informatique / télécoms,1 - 3 Yrs of Exp,Entry Level,,1100 - 1400 TND,Monastir,CDD,Sur site,2026-03-15,15 mars 2026,Non,Wuzzuf,https://wuzzuf.net/jobs/p/100177/data-analyst/
100178,Logistics Coordinator,ESPRIT SCHOOL,ESPRIT SCHOOL recrute un(e) Logistics Coordinator. Le/La candidat(e) idéal(e) maîtrise Transport Management | Import | Export et dispose d'une solide expérience dans le domaine. Rejoignez une équipe dynamique et contribuez à des projets innovants.,· Transport Management | · Import | · Export | · Shipping | · Customs,logistique / transport,3 - 7 Yrs of Exp,Senior Management,,1200 - 1400 TND,Monastir,CDI,Teletravail,2026-01-22,22 janvier 2026,No,TunisieTravail,https://www.tunisietravail.net/offre/100178/logistics-coordinator/
100179,Data Scientist,LEONI,LEONI recrute un(e) Data Scientist. Le/La candidat(e) idéal(e) maîtrise TensorFlow | Statistics | SQL et dispose d'une solide expérience dans le domaine. Rejoignez une équipe dynamique et contribuez à des projets innovants.,· TensorFlow | · Statistics | · SQL | · Scikit-learn | · Machine Learning,informatique / télécoms,2-4 an,Entry Level,,1500 - 2500 TND,"Oued Ellil, La Manouba",CDD | SIVP,Teletravail,2026-02-24,24 février 2026,No,TunisieTravail,https://www.tunisietravail.net/offre/100179/data-scientist/
100180,Customer Services Officer,BIAT,BIAT recrute un(e) Customer Services Officer. Le/La candidat(e) idéal(e) maîtrise Problem Solving | CRM | Communication et dispose d'une solide expérience dans le domaine. Rejoignez une équipe dynamique et contribuez à des projets innovants.,· Problem Solving | · CRM | · Communication | · Customer Care,call center / télévente,7+ Yrs of Exp,Entry Level,,2500 - 4000 TND,La Manouba,CDI,Présentiel,2026-03-03,3 mars 2026,Non,Wuzzuf,https://wuzzuf.net/jobs/p/100180/customer-services-officer/
100181,SEO Specialist,DELPHI TECHNOLOGIES,DELPHI TECHNOLOGIES recrute un(e) SEO Specialist. Le/La candidat(e) idéal(e) maîtrise Google Analytics | SEO | Keyword Research et dispose d'une solide expérience dans le domaine. Rejoignez une équipe dynamique et contribuez à des projets innovants.,· Google Analytics | · SEO | · Keyword Research | · HTML | · SEM,informatique / télécoms,1 - 3 Yrs of Exp,Senior,,2500 - 4000 TND,"Hammam Sousse, Sousse",CDI | CDD,Teletravail,2026-01-31,31 janvier 2026,Yes,Tunijobs,https://www.tunijobs.com/job/100181/seo-specialist/
100182,SAP Consultant,TUNISIE TELECOM,TUNISIE TELECOM recrute un(e) SAP Consultant. Le/La candidat(e) idéal(e) maîtrise SAP FI | SAP SD | SAP HANA et dispose d'une solide expérience dans le domaine. Rejoignez une équipe dynamique et contribuez à des projets innovants.,· SAP FI | · SAP SD | · SAP HANA | · ABAP | · SAP MM,informatique / télécoms,60 ans d'exp,Sans exp,,2500 - 4000 TND,"La Soukra, Ariana",CDI,Télétravail complet,2026-02-23,23 février 2026,No,Keejob,https://www.keejob.com/offres-emploi/100182/sap-consultant/
100183,Graphic Designer,CARTHAGO CERAMICS,CARTHAGO CERAMICS recrute un(e) Graphic Designer. Le/La candidat(e) idéal(e) maîtrise Photoshop | Typography | Branding et dispose d'une solide expérience dans le domaine. Rejoignez une équipe dynamique et contribuez à des projets innovants.,· Photoshop | · Typography | · Branding | · Illustrator | · InDesign,communication / publicité / média,7+ Yrs of Exp,Experienced,,2500 - 4000 TND,Sfax,CDI,Sur site,2026-02-15,15 février 2026,No,Keejob,https://www.keejob.com/offres-emploi/100183/graphic-designer/
100184,Network Engineer,APTIV,APTIV recrute un(e) Network Engineer. Le/La candidat(e) idéal(e) maîtrise Switching | Routing | CCNA et dispose d'une solide expérience dans le domaine. Rejoignez une équipe dynamique et contribuez à des projets innovants.,· Switching | · Routing | · CCNA | · VPN | · TCP/IP,informatique / télécoms,2-4 an,Experienced,,800 - 1100 TND,Monastir,CDI,Hybrid,2026-02-22,22 février 2026,No,Tunijobs,https://www.tunijobs.com/job/100184/network-engineer/
100185,Data Analyst,VERMEG,VERMEG recrute un(e) Data Analyst. Le/La candidat(e) idéal(e) maîtrise Data Visualization | Excel | Power BI et dispose d'une solide expérience dans le domaine. Rejoignez une équipe dynamique et contribuez à des projets innovants.,· Data Visualization | · Excel | · Power BI | · Python | · Tableau,informatique / télécoms,3 - 7 Yrs of Exp,Senior Management,,1500 - 2500 TND,Monastir,CDI,Remote,2026-02-01,1 février 2026,Yes,Tunijobs,https://www.tunijobs.com/job/100185/data-analyst/
100186,Civil Engineer,IBM TUNISIA,IBM TUNISIA recrute un(e) Civil Engineer. Le/La candidat(e) idéal(e) maîtrise AutoCAD | Revit | Construction et dispose d'une solide expérience dans le domaine. Rejoignez une équipe dynamique et contribuez à des projets innovants.,· AutoCAD | · Revit | · Construction | · Project Management | · BIM,bâtiment / travaux publics / architecture,2 ans d'exp,Manager,,1200 - 1400 TND,"La Soukra, Ariana",CDD,Présentiel,2026-02-10,10 février 2026,Non,TunisieTravail,https://www.tunisietravail.net/offre/100186/civil-engineer/
100187,Marketing Manager,DELPHI TECHNOLOGIES,DELPHI TECHNOLOGIES recrute un(e) Marketing Manager. Le/La candidat(e) idéal(e) maîtrise CRM | Brand Management | Digital Marketing et dispose d'une solide expérience dans le domaine. Rejoignez une équipe dynamique et contribuez à des projets innovants.,· CRM | · Brand Management | · Digital Marketing | · SEO | · Google Ads,communication / publicité / média,7+ Yrs of Exp,Sans exp,,800 - 1100 TND,"Lac 2, Tunis",CDI | SIVP,Teletravail,2026-02-11,11 février 2026,No,Wuzzuf,https://wuzzuf.net/jobs/p/100187/marketing-manager/
100188,SEO Specialist,SAFRAN,SAFRAN recrute un(e) SEO Specialist. Le/La candidat(e) idéal(e) maîtrise SEM | SEO | Keyword Research et dispose d'une solide expérience dans le domaine. Rejoignez une équipe dynamique et contribuez à des projets innovants.,· SEM | · SEO | · Keyword Research | · HTML | · Google Analytics,informatique / télécoms,2 ans d'exp,Senior,,1000 - 1500 TND,La Manouba,SIVP,Teletravail,2026-02-03,3 février 2026,No,TunisieTravail,https://www.tunisietravail.net/offre/100188/seo-specialist/
100189,Cybersecurity Engineer,ESPRIT SCHOOL,ESPRIT SCHOOL recrute un(e) Cybersecurity Engineer. Le/La candidat(e) idéal(e) maîtrise Network Security | Firewall | ISO 27001 et dispose d'une solide expérience dans le domaine. Rejoignez une équipe dynamique et contribuez à des projets innovants.,· Network Security | · Firewall | · ISO 27001 | · Penetration Testing | · SIEM,informatique / télécoms,5+ Yrs of Exp,Senior Management,,1000 - 1500 TND,"Hammam Sousse, Sousse",CDD | SIVP,Télétravail complet,2026-03-01,1 mars 2026,No,Keejob,https://www.keejob.com/offres-emploi/100189/cybersecurity-engineer/
100190,Technical Support Engineer,POULINA GROUP,POULINA GROUP recrute un(e) Technical Support Engineer. Le/La candidat(e) idéal(e) maîtrise Technical Support | Troubleshooting | Networking et dispose d'une solide expérience dans le domaine. Rejoignez une équipe dynamique et contribuez à des projets innovants.,· Technical Support | · Troubleshooting | · Networking | · Windows | · ITIL,informatique / télécoms,2-4 an,Experienced,,1000 - 1500 TND,"La Soukra, Ariana",CDI | CDD,Remote,2026-03-16,16 mars 2026,Yes,TunisieTravail,https://www.tunisietravail.net/offre/100190/technical-support-engineer/
100191,Cloud Architect,POULINA GROUP,POULINA GROUP recrute un(e) Cloud Architect. Le/La candidat(e) idéal(e) maîtrise Terraform | Microservices | Azure et dispose d'une solide expérience dans le domaine. Rejoignez une équipe dynamique et contribuez à des projets innovants.,· Terraform | · Microservices | · Azure | · Kubernetes | · AWS,informatique / télécoms,1 - 3 Yrs of Exp,Manager,,1000 - 1500 TND,La Manouba,Stage,Remote,2026-02-20,20 février 2026,Yes,Wuzzuf,https://wuzzuf.net/jobs/p/100191/cloud-architect/
100192,Full Stack Developer,PROXYM GROUP,PROXYM GROUP recrute un(e) Full Stack Developer. Le/La candidat(e) idéal(e) maîtrise MongoDB | React.js | PostgreSQL et dispose d'une solide expérience dans le domaine. Rejoignez une équipe dynamique et contribuez à des projets innovants.,· MongoDB | · React.js | · PostgreSQL | · Docker | · HTML/CSS,informatique / télécoms,60 ans d'exp,Sans exp,,4000 - 5000 TND,Nabeul,CDD | SIVP,Télétravail complet,2026-02-16,16 février 2026,No,Tunijobs,https://www.tunijobs.com/job/100192/full-stack-developer/
100193,Project Manager,BIAT,BIAT recrute un(e) Project Manager. Le/La candidat(e) idéal(e) maîtrise Project Management | Risk Management | MS Project et dispose d'une solide expérience dans le domaine. Rejoignez une équipe dynamique et contribuez à des projets innovants.,· Project Management | · Risk Management | · MS Project | · PMP | · Agile,informatique / télécoms,1 - 3 Yrs of Exp,Manager,,4000 - 5000 TND,"Oued Ellil, La Manouba",CDD | SIVP,Télétravail complet,2026-03-09,9 mars 2026,No,TunisieTravail,https://www.tunisietravail.net/offre/100193/project-manager/
100194,Content Writer,APTIV,APTIV recrute un(e) Content Writer. Le/La candidat(e) idéal(e) maîtrise Copywriting | French | English et dispose d'une solide expérience dans le domaine. Rejoignez une équipe dynamique et contribuez à des projets innovants.,· Copywriting | · French | · English | · SEO | · Content Strategy,communication / publicité / média,60 ans d'exp,Directeur,,2500 - 4000 TND,Sfax,CDD | SIVP,Télétravail complet,2026-02-03,3 février 2026,Yes,Keejob,https://www.keejob.com/offres-emploi/100194/content-writer/
100195,Database Administrator,MICROSOFT TUNISIA,MICROSOFT TUNISIA recrute un(e) Database Administrator. Le/La candidat(e) idéal(e) maîtrise Oracle | SQL Server | MySQL et dispose d'une solide expérience dans le domaine. Rejoignez une équipe dynamique et contribuez à des projets innovants.,· Oracle | · SQL Server | · MySQL | · PostgreSQL | · Backup & Recovery,informatique / télécoms,2 ans d'exp,Directeur,,1200 - 1400 TND,"Lac 2, Tunis",CDI | SIVP,Hybride,2026-01-27,27 janvier 2026,No,Tunijobs,https://www.tunijobs.com/job/100195/database-administrator/
100196,Technical Support Engineer,DELICE DANONE,DELICE DANONE recrute un(e) Technical Support Engineer. Le/La candidat(e) idéal(e) maîtrise Networking | Troubleshooting | ITIL et dispose d'une solide expérience dans le domaine. Rejoignez une équipe dynamique et contribuez à des projets innovants.,· Networking | · Troubleshooting | · ITIL | · Technical Support | · Windows,informatique / télécoms,1 an d'exp,Experienced,,1100 - 1400 TND,"Oued Ellil, La Manouba",CDI | SIVP,Teletravail,2026-01-31,31 janvier 2026,No,Wuzzuf,https://wuzzuf.net/jobs/p/100196/technical-support-engineer/
100197,Embedded Systems Engineer,MICROSOFT TUNISIA,MICROSOFT TUNISIA recrute un(e) Embedded Systems Engineer. Le/La candidat(e) idéal(e) maîtrise Microcontrollers | RTOS | C et dispose d'une solide expérience dans le domaine. Rejoignez une équipe dynamique et contribuez à des projets innovants.,· Microcontrollers | · RTOS | · C | · ARM | · C++,électronique / électricité / énergie,2-4 an,Manager,,1200 - 1400 TND,Sousse,CDD | SIVP,Hybrid,2026-03-06,6 mars 2026,Non,Keejob,https://www.keejob.com/offres-emploi/100197/embedded-systems-engineer/
100198,Sales Manager,SATORIPHAN GROUP,SATORIPHAN GROUP recrute un(e) Sales Manager. Le/La candidat(e) idéal(e) maîtrise CRM | Negotiation | Sales Strategy et dispose d'une solide expérience dans le domaine. Rejoignez une équipe dynamique et contribuez à des projets innovants.,· CRM | · Negotiation | · Sales Strategy | · KPI Management | · B2B Sales,commerce / vente / distribution,2 ans d'exp,Sans exp,,1100 - 1400 TND,"Lac 2, Tunis",SIVP,Remote,2026-03-19,19 mars 2026,No,Tunijobs,https://www.tunijobs.com/job/100198/sales-manager/
100199,Customer Services Officer,POULINA GROUP,POULINA GROUP recrute un(e) Customer Services Officer. Le/La candidat(e) idéal(e) maîtrise Customer Care | Communication | Problem Solving et dispose d'une solide expérience dans le domaine. Rejoignez une équipe dynamique et contribuez à des projets innovants.,· Customer Care | · Communication | · Problem Solving | · CRM,call center / télévente,2 ans d'exp,Sans exp,,1200 - 1400 TND,Nabeul,Stage,Teletravail,2026-01-28,28 janvier 2026,No,TunisieTravail,https://www.tunisietravail.net/offre/100199/customer-services-officer/
100200,AI Engineer,IBM TUNISIA,IBM TUNISIA recrute un(e) AI Engineer. Le/La candidat(e) idéal(e) maîtrise Computer Vision | Hugging Face | NLP et dispose d'une solide expérience dans le domaine. Rejoignez une équipe dynamique et contribuez à des projets innovants.,· Computer Vision | · Hugging Face | · NLP | · TensorFlow | · LLMs,informatique / télécoms,1 an d'exp,Junior,,1000 - 1300 TND,"Hammam Sousse, Sousse",Stage,Télétravail complet,2026-01-25,25 janvier 2026,No,TunisieTravail,https://www.tunisietravail.net/offre/100200/ai-engineer/
100201,Machine Learning Engineer,VERMEG,VERMEG recrute un(e) Machine Learning Engineer. Le/La candidat(e) idéal(e) maîtrise Deep Learning | MLOps | Docker et dispose d'une solide expérience dans le domaine. Rejoignez une équipe dynamique et contribuez à des projets innovants.,· Deep Learning | · MLOps | · Docker | · Python | · Kubernetes,informatique / télécoms,2-4 an,Entry Level,,1000 - 1500 TND,Ben Arous,CDI,Hybride,2026-02-07,7 février 2026,No,Wuzzuf,https://wuzzuf.net/jobs/p/100201/machine-learning-engineer/
100202,QA Engineer,TELNET HOLDING,TELNET HOLDING recrute un(e) QA Engineer. Le/La candidat(e) idéal(e) maîtrise Test Automation | JUnit | Selenium et dispose d'une solide expérience dans le domaine. Rejoignez une équipe dynamique et contribuez à des projets innovants.,· Test Automation | · JUnit | · Selenium | · JIRA | · Agile Testing,informatique / télécoms,2 ans d'exp,Senior,,800 - 1100 TND,Ariana,CDI | CDD,Sur site,2026-02-24,24 février 2026,Non,Wuzzuf,https://wuzzuf.net/jobs/p/100202/qa-engineer/
100203,SEO Specialist,TUNISIE TELECOM,TUNISIE TELECOM recrute un(e) SEO Specialist. Le/La candidat(e) idéal(e) maîtrise HTML | SEM | SEO et dispose d'une solide expérience dans le domaine. Rejoignez une équipe dynamique et contribuez à des projets innovants.,· HTML | · SEM | · SEO | · Keyword Research | · Google Analytics,informatique / télécoms,7+ Yrs of Exp,Manager,,4000 - 5000 TND,Sfax,CDD,Remote,2026-01-27,27 janvier 2026,Non,Keejob,https://www.keejob.com/offres-emploi/100203/seo-specialist/
100204,Business Intelligence Analyst,VERMEG,VERMEG recrute un(e) Business Intelligence Analyst. Le/La candidat(e) idéal(e) maîtrise DAX | Financial Reporting | Tableau et dispose d'une solide expérience dans le domaine. Rejoignez une équipe dynamique et contribuez à des projets innovants.,· DAX | · Financial Reporting | · Tableau | · Power BI | · SQL,banque / finance / assurances,2-4 an,Senior,,800 - 1100 TND,"Oued Ellil, La Manouba",CDD | SIVP,Teletravail,2026-02-10,10 février 2026,No,Wuzzuf,https://wuzzuf.net/jobs/p/100204/business-intelligence-analyst/
100205,HR Manager,AIRBUS TUNISIA,AIRBUS TUNISIA recrute un(e) HR Manager. Le/La candidat(e) idéal(e) maîtrise Payroll | Performance Management | HRIS et dispose d'une solide expérience dans le domaine. Rejoignez une équipe dynamique et contribuez à des projets innovants.,· Payroll | · Performance Management | · HRIS | · Labor Law | · Recruitment,recrutement / ressources humaines,2 ans d'exp,Manager,,1000 - 1300 TND,"Oued Ellil, La Manouba",CDD | SIVP,Remote,2026-01-25,25 janvier 2026,No,Keejob,https://www.keejob.com/offres-emploi/100205/hr-manager/
100206,Logistics Coordinator,IBM TUNISIA,IBM TUNISIA recrute un(e) Logistics Coordinator. Le/La candidat(e) idéal(e) maîtrise Export | Customs | Transport Management et dispose d'une solide expérience dans le domaine. Rejoignez une équipe dynamique et contribuez à des projets innovants.,· Export | · Customs | · Transport Management | · Shipping | · Import,logistique / transport,1 an d'exp,Entry Level,,1200 - 1400 TND,"La Soukra, Ariana",CDI | SIVP,Présentiel,2026-02-02,2 février 2026,Non,TunisieTravail,https://www.tunisietravail.net/offre/100206/logistics-coordinator/
100207,Sales Manager,MICROSOFT TUNISIA,MICROSOFT TUNISIA recrute un(e) Sales Manager. Le/La candidat(e) idéal(e) maîtrise B2B Sales | CRM | Sales Strategy et dispose d'une solide expérience dans le domaine. Rejoignez une équipe dynamique et contribuez à des projets innovants.,· B2B Sales | · CRM | · Sales Strategy | · Negotiation | · KPI Management,commerce / vente / distribution,2 ans d'exp,Junior,,1500 - 2500 TND,La Manouba,CDD,Remote,2026-02-20,20 février 2026,Yes,Wuzzuf,https://wuzzuf.net/jobs/p/100207/sales-manager/
100208,Supply Chain Analyst,SOPRA HR SOFTWARE,SOPRA HR SOFTWARE recrute un(e) Supply Chain Analyst. Le/La candidat(e) idéal(e) maîtrise Excel | SAP | Forecasting et dispose d'une solide expérience dans le domaine. Rejoignez une équipe dynamique et contribuez à des projets innovants.,· Excel | · SAP | · Forecasting | · Supply Chain Management | · Logistics,logistique / transport,1 - 3 Yrs of Exp,Directeur,,800 - 1100 TND,Tunis,Stage,Remote,2026-03-23,23 mars 2026,Yes,Keejob,https://www.keejob.com/offres-emploi/100208/supply-chain-analyst/
100209,Embedded Systems Engineer,DELICE DANONE,DELICE DANONE recrute un(e) Embedded Systems Engineer. Le/La candidat(e) idéal(e) maîtrise PCB Design | Microcontrollers | ARM et dispose d'une solide expérience dans le domaine. Rejoignez une équipe dynamique et contribuez à des projets innovants.,· PCB Design | · Microcontrollers | · ARM | · C++ | · RTOS,électronique / électricité / énergie,2-4 an,Entry Level,,1000 - 1300 TND,Ben Arous,CDI,Présentiel,2026-02-11,11 février 2026,Non,Keejob,https://www.keejob.com/offres-emploi/100209/embedded-systems-engineer/
100210,Mobile Developer,DELPHI TECHNOLOGIES,DELPHI TECHNOLOGIES recrute un(e) Mobile Developer. Le/La candidat(e) idéal(e) maîtrise Swift | Kotlin | Flutter et dispose d'une solide expérience dans le domaine. Rejoignez une équipe dynamique et contribuez à des projets innovants.,· Swift | · Kotlin | · Flutter | · React Native | · iOS,informatique / télécoms,3 - 7 Yrs of Exp,Senior,,2500 - 4000 TND,Sfax,CDI | CDD,Présentiel,2026-03-20,20 mars 2026,Yes,Wuzzuf,https://wuzzuf.net/jobs/p/100210/mobile-developer/
100211,Full Stack Developer,MICROSOFT TUNISIA,MICROSOFT TUNISIA recrute un(e) Full Stack Developer. Le/La candidat(e) idéal(e) maîtrise HTML/CSS | Node.js | React.js et dispose d'une solide expérience dans le domaine. Rejoignez une équipe dynamique et contribuez à des projets innovants.,· HTML/CSS | · Node.js | · React.js | · PostgreSQL | · MongoDB,informatique / télécoms,60 ans d'exp,Experienced,,1100 - 1400 TND,Sousse,SIVP,Teletravail,2026-03-13,13 mars 2026,Yes,Keejob,https://www.keejob.com/offres-emploi/100211/full-stack-developer/
100212,AI Engineer,AIRBUS TUNISIA,AIRBUS TUNISIA recrute un(e) AI Engineer. Le/La candidat(e) idéal(e) maîtrise Python | Hugging Face | Computer Vision et dispose d'une solide expérience dans le domaine. Rejoignez une équipe dynamique et contribuez à des projets innovants.,· Python | · Hugging Face | · Computer Vision | · NLP | · LLMs,informatique / télécoms,2 ans d'exp,Senior Management,,4000 - 5000 TND,"La Soukra, Ariana",SIVP,Sur site,2026-03-07,7 mars 2026,No,Keejob,https://www.keejob.com/offres-emploi/100212/ai-engineer/
100213,Social Media Manager,BIAT,BIAT recrute un(e) Social Media Manager. Le/La candidat(e) idéal(e) maîtrise Analytics | Content Creation | Meta Ads et dispose d'une solide expérience dans le domaine. Rejoignez une équipe dynamique et contribuez à des projets innovants.,· Analytics | · Content Creation | · Meta Ads | · Social Media | · Canva,communication / publicité / média,1 an d'exp,Junior,,800 - 1100 TND,Ariana,CDI,Remote,2026-02-04,4 février 2026,No,Wuzzuf,https://wuzzuf.net/jobs/p/100213/social-media-manager/
100214,Accountant,SOFRECOM,SOFRECOM recrute un(e) Accountant. Le/La candidat(e) idéal(e) maîtrise IFRS | Accounting | Tax et dispose d'une solide expérience dans le domaine. Rejoignez une équipe dynamique et contribuez à des projets innovants.,· IFRS | · Accounting | · Tax | · Excel | · QuickBooks,banque / finance / assurances,7+ Yrs of Exp,Experienced,,1100 - 1400 TND,Sfax,CDI | SIVP,Hybrid,2026-03-08,8 mars 2026,Non,TunisieTravail,https://www.tunisietravail.net/offre/100214/accountant/
100215,Procurement Officer,SAMSUNG TUNISIA,SAMSUNG TUNISIA recrute un(e) Procurement Officer. Le/La candidat(e) idéal(e) maîtrise Procurement | Negotiation | Contract Management et dispose d'une solide expérience dans le domaine. Rejoignez une équipe dynamique et contribuez à des projets innovants.,· Procurement | · Negotiation | · Contract Management | · ERP | · Sourcing,commerce / vente / distribution,60 ans d'exp,Entry Level,,1100 - 1400 TND,La Manouba,CDI,Présentiel,2026-01-26,26 janvier 2026,No,Keejob,https://www.keejob.com/offres-emploi/100215/procurement-officer/
100216,Data Scientist,SOPRA HR SOFTWARE,SOPRA HR SOFTWARE recrute un(e) Data Scientist. Le/La candidat(e) idéal(e) maîtrise Machine Learning | TensorFlow | Statistics et dispose d'une solide expérience dans le domaine. Rejoignez une équipe dynamique et contribuez à des projets innovants.,· Machine Learning | · TensorFlow | · Statistics | · Pandas | · SQL,informatique / télécoms,5+ Yrs of Exp,Senior Management,,1200 - 1400 TND,"Lac 2, Tunis",CDI | SIVP,Télétravail complet,2026-02-22,22 février 2026,Non,Wuzzuf,https://wuzzuf.net/jobs/p/100216/data-scientist/
100217,Mobile Developer,BANK ABC,BANK ABC recrute un(e) Mobile Developer. Le/La candidat(e) idéal(e) maîtrise Kotlin | Flutter | React Native et dispose d'une solide expérience dans le domaine. Rejoignez une équipe dynamique et contribuez à des projets innovants.,· Kotlin | · Flutter | · React Native | · Swift | · iOS,informatique / télécoms,5+ Yrs of Exp,Junior,,2500 - 4000 TND,"Lac 2, Tunis",CDD | SIVP,Hybrid,2026-01-22,22 janvier 2026,Non,Keejob,https://www.keejob.com/offres-emploi/100217/mobile-developer/
100218,UX/UI Designer,APTIV,APTIV recrute un(e) UX/UI Designer. Le/La candidat(e) idéal(e) maîtrise Adobe XD | User Research | Wireframing et dispose d'une solide expérience dans le domaine. Rejoignez une équipe dynamique et contribuez à des projets innovants.,· Adobe XD | · User Research | · Wireframing | · Figma | · Prototyping,communication / publicité / média,1 an d'exp,Directeur,,2500 - 4000 TND,"Lac 2, Tunis",SIVP,Remote,2026-03-18,18 mars 2026,Yes,TunisieTravail,https://www.tunisietravail.net/offre/100218/uxui-designer/
100219,Data Analyst,POULINA GROUP,POULINA GROUP recrute un(e) Data Analyst. Le/La candidat(e) idéal(e) maîtrise SQL | Python | Excel et dispose d'une solide expérience dans le domaine. Rejoignez une équipe dynamique et contribuez à des projets innovants.,· SQL | · Python | · Excel | · Power BI | · Tableau,informatique / télécoms,1 an d'exp,Sans exp,,1000 - 1500 TND,Ariana,SIVP,Hybrid,2026-02-14,14 février 2026,No,Keejob,https://www.keejob.com/offres-emploi/100219/data-analyst/
100220,Sales Manager,HUAWEI TUNISIA,HUAWEI TUNISIA recrute un(e) Sales Manager. Le/La candidat(e) idéal(e) maîtrise Negotiation | KPI Management | CRM et dispose d'une solide expérience dans le domaine. Rejoignez une équipe dynamique et contribuez à des projets innovants.,· Negotiation | · KPI Management | · CRM | · Sales Strategy | · B2B Sales,commerce / vente / distribution,3 - 7 Yrs of Exp,Manager,,1000 - 1300 TND,Sousse,CDI,Teletravail,2026-01-22,22 janvier 2026,No,Keejob,https://www.keejob.com/offres-emploi/100220/sales-manager/
100221,Electrical Engineer,IBM TUNISIA,IBM TUNISIA recrute un(e) Electrical Engineer. Le/La candidat(e) idéal(e) maîtrise SCADA | AutoCAD | PLC et dispose d'une solide expérience dans le domaine. Rejoignez une équipe dynamique et contribuez à des projets innovants.,· SCADA | · AutoCAD | · PLC | · Electrical Design | · Power Systems,électronique / électricité / énergie,60 ans d'exp,Entry Level,,1000 - 1300 TND,Sfax,CDD,Télétravail complet,2026-03-04,4 mars 2026,Yes,Tunijobs,https://www.tunijobs.com/job/100221/electrical-engineer/
100222,SAP Consultant,INTILAAQ,INTILAAQ recrute un(e) SAP Consultant. Le/La candidat(e) idéal(e) maîtrise SAP HANA | SAP MM | ABAP et dispose d'une solide expérience dans le domaine. Rejoignez une équipe dynamique et contribuez à des projets innovants.,· SAP HANA | · SAP MM | · ABAP | · SAP SD | · SAP FI,informatique / télécoms,3 - 7 Yrs of Exp,Experienced,,2500 - 4000 TND,"La Soukra, Ariana",CDI,Hybride,2026-02-06,6 février 2026,No,Keejob,https://www.keejob.com/offres-emploi/100222/sap-consultant/
100223,QA Engineer,INTILAAQ,INTILAAQ recrute un(e) QA Engineer. Le/La candidat(e) idéal(e) maîtrise JUnit | Selenium | Agile Testing et dispose d'une solide expérience dans le domaine. Rejoignez une équipe dynamique et contribuez à des projets innovants.,· JUnit | · Selenium | · Agile Testing | · Test Automation | · JIRA,informatique / télécoms,2 ans d'exp,Manager,,1000 - 1300 TND,Tunis,CDI,Télétravail complet,2026-02-22,22 février 2026,Non,Keejob,https://www.keejob.com/offres-emploi/100223/qa-engineer/
100224,Cloud Architect,ORANGE TUNISIE,ORANGE TUNISIE recrute un(e) Cloud Architect. Le/La candidat(e) idéal(e) maîtrise Terraform | GCP | AWS et dispose d'une solide expérience dans le domaine. Rejoignez une équipe dynamique et contribuez à des projets innovants.,· Terraform | · GCP | · AWS | · Kubernetes | · Azure,informatique / télécoms,2 ans d'exp,Directeur,,4000 - 5000 TND,Sousse,CDI,Télétravail complet,2026-03-22,22 mars 2026,No,Keejob,https://www.keejob.com/offres-emploi/100224/cloud-architect/
100225,Cybersecurity Engineer,EVERIENCE TUNISIA,EVERIENCE TUNISIA recrute un(e) Cybersecurity Engineer. Le/La candidat(e) idéal(e) maîtrise Network Security | SIEM | ISO 27001 et dispose d'une solide expérience dans le domaine. Rejoignez une équipe dynamique et contribuez à des projets innovants.,· Network Security | · SIEM | · ISO 27001 | · Penetration Testing | · Firewall,informatique / télécoms,7+ Yrs of Exp,Sans exp,,1000 - 1500 TND,La Manouba,CDD,Teletravail,2026-03-22,22 mars 2026,No,Tunijobs,https://www.tunijobs.com/job/100225/cybersecurity-engineer/
100226,AI Engineer,VALEO TUNISIA,VALEO TUNISIA recrute un(e) AI Engineer. Le/La candidat(e) idéal(e) maîtrise NLP | Python | Hugging Face et dispose d'une solide expérience dans le domaine. Rejoignez une équipe dynamique et contribuez à des projets innovants.,· NLP | · Python | · Hugging Face | · Computer Vision | · LLMs,informatique / télécoms,60 ans d'exp,Junior,,1000 - 1300 TND,Ben Arous,CDI | CDD,Teletravail,2026-02-25,25 février 2026,No,Tunijobs,https://www.tunijobs.com/job/100226/ai-engineer/
100227,Product Manager,DELICE DANONE,DELICE DANONE recrute un(e) Product Manager. Le/La candidat(e) idéal(e) maîtrise User Stories | Scrum | Jira et dispose d'une solide expérience dans le domaine. Rejoignez une équipe dynamique et contribuez à des projets innovants.,· User Stories | · Scrum | · Jira | · Agile | · Product Roadmap,informatique / télécoms,60 ans d'exp,Experienced,,1500 - 2500 TND,Nabeul,SIVP,Teletravail,2026-02-21,21 février 2026,Non,TunisieTravail,https://www.tunisietravail.net/offre/100227/product-manager/
100228,Customer Services Officer,CARTHAGO CERAMICS,CARTHAGO CERAMICS recrute un(e) Customer Services Officer. Le/La candidat(e) idéal(e) maîtrise CRM | Customer Care | Problem Solving et dispose d'une solide expérience dans le domaine. Rejoignez une équipe dynamique et contribuez à des projets innovants.,· CRM | · Customer Care | · Problem Solving | · Communication,call center / télévente,5+ Yrs of Exp,Directeur,,1000 - 1500 TND,Sfax,CDD,Hybride,2026-02-18,18 février 2026,Non,Tunijobs,https://www.tunijobs.com/job/100228/customer-services-officer/
100229,AI Engineer,DELPHI TECHNOLOGIES,DELPHI TECHNOLOGIES recrute un(e) AI Engineer. Le/La candidat(e) idéal(e) maîtrise Hugging Face | Python | NLP et dispose d'une solide expérience dans le domaine. Rejoignez une équipe dynamique et contribuez à des projets innovants.,· Hugging Face | · Python | · NLP | · Computer Vision | · LLMs,informatique / télécoms,2-4 an,Manager,,1200 - 1400 TND,"Oued Ellil, La Manouba",SIVP,Télétravail complet,2026-01-23,23 janvier 2026,Yes,TunisieTravail,https://www.tunisietravail.net/offre/100229/ai-engineer/
100230,HR Manager,POULINA GROUP,POULINA GROUP recrute un(e) HR Manager. Le/La candidat(e) idéal(e) maîtrise Recruitment | Labor Law | HRIS et dispose d'une solide expérience dans le domaine. Rejoignez une équipe dynamique et contribuez à des projets innovants.,· Recruitment | · Labor Law | · HRIS | · Performance Management | · Payroll,recrutement / ressources humaines,1 - 3 Yrs of Exp,Manager,,4000 - 5000 TND,Tunis,CDI,Sur site,2026-02-17,17 février 2026,Non,Tunijobs,https://www.tunijobs.com/job/100230/hr-manager/
100231,Call Center Agent,TUNISIE TELECOM,TUNISIE TELECOM recrute un(e) Call Center Agent. Le/La candidat(e) idéal(e) maîtrise Customer Care | CRM | Communication et dispose d'une solide expérience dans le domaine. Rejoignez une équipe dynamique et contribuez à des projets innovants.,· Customer Care | · CRM | · Communication | · French | · English,call center / télévente,2-4 an,Experienced,,800 - 1100 TND,Tunis,CDD,Présentiel,2026-03-02,2 mars 2026,Yes,Wuzzuf,https://wuzzuf.net/jobs/p/100231/call-center-agent/
100232,Mobile Developer,COFICAB,COFICAB recrute un(e) Mobile Developer. Le/La candidat(e) idéal(e) maîtrise Flutter | Android | Swift et dispose d'une solide expérience dans le domaine. Rejoignez une équipe dynamique et contribuez à des projets innovants.,· Flutter | · Android | · Swift | · iOS | · React Native,informatique / télécoms,2 ans d'exp,Experienced,,1100 - 1400 TND,La Manouba,CDD,Teletravail,2026-02-14,14 février 2026,Yes,Tunijobs,https://www.tunijobs.com/job/100232/mobile-developer/
100233,Logistics Coordinator,GFI TUNISIE,GFI TUNISIE recrute un(e) Logistics Coordinator. Le/La candidat(e) idéal(e) maîtrise Transport Management | Import | Shipping et dispose d'une solide expérience dans le domaine. Rejoignez une équipe dynamique et contribuez à des projets innovants.,· Transport Management | · Import | · Shipping | · Export | · Customs,logistique / transport,1 - 3 Yrs of Exp,Entry Level,,1000 - 1500 TND,Sousse,CDD | SIVP,Sur site,2026-02-27,27 février 2026,Yes,Wuzzuf,https://wuzzuf.net/jobs/p/100233/logistics-coordinator/
100234,Social Media Manager,LEONI,LEONI recrute un(e) Social Media Manager. Le/La candidat(e) idéal(e) maîtrise Canva | Social Media | Meta Ads et dispose d'une solide expérience dans le domaine. Rejoignez une équipe dynamique et contribuez à des projets innovants.,· Canva | · Social Media | · Meta Ads | · Content Creation | · Analytics,communication / publicité / média,60 ans d'exp,Manager,,1500 - 2500 TND,"Lac 2, Tunis",CDI,Teletravail,2026-01-23,23 janvier 2026,No,Keejob,https://www.keejob.com/offres-emploi/100234/social-media-manager/
100235,Customer Services Officer,BIAT,BIAT recrute un(e) Customer Services Officer. Le/La candidat(e) idéal(e) maîtrise Customer Care | Communication | CRM et dispose d'une solide expérience dans le domaine. Rejoignez une équipe dynamique et contribuez à des projets innovants.,· Customer Care | · Communication | · CRM | · Problem Solving,call center / télévente,3 - 7 Yrs of Exp,Directeur,,1000 - 1300 TND,La Manouba,SIVP,Télétravail complet,2026-03-07,7 mars 2026,Non,Keejob,https://www.keejob.com/offres-emploi/100235/customer-services-officer/
100236,Data Scientist,EVERIENCE TUNISIA,EVERIENCE TUNISIA recrute un(e) Data Scientist. Le/La candidat(e) idéal(e) maîtrise SQL | Scikit-learn | Pandas et dispose d'une solide expérience dans le domaine. Rejoignez une équipe dynamique et contribuez à des projets innovants.,· SQL | · Scikit-learn | · Pandas | · Machine Learning | · Statistics,informatique / télécoms,7+ Yrs of Exp,Experienced,,2500 - 4000 TND,Sfax,Stage,Remote,2026-01-26,26 janvier 2026,Yes,Tunijobs,https://www.tunijobs.com/job/100236/data-scientist/
100237,Network Engineer,BIAT,BIAT recrute un(e) Network Engineer. Le/La candidat(e) idéal(e) maîtrise VPN | Cisco | Routing et dispose d'une solide expérience dans le domaine. Rejoignez une équipe dynamique et contribuez à des projets innovants.,· VPN | · Cisco | · Routing | · CCNA | · Switching,informatique / télécoms,2 ans d'exp,Senior,,1500 - 2500 TND,Sousse,CDI | CDD,Teletravail,2026-03-07,7 mars 2026,Yes,TunisieTravail,https://www.tunisietravail.net/offre/100237/network-engineer/
100238,DevOps Engineer,DELPHI TECHNOLOGIES,DELPHI TECHNOLOGIES recrute un(e) DevOps Engineer. Le/La candidat(e) idéal(e) maîtrise Docker | CI/CD | AWS et dispose d'une solide expérience dans le domaine. Rejoignez une équipe dynamique et contribuez à des projets innovants.,· Docker | · CI/CD | · AWS | · Jenkins | · Terraform,informatique / télécoms,2-4 an,Sans exp,,1000 - 1500 TND,Tunis,CDI,Hybrid,2026-01-22,22 janvier 2026,Non,Tunijobs,https://www.tunijobs.com/job/100238/devops-engineer/
100239,Product Manager,SAFRAN,SAFRAN recrute un(e) Product Manager. Le/La candidat(e) idéal(e) maîtrise User Stories | Jira | Product Roadmap et dispose d'une solide expérience dans le domaine. Rejoignez une équipe dynamique et contribuez à des projets innovants.,· User Stories | · Jira | · Product Roadmap | · Scrum | · Agile,informatique / télécoms,1 an d'exp,Sans exp,,4000 - 5000 TND,Sousse,CDI,Hybrid,2026-03-17,17 mars 2026,Non,Wuzzuf,https://wuzzuf.net/jobs/p/100239/product-manager/
100240,Logistics Coordinator,TELNET HOLDING,TELNET HOLDING recrute un(e) Logistics Coordinator. Le/La candidat(e) idéal(e) maîtrise Import | Transport Management | Shipping et dispose d'une solide expérience dans le domaine. Rejoignez une équipe dynamique et contribuez à des projets innovants.,· Import | · Transport Management | · Shipping | · Customs | · Export,logistique / transport,1 - 3 Yrs of Exp,Senior,,4000 - 5000 TND,Sfax,SIVP,Télétravail complet,2026-03-13,13 mars 2026,No,Wuzzuf,https://wuzzuf.net/jobs/p/100240/logistics-coordinator/
100241,Mechanical Engineer,SATORIPHAN GROUP,SATORIPHAN GROUP recrute un(e) Mechanical Engineer. Le/La candidat(e) idéal(e) maîtrise FEA | SolidWorks | Manufacturing et dispose d'une solide expérience dans le domaine. Rejoignez une équipe dynamique et contribuez à des projets innovants.,· FEA | · SolidWorks | · Manufacturing | · AutoCAD | · Thermodynamics,industrie / production / maintenance,7+ Yrs of Exp,Experienced,,1000 - 1500 TND,Monastir,CDI,Hybrid,2026-01-26,26 janvier 2026,No,TunisieTravail,https://www.tunisietravail.net/offre/100241/mechanical-engineer/
100242,Electrical Engineer,ESPRIT SCHOOL,ESPRIT SCHOOL recrute un(e) Electrical Engineer. Le/La candidat(e) idéal(e) maîtrise Electrical Design | PLC | SCADA et dispose d'une solide expérience dans le domaine. Rejoignez une équipe dynamique et contribuez à des projets innovants.,· Electrical Design | · PLC | · SCADA | · AutoCAD | · Power Systems,électronique / électricité / énergie,5+ Yrs of Exp,Sans exp,,1200 - 1400 TND,"La Soukra, Ariana",CDI,Télétravail complet,2026-03-18,18 mars 2026,No,Keejob,https://www.keejob.com/offres-emploi/100242/electrical-engineer/
100243,Legal Counsel,SAFRAN,SAFRAN recrute un(e) Legal Counsel. Le/La candidat(e) idéal(e) maîtrise Legal Research | Litigation | Compliance et dispose d'une solide expérience dans le domaine. Rejoignez une équipe dynamique et contribuez à des projets innovants.,· Legal Research | · Litigation | · Compliance | · Corporate Law | · Contract Law,juridique / droit,7+ Yrs of Exp,Junior,,1000 - 1500 TND,Sfax,Stage,Remote,2026-03-18,18 mars 2026,Non,TunisieTravail,https://www.tunisietravail.net/offre/100243/legal-counsel/
100244,Frontend Developer,ORANGE TUNISIE,ORANGE TUNISIE recrute un(e) Frontend Developer. Le/La candidat(e) idéal(e) maîtrise Vue.js | TypeScript | React.js et dispose d'une solide expérience dans le domaine. Rejoignez une équipe dynamique et contribuez à des projets innovants.,· Vue.js | · TypeScript | · React.js | · JavaScript | · CSS,informatique / télécoms,2-4 an,Entry Level,,1500 - 2500 TND,"Lac 2, Tunis",Stage,Sur site,2026-03-11,11 mars 2026,Non,Tunijobs,https://www.tunijobs.com/job/100244/frontend-developer/
100245,Accountant,DELPHI TECHNOLOGIES,DELPHI TECHNOLOGIES recrute un(e) Accountant. Le/La candidat(e) idéal(e) maîtrise QuickBooks | Tax | IFRS et dispose d'une solide expérience dans le domaine. Rejoignez une équipe dynamique et contribuez à des projets innovants.,· QuickBooks | · Tax | · IFRS | · Excel | · Accounting,banque / finance / assurances,7+ Yrs of Exp,Manager,,1000 - 1500 TND,"Oued Ellil, La Manouba",CDI | SIVP,Présentiel,2026-03-16,16 mars 2026,Non,Tunijobs,https://www.tunijobs.com/job/100245/accountant/
100246,Business Intelligence Analyst,POULINA GROUP,POULINA GROUP recrute un(e) Business Intelligence Analyst. Le/La candidat(e) idéal(e) maîtrise Power BI | DAX | Tableau et dispose d'une solide expérience dans le domaine. Rejoignez une équipe dynamique et contribuez à des projets innovants.,· Power BI | · DAX | · Tableau | · SQL | · ETL,banque / finance / assurances,60 ans d'exp,Senior Management,,800 - 1100 TND,Sousse,SIVP,Remote,2026-02-10,10 février 2026,Non,Tunijobs,https://www.tunijobs.com/job/100246/business-intelligence-analyst/
100247,Technical Support Engineer,CARTHAGO CERAMICS,CARTHAGO CERAMICS recrute un(e) Technical Support Engineer. Le/La candidat(e) idéal(e) maîtrise Networking | Technical Support | Troubleshooting et dispose d'une solide expérience dans le domaine. Rejoignez une équipe dynamique et contribuez à des projets innovants.,· Networking | · Technical Support | · Troubleshooting | · ITIL | · Windows,informatique / télécoms,60 ans d'exp,Entry Level,,1500 - 2500 TND,Tunis,SIVP,Télétravail complet,2026-02-04,4 février 2026,No,Keejob,https://www.keejob.com/offres-emploi/100247/technical-support-engineer/
100248,SAP Consultant,ESPRIT SCHOOL,ESPRIT SCHOOL recrute un(e) SAP Consultant. Le/La candidat(e) idéal(e) maîtrise ABAP | SAP MM | SAP HANA et dispose d'une solide expérience dans le domaine. Rejoignez une équipe dynamique et contribuez à des projets innovants.,· ABAP | · SAP MM | · SAP HANA | · SAP FI | · SAP SD,informatique / télécoms,5+ Yrs of Exp,Entry Level,,2500 - 4000 TND,"Oued Ellil, La Manouba",CDD | SIVP,Sur site,2026-02-02,2 février 2026,Non,Tunijobs,https://www.tunijobs.com/job/100248/sap-consultant/
100249,Civil Engineer,ORANGE TUNISIE,ORANGE TUNISIE recrute un(e) Civil Engineer. Le/La candidat(e) idéal(e) maîtrise Project Management | Construction | Revit et dispose d'une solide expérience dans le domaine. Rejoignez une équipe dynamique et contribuez à des projets innovants.,· Project Management | · Construction | · Revit | · BIM | · AutoCAD,bâtiment / travaux publics / architecture,1 - 3 Yrs of Exp,Sans exp,,1000 - 1500 TND,"La Soukra, Ariana",CDI | SIVP,Sur site,2026-03-19,19 mars 2026,Non,Wuzzuf,https://wuzzuf.net/jobs/p/100249/civil-engineer/
100250,Product Manager,INTILAAQ,INTILAAQ recrute un(e) Product Manager. Le/La candidat(e) idéal(e) maîtrise Scrum | Agile | Product Roadmap et dispose d'une solide expérience dans le domaine. Rejoignez une équipe dynamique et contribuez à des projets innovants.,· Scrum | · Agile | · Product Roadmap | · Jira | · User Stories,informatique / télécoms,5+ Yrs of Exp,Directeur,,1100 - 1400 TND,La Manouba,Stage,Remote,2026-01-24,24 janvier 2026,Yes,Keejob,https://www.keejob.com/offres-emploi/100250/product-manager/
100251,Sales Manager,DELICE DANONE,DELICE DANONE recrute un(e) Sales Manager. Le/La candidat(e) idéal(e) maîtrise B2B Sales | KPI Management | Sales Strategy et dispose d'une solide expérience dans le domaine. Rejoignez une équipe dynamique et contribuez à des projets innovants.,· B2B Sales | · KPI Management | · Sales Strategy | · CRM | · Negotiation,commerce / vente / distribution,60 ans d'exp,Experienced,,1500 - 2500 TND,Sousse,Stage,Hybrid,2026-03-12,12 mars 2026,Yes,Tunijobs,https://www.tunijobs.com/job/100251/sales-manager/
100252,Data Analyst,MICROSOFT TUNISIA,MICROSOFT TUNISIA recrute un(e) Data Analyst. Le/La candidat(e) idéal(e) maîtrise SQL | Tableau | Data Visualization et dispose d'une solide expérience dans le domaine. Rejoignez une équipe dynamique et contribuez à des projets innovants.,· SQL | · Tableau | · Data Visualization | · Python | · Power BI,informatique / télécoms,3 - 7 Yrs of Exp,Directeur,,1100 - 1400 TND,"Hammam Sousse, Sousse",CDI | CDD,Présentiel,2026-02-10,10 février 2026,Non,Wuzzuf,https://wuzzuf.net/jobs/p/100252/data-analyst/
100253,Data Scientist,SATORIPHAN GROUP,SATORIPHAN GROUP recrute un(e) Data Scientist. Le/La candidat(e) idéal(e) maîtrise Machine Learning | Pandas | Scikit-learn et dispose d'une solide expérience dans le domaine. Rejoignez une équipe dynamique et contribuez à des projets innovants.,· Machine Learning | · Pandas | · Scikit-learn | · Python | · SQL,informatique / télécoms,1 - 3 Yrs of Exp,Entry Level,,2500 - 4000 TND,Nabeul,Stage,Hybrid,2026-02-13,13 février 2026,No,TunisieTravail,https://www.tunisietravail.net/offre/100253/data-scientist/
100254,QA Engineer,ORANGE TUNISIE,ORANGE TUNISIE recrute un(e) QA Engineer. Le/La candidat(e) idéal(e) maîtrise JIRA | Test Automation | Agile Testing et dispose d'une solide expérience dans le domaine. Rejoignez une équipe dynamique et contribuez à des projets innovants.,· JIRA | · Test Automation | · Agile Testing | · JUnit | · Selenium,informatique / télécoms,5+ Yrs of Exp,Entry Level,,1100 - 1400 TND,"Hammam Sousse, Sousse",CDI,Remote,2026-02-19,19 février 2026,Non,Keejob,https://www.keejob.com/offres-emploi/100254/qa-engineer/
100255,Marketing Manager,ESPRIT SCHOOL,ESPRIT SCHOOL recrute un(e) Marketing Manager. Le/La candidat(e) idéal(e) maîtrise Google Ads | Brand Management | SEO et dispose d'une solide expérience dans le domaine. Rejoignez une équipe dynamique et contribuez à des projets innovants.,· Google Ads | · Brand Management | · SEO | · CRM | · Digital Marketing,communication / publicité / média,3 - 7 Yrs of Exp,Junior,,2500 - 4000 TND,"Hammam Sousse, Sousse",SIVP,Hybride,2026-02-18,18 février 2026,Non,Wuzzuf,https://wuzzuf.net/jobs/p/100255/marketing-manager/
100256,Machine Learning Engineer,DELICE DANONE,DELICE DANONE recrute un(e) Machine Learning Engineer. Le/La candidat(e) idéal(e) maîtrise MLOps | PyTorch | Docker et dispose d'une solide expérience dans le domaine. Rejoignez une équipe dynamique et contribuez à des projets innovants.,· MLOps | · PyTorch | · Docker | · Deep Learning | · Kubernetes,informatique / télécoms,1 an d'exp,Directeur,,1500 - 2500 TND,"Lac 2, Tunis",CDD | SIVP,Teletravail,2026-02-04,4 février 2026,Yes,Tunijobs,https://www.tunijobs.com/job/100256/machine-learning-engineer/
100257,Graphic Designer,DELICE DANONE,DELICE DANONE recrute un(e) Graphic Designer. Le/La candidat(e) idéal(e) maîtrise Branding | InDesign | Typography et dispose d'une solide expérience dans le domaine. Rejoignez une équipe dynamique et contribuez à des projets innovants.,· Branding | · InDesign | · Typography | · Illustrator | · Photoshop,communication / publicité / média,2 ans d'exp,Senior Management,,1000 - 1500 TND,"Lac 2, Tunis",SIVP,Hybride,2026-03-05,5 mars 2026,Yes,Wuzzuf,https://wuzzuf.net/jobs/p/100257/graphic-designer/
100258,Backend Developer,SAMSUNG TUNISIA,SAMSUNG TUNISIA recrute un(e) Backend Developer. Le/La candidat(e) idéal(e) maîtrise Spring Boot | Node.js | Django et dispose d'une solide expérience dans le domaine. Rejoignez une équipe dynamique et contribuez à des projets innovants.,· Spring Boot | · Node.js | · Django | · PostgreSQL | · Redis,informatique / télécoms,5+ Yrs of Exp,Experienced,,1100 - 1400 TND,"Oued Ellil, La Manouba",SIVP,Remote,2026-02-25,25 février 2026,Non,TunisieTravail,https://www.tunisietravail.net/offre/100258/backend-developer/
100259,Mechanical Engineer,EVERIENCE TUNISIA,EVERIENCE TUNISIA recrute un(e) Mechanical Engineer. Le/La candidat(e) idéal(e) maîtrise Manufacturing | SolidWorks | AutoCAD et dispose d'une solide expérience dans le domaine. Rejoignez une équipe dynamique et contribuez à des projets innovants.,· Manufacturing | · SolidWorks | · AutoCAD | · Thermodynamics | · FEA,industrie / production / maintenance,1 - 3 Yrs of Exp,Sans exp,,800 - 1100 TND,Sousse,CDD,Teletravail,2026-02-18,18 février 2026,No,Tunijobs,https://www.tunijobs.com/job/100259/mechanical-engineer/
100260,Supply Chain Analyst,POULINA GROUP,POULINA GROUP recrute un(e) Supply Chain Analyst. Le/La candidat(e) idéal(e) maîtrise Forecasting | SAP | Excel et dispose d'une solide expérience dans le domaine. Rejoignez une équipe dynamique et contribuez à des projets innovants.,· Forecasting | · SAP | · Excel | · Supply Chain Management | · Logistics,logistique / transport,2-4 an,Experienced,,800 - 1100 TND,Tunis,CDI | CDD,Hybrid,2026-03-02,2 mars 2026,Non,Tunijobs,https://www.tunijobs.com/job/100260/supply-chain-analyst/
100261,Frontend Developer,POULINA GROUP,POULINA GROUP recrute un(e) Frontend Developer. Le/La candidat(e) idéal(e) maîtrise Vue.js | CSS | React.js et dispose d'une solide expérience dans le domaine. Rejoignez une équipe dynamique et contribuez à des projets innovants.,· Vue.js | · CSS | · React.js | · JavaScript | · TypeScript,informatique / télécoms,7+ Yrs of Exp,Senior Management,,2500 - 4000 TND,Tunis,CDI,Présentiel,2026-02-26,26 février 2026,Non,Tunijobs,https://www.tunijobs.com/job/100261/frontend-developer/
100262,Financial Analyst,BANK ABC,BANK ABC recrute un(e) Financial Analyst. Le/La candidat(e) idéal(e) maîtrise Budgeting | Excel | Financial Modeling et dispose d'une solide expérience dans le domaine. Rejoignez une équipe dynamique et contribuez à des projets innovants.,· Budgeting | · Excel | · Financial Modeling | · IFRS | · Forecasting,banque / finance / assurances,5+ Yrs of Exp,Entry Level,,1000 - 1500 TND,Sfax,CDI | CDD,Présentiel,2026-02-07,7 février 2026,Yes,Wuzzuf,https://wuzzuf.net/jobs/p/100262/financial-analyst/
100263,SAP Consultant,BIAT,BIAT recrute un(e) SAP Consultant. Le/La candidat(e) idéal(e) maîtrise SAP MM | SAP HANA | SAP SD et dispose d'une solide expérience dans le domaine. Rejoignez une équipe dynamique et contribuez à des projets innovants.,· SAP MM | · SAP HANA | · SAP SD | · SAP FI | · ABAP,informatique / télécoms,2-4 an,Experienced,,4000 - 5000 TND,La Manouba,Stage,Teletravail,2026-02-24,24 février 2026,Non,TunisieTravail,https://www.tunisietravail.net/offre/100263/sap-consultant/
100264,Sales Manager,BANK ABC,BANK ABC recrute un(e) Sales Manager. Le/La candidat(e) idéal(e) maîtrise CRM | KPI Management | Negotiation et dispose d'une solide expérience dans le domaine. Rejoignez une équipe dynamique et contribuez à des projets innovants.,· CRM | · KPI Management | · Negotiation | · B2B Sales | · Sales Strategy,commerce / vente / distribution,2-4 an,Senior,,1500 - 2500 TND,"Lac 2, Tunis",CDD | SIVP,Télétravail complet,2026-02-14,14 février 2026,Non,Keejob,https://www.keejob.com/offres-emploi/100264/sales-manager/
100265,Accountant,DELICE DANONE,DELICE DANONE recrute un(e) Accountant. Le/La candidat(e) idéal(e) maîtrise Tax | Accounting | Excel et dispose d'une solide expérience dans le domaine. Rejoignez une équipe dynamique et contribuez à des projets innovants.,· Tax | · Accounting | · Excel | · QuickBooks | · IFRS,banque / finance / assurances,2 ans d'exp,Sans exp,,4000 - 5000 TND,Nabeul,CDI,Présentiel,2026-03-20,20 mars 2026,No,Keejob,https://www.keejob.com/offres-emploi/100265/accountant/
100266,Mechanical Engineer,HUAWEI TUNISIA,HUAWEI TUNISIA recrute un(e) Mechanical Engineer. Le/La candidat(e) idéal(e) maîtrise AutoCAD | Manufacturing | FEA et dispose d'une solide expérience dans le domaine. Rejoignez une équipe dynamique et contribuez à des projets innovants.,· AutoCAD | · Manufacturing | · FEA | · SolidWorks | · Thermodynamics,industrie / production / maintenance,2 ans d'exp,Entry Level,,1000 - 1500 TND,Nabeul,Stage,Sur site,2026-02-09,9 février 2026,Yes,Tunijobs,https://www.tunijobs.com/job/100266/mechanical-engineer/
100267,Technical Support Engineer,VERMEG,VERMEG recrute un(e) Technical Support Engineer. Le/La candidat(e) idéal(e) maîtrise ITIL | Technical Support | Networking et dispose d'une solide expérience dans le domaine. Rejoignez une équipe dynamique et contribuez à des projets innovants.,· ITIL | · Technical Support | · Networking | · Troubleshooting | · Windows,informatique / télécoms,1 - 3 Yrs of Exp,Directeur,,1500 - 2500 TND,"Lac 2, Tunis",CDI | CDD,Hybrid,2026-02-02,2 février 2026,Non,Wuzzuf,https://wuzzuf.net/jobs/p/100267/technical-support-engineer/
100268,Software Developer,DELPHI TECHNOLOGIES,DELPHI TECHNOLOGIES recrute un(e) Software Developer. Le/La candidat(e) idéal(e) maîtrise Git | Python | REST API et dispose d'une solide expérience dans le domaine. Rejoignez une équipe dynamique et contribuez à des projets innovants.,· Git | · Python | · REST API | · Agile | · Java,informatique / télécoms,2 ans d'exp,Senior,,4000 - 5000 TND,Sousse,CDI,Télétravail complet,2026-03-23,23 mars 2026,Yes,Keejob,https://www.keejob.com/offres-emploi/100268/software-developer/
100269,DevOps Engineer,AIRBUS TUNISIA,AIRBUS TUNISIA recrute un(e) DevOps Engineer. Le/La candidat(e) idéal(e) maîtrise Terraform | Docker | CI/CD et dispose d'une solide expérience dans le domaine. Rejoignez une équipe dynamique et contribuez à des projets innovants.,· Terraform | · Docker | · CI/CD | · AWS | · Jenkins,informatique / télécoms,1 - 3 Yrs of Exp,Senior Management,,800 - 1100 TND,Sfax,Stage,Teletravail,2026-03-05,5 mars 2026,Non,Tunijobs,https://www.tunijobs.com/job/100269/devops-engineer/
100270,Embedded Systems Engineer,SOPRA HR SOFTWARE,SOPRA HR SOFTWARE recrute un(e) Embedded Systems Engineer. Le/La candidat(e) idéal(e) maîtrise PCB Design | RTOS | ARM et dispose d'une solide expérience dans le domaine. Rejoignez une équipe dynamique et contribuez à des projets innovants.,· PCB Design | · RTOS | · ARM | · Microcontrollers | · C,électronique / électricité / énergie,1 an d'exp,Junior,,1000 - 1500 TND,"Hammam Sousse, Sousse",CDD | SIVP,Teletravail,2026-01-28,28 janvier 2026,No,Keejob,https://www.keejob.com/offres-emploi/100270/embedded-systems-engineer/
100271,HR Manager,VALEO TUNISIA,VALEO TUNISIA recrute un(e) HR Manager. Le/La candidat(e) idéal(e) maîtrise Performance Management | Labor Law | HRIS et dispose d'une solide expérience dans le domaine. Rejoignez une équipe dynamique et contribuez à des projets innovants.,· Performance Management | · Labor Law | · HRIS | · Recruitment | · Payroll,recrutement / ressources humaines,2 ans d'exp,Sans exp,,2500 - 4000 TND,Monastir,SIVP,Télétravail complet,2026-03-12,12 mars 2026,No,TunisieTravail,https://www.tunisietravail.net/offre/100271/hr-manager/
100272,Mechanical Engineer,GFI TUNISIE,GFI TUNISIE recrute un(e) Mechanical Engineer. Le/La candidat(e) idéal(e) maîtrise Thermodynamics | AutoCAD | SolidWorks et dispose d'une solide expérience dans le domaine. Rejoignez une équipe dynamique et contribuez à des projets innovants.,· Thermodynamics | · AutoCAD | · SolidWorks | · FEA | · Manufacturing,industrie / production / maintenance,7+ Yrs of Exp,Senior Management,,4000 - 5000 TND,Sousse,CDI | SIVP,Remote,2026-03-17,17 mars 2026,No,Wuzzuf,https://wuzzuf.net/jobs/p/100272/mechanical-engineer/
100273,Technical Support Engineer,BANK ABC,BANK ABC recrute un(e) Technical Support Engineer. Le/La candidat(e) idéal(e) maîtrise Troubleshooting | Networking | Windows et dispose d'une solide expérience dans le domaine. Rejoignez une équipe dynamique et contribuez à des projets innovants.,· Troubleshooting | · Networking | · Windows | · Technical Support | · ITIL,informatique / télécoms,2 ans d'exp,Entry Level,,1500 - 2500 TND,Tunis,CDD | SIVP,Télétravail complet,2026-03-21,21 mars 2026,Yes,Tunijobs,https://www.tunijobs.com/job/100273/technical-support-engineer/
100274,Legal Counsel,COFICAB,COFICAB recrute un(e) Legal Counsel. Le/La candidat(e) idéal(e) maîtrise Legal Research | Contract Law | Compliance et dispose d'une solide expérience dans le domaine. Rejoignez une équipe dynamique et contribuez à des projets innovants.,· Legal Research | · Contract Law | · Compliance | · Litigation | · Corporate Law,juridique / droit,3 - 7 Yrs of Exp,Senior Management,,1500 - 2500 TND,"Hammam Sousse, Sousse",CDD | SIVP,Hybride,2026-02-09,9 février 2026,No,Tunijobs,https://www.tunijobs.com/job/100274/legal-counsel/
100275,Mobile Developer,INTILAAQ,INTILAAQ recrute un(e) Mobile Developer. Le/La candidat(e) idéal(e) maîtrise Android | iOS | Flutter et dispose d'une solide expérience dans le domaine. Rejoignez une équipe dynamique et contribuez à des projets innovants.,· Android | · iOS | · Flutter | · Kotlin | · Swift,informatique / télécoms,60 ans d'exp,Manager,,1000 - 1300 TND,Monastir,SIVP,Teletravail,2026-01-28,28 janvier 2026,No,Tunijobs,https://www.tunijobs.com/job/100275/mobile-developer/
100276,AI Engineer,EVERIENCE TUNISIA,EVERIENCE TUNISIA recrute un(e) AI Engineer. Le/La candidat(e) idéal(e) maîtrise TensorFlow | NLP | LLMs et dispose d'une solide expérience dans le domaine. Rejoignez une équipe dynamique et contribuez à des projets innovants.,· TensorFlow | · NLP | · LLMs | · Hugging Face | · Python,informatique / télécoms,60 ans d'exp,Senior Management,,1000 - 1300 TND,Monastir,CDI | CDD,Hybrid,2026-02-22,22 février 2026,Non,Keejob,https://www.keejob.com/offres-emploi/100276/ai-engineer/
100277,Project Manager,AIRBUS TUNISIA,AIRBUS TUNISIA recrute un(e) Project Manager. Le/La candidat(e) idéal(e) maîtrise Project Management | Risk Management | PMP et dispose d'une solide expérience dans le domaine. Rejoignez une équipe dynamique et contribuez à des projets innovants.,· Project Management | · Risk Management | · PMP | · Agile | · MS Project,informatique / télécoms,2 ans d'exp,Entry Level,,1200 - 1400 TND,"Hammam Sousse, Sousse",CDD | SIVP,Remote,2026-01-30,30 janvier 2026,No,Keejob,https://www.keejob.com/offres-emploi/100277/project-manager/
100278,Financial Analyst,INTILAAQ,INTILAAQ recrute un(e) Financial Analyst. Le/La candidat(e) idéal(e) maîtrise Financial Modeling | Excel | Forecasting et dispose d'une solide expérience dans le domaine. Rejoignez une équipe dynamique et contribuez à des projets innovants.,· Financial Modeling | · Excel | · Forecasting | · Budgeting | · IFRS,banque / finance / assurances,60 ans d'exp,Senior,,1000 - 1300 TND,"Hammam Sousse, Sousse",CDD,Sur site,2026-02-06,6 février 2026,No,TunisieTravail,https://www.tunisietravail.net/offre/100278/financial-analyst/
100279,HR Manager,INTILAAQ,INTILAAQ recrute un(e) HR Manager. Le/La candidat(e) idéal(e) maîtrise Labor Law | Performance Management | HRIS et dispose d'une solide expérience dans le domaine. Rejoignez une équipe dynamique et contribuez à des projets innovants.,· Labor Law | · Performance Management | · HRIS | · Recruitment | · Payroll,recrutement / ressources humaines,2-4 an,Sans exp,,1000 - 1300 TND,Ben Arous,CDI | SIVP,Teletravail,2026-02-20,20 février 2026,Non,Wuzzuf,https://wuzzuf.net/jobs/p/100279/hr-manager/
100280,Cybersecurity Engineer,PROXYM GROUP,PROXYM GROUP recrute un(e) Cybersecurity Engineer. Le/La candidat(e) idéal(e) maîtrise Network Security | Penetration Testing | ISO 27001 et dispose d'une solide expérience dans le domaine. Rejoignez une équipe dynamique et contribuez à des projets innovants.,· Network Security | · Penetration Testing | · ISO 27001 | · SIEM | · Firewall,informatique / télécoms,7+ Yrs of Exp,Junior,,1000 - 1300 TND,Monastir,CDI | CDD,Hybride,2026-02-03,3 février 2026,Yes,Keejob,https://www.keejob.com/offres-emploi/100280/cybersecurity-engineer/
100281,Procurement Officer,SOFRECOM,SOFRECOM recrute un(e) Procurement Officer. Le/La candidat(e) idéal(e) maîtrise Sourcing | Procurement | ERP et dispose d'une solide expérience dans le domaine. Rejoignez une équipe dynamique et contribuez à des projets innovants.,· Sourcing | · Procurement | · ERP | · Contract Management | · Negotiation,commerce / vente / distribution,2-4 an,Manager,,1000 - 1500 TND,Sfax,CDI | CDD,Hybride,2026-01-23,23 janvier 2026,Yes,Tunijobs,https://www.tunijobs.com/job/100281/procurement-officer/
100282,Call Center Agent,IBM TUNISIA,IBM TUNISIA recrute un(e) Call Center Agent. Le/La candidat(e) idéal(e) maîtrise Communication | CRM | French et dispose d'une solide expérience dans le domaine. Rejoignez une équipe dynamique et contribuez à des projets innovants.,· Communication | · CRM | · French | · Customer Care | · English,call center / télévente,1 - 3 Yrs of Exp,Senior Management,,1000 - 1500 TND,Sousse,CDI | CDD,Présentiel,2026-03-02,2 mars 2026,Yes,Tunijobs,https://www.tunijobs.com/job/100282/call-center-agent/
100283,Procurement Officer,MICROSOFT TUNISIA,MICROSOFT TUNISIA recrute un(e) Procurement Officer. Le/La candidat(e) idéal(e) maîtrise Contract Management | ERP | Sourcing et dispose d'une solide expérience dans le domaine. Rejoignez une équipe dynamique et contribuez à des projets innovants.,· Contract Management | · ERP | · Sourcing | · Procurement | · Negotiation,commerce / vente / distribution,1 - 3 Yrs of Exp,Experienced,,1000 - 1500 TND,"Lac 2, Tunis",CDD | SIVP,Teletravail,2026-02-12,12 février 2026,Yes,Wuzzuf,https://wuzzuf.net/jobs/p/100283/procurement-officer/
100284,Graphic Designer,HUAWEI TUNISIA,HUAWEI TUNISIA recrute un(e) Graphic Designer. Le/La candidat(e) idéal(e) maîtrise InDesign | Photoshop | Illustrator et dispose d'une solide expérience dans le domaine. Rejoignez une équipe dynamique et contribuez à des projets innovants.,· InDesign | · Photoshop | · Illustrator | · Typography | · Branding,communication / publicité / média,7+ Yrs of Exp,Junior,,1000 - 1300 TND,Tunis,CDI | CDD,Teletravail,2026-01-26,26 janvier 2026,Non,TunisieTravail,https://www.tunisietravail.net/offre/100284/graphic-designer/
100285,Full Stack Developer,ORANGE TUNISIE,ORANGE TUNISIE recrute un(e) Full Stack Developer. Le/La candidat(e) idéal(e) maîtrise MongoDB | Node.js | HTML/CSS et dispose d'une solide expérience dans le domaine. Rejoignez une équipe dynamique et contribuez à des projets innovants.,· MongoDB | · Node.js | · HTML/CSS | · PostgreSQL | · Docker,informatique / télécoms,1 an d'exp,Entry Level,,1200 - 1400 TND,"La Soukra, Ariana",CDI,Hybrid,2026-01-29,29 janvier 2026,No,Wuzzuf,https://wuzzuf.net/jobs/p/100285/full-stack-developer/
100286,Business Intelligence Analyst,CARTHAGO CERAMICS,CARTHAGO CERAMICS recrute un(e) Business Intelligence Analyst. Le/La candidat(e) idéal(e) maîtrise Financial Reporting | Tableau | SQL et dispose d'une solide expérience dans le domaine. Rejoignez une équipe dynamique et contribuez à des projets innovants.,· Financial Reporting | · Tableau | · SQL | · DAX | · ETL,banque / finance / assurances,1 - 3 Yrs of Exp,Junior,,2500 - 4000 TND,Nabeul,CDI | CDD,Télétravail complet,2026-02-19,19 février 2026,Yes,Wuzzuf,https://wuzzuf.net/jobs/p/100286/business-intelligence-analyst/
100287,Customer Services Officer,DELPHI TECHNOLOGIES,DELPHI TECHNOLOGIES recrute un(e) Customer Services Officer. Le/La candidat(e) idéal(e) maîtrise Customer Care | Problem Solving | CRM et dispose d'une solide expérience dans le domaine. Rejoignez une équipe dynamique et contribuez à des projets innovants.,· Customer Care | · Problem Solving | · CRM | · Communication,call center / télévente,3 - 7 Yrs of Exp,Experienced,,1200 - 1400 TND,"Lac 2, Tunis",CDD,Hybrid,2026-01-29,29 janvier 2026,No,Tunijobs,https://www.tunijobs.com/job/100287/customer-services-officer/
100288,Backend Developer,SAMSUNG TUNISIA,SAMSUNG TUNISIA recrute un(e) Backend Developer. Le/La candidat(e) idéal(e) maîtrise Node.js | Django | Redis et dispose d'une solide expérience dans le domaine. Rejoignez une équipe dynamique et contribuez à des projets innovants.,· Node.js | · Django | · Redis | · Spring Boot | · REST API,informatique / télécoms,7+ Yrs of Exp,Entry Level,,1100 - 1400 TND,Sousse,CDD,Présentiel,2026-03-21,21 mars 2026,No,Tunijobs,https://www.tunijobs.com/job/100288/backend-developer/
100289,Data Scientist,IBM TUNISIA,IBM TUNISIA recrute un(e) Data Scientist. Le/La candidat(e) idéal(e) maîtrise SQL | Pandas | Machine Learning et dispose d'une solide expérience dans le domaine. Rejoignez une équipe dynamique et contribuez à des projets innovants.,· SQL | · Pandas | · Machine Learning | · Python | · Scikit-learn,informatique / télécoms,1 an d'exp,Entry Level,,4000 - 5000 TND,"Oued Ellil, La Manouba",CDI | SIVP,Hybrid,2026-02-13,13 février 2026,Non,TunisieTravail,https://www.tunisietravail.net/offre/100289/data-scientist/
100290,Customer Services Officer,APTIV,APTIV recrute un(e) Customer Services Officer. Le/La candidat(e) idéal(e) maîtrise CRM | Customer Care | Communication et dispose d'une solide expérience dans le domaine. Rejoignez une équipe dynamique et contribuez à des projets innovants.,· CRM | · Customer Care | · Communication | · Problem Solving,call center / télévente,7+ Yrs of Exp,Senior,,1500 - 2500 TND,Ariana,CDD,Hybride,2026-02-17,17 février 2026,No,Tunijobs,https://www.tunijobs.com/job/100290/customer-services-officer/
100291,Marketing Manager,SOPRA HR SOFTWARE,SOPRA HR SOFTWARE recrute un(e) Marketing Manager. Le/La candidat(e) idéal(e) maîtrise Google Ads | SEO | Brand Management et dispose d'une solide expérience dans le domaine. Rejoignez une équipe dynamique et contribuez à des projets innovants.,· Google Ads | · SEO | · Brand Management | · CRM | · Digital Marketing,communication / publicité / média,5+ Yrs of Exp,Senior Management,,1200 - 1400 TND,"Hammam Sousse, Sousse",CDI | SIVP,Présentiel,2026-02-09,9 février 2026,Non,Keejob,https://www.keejob.com/offres-emploi/100291/marketing-manager/
100292,Software Developer,SAMSUNG TUNISIA,SAMSUNG TUNISIA recrute un(e) Software Developer. Le/La candidat(e) idéal(e) maîtrise C++ | Git | Java et dispose d'une solide expérience dans le domaine. Rejoignez une équipe dynamique et contribuez à des projets innovants.,· C++ | · Git | · Java | · Python | · REST API,informatique / télécoms,5+ Yrs of Exp,Senior Management,,4000 - 5000 TND,Tunis,SIVP,Hybride,2026-03-22,22 mars 2026,Non,TunisieTravail,https://www.tunisietravail.net/offre/100292/software-developer/
100293,Customer Services Officer,APTIV,APTIV recrute un(e) Customer Services Officer. Le/La candidat(e) idéal(e) maîtrise Customer Care | Problem Solving | Communication et dispose d'une solide expérience dans le domaine. Rejoignez une équipe dynamique et contribuez à des projets innovants.,· Customer Care | · Problem Solving | · Communication | · CRM,call center / télévente,3 - 7 Yrs of Exp,Sans exp,,1000 - 1300 TND,Ariana,CDI | SIVP,Télétravail complet,2026-03-10,10 mars 2026,Yes,Keejob,https://www.keejob.com/offres-emploi/100293/customer-services-officer/
100294,Logistics Coordinator,DELICE DANONE,DELICE DANONE recrute un(e) Logistics Coordinator. Le/La candidat(e) idéal(e) maîtrise Shipping | Export | Customs et dispose d'une solide expérience dans le domaine. Rejoignez une équipe dynamique et contribuez à des projets innovants.,· Shipping | · Export | · Customs | · Transport Management | · Import,logistique / transport,2 ans d'exp,Junior,,1000 - 1500 TND,Ben Arous,CDI | SIVP,Sur site,2026-03-18,18 mars 2026,Yes,Keejob,https://www.keejob.com/offres-emploi/100294/logistics-coordinator/
100295,Network Engineer,ESPRIT SCHOOL,ESPRIT SCHOOL recrute un(e) Network Engineer. Le/La candidat(e) idéal(e) maîtrise VPN | Switching | Routing et dispose d'une solide expérience dans le domaine. Rejoignez une équipe dynamique et contribuez à des projets innovants.,· VPN | · Switching | · Routing | · TCP/IP | · CCNA,informatique / télécoms,1 an d'exp,Sans exp,,1000 - 1300 TND,"La Soukra, Ariana",CDI,Hybride,2026-03-03,3 mars 2026,Yes,Tunijobs,https://www.tunijobs.com/job/100295/network-engineer/
100296,Technical Support Engineer,TELNET HOLDING,TELNET HOLDING recrute un(e) Technical Support Engineer. Le/La candidat(e) idéal(e) maîtrise Windows | Technical Support | ITIL et dispose d'une solide expérience dans le domaine. Rejoignez une équipe dynamique et contribuez à des projets innovants.,· Windows | · Technical Support | · ITIL | · Networking | · Troubleshooting,informatique / télécoms,1 - 3 Yrs of Exp,Senior,,1100 - 1400 TND,Monastir,CDI | CDD,Remote,2026-03-05,5 mars 2026,Yes,Keejob,https://www.keejob.com/offres-emploi/100296/technical-support-engineer/
100297,Machine Learning Engineer,SATORIPHAN GROUP,SATORIPHAN GROUP recrute un(e) Machine Learning Engineer. Le/La candidat(e) idéal(e) maîtrise Deep Learning | Docker | Kubernetes et dispose d'une solide expérience dans le domaine. Rejoignez une équipe dynamique et contribuez à des projets innovants.,· Deep Learning | · Docker | · Kubernetes | · Python | · MLOps,informatique / télécoms,2-4 an,Entry Level,,1500 - 2500 TND,Tunis,CDI | SIVP,Télétravail complet,2026-02-11,11 février 2026,Yes,TunisieTravail,https://www.tunisietravail.net/offre/100297/machine-learning-engineer/
100298,Mobile Developer,VERMEG,VERMEG recrute un(e) Mobile Developer. Le/La candidat(e) idéal(e) maîtrise Flutter | iOS | Kotlin et dispose d'une solide expérience dans le domaine. Rejoignez une équipe dynamique et contribuez à des projets innovants.,· Flutter | · iOS | · Kotlin | · Swift | · Android,informatique / télécoms,5+ Yrs of Exp,Directeur,,2500 - 4000 TND,"Hammam Sousse, Sousse",Stage,Présentiel,2026-03-10,10 mars 2026,Non,TunisieTravail,https://www.tunisietravail.net/offre/100298/mobile-developer/
100299,Frontend Developer,BIAT,BIAT recrute un(e) Frontend Developer. Le/La candidat(e) idéal(e) maîtrise Vue.js | JavaScript | HTML et dispose d'une solide expérience dans le domaine. Rejoignez une équipe dynamique et contribuez à des projets innovants.,· Vue.js | · JavaScript | · HTML | · React.js | · CSS,informatique / télécoms,1 an d'exp,Senior Management,,1000 - 1300 TND,Ben Arous,CDD | SIVP,Sur site,2026-02-09,9 février 2026,No,Wuzzuf,https://wuzzuf.net/jobs/p/100299/frontend-developer/
100300,Business Intelligence Analyst,ORANGE TUNISIE,ORANGE TUNISIE recrute un(e) Business Intelligence Analyst. Le/La candidat(e) idéal(e) maîtrise Financial Reporting | Tableau | ETL et dispose d'une solide expérience dans le domaine. Rejoignez une équipe dynamique et contribuez à des projets innovants.,· Financial Reporting | · Tableau | · ETL | · SQL | · DAX,banque / finance / assurances,3 - 7 Yrs of Exp,Senior,,1100 - 1400 TND,"Oued Ellil, La Manouba",CDI,Teletravail,2026-02-09,9 février 2026,No,Wuzzuf,https://wuzzuf.net/jobs/p/100300/business-intelligence-analyst/
100301,Project Manager,VALEO TUNISIA,VALEO TUNISIA recrute un(e) Project Manager. Le/La candidat(e) idéal(e) maîtrise Agile | Risk Management | MS Project et dispose d'une solide expérience dans le domaine. Rejoignez une équipe dynamique et contribuez à des projets innovants.,· Agile | · Risk Management | · MS Project | · Project Management | · PMP,informatique / télécoms,2-4 an,Junior,,1500 - 2500 TND,Ariana,Stage,Teletravail,2026-02-24,24 février 2026,Yes,TunisieTravail,https://www.tunisietravail.net/offre/100301/project-manager/
100302,Logistics Coordinator,ESPRIT SCHOOL,ESPRIT SCHOOL recrute un(e) Logistics Coordinator. Le/La candidat(e) idéal(e) maîtrise Import | Export | Customs et dispose d'une solide expérience dans le domaine. Rejoignez une équipe dynamique et contribuez à des projets innovants.,· Import | · Export | · Customs | · Transport Management | · Shipping,logistique / transport,5+ Yrs of Exp,Entry Level,,4000 - 5000 TND,"La Soukra, Ariana",CDI,Teletravail,2026-02-23,23 février 2026,Yes,Tunijobs,https://www.tunijobs.com/job/100302/logistics-coordinator/
100303,Call Center Agent,TELNET HOLDING,TELNET HOLDING recrute un(e) Call Center Agent. Le/La candidat(e) idéal(e) maîtrise English | French | Communication et dispose d'une solide expérience dans le domaine. Rejoignez une équipe dynamique et contribuez à des projets innovants.,· English | · French | · Communication | · Customer Care | · CRM,call center / télévente,2 ans d'exp,Junior,,800 - 1100 TND,"Oued Ellil, La Manouba",CDI | SIVP,Remote,2026-02-05,5 février 2026,Yes,Keejob,https://www.keejob.com/offres-emploi/100303/call-center-agent/
100304,UX/UI Designer,EVERIENCE TUNISIA,EVERIENCE TUNISIA recrute un(e) UX/UI Designer. Le/La candidat(e) idéal(e) maîtrise Wireframing | Prototyping | User Research et dispose d'une solide expérience dans le domaine. Rejoignez une équipe dynamique et contribuez à des projets innovants.,· Wireframing | · Prototyping | · User Research | · Adobe XD | · Figma,communication / publicité / média,3 - 7 Yrs of Exp,Entry Level,,1000 - 1500 TND,Monastir,CDI | SIVP,Présentiel,2026-02-26,26 février 2026,Non,TunisieTravail,https://www.tunisietravail.net/offre/100304/uxui-designer/
100305,Sales Manager,SOPRA HR SOFTWARE,SOPRA HR SOFTWARE recrute un(e) Sales Manager. Le/La candidat(e) idéal(e) maîtrise KPI Management | B2B Sales | Negotiation et dispose d'une solide expérience dans le domaine. Rejoignez une équipe dynamique et contribuez à des projets innovants.,· KPI Management | · B2B Sales | · Negotiation | · Sales Strategy | · CRM,commerce / vente / distribution,2-4 an,Manager,,1000 - 1500 TND,"Lac 2, Tunis",CDD | SIVP,Remote,2026-02-23,23 février 2026,No,Wuzzuf,https://wuzzuf.net/jobs/p/100305/sales-manager/
100306,Software Developer,TUNISIE TELECOM,TUNISIE TELECOM recrute un(e) Software Developer. Le/La candidat(e) idéal(e) maîtrise Git | Python | Java et dispose d'une solide expérience dans le domaine. Rejoignez une équipe dynamique et contribuez à des projets innovants.,· Git | · Python | · Java | · Agile | · C++,informatique / télécoms,3 - 7 Yrs of Exp,Experienced,,2500 - 4000 TND,Monastir,CDI | CDD,Sur site,2026-03-21,21 mars 2026,Non,Wuzzuf,https://wuzzuf.net/jobs/p/100306/software-developer/
100307,Customer Services Officer,VERMEG,VERMEG recrute un(e) Customer Services Officer. Le/La candidat(e) idéal(e) maîtrise Communication | Problem Solving | CRM et dispose d'une solide expérience dans le domaine. Rejoignez une équipe dynamique et contribuez à des projets innovants.,· Communication | · Problem Solving | · CRM | · Customer Care,call center / télévente,7+ Yrs of Exp,Experienced,,1000 - 1300 TND,"La Soukra, Ariana",SIVP,Remote,2026-02-10,10 février 2026,Non,Tunijobs,https://www.tunijobs.com/job/100307/customer-services-officer/
100308,Legal Counsel,LEONI,LEONI recrute un(e) Legal Counsel. Le/La candidat(e) idéal(e) maîtrise Compliance | Legal Research | Contract Law et dispose d'une solide expérience dans le domaine. Rejoignez une équipe dynamique et contribuez à des projets innovants.,· Compliance | · Legal Research | · Contract Law | · Litigation | · Corporate Law,juridique / droit,2-4 an,Directeur,,1000 - 1300 TND,"La Soukra, Ariana",CDD | SIVP,Hybrid,2026-02-23,23 février 2026,Non,Wuzzuf,https://wuzzuf.net/jobs/p/100308/legal-counsel/
100309,Mobile Developer,BIAT,BIAT recrute un(e) Mobile Developer. Le/La candidat(e) idéal(e) maîtrise React Native | Swift | Flutter et dispose d'une solide expérience dans le domaine. Rejoignez une équipe dynamique et contribuez à des projets innovants.,· React Native | · Swift | · Flutter | · Android | · Kotlin,informatique / télécoms,5+ Yrs of Exp,Senior,,4000 - 5000 TND,"Hammam Sousse, Sousse",CDI | CDD,Remote,2026-01-31,31 janvier 2026,Non,Tunijobs,https://www.tunijobs.com/job/100309/mobile-developer/
100310,SEO Specialist,BIAT,BIAT recrute un(e) SEO Specialist. Le/La candidat(e) idéal(e) maîtrise SEM | SEO | HTML et dispose d'une solide expérience dans le domaine. Rejoignez une équipe dynamique et contribuez à des projets innovants.,· SEM | · SEO | · HTML | · Keyword Research | · Google Analytics,informatique / télécoms,1 an d'exp,Manager,,800 - 1100 TND,Sousse,SIVP,Teletravail,2026-03-15,15 mars 2026,Yes,Wuzzuf,https://wuzzuf.net/jobs/p/100310/seo-specialist/
100311,Sales Manager,CARTHAGO CERAMICS,CARTHAGO CERAMICS recrute un(e) Sales Manager. Le/La candidat(e) idéal(e) maîtrise KPI Management | B2B Sales | Negotiation et dispose d'une solide expérience dans le domaine. Rejoignez une équipe dynamique et contribuez à des projets innovants.,· KPI Management | · B2B Sales | · Negotiation | · CRM | · Sales Strategy,commerce / vente / distribution,60 ans d'exp,Senior Management,,1000 - 1500 TND,Ariana,Stage,Remote,2026-02-23,23 février 2026,Yes,Wuzzuf,https://wuzzuf.net/jobs/p/100311/sales-manager/
100312,Mobile Developer,GFI TUNISIE,GFI TUNISIE recrute un(e) Mobile Developer. Le/La candidat(e) idéal(e) maîtrise Android | React Native | Swift et dispose d'une solide expérience dans le domaine. Rejoignez une équipe dynamique et contribuez à des projets innovants.,· Android | · React Native | · Swift | · Flutter | · iOS,informatique / télécoms,2 ans d'exp,Directeur,,2500 - 4000 TND,Nabeul,CDD,Sur site,2026-02-13,13 février 2026,Non,Tunijobs,https://www.tunijobs.com/job/100312/mobile-developer/
100313,Product Manager,APTIV,APTIV recrute un(e) Product Manager. Le/La candidat(e) idéal(e) maîtrise User Stories | Product Roadmap | Agile et dispose d'une solide expérience dans le domaine. Rejoignez une équipe dynamique et contribuez à des projets innovants.,· User Stories | · Product Roadmap | · Agile | · Jira | · Scrum,informatique / télécoms,1 an d'exp,Senior,,1000 - 1300 TND,Monastir,CDD | SIVP,Teletravail,2026-01-25,25 janvier 2026,Yes,Tunijobs,https://www.tunijobs.com/job/100313/product-manager/
100314,Graphic Designer,INTILAAQ,INTILAAQ recrute un(e) Graphic Designer. Le/La candidat(e) idéal(e) maîtrise Photoshop | Branding | InDesign et dispose d'une solide expérience dans le domaine. Rejoignez une équipe dynamique et contribuez à des projets innovants.,· Photoshop | · Branding | · InDesign | · Illustrator | · Typography,communication / publicité / média,7+ Yrs of Exp,Directeur,,4000 - 5000 TND,Nabeul,SIVP,Présentiel,2026-02-07,7 février 2026,Yes,Keejob,https://www.keejob.com/offres-emploi/100314/graphic-designer/
100315,Social Media Manager,VERMEG,VERMEG recrute un(e) Social Media Manager. Le/La candidat(e) idéal(e) maîtrise Meta Ads | Content Creation | Canva et dispose d'une solide expérience dans le domaine. Rejoignez une équipe dynamique et contribuez à des projets innovants.,· Meta Ads | · Content Creation | · Canva | · Analytics | · Social Media,communication / publicité / média,7+ Yrs of Exp,Entry Level,,1200 - 1400 TND,Tunis,CDD | SIVP,Hybride,2026-03-05,5 mars 2026,Non,Keejob,https://www.keejob.com/offres-emploi/100315/social-media-manager/
100316,Social Media Manager,APTIV,APTIV recrute un(e) Social Media Manager. Le/La candidat(e) idéal(e) maîtrise Social Media | Canva | Content Creation et dispose d'une solide expérience dans le domaine. Rejoignez une équipe dynamique et contribuez à des projets innovants.,· Social Media | · Canva | · Content Creation | · Meta Ads | · Analytics,communication / publicité / média,2 ans d'exp,Manager,,2500 - 4000 TND,"Hammam Sousse, Sousse",CDI | SIVP,Hybrid,2026-02-28,28 février 2026,No,Tunijobs,https://www.tunijobs.com/job/100316/social-media-manager/
100317,Graphic Designer,SAFRAN,SAFRAN recrute un(e) Graphic Designer. Le/La candidat(e) idéal(e) maîtrise Typography | InDesign | Branding et dispose d'une solide expérience dans le domaine. Rejoignez une équipe dynamique et contribuez à des projets innovants.,· Typography | · InDesign | · Branding | · Illustrator | · Photoshop,communication / publicité / média,60 ans d'exp,Manager,,1500 - 2500 TND,"La Soukra, Ariana",CDI | SIVP,Remote,2026-02-25,25 février 2026,No,Wuzzuf,https://wuzzuf.net/jobs/p/100317/graphic-designer/
100318,SAP Consultant,POULINA GROUP,POULINA GROUP recrute un(e) SAP Consultant. Le/La candidat(e) idéal(e) maîtrise SAP FI | ABAP | SAP HANA et dispose d'une solide expérience dans le domaine. Rejoignez une équipe dynamique et contribuez à des projets innovants.,· SAP FI | · ABAP | · SAP HANA | · SAP MM | · SAP SD,informatique / télécoms,2-4 an,Senior,,1200 - 1400 TND,"La Soukra, Ariana",CDI | CDD,Télétravail complet,2026-02-23,23 février 2026,No,Wuzzuf,https://wuzzuf.net/jobs/p/100318/sap-consultant/
100319,Content Writer,CARTHAGO CERAMICS,CARTHAGO CERAMICS recrute un(e) Content Writer. Le/La candidat(e) idéal(e) maîtrise English | Copywriting | SEO et dispose d'une solide expérience dans le domaine. Rejoignez une équipe dynamique et contribuez à des projets innovants.,· English | · Copywriting | · SEO | · WordPress | · French,communication / publicité / média,2-4 an,Senior Management,,2500 - 4000 TND,Sfax,CDI,Hybrid,2026-01-30,30 janvier 2026,Non,Keejob,https://www.keejob.com/offres-emploi/100319/content-writer/
100320,Financial Analyst,TELNET HOLDING,TELNET HOLDING recrute un(e) Financial Analyst. Le/La candidat(e) idéal(e) maîtrise IFRS | Financial Modeling | Budgeting et dispose d'une solide expérience dans le domaine. Rejoignez une équipe dynamique et contribuez à des projets innovants.,· IFRS | · Financial Modeling | · Budgeting | · Excel | · Forecasting,banque / finance / assurances,1 an d'exp,Manager,,4000 - 5000 TND,Monastir,CDI,Teletravail,2026-02-06,6 février 2026,Yes,TunisieTravail,https://www.tunisietravail.net/offre/100320/financial-analyst/
100321,Legal Counsel,MICROSOFT TUNISIA,MICROSOFT TUNISIA recrute un(e) Legal Counsel. Le/La candidat(e) idéal(e) maîtrise Contract Law | Corporate Law | Compliance et dispose d'une solide expérience dans le domaine. Rejoignez une équipe dynamique et contribuez à des projets innovants.,· Contract Law | · Corporate Law | · Compliance | · Litigation | · Legal Research,juridique / droit,3 - 7 Yrs of Exp,Junior,,1000 - 1500 TND,Sfax,SIVP,Télétravail complet,2026-02-28,28 février 2026,No,Keejob,https://www.keejob.com/offres-emploi/100321/legal-counsel/
100322,HR Manager,SAMSUNG TUNISIA,SAMSUNG TUNISIA recrute un(e) HR Manager. Le/La candidat(e) idéal(e) maîtrise HRIS | Performance Management | Labor Law et dispose d'une solide expérience dans le domaine. Rejoignez une équipe dynamique et contribuez à des projets innovants.,· HRIS | · Performance Management | · Labor Law | · Recruitment | · Payroll,recrutement / ressources humaines,2 ans d'exp,Entry Level,,1500 - 2500 TND,La Manouba,Stage,Hybrid,2026-01-24,24 janvier 2026,Non,Keejob,https://www.keejob.com/offres-emploi/100322/hr-manager/
100323,Call Center Agent,ORANGE TUNISIE,ORANGE TUNISIE recrute un(e) Call Center Agent. Le/La candidat(e) idéal(e) maîtrise CRM | Communication | English et dispose d'une solide expérience dans le domaine. Rejoignez une équipe dynamique et contribuez à des projets innovants.,· CRM | · Communication | · English | · Customer Care | · French,call center / télévente,2 ans d'exp,Senior,,1100 - 1400 TND,La Manouba,CDI,Télétravail complet,2026-02-25,25 février 2026,Yes,Wuzzuf,https://wuzzuf.net/jobs/p/100323/call-center-agent/
100324,QA Engineer,DELPHI TECHNOLOGIES,DELPHI TECHNOLOGIES recrute un(e) QA Engineer. Le/La candidat(e) idéal(e) maîtrise Agile Testing | Test Automation | JIRA et dispose d'une solide expérience dans le domaine. Rejoignez une équipe dynamique et contribuez à des projets innovants.,· Agile Testing | · Test Automation | · JIRA | · JUnit | · Selenium,informatique / télécoms,3 - 7 Yrs of Exp,Experienced,,4000 - 5000 TND,"Hammam Sousse, Sousse",CDI | CDD,Présentiel,2026-02-02,2 février 2026,Non,Tunijobs,https://www.tunijobs.com/job/100324/qa-engineer/
100325,Mechanical Engineer,VERMEG,VERMEG recrute un(e) Mechanical Engineer. Le/La candidat(e) idéal(e) maîtrise FEA | SolidWorks | AutoCAD et dispose d'une solide expérience dans le domaine. Rejoignez une équipe dynamique et contribuez à des projets innovants.,· FEA | · SolidWorks | · AutoCAD | · Thermodynamics | · Manufacturing,industrie / production / maintenance,5+ Yrs of Exp,Junior,,1100 - 1400 TND,Ariana,SIVP,Sur site,2026-02-25,25 février 2026,No,TunisieTravail,https://www.tunisietravail.net/offre/100325/mechanical-engineer/
100326,Marketing Manager,TELNET HOLDING,TELNET HOLDING recrute un(e) Marketing Manager. Le/La candidat(e) idéal(e) maîtrise Brand Management | SEO | CRM et dispose d'une solide expérience dans le domaine. Rejoignez une équipe dynamique et contribuez à des projets innovants.,· Brand Management | · SEO | · CRM | · Google Ads | · Digital Marketing,communication / publicité / média,1 - 3 Yrs of Exp,Manager,,1200 - 1400 TND,Monastir,CDD | SIVP,Teletravail,2026-01-25,25 janvier 2026,Non,Wuzzuf,https://wuzzuf.net/jobs/p/100326/marketing-manager/
100327,Database Administrator,PROXYM GROUP,PROXYM GROUP recrute un(e) Database Administrator. Le/La candidat(e) idéal(e) maîtrise PostgreSQL | MySQL | Oracle et dispose d'une solide expérience dans le domaine. Rejoignez une équipe dynamique et contribuez à des projets innovants.,· PostgreSQL | · MySQL | · Oracle | · Backup & Recovery | · SQL Server,informatique / télécoms,2 ans d'exp,Senior,,1000 - 1300 TND,"Hammam Sousse, Sousse",CDD | SIVP,Remote,2026-03-14,14 mars 2026,Yes,TunisieTravail,https://www.tunisietravail.net/offre/100327/database-administrator/
100328,Data Scientist,COFICAB,COFICAB recrute un(e) Data Scientist. Le/La candidat(e) idéal(e) maîtrise Scikit-learn | Statistics | Python et dispose d'une solide expérience dans le domaine. Rejoignez une équipe dynamique et contribuez à des projets innovants.,· Scikit-learn | · Statistics | · Python | · SQL | · Machine Learning,informatique / télécoms,1 - 3 Yrs of Exp,Senior Management,,1000 - 1500 TND,"La Soukra, Ariana",SIVP,Remote,2026-02-20,20 février 2026,Non,TunisieTravail,https://www.tunisietravail.net/offre/100328/data-scientist/
100329,Social Media Manager,SOFRECOM,SOFRECOM recrute un(e) Social Media Manager. Le/La candidat(e) idéal(e) maîtrise Social Media | Meta Ads | Content Creation et dispose d'une solide expérience dans le domaine. Rejoignez une équipe dynamique et contribuez à des projets innovants.,· Social Media | · Meta Ads | · Content Creation | · Canva | · Analytics,communication / publicité / média,2-4 an,Senior Management,,1000 - 1300 TND,"Lac 2, Tunis",CDI | SIVP,Remote,2026-01-27,27 janvier 2026,No,Tunijobs,https://www.tunijobs.com/job/100329/social-media-manager/
100330,Data Scientist,BANK ABC,BANK ABC recrute un(e) Data Scientist. Le/La candidat(e) idéal(e) maîtrise Pandas | Machine Learning | SQL et dispose d'une solide expérience dans le domaine. Rejoignez une équipe dynamique et contribuez à des projets innovants.,· Pandas | · Machine Learning | · SQL | · Python | · Scikit-learn,informatique / télécoms,1 - 3 Yrs of Exp,Manager,,1100 - 1400 TND,Ariana,SIVP,Remote,2026-02-12,12 février 2026,Yes,TunisieTravail,https://www.tunisietravail.net/offre/100330/data-scientist/
100331,Marketing Manager,SOPRA HR SOFTWARE,SOPRA HR SOFTWARE recrute un(e) Marketing Manager. Le/La candidat(e) idéal(e) maîtrise SEO | CRM | Brand Management et dispose d'une solide expérience dans le domaine. Rejoignez une équipe dynamique et contribuez à des projets innovants.,· SEO | · CRM | · Brand Management | · Digital Marketing | · Google Ads,communication / publicité / média,7+ Yrs of Exp,Entry Level,,4000 - 5000 TND,Sousse,CDI | SIVP,Teletravail,2026-02-28,28 février 2026,Yes,TunisieTravail,https://www.tunisietravail.net/offre/100331/marketing-manager/
100332,Network Engineer,INTILAAQ,INTILAAQ recrute un(e) Network Engineer. Le/La candidat(e) idéal(e) maîtrise Cisco | TCP/IP | CCNA et dispose d'une solide expérience dans le domaine. Rejoignez une équipe dynamique et contribuez à des projets innovants.,· Cisco | · TCP/IP | · CCNA | · Routing | · VPN,informatique / télécoms,2-4 an,Manager,,4000 - 5000 TND,Tunis,CDD,Remote,2026-03-11,11 mars 2026,No,Tunijobs,https://www.tunijobs.com/job/100332/network-engineer/
100333,Cloud Architect,PROXYM GROUP,PROXYM GROUP recrute un(e) Cloud Architect. Le/La candidat(e) idéal(e) maîtrise Microservices | Kubernetes | GCP et dispose d'une solide expérience dans le domaine. Rejoignez une équipe dynamique et contribuez à des projets innovants.,· Microservices | · Kubernetes | · GCP | · Azure | · Terraform,informatique / télécoms,1 an d'exp,Sans exp,,1000 - 1300 TND,"Lac 2, Tunis",CDD,Sur site,2026-02-16,16 février 2026,Non,TunisieTravail,https://www.tunisietravail.net/offre/100333/cloud-architect/
100334,QA Engineer,SATORIPHAN GROUP,SATORIPHAN GROUP recrute un(e) QA Engineer. Le/La candidat(e) idéal(e) maîtrise Selenium | JIRA | Test Automation et dispose d'une solide expérience dans le domaine. Rejoignez une équipe dynamique et contribuez à des projets innovants.,· Selenium | · JIRA | · Test Automation | · JUnit | · Agile Testing,informatique / télécoms,1 - 3 Yrs of Exp,Experienced,,800 - 1100 TND,Nabeul,CDI,Hybrid,2026-02-28,28 février 2026,Yes,TunisieTravail,https://www.tunisietravail.net/offre/100334/qa-engineer/
100335,Call Center Agent,ORANGE TUNISIE,ORANGE TUNISIE recrute un(e) Call Center Agent. Le/La candidat(e) idéal(e) maîtrise Communication | French | CRM et dispose d'une solide expérience dans le domaine. Rejoignez une équipe dynamique et contribuez à des projets innovants.,· Communication | · French | · CRM | · English | · Customer Care,call center / télévente,60 ans d'exp,Senior,,2500 - 4000 TND,"Oued Ellil, La Manouba",SIVP,Remote,2026-02-02,2 février 2026,Yes,Tunijobs,https://www.tunijobs.com/job/100335/call-center-agent/
100336,Mobile Developer,PROXYM GROUP,PROXYM GROUP recrute un(e) Mobile Developer. Le/La candidat(e) idéal(e) maîtrise React Native | Swift | Kotlin et dispose d'une solide expérience dans le domaine. Rejoignez une équipe dynamique et contribuez à des projets innovants.,· React Native | · Swift | · Kotlin | · Android | · iOS,informatique / télécoms,2-4 an,Experienced,,1200 - 1400 TND,La Manouba,SIVP,Hybride,2026-03-18,18 mars 2026,No,Keejob,https://www.keejob.com/offres-emploi/100336/mobile-developer/
100337,AI Engineer,CARTHAGO CERAMICS,CARTHAGO CERAMICS recrute un(e) AI Engineer. Le/La candidat(e) idéal(e) maîtrise Hugging Face | LLMs | Computer Vision et dispose d'une solide expérience dans le domaine. Rejoignez une équipe dynamique et contribuez à des projets innovants.,· Hugging Face | · LLMs | · Computer Vision | · NLP | · TensorFlow,informatique / télécoms,2-4 an,Manager,,800 - 1100 TND,Sousse,CDD | SIVP,Teletravail,2026-02-25,25 février 2026,Yes,Tunijobs,https://www.tunijobs.com/job/100337/ai-engineer/
100338,QA Engineer,AIRBUS TUNISIA,AIRBUS TUNISIA recrute un(e) QA Engineer. Le/La candidat(e) idéal(e) maîtrise Selenium | JUnit | Agile Testing et dispose d'une solide expérience dans le domaine. Rejoignez une équipe dynamique et contribuez à des projets innovants.,· Selenium | · JUnit | · Agile Testing | · JIRA | · Test Automation,informatique / télécoms,60 ans d'exp,Junior,,800 - 1100 TND,Nabeul,CDI | SIVP,Télétravail complet,2026-03-19,19 mars 2026,Non,Keejob,https://www.keejob.com/offres-emploi/100338/qa-engineer/
100339,Business Intelligence Analyst,ESPRIT SCHOOL,ESPRIT SCHOOL recrute un(e) Business Intelligence Analyst. Le/La candidat(e) idéal(e) maîtrise Tableau | SQL | Power BI et dispose d'une solide expérience dans le domaine. Rejoignez une équipe dynamique et contribuez à des projets innovants.,· Tableau | · SQL | · Power BI | · DAX | · Financial Reporting,banque / finance / assurances,3 - 7 Yrs of Exp,Entry Level,,4000 - 5000 TND,"Hammam Sousse, Sousse",CDD,Teletravail,2026-03-09,9 mars 2026,Yes,TunisieTravail,https://www.tunisietravail.net/offre/100339/business-intelligence-analyst/
100340,Frontend Developer,BANK ABC,BANK ABC recrute un(e) Frontend Developer. Le/La candidat(e) idéal(e) maîtrise React.js | HTML | JavaScript et dispose d'une solide expérience dans le domaine. Rejoignez une équipe dynamique et contribuez à des projets innovants.,· React.js | · HTML | · JavaScript | · Vue.js | · CSS,informatique / télécoms,60 ans d'exp,Manager,,1000 - 1500 TND,"Oued Ellil, La Manouba",CDI | SIVP,Remote,2026-02-16,16 février 2026,Yes,TunisieTravail,https://www.tunisietravail.net/offre/100340/frontend-developer/
100341,Social Media Manager,SAFRAN,SAFRAN recrute un(e) Social Media Manager. Le/La candidat(e) idéal(e) maîtrise Canva | Analytics | Content Creation et dispose d'une solide expérience dans le domaine. Rejoignez une équipe dynamique et contribuez à des projets innovants.,· Canva | · Analytics | · Content Creation | · Meta Ads | · Social Media,communication / publicité / média,1 - 3 Yrs of Exp,Experienced,,2500 - 4000 TND,Ben Arous,CDD,Hybrid,2026-02-23,23 février 2026,Non,Keejob,https://www.keejob.com/offres-emploi/100341/social-media-manager/
100342,Data Scientist,APTIV,APTIV recrute un(e) Data Scientist. Le/La candidat(e) idéal(e) maîtrise Scikit-learn | Machine Learning | TensorFlow et dispose d'une solide expérience dans le domaine. Rejoignez une équipe dynamique et contribuez à des projets innovants.,· Scikit-learn | · Machine Learning | · TensorFlow | · Statistics | · Pandas,informatique / télécoms,60 ans d'exp,Senior Management,,1100 - 1400 TND,Tunis,Stage,Remote,2026-02-07,7 février 2026,No,Keejob,https://www.keejob.com/offres-emploi/100342/data-scientist/
100343,Call Center Agent,TUNISIE TELECOM,TUNISIE TELECOM recrute un(e) Call Center Agent. Le/La candidat(e) idéal(e) maîtrise Customer Care | English | Communication et dispose d'une solide expérience dans le domaine. Rejoignez une équipe dynamique et contribuez à des projets innovants.,· Customer Care | · English | · Communication | · French | · CRM,call center / télévente,2-4 an,Sans exp,,2500 - 4000 TND,Ariana,SIVP,Sur site,2026-03-08,8 mars 2026,No,Tunijobs,https://www.tunijobs.com/job/100343/call-center-agent/
100344,Database Administrator,APTIV,APTIV recrute un(e) Database Administrator. Le/La candidat(e) idéal(e) maîtrise Backup & Recovery | PostgreSQL | MySQL et dispose d'une solide expérience dans le domaine. Rejoignez une équipe dynamique et contribuez à des projets innovants.,· Backup & Recovery | · PostgreSQL | · MySQL | · SQL Server | · Oracle,informatique / télécoms,2 ans d'exp,Manager,,1000 - 1500 TND,Ben Arous,CDI,Hybride,2026-01-28,28 janvier 2026,No,Wuzzuf,https://wuzzuf.net/jobs/p/100344/database-administrator/
100345,Technical Support Engineer,VALEO TUNISIA,VALEO TUNISIA recrute un(e) Technical Support Engineer. Le/La candidat(e) idéal(e) maîtrise ITIL | Networking | Technical Support et dispose d'une solide expérience dans le domaine. Rejoignez une équipe dynamique et contribuez à des projets innovants.,· ITIL | · Networking | · Technical Support | · Troubleshooting | · Windows,informatique / télécoms,1 an d'exp,Manager,,1000 - 1300 TND,Ben Arous,SIVP,Teletravail,2026-03-20,20 mars 2026,Yes,Wuzzuf,https://wuzzuf.net/jobs/p/100345/technical-support-engineer/
100346,Civil Engineer,AIRBUS TUNISIA,AIRBUS TUNISIA recrute un(e) Civil Engineer. Le/La candidat(e) idéal(e) maîtrise AutoCAD | BIM | Construction et dispose d'une solide expérience dans le domaine. Rejoignez une équipe dynamique et contribuez à des projets innovants.,· AutoCAD | · BIM | · Construction | · Revit | · Project Management,bâtiment / travaux publics / architecture,5+ Yrs of Exp,Sans exp,,1100 - 1400 TND,Monastir,SIVP,Remote,2026-03-10,10 mars 2026,Yes,Tunijobs,https://www.tunijobs.com/job/100346/civil-engineer/
100347,Software Developer,IBM TUNISIA,IBM TUNISIA recrute un(e) Software Developer. Le/La candidat(e) idéal(e) maîtrise Java | Python | REST API et dispose d'une solide expérience dans le domaine. Rejoignez une équipe dynamique et contribuez à des projets innovants.,· Java | · Python | · REST API | · Agile | · C++,informatique / télécoms,60 ans d'exp,Manager,,1200 - 1400 TND,Ben Arous,Stage,Remote,2026-02-17,17 février 2026,Non,Keejob,https://www.keejob.com/offres-emploi/100347/software-developer/
100348,Cybersecurity Engineer,COFICAB,COFICAB recrute un(e) Cybersecurity Engineer. Le/La candidat(e) idéal(e) maîtrise Penetration Testing | Network Security | ISO 27001 et dispose d'une solide expérience dans le domaine. Rejoignez une équipe dynamique et contribuez à des projets innovants.,· Penetration Testing | · Network Security | · ISO 27001 | · SIEM | · Firewall,informatique / télécoms,2 ans d'exp,Directeur,,4000 - 5000 TND,Nabeul,CDD | SIVP,Hybrid,2026-02-22,22 février 2026,No,Wuzzuf,https://wuzzuf.net/jobs/p/100348/cybersecurity-engineer/
100349,Frontend Developer,DELICE DANONE,DELICE DANONE recrute un(e) Frontend Developer. Le/La candidat(e) idéal(e) maîtrise TypeScript | React.js | JavaScript et dispose d'une solide expérience dans le domaine. Rejoignez une équipe dynamique et contribuez à des projets innovants.,· TypeScript | · React.js | · JavaScript | · Vue.js | · HTML,informatique / télécoms,5+ Yrs of Exp,Junior,,1200 - 1400 TND,Sfax,CDD,Hybride,2026-03-11,11 mars 2026,No,TunisieTravail,https://www.tunisietravail.net/offre/100349/frontend-developer/
100350,Customer Services Officer,BANK ABC,BANK ABC recrute un(e) Customer Services Officer. Le/La candidat(e) idéal(e) maîtrise CRM | Problem Solving | Customer Care et dispose d'une solide expérience dans le domaine. Rejoignez une équipe dynamique et contribuez à des projets innovants.,· CRM | · Problem Solving | · Customer Care | · Communication,call center / télévente,1 an d'exp,Senior Management,,1000 - 1500 TND,La Manouba,Stage,Sur site,2026-03-23,23 mars 2026,Non,Wuzzuf,https://wuzzuf.net/jobs/p/100350/customer-services-officer/
100351,Frontend Developer,SATORIPHAN GROUP,SATORIPHAN GROUP recrute un(e) Frontend Developer. Le/La candidat(e) idéal(e) maîtrise React.js | JavaScript | HTML et dispose d'une solide expérience dans le domaine. Rejoignez une équipe dynamique et contribuez à des projets innovants.,· React.js | · JavaScript | · HTML | · CSS | · TypeScript,informatique / télécoms,2-4 an,Senior,,1000 - 1500 TND,Monastir,CDD,Hybrid,2026-03-01,1 mars 2026,Yes,Keejob,https://www.keejob.com/offres-emploi/100351/frontend-developer/
100352,HR Manager,GFI TUNISIE,GFI TUNISIE recrute un(e) HR Manager. Le/La candidat(e) idéal(e) maîtrise HRIS | Payroll | Recruitment et dispose d'une solide expérience dans le domaine. Rejoignez une équipe dynamique et contribuez à des projets innovants.,· HRIS | · Payroll | · Recruitment | · Performance Management | · Labor Law,recrutement / ressources humaines,1 an d'exp,Senior Management,,4000 - 5000 TND,"La Soukra, Ariana",SIVP,Présentiel,2026-03-07,7 mars 2026,Yes,Wuzzuf,https://wuzzuf.net/jobs/p/100352/hr-manager/
100353,Project Manager,ORANGE TUNISIE,ORANGE TUNISIE recrute un(e) Project Manager. Le/La candidat(e) idéal(e) maîtrise Risk Management | PMP | Agile et dispose d'une solide expérience dans le domaine. Rejoignez une équipe dynamique et contribuez à des projets innovants.,· Risk Management | · PMP | · Agile | · MS Project | · Project Management,informatique / télécoms,2-4 an,Senior,,1000 - 1500 TND,Monastir,SIVP,Télétravail complet,2026-03-06,6 mars 2026,No,Tunijobs,https://www.tunijobs.com/job/100353/project-manager/
100354,Graphic Designer,SOPRA HR SOFTWARE,SOPRA HR SOFTWARE recrute un(e) Graphic Designer. Le/La candidat(e) idéal(e) maîtrise Branding | Photoshop | InDesign et dispose d'une solide expérience dans le domaine. Rejoignez une équipe dynamique et contribuez à des projets innovants.,· Branding | · Photoshop | · InDesign | · Illustrator | · Typography,communication / publicité / média,5+ Yrs of Exp,Directeur,,1500 - 2500 TND,"Lac 2, Tunis",CDI,Hybride,2026-02-12,12 février 2026,Yes,Keejob,https://www.keejob.com/offres-emploi/100354/graphic-designer/
100355,Accountant,ORANGE TUNISIE,ORANGE TUNISIE recrute un(e) Accountant. Le/La candidat(e) idéal(e) maîtrise Excel | QuickBooks | Tax et dispose d'une solide expérience dans le domaine. Rejoignez une équipe dynamique et contribuez à des projets innovants.,· Excel | · QuickBooks | · Tax | · Accounting | · IFRS,banque / finance / assurances,5+ Yrs of Exp,Senior,,1000 - 1300 TND,"La Soukra, Ariana",CDD | SIVP,Sur site,2026-02-25,25 février 2026,Non,TunisieTravail,https://www.tunisietravail.net/offre/100355/accountant/
100356,Cloud Architect,BIAT,BIAT recrute un(e) Cloud Architect. Le/La candidat(e) idéal(e) maîtrise AWS | Azure | Microservices et dispose d'une solide expérience dans le domaine. Rejoignez une équipe dynamique et contribuez à des projets innovants.,· AWS | · Azure | · Microservices | · Kubernetes | · Terraform,informatique / télécoms,7+ Yrs of Exp,Senior Management,,1100 - 1400 TND,Tunis,SIVP,Teletravail,2026-03-21,21 mars 2026,Yes,Keejob,https://www.keejob.com/offres-emploi/100356/cloud-architect/
100357,DevOps Engineer,BANK ABC,BANK ABC recrute un(e) DevOps Engineer. Le/La candidat(e) idéal(e) maîtrise Kubernetes | AWS | Docker et dispose d'une solide expérience dans le domaine. Rejoignez une équipe dynamique et contribuez à des projets innovants.,· Kubernetes | · AWS | · Docker | · Terraform | · Jenkins,informatique / télécoms,7+ Yrs of Exp,Experienced,,800 - 1100 TND,"Oued Ellil, La Manouba",SIVP,Présentiel,2026-02-16,16 février 2026,Non,TunisieTravail,https://www.tunisietravail.net/offre/100357/devops-engineer/
100358,DevOps Engineer,INTILAAQ,INTILAAQ recrute un(e) DevOps Engineer. Le/La candidat(e) idéal(e) maîtrise CI/CD | Docker | Kubernetes et dispose d'une solide expérience dans le domaine. Rejoignez une équipe dynamique et contribuez à des projets innovants.,· CI/CD | · Docker | · Kubernetes | · Terraform | · Jenkins,informatique / télécoms,3 - 7 Yrs of Exp,Sans exp,,1200 - 1400 TND,Ariana,CDI | SIVP,Hybride,2026-02-05,5 février 2026,Non,Keejob,https://www.keejob.com/offres-emploi/100358/devops-engineer/
100359,Social Media Manager,DELICE DANONE,DELICE DANONE recrute un(e) Social Media Manager. Le/La candidat(e) idéal(e) maîtrise Content Creation | Meta Ads | Analytics et dispose d'une solide expérience dans le domaine. Rejoignez une équipe dynamique et contribuez à des projets innovants.,· Content Creation | · Meta Ads | · Analytics | · Social Media | · Canva,communication / publicité / média,7+ Yrs of Exp,Senior,,1000 - 1500 TND,Sousse,CDI | SIVP,Remote,2026-02-07,7 février 2026,Yes,Tunijobs,https://www.tunijobs.com/job/100359/social-media-manager/
100360,Marketing Manager,SAMSUNG TUNISIA,SAMSUNG TUNISIA recrute un(e) Marketing Manager. Le/La candidat(e) idéal(e) maîtrise SEO | CRM | Brand Management et dispose d'une solide expérience dans le domaine. Rejoignez une équipe dynamique et contribuez à des projets innovants.,· SEO | · CRM | · Brand Management | · Google Ads | · Digital Marketing,communication / publicité / média,7+ Yrs of Exp,Experienced,,1200 - 1400 TND,"Oued Ellil, La Manouba",CDI | SIVP,Teletravail,2026-02-25,25 février 2026,No,TunisieTravail,https://www.tunisietravail.net/offre/100360/marketing-manager/
100361,Content Writer,AIRBUS TUNISIA,AIRBUS TUNISIA recrute un(e) Content Writer. Le/La candidat(e) idéal(e) maîtrise Content Strategy | English | WordPress et dispose d'une solide expérience dans le domaine. Rejoignez une équipe dynamique et contribuez à des projets innovants.,· Content Strategy | · English | · WordPress | · SEO | · French,communication / publicité / média,1 an d'exp,Entry Level,,800 - 1100 TND,"La Soukra, Ariana",CDD,Hybrid,2026-02-05,5 février 2026,Non,Keejob,https://www.keejob.com/offres-emploi/100361/content-writer/
100362,SAP Consultant,TUNISIE TELECOM,TUNISIE TELECOM recrute un(e) SAP Consultant. Le/La candidat(e) idéal(e) maîtrise SAP SD | SAP FI | SAP MM et dispose d'une solide expérience dans le domaine. Rejoignez une équipe dynamique et contribuez à des projets innovants.,· SAP SD | · SAP FI | · SAP MM | · SAP HANA | · ABAP,informatique / télécoms,60 ans d'exp,Experienced,,1000 - 1500 TND,Sousse,SIVP,Hybrid,2026-03-21,21 mars 2026,Yes,Keejob,https://www.keejob.com/offres-emploi/100362/sap-consultant/
100363,Database Administrator,TUNISIE TELECOM,TUNISIE TELECOM recrute un(e) Database Administrator. Le/La candidat(e) idéal(e) maîtrise PostgreSQL | Backup & Recovery | Oracle et dispose d'une solide expérience dans le domaine. Rejoignez une équipe dynamique et contribuez à des projets innovants.,· PostgreSQL | · Backup & Recovery | · Oracle | · MySQL | · SQL Server,informatique / télécoms,5+ Yrs of Exp,Senior Management,,1000 - 1500 TND,Monastir,Stage,Hybride,2026-02-05,5 février 2026,Yes,Keejob,https://www.keejob.com/offres-emploi/100363/database-administrator/
100364,Social Media Manager,INTILAAQ,INTILAAQ recrute un(e) Social Media Manager. Le/La candidat(e) idéal(e) maîtrise Social Media | Analytics | Canva et dispose d'une solide expérience dans le domaine. Rejoignez une équipe dynamique et contribuez à des projets innovants.,· Social Media | · Analytics | · Canva | · Content Creation | · Meta Ads,communication / publicité / média,5+ Yrs of Exp,Experienced,,2500 - 4000 TND,Nabeul,Stage,Sur site,2026-01-24,24 janvier 2026,Non,Keejob,https://www.keejob.com/offres-emploi/100364/social-media-manager/
100365,Call Center Agent,BANK ABC,BANK ABC recrute un(e) Call Center Agent. Le/La candidat(e) idéal(e) maîtrise CRM | Customer Care | French et dispose d'une solide expérience dans le domaine. Rejoignez une équipe dynamique et contribuez à des projets innovants.,· CRM | · Customer Care | · French | · Communication | · English,call center / télévente,3 - 7 Yrs of Exp,Manager,,800 - 1100 TND,"Hammam Sousse, Sousse",CDD | SIVP,Remote,2026-03-03,3 mars 2026,No,Wuzzuf,https://wuzzuf.net/jobs/p/100365/call-center-agent/
100366,Call Center Agent,POULINA GROUP,POULINA GROUP recrute un(e) Call Center Agent. Le/La candidat(e) idéal(e) maîtrise Communication | Customer Care | CRM et dispose d'une solide expérience dans le domaine. Rejoignez une équipe dynamique et contribuez à des projets innovants.,· Communication | · Customer Care | · CRM | · French | · English,call center / télévente,2-4 an,Experienced,,1000 - 1300 TND,Monastir,CDI | SIVP,Hybride,2026-03-14,14 mars 2026,Non,Tunijobs,https://www.tunijobs.com/job/100366/call-center-agent/
100367,Content Writer,LEONI,LEONI recrute un(e) Content Writer. Le/La candidat(e) idéal(e) maîtrise Content Strategy | Copywriting | WordPress et dispose d'une solide expérience dans le domaine. Rejoignez une équipe dynamique et contribuez à des projets innovants.,· Content Strategy | · Copywriting | · WordPress | · English | · SEO,communication / publicité / média,2-4 an,Senior Management,,1200 - 1400 TND,Monastir,CDI | CDD,Hybride,2026-02-03,3 février 2026,Yes,Wuzzuf,https://wuzzuf.net/jobs/p/100367/content-writer/
100368,Product Manager,DELPHI TECHNOLOGIES,DELPHI TECHNOLOGIES recrute un(e) Product Manager. Le/La candidat(e) idéal(e) maîtrise User Stories | Scrum | Agile et dispose d'une solide expérience dans le domaine. Rejoignez une équipe dynamique et contribuez à des projets innovants.,· User Stories | · Scrum | · Agile | · Jira | · Product Roadmap,informatique / télécoms,2 ans d'exp,Senior,,2500 - 4000 TND,Nabeul,SIVP,Hybrid,2026-03-03,3 mars 2026,Non,Tunijobs,https://www.tunijobs.com/job/100368/product-manager/
100369,Customer Services Officer,SOPRA HR SOFTWARE,SOPRA HR SOFTWARE recrute un(e) Customer Services Officer. Le/La candidat(e) idéal(e) maîtrise Customer Care | CRM | Problem Solving et dispose d'une solide expérience dans le domaine. Rejoignez une équipe dynamique et contribuez à des projets innovants.,· Customer Care | · CRM | · Problem Solving | · Communication,call center / télévente,2-4 an,Senior Management,,800 - 1100 TND,Ariana,CDD,Hybride,2026-02-12,12 février 2026,No,Tunijobs,https://www.tunijobs.com/job/100369/customer-services-officer/
100370,Mobile Developer,COFICAB,COFICAB recrute un(e) Mobile Developer. Le/La candidat(e) idéal(e) maîtrise iOS | Flutter | Android et dispose d'une solide expérience dans le domaine. Rejoignez une équipe dynamique et contribuez à des projets innovants.,· iOS | · Flutter | · Android | · Swift | · Kotlin,informatique / télécoms,2-4 an,Entry Level,,800 - 1100 TND,La Manouba,CDD | SIVP,Télétravail complet,2026-01-22,22 janvier 2026,Non,Wuzzuf,https://wuzzuf.net/jobs/p/100370/mobile-developer/
100371,SAP Consultant,VALEO TUNISIA,VALEO TUNISIA recrute un(e) SAP Consultant. Le/La candidat(e) idéal(e) maîtrise ABAP | SAP MM | SAP SD et dispose d'une solide expérience dans le domaine. Rejoignez une équipe dynamique et contribuez à des projets innovants.,· ABAP | · SAP MM | · SAP SD | · SAP HANA | · SAP FI,informatique / télécoms,1 - 3 Yrs of Exp,Senior Management,,1000 - 1500 TND,"Lac 2, Tunis",CDD | SIVP,Hybride,2026-02-17,17 février 2026,Non,Wuzzuf,https://wuzzuf.net/jobs/p/100371/sap-consultant/
100372,Accountant,POULINA GROUP,POULINA GROUP recrute un(e) Accountant. Le/La candidat(e) idéal(e) maîtrise Excel | Accounting | IFRS et dispose d'une solide expérience dans le domaine. Rejoignez une équipe dynamique et contribuez à des projets innovants.,· Excel | · Accounting | · IFRS | · QuickBooks | · Tax,banque / finance / assurances,1 - 3 Yrs of Exp,Junior,,4000 - 5000 TND,"Hammam Sousse, Sousse",CDI,Sur site,2026-03-11,11 mars 2026,No,TunisieTravail,https://www.tunisietravail.net/offre/100372/accountant/
100373,AI Engineer,SAMSUNG TUNISIA,SAMSUNG TUNISIA recrute un(e) AI Engineer. Le/La candidat(e) idéal(e) maîtrise Hugging Face | Computer Vision | Python et dispose d'une solide expérience dans le domaine. Rejoignez une équipe dynamique et contribuez à des projets innovants.,· Hugging Face | · Computer Vision | · Python | · LLMs | · NLP,informatique / télécoms,7+ Yrs of Exp,Senior,,1500 - 2500 TND,Monastir,Stage,Présentiel,2026-03-09,9 mars 2026,Yes,Tunijobs,https://www.tunijobs.com/job/100373/ai-engineer/
100374,Data Analyst,BIAT,BIAT recrute un(e) Data Analyst. Le/La candidat(e) idéal(e) maîtrise Excel | Python | Tableau et dispose d'une solide expérience dans le domaine. Rejoignez une équipe dynamique et contribuez à des projets innovants.,· Excel | · Python | · Tableau | · Power BI | · SQL,informatique / télécoms,1 - 3 Yrs of Exp,Experienced,,4000 - 5000 TND,Nabeul,CDD | SIVP,Teletravail,2026-03-08,8 mars 2026,Non,Keejob,https://www.keejob.com/offres-emploi/100374/data-analyst/
100375,HR Manager,SAMSUNG TUNISIA,SAMSUNG TUNISIA recrute un(e) HR Manager. Le/La candidat(e) idéal(e) maîtrise Labor Law | Performance Management | HRIS et dispose d'une solide expérience dans le domaine. Rejoignez une équipe dynamique et contribuez à des projets innovants.,· Labor Law | · Performance Management | · HRIS | · Payroll | · Recruitment,recrutement / ressources humaines,1 an d'exp,Entry Level,,2500 - 4000 TND,Tunis,CDI | SIVP,Hybrid,2026-01-31,31 janvier 2026,Non,TunisieTravail,https://www.tunisietravail.net/offre/100375/hr-manager/
100376,Mobile Developer,IBM TUNISIA,IBM TUNISIA recrute un(e) Mobile Developer. Le/La candidat(e) idéal(e) maîtrise Kotlin | React Native | Flutter et dispose d'une solide expérience dans le domaine. Rejoignez une équipe dynamique et contribuez à des projets innovants.,· Kotlin | · React Native | · Flutter | · Swift | · Android,informatique / télécoms,3 - 7 Yrs of Exp,Manager,,2500 - 4000 TND,Ben Arous,CDI | SIVP,Hybrid,2026-02-25,25 février 2026,No,Wuzzuf,https://wuzzuf.net/jobs/p/100376/mobile-developer/
100377,Graphic Designer,SOFRECOM,SOFRECOM recrute un(e) Graphic Designer. Le/La candidat(e) idéal(e) maîtrise Illustrator | Typography | InDesign et dispose d'une solide expérience dans le domaine. Rejoignez une équipe dynamique et contribuez à des projets innovants.,· Illustrator | · Typography | · InDesign | · Photoshop | · Branding,communication / publicité / média,2-4 an,Sans exp,,1000 - 1500 TND,"Hammam Sousse, Sousse",CDI | SIVP,Teletravail,2026-02-07,7 février 2026,No,TunisieTravail,https://www.tunisietravail.net/offre/100377/graphic-designer/
100378,DevOps Engineer,DELPHI TECHNOLOGIES,DELPHI TECHNOLOGIES recrute un(e) DevOps Engineer. Le/La candidat(e) idéal(e) maîtrise Jenkins | Docker | Kubernetes et dispose d'une solide expérience dans le domaine. Rejoignez une équipe dynamique et contribuez à des projets innovants.,· Jenkins | · Docker | · Kubernetes | · AWS | · Terraform,informatique / télécoms,5+ Yrs of Exp,Sans exp,,2500 - 4000 TND,Ben Arous,CDI | CDD,Hybride,2026-02-03,3 février 2026,Yes,Keejob,https://www.keejob.com/offres-emploi/100378/devops-engineer/
100379,AI Engineer,SOFRECOM,SOFRECOM recrute un(e) AI Engineer. Le/La candidat(e) idéal(e) maîtrise NLP | Python | Hugging Face et dispose d'une solide expérience dans le domaine. Rejoignez une équipe dynamique et contribuez à des projets innovants.,· NLP | · Python | · Hugging Face | · TensorFlow | · Computer Vision,informatique / télécoms,3 - 7 Yrs of Exp,Directeur,,1200 - 1400 TND,"Hammam Sousse, Sousse",CDI,Hybrid,2026-02-13,13 février 2026,Non,TunisieTravail,https://www.tunisietravail.net/offre/100379/ai-engineer/
100380,Mechanical Engineer,SOFRECOM,SOFRECOM recrute un(e) Mechanical Engineer. Le/La candidat(e) idéal(e) maîtrise Manufacturing | Thermodynamics | FEA et dispose d'une solide expérience dans le domaine. Rejoignez une équipe dynamique et contribuez à des projets innovants.,· Manufacturing | · Thermodynamics | · FEA | · AutoCAD | · SolidWorks,industrie / production / maintenance,60 ans d'exp,Manager,,1000 - 1500 TND,Ariana,CDD,Sur site,2026-02-20,20 février 2026,No,Tunijobs,https://www.tunijobs.com/job/100380/mechanical-engineer/
100381,Data Scientist,ESPRIT SCHOOL,ESPRIT SCHOOL recrute un(e) Data Scientist. Le/La candidat(e) idéal(e) maîtrise SQL | Machine Learning | Pandas et dispose d'une solide expérience dans le domaine. Rejoignez une équipe dynamique et contribuez à des projets innovants.,· SQL | · Machine Learning | · Pandas | · Statistics | · Python,informatique / télécoms,60 ans d'exp,Senior Management,,1500 - 2500 TND,Monastir,CDD,Remote,2026-01-23,23 janvier 2026,No,Wuzzuf,https://wuzzuf.net/jobs/p/100381/data-scientist/
100382,Software Developer,CARTHAGO CERAMICS,CARTHAGO CERAMICS recrute un(e) Software Developer. Le/La candidat(e) idéal(e) maîtrise REST API | Git | C++ et dispose d'une solide expérience dans le domaine. Rejoignez une équipe dynamique et contribuez à des projets innovants.,· REST API | · Git | · C++ | · Python | · Java,informatique / télécoms,60 ans d'exp,Junior,,1200 - 1400 TND,"La Soukra, Ariana",CDI | SIVP,Remote,2026-02-23,23 février 2026,Yes,Keejob,https://www.keejob.com/offres-emploi/100382/software-developer/
100383,Software Developer,DELPHI TECHNOLOGIES,DELPHI TECHNOLOGIES recrute un(e) Software Developer. Le/La candidat(e) idéal(e) maîtrise Git | Agile | Java et dispose d'une solide expérience dans le domaine. Rejoignez une équipe dynamique et contribuez à des projets innovants.,· Git | · Agile | · Java | · REST API | · Python,informatique / télécoms,1 - 3 Yrs of Exp,Entry Level,,4000 - 5000 TND,Sousse,CDI | CDD,Hybrid,2026-02-26,26 février 2026,Yes,Tunijobs,https://www.tunijobs.com/job/100383/software-developer/
100384,Full Stack Developer,HUAWEI TUNISIA,HUAWEI TUNISIA recrute un(e) Full Stack Developer. Le/La candidat(e) idéal(e) maîtrise Docker | Node.js | PostgreSQL et dispose d'une solide expérience dans le domaine. Rejoignez une équipe dynamique et contribuez à des projets innovants.,· Docker | · Node.js | · PostgreSQL | · MongoDB | · HTML/CSS,informatique / télécoms,2 ans d'exp,Manager,,1000 - 1500 TND,Nabeul,CDI | CDD,Hybrid,2026-02-05,5 février 2026,No,Keejob,https://www.keejob.com/offres-emploi/100384/full-stack-developer/
100385,Machine Learning Engineer,BIAT,BIAT recrute un(e) Machine Learning Engineer. Le/La candidat(e) idéal(e) maîtrise MLOps | Docker | Deep Learning et dispose d'une solide expérience dans le domaine. Rejoignez une équipe dynamique et contribuez à des projets innovants.,· MLOps | · Docker | · Deep Learning | · Kubernetes | · Python,informatique / télécoms,2-4 an,Senior,,1000 - 1300 TND,Sfax,CDD | SIVP,Remote,2026-03-03,3 mars 2026,Yes,TunisieTravail,https://www.tunisietravail.net/offre/100385/machine-learning-engineer/
100386,Financial Analyst,TELNET HOLDING,TELNET HOLDING recrute un(e) Financial Analyst. Le/La candidat(e) idéal(e) maîtrise IFRS | Forecasting | Budgeting et dispose d'une solide expérience dans le domaine. Rejoignez une équipe dynamique et contribuez à des projets innovants.,· IFRS | · Forecasting | · Budgeting | · Financial Modeling | · Excel,banque / finance / assurances,2-4 an,Experienced,,1000 - 1500 TND,Sousse,Stage,Teletravail,2026-03-21,21 mars 2026,Non,Tunijobs,https://www.tunijobs.com/job/100386/financial-analyst/
100387,Full Stack Developer,SAFRAN,SAFRAN recrute un(e) Full Stack Developer. Le/La candidat(e) idéal(e) maîtrise MongoDB | HTML/CSS | PostgreSQL et dispose d'une solide expérience dans le domaine. Rejoignez une équipe dynamique et contribuez à des projets innovants.,· MongoDB | · HTML/CSS | · PostgreSQL | · Node.js | · React.js,informatique / télécoms,2-4 an,Directeur,,800 - 1100 TND,"Oued Ellil, La Manouba",Stage,Hybrid,2026-01-25,25 janvier 2026,Non,Keejob,https://www.keejob.com/offres-emploi/100387/full-stack-developer/
100388,Electrical Engineer,SATORIPHAN GROUP,SATORIPHAN GROUP recrute un(e) Electrical Engineer. Le/La candidat(e) idéal(e) maîtrise SCADA | AutoCAD | PLC et dispose d'une solide expérience dans le domaine. Rejoignez une équipe dynamique et contribuez à des projets innovants.,· SCADA | · AutoCAD | · PLC | · Electrical Design | · Power Systems,électronique / électricité / énergie,60 ans d'exp,Senior Management,,2500 - 4000 TND,Monastir,CDI,Présentiel,2026-02-14,14 février 2026,Yes,Wuzzuf,https://wuzzuf.net/jobs/p/100388/electrical-engineer/
100389,Data Scientist,TUNISIE TELECOM,TUNISIE TELECOM recrute un(e) Data Scientist. Le/La candidat(e) idéal(e) maîtrise Statistics | TensorFlow | Scikit-learn et dispose d'une solide expérience dans le domaine. Rejoignez une équipe dynamique et contribuez à des projets innovants.,· Statistics | · TensorFlow | · Scikit-learn | · Machine Learning | · Python,informatique / télécoms,1 an d'exp,Experienced,,800 - 1100 TND,Sousse,Stage,Sur site,2026-03-14,14 mars 2026,Yes,Wuzzuf,https://wuzzuf.net/jobs/p/100389/data-scientist/
100390,Social Media Manager,INTILAAQ,INTILAAQ recrute un(e) Social Media Manager. Le/La candidat(e) idéal(e) maîtrise Canva | Analytics | Content Creation et dispose d'une solide expérience dans le domaine. Rejoignez une équipe dynamique et contribuez à des projets innovants.,· Canva | · Analytics | · Content Creation | · Social Media | · Meta Ads,communication / publicité / média,2-4 an,Manager,,1100 - 1400 TND,"Oued Ellil, La Manouba",CDD | SIVP,Hybride,2026-02-25,25 février 2026,Yes,Keejob,https://www.keejob.com/offres-emploi/100390/social-media-manager/
100391,Call Center Agent,POULINA GROUP,POULINA GROUP recrute un(e) Call Center Agent. Le/La candidat(e) idéal(e) maîtrise Communication | French | CRM et dispose d'une solide expérience dans le domaine. Rejoignez une équipe dynamique et contribuez à des projets innovants.,· Communication | · French | · CRM | · English | · Customer Care,call center / télévente,1 - 3 Yrs of Exp,Experienced,,1500 - 2500 TND,Nabeul,Stage,Sur site,2026-02-02,2 février 2026,No,Keejob,https://www.keejob.com/offres-emploi/100391/call-center-agent/
100392,Content Writer,TELNET HOLDING,TELNET HOLDING recrute un(e) Content Writer. Le/La candidat(e) idéal(e) maîtrise Content Strategy | WordPress | SEO et dispose d'une solide expérience dans le domaine. Rejoignez une équipe dynamique et contribuez à des projets innovants.,· Content Strategy | · WordPress | · SEO | · Copywriting | · French,communication / publicité / média,7+ Yrs of Exp,Directeur,,1200 - 1400 TND,"Oued Ellil, La Manouba",CDI,Sur site,2026-02-18,18 février 2026,Yes,TunisieTravail,https://www.tunisietravail.net/offre/100392/content-writer/
100393,Legal Counsel,TELNET HOLDING,TELNET HOLDING recrute un(e) Legal Counsel. Le/La candidat(e) idéal(e) maîtrise Litigation | Compliance | Contract Law et dispose d'une solide expérience dans le domaine. Rejoignez une équipe dynamique et contribuez à des projets innovants.,· Litigation | · Compliance | · Contract Law | · Legal Research | · Corporate Law,juridique / droit,2-4 an,Senior Management,,4000 - 5000 TND,Monastir,Stage,Teletravail,2026-01-23,23 janvier 2026,Yes,TunisieTravail,https://www.tunisietravail.net/offre/100393/legal-counsel/
100394,Network Engineer,HUAWEI TUNISIA,HUAWEI TUNISIA recrute un(e) Network Engineer. Le/La candidat(e) idéal(e) maîtrise TCP/IP | CCNA | Cisco et dispose d'une solide expérience dans le domaine. Rejoignez une équipe dynamique et contribuez à des projets innovants.,· TCP/IP | · CCNA | · Cisco | · VPN | · Switching,informatique / télécoms,2 ans d'exp,Directeur,,2500 - 4000 TND,Nabeul,CDI,Hybrid,2026-02-11,11 février 2026,No,Tunijobs,https://www.tunijobs.com/job/100394/network-engineer/
100395,Content Writer,GFI TUNISIE,GFI TUNISIE recrute un(e) Content Writer. Le/La candidat(e) idéal(e) maîtrise English | SEO | Copywriting et dispose d'une solide expérience dans le domaine. Rejoignez une équipe dynamique et contribuez à des projets innovants.,· English | · SEO | · Copywriting | · Content Strategy | · WordPress,communication / publicité / média,2 ans d'exp,Entry Level,,1100 - 1400 TND,"La Soukra, Ariana",CDI | SIVP,Hybrid,2026-03-07,7 mars 2026,Non,TunisieTravail,https://www.tunisietravail.net/offre/100395/content-writer/
100396,Cybersecurity Engineer,SAMSUNG TUNISIA,SAMSUNG TUNISIA recrute un(e) Cybersecurity Engineer. Le/La candidat(e) idéal(e) maîtrise Firewall | ISO 27001 | Penetration Testing et dispose d'une solide expérience dans le domaine. Rejoignez une équipe dynamique et contribuez à des projets innovants.,· Firewall | · ISO 27001 | · Penetration Testing | · SIEM | · Network Security,informatique / télécoms,5+ Yrs of Exp,Senior Management,,4000 - 5000 TND,Tunis,CDD | SIVP,Teletravail,2026-03-02,2 mars 2026,No,Wuzzuf,https://wuzzuf.net/jobs/p/100396/cybersecurity-engineer/
100397,Mobile Developer,DELICE DANONE,DELICE DANONE recrute un(e) Mobile Developer. Le/La candidat(e) idéal(e) maîtrise Kotlin | Android | Swift et dispose d'une solide expérience dans le domaine. Rejoignez une équipe dynamique et contribuez à des projets innovants.,· Kotlin | · Android | · Swift | · React Native | · iOS,informatique / télécoms,1 - 3 Yrs of Exp,Experienced,,800 - 1100 TND,Ariana,CDI | SIVP,Hybride,2026-01-29,29 janvier 2026,No,Keejob,https://www.keejob.com/offres-emploi/100397/mobile-developer/
100398,HR Manager,TELNET HOLDING,TELNET HOLDING recrute un(e) HR Manager. Le/La candidat(e) idéal(e) maîtrise Payroll | Labor Law | Recruitment et dispose d'une solide expérience dans le domaine. Rejoignez une équipe dynamique et contribuez à des projets innovants.,· Payroll | · Labor Law | · Recruitment | · Performance Management | · HRIS,recrutement / ressources humaines,7+ Yrs of Exp,Manager,,1000 - 1300 TND,Ben Arous,CDD | SIVP,Télétravail complet,2026-02-15,15 février 2026,No,Wuzzuf,https://wuzzuf.net/jobs/p/100398/hr-manager/
100399,Software Developer,ESPRIT SCHOOL,ESPRIT SCHOOL recrute un(e) Software Developer. Le/La candidat(e) idéal(e) maîtrise Git | Java | REST API et dispose d'une solide expérience dans le domaine. Rejoignez une équipe dynamique et contribuez à des projets innovants.,· Git | · Java | · REST API | · Agile | · Python,informatique / télécoms,1 - 3 Yrs of Exp,Directeur,,1100 - 1400 TND,Sousse,CDI,Hybrid,2026-01-29,29 janvier 2026,Non,Tunijobs,https://www.tunijobs.com/job/100399/software-developer/
100400,Product Manager,TELNET HOLDING,TELNET HOLDING recrute un(e) Product Manager. Le/La candidat(e) idéal(e) maîtrise Product Roadmap | Agile | Scrum et dispose d'une solide expérience dans le domaine. Rejoignez une équipe dynamique et contribuez à des projets innovants.,· Product Roadmap | · Agile | · Scrum | · User Stories | · Jira,informatique / télécoms,60 ans d'exp,Entry Level,,1500 - 2500 TND,Sousse,Stage,Télétravail complet,2026-01-23,23 janvier 2026,Non,TunisieTravail,https://www.tunisietravail.net/offre/100400/product-manager/
100401,Legal Counsel,SAMSUNG TUNISIA,SAMSUNG TUNISIA recrute un(e) Legal Counsel. Le/La candidat(e) idéal(e) maîtrise Contract Law | Legal Research | Compliance et dispose d'une solide expérience dans le domaine. Rejoignez une équipe dynamique et contribuez à des projets innovants.,· Contract Law | · Legal Research | · Compliance | · Corporate Law | · Litigation,juridique / droit,2 ans d'exp,Junior,,1100 - 1400 TND,Tunis,CDD | SIVP,Télétravail complet,2026-02-06,6 février 2026,Yes,Tunijobs,https://www.tunijobs.com/job/100401/legal-counsel/
100402,Data Analyst,IBM TUNISIA,IBM TUNISIA recrute un(e) Data Analyst. Le/La candidat(e) idéal(e) maîtrise Tableau | SQL | Python et dispose d'une solide expérience dans le domaine. Rejoignez une équipe dynamique et contribuez à des projets innovants.,· Tableau | · SQL | · Python | · Power BI | · Excel,informatique / télécoms,1 - 3 Yrs of Exp,Directeur,,1500 - 2500 TND,Ariana,CDD,Hybrid,2026-02-15,15 février 2026,No,Keejob,https://www.keejob.com/offres-emploi/100402/data-analyst/
100403,Graphic Designer,IBM TUNISIA,IBM TUNISIA recrute un(e) Graphic Designer. Le/La candidat(e) idéal(e) maîtrise Branding | Photoshop | Illustrator et dispose d'une solide expérience dans le domaine. Rejoignez une équipe dynamique et contribuez à des projets innovants.,· Branding | · Photoshop | · Illustrator | · Typography | · InDesign,communication / publicité / média,1 an d'exp,Senior,,1200 - 1400 TND,"La Soukra, Ariana",SIVP,Présentiel,2026-03-16,16 mars 2026,No,TunisieTravail,https://www.tunisietravail.net/offre/100403/graphic-designer/
100404,AI Engineer,SOFRECOM,SOFRECOM recrute un(e) AI Engineer. Le/La candidat(e) idéal(e) maîtrise Hugging Face | Computer Vision | NLP et dispose d'une solide expérience dans le domaine. Rejoignez une équipe dynamique et contribuez à des projets innovants.,· Hugging Face | · Computer Vision | · NLP | · Python | · TensorFlow,informatique / télécoms,5+ Yrs of Exp,Senior Management,,800 - 1100 TND,Sousse,CDI,Remote,2026-02-12,12 février 2026,Yes,TunisieTravail,https://www.tunisietravail.net/offre/100404/ai-engineer/
100405,Full Stack Developer,VERMEG,VERMEG recrute un(e) Full Stack Developer. Le/La candidat(e) idéal(e) maîtrise PostgreSQL | React.js | Docker et dispose d'une solide expérience dans le domaine. Rejoignez une équipe dynamique et contribuez à des projets innovants.,· PostgreSQL | · React.js | · Docker | · Node.js | · MongoDB,informatique / télécoms,60 ans d'exp,Experienced,,1100 - 1400 TND,La Manouba,Stage,Teletravail,2026-02-06,6 février 2026,Yes,Wuzzuf,https://wuzzuf.net/jobs/p/100405/full-stack-developer/
100406,Graphic Designer,TELNET HOLDING,TELNET HOLDING recrute un(e) Graphic Designer. Le/La candidat(e) idéal(e) maîtrise Branding | Illustrator | Photoshop et dispose d'une solide expérience dans le domaine. Rejoignez une équipe dynamique et contribuez à des projets innovants.,· Branding | · Illustrator | · Photoshop | · Typography | · InDesign,communication / publicité / média,60 ans d'exp,Senior Management,,1200 - 1400 TND,Ariana,CDD,Télétravail complet,2026-03-04,4 mars 2026,Yes,Tunijobs,https://www.tunijobs.com/job/100406/graphic-designer/
100407,QA Engineer,SOPRA HR SOFTWARE,SOPRA HR SOFTWARE recrute un(e) QA Engineer. Le/La candidat(e) idéal(e) maîtrise JIRA | JUnit | Test Automation et dispose d'une solide expérience dans le domaine. Rejoignez une équipe dynamique et contribuez à des projets innovants.,· JIRA | · JUnit | · Test Automation | · Agile Testing | · Selenium,informatique / télécoms,1 an d'exp,Senior,,4000 - 5000 TND,Sfax,SIVP,Remote,2026-02-20,20 février 2026,No,Tunijobs,https://www.tunijobs.com/job/100407/qa-engineer/
100408,Frontend Developer,MICROSOFT TUNISIA,MICROSOFT TUNISIA recrute un(e) Frontend Developer. Le/La candidat(e) idéal(e) maîtrise HTML | JavaScript | Vue.js et dispose d'une solide expérience dans le domaine. Rejoignez une équipe dynamique et contribuez à des projets innovants.,· HTML | · JavaScript | · Vue.js | · TypeScript | · React.js,informatique / télécoms,2 ans d'exp,Experienced,,1000 - 1300 TND,Ben Arous,CDI | SIVP,Remote,2026-01-30,30 janvier 2026,No,Tunijobs,https://www.tunijobs.com/job/100408/frontend-developer/
100409,SEO Specialist,SAFRAN,SAFRAN recrute un(e) SEO Specialist. Le/La candidat(e) idéal(e) maîtrise Google Analytics | HTML | Keyword Research et dispose d'une solide expérience dans le domaine. Rejoignez une équipe dynamique et contribuez à des projets innovants.,· Google Analytics | · HTML | · Keyword Research | · SEO | · SEM,informatique / télécoms,5+ Yrs of Exp,Directeur,,2500 - 4000 TND,Nabeul,CDI | SIVP,Télétravail complet,2026-03-19,19 mars 2026,No,Tunijobs,https://www.tunijobs.com/job/100409/seo-specialist/
100410,Graphic Designer,HUAWEI TUNISIA,HUAWEI TUNISIA recrute un(e) Graphic Designer. Le/La candidat(e) idéal(e) maîtrise Illustrator | Typography | InDesign et dispose d'une solide expérience dans le domaine. Rejoignez une équipe dynamique et contribuez à des projets innovants.,· Illustrator | · Typography | · InDesign | · Photoshop | · Branding,communication / publicité / média,60 ans d'exp,Experienced,,1000 - 1300 TND,Monastir,CDD,Hybrid,2026-02-14,14 février 2026,No,Keejob,https://www.keejob.com/offres-emploi/100410/graphic-designer/
100411,DevOps Engineer,CARTHAGO CERAMICS,CARTHAGO CERAMICS recrute un(e) DevOps Engineer. Le/La candidat(e) idéal(e) maîtrise Docker | Jenkins | AWS et dispose d'une solide expérience dans le domaine. Rejoignez une équipe dynamique et contribuez à des projets innovants.,· Docker | · Jenkins | · AWS | · Kubernetes | · CI/CD,informatique / télécoms,3 - 7 Yrs of Exp,Manager,,800 - 1100 TND,Sousse,CDD | SIVP,Teletravail,2026-03-18,18 mars 2026,No,Keejob,https://www.keejob.com/offres-emploi/100411/devops-engineer/
100412,Graphic Designer,MICROSOFT TUNISIA,MICROSOFT TUNISIA recrute un(e) Graphic Designer. Le/La candidat(e) idéal(e) maîtrise Branding | Typography | Photoshop et dispose d'une solide expérience dans le domaine. Rejoignez une équipe dynamique et contribuez à des projets innovants.,· Branding | · Typography | · Photoshop | · InDesign | · Illustrator,communication / publicité / média,1 - 3 Yrs of Exp,Sans exp,,1500 - 2500 TND,Sfax,CDI | SIVP,Sur site,2026-02-15,15 février 2026,Yes,TunisieTravail,https://www.tunisietravail.net/offre/100412/graphic-designer/
100413,Procurement Officer,LEONI,LEONI recrute un(e) Procurement Officer. Le/La candidat(e) idéal(e) maîtrise Negotiation | ERP | Procurement et dispose d'une solide expérience dans le domaine. Rejoignez une équipe dynamique et contribuez à des projets innovants.,· Negotiation | · ERP | · Procurement | · Contract Management | · Sourcing,commerce / vente / distribution,5+ Yrs of Exp,Senior,,1100 - 1400 TND,Tunis,CDD,Remote,2026-02-06,6 février 2026,Yes,Keejob,https://www.keejob.com/offres-emploi/100413/procurement-officer/
100414,SEO Specialist,LEONI,LEONI recrute un(e) SEO Specialist. Le/La candidat(e) idéal(e) maîtrise Keyword Research | SEM | Google Analytics et dispose d'une solide expérience dans le domaine. Rejoignez une équipe dynamique et contribuez à des projets innovants.,· Keyword Research | · SEM | · Google Analytics | · HTML | · SEO,informatique / télécoms,2-4 an,Senior Management,,1000 - 1500 TND,Ariana,CDI | SIVP,Remote,2026-02-09,9 février 2026,No,Wuzzuf,https://wuzzuf.net/jobs/p/100414/seo-specialist/
100415,Supply Chain Analyst,SOFRECOM,SOFRECOM recrute un(e) Supply Chain Analyst. Le/La candidat(e) idéal(e) maîtrise Logistics | SAP | Supply Chain Management et dispose d'une solide expérience dans le domaine. Rejoignez une équipe dynamique et contribuez à des projets innovants.,· Logistics | · SAP | · Supply Chain Management | · Excel | · Forecasting,logistique / transport,60 ans d'exp,Sans exp,,1000 - 1500 TND,Sfax,CDD,Hybride,2026-03-14,14 mars 2026,No,Keejob,https://www.keejob.com/offres-emploi/100415/supply-chain-analyst/
100416,Electrical Engineer,GFI TUNISIE,GFI TUNISIE recrute un(e) Electrical Engineer. Le/La candidat(e) idéal(e) maîtrise Power Systems | SCADA | PLC et dispose d'une solide expérience dans le domaine. Rejoignez une équipe dynamique et contribuez à des projets innovants.,· Power Systems | · SCADA | · PLC | · AutoCAD | · Electrical Design,électronique / électricité / énergie,60 ans d'exp,Sans exp,,1500 - 2500 TND,Ariana,CDD,Remote,2026-02-16,16 février 2026,Yes,Tunijobs,https://www.tunijobs.com/job/100416/electrical-engineer/
100417,Data Scientist,POULINA GROUP,POULINA GROUP recrute un(e) Data Scientist. Le/La candidat(e) idéal(e) maîtrise SQL | Pandas | Machine Learning et dispose d'une solide expérience dans le domaine. Rejoignez une équipe dynamique et contribuez à des projets innovants.,· SQL | · Pandas | · Machine Learning | · TensorFlow | · Statistics,informatique / télécoms,1 an d'exp,Senior Management,,1500 - 2500 TND,Sfax,CDI | SIVP,Remote,2026-03-21,21 mars 2026,Yes,TunisieTravail,https://www.tunisietravail.net/offre/100417/data-scientist/
100418,Data Analyst,SOFRECOM,SOFRECOM recrute un(e) Data Analyst. Le/La candidat(e) idéal(e) maîtrise Data Visualization | Python | Power BI et dispose d'une solide expérience dans le domaine. Rejoignez une équipe dynamique et contribuez à des projets innovants.,· Data Visualization | · Python | · Power BI | · Excel | · SQL,informatique / télécoms,60 ans d'exp,Senior,,1100 - 1400 TND,"Oued Ellil, La Manouba",CDI,Hybrid,2026-03-08,8 mars 2026,Yes,Keejob,https://www.keejob.com/offres-emploi/100418/data-analyst/
100419,Data Scientist,SATORIPHAN GROUP,SATORIPHAN GROUP recrute un(e) Data Scientist. Le/La candidat(e) idéal(e) maîtrise SQL | Statistics | Scikit-learn et dispose d'une solide expérience dans le domaine. Rejoignez une équipe dynamique et contribuez à des projets innovants.,· SQL | · Statistics | · Scikit-learn | · TensorFlow | · Machine Learning,informatique / télécoms,1 - 3 Yrs of Exp,Entry Level,,1000 - 1500 TND,Tunis,CDD | SIVP,Présentiel,2026-01-31,31 janvier 2026,Yes,TunisieTravail,https://www.tunisietravail.net/offre/100419/data-scientist/
100420,SAP Consultant,AIRBUS TUNISIA,AIRBUS TUNISIA recrute un(e) SAP Consultant. Le/La candidat(e) idéal(e) maîtrise SAP HANA | SAP FI | SAP MM et dispose d'une solide expérience dans le domaine. Rejoignez une équipe dynamique et contribuez à des projets innovants.,· SAP HANA | · SAP FI | · SAP MM | · SAP SD | · ABAP,informatique / télécoms,1 - 3 Yrs of Exp,Junior,,1100 - 1400 TND,Monastir,CDI,Teletravail,2026-02-09,9 février 2026,Yes,Keejob,https://www.keejob.com/offres-emploi/100420/sap-consultant/
100421,DevOps Engineer,PROXYM GROUP,PROXYM GROUP recrute un(e) DevOps Engineer. Le/La candidat(e) idéal(e) maîtrise CI/CD | Terraform | Kubernetes et dispose d'une solide expérience dans le domaine. Rejoignez une équipe dynamique et contribuez à des projets innovants.,· CI/CD | · Terraform | · Kubernetes | · Jenkins | · AWS,informatique / télécoms,1 - 3 Yrs of Exp,Junior,,1000 - 1300 TND,"Oued Ellil, La Manouba",CDD,Présentiel,2026-01-28,28 janvier 2026,Yes,TunisieTravail,https://www.tunisietravail.net/offre/100421/devops-engineer/
100422,Mobile Developer,SAMSUNG TUNISIA,SAMSUNG TUNISIA recrute un(e) Mobile Developer. Le/La candidat(e) idéal(e) maîtrise Kotlin | Swift | React Native et dispose d'une solide expérience dans le domaine. Rejoignez une équipe dynamique et contribuez à des projets innovants.,· Kotlin | · Swift | · React Native | · iOS | · Flutter,informatique / télécoms,1 an d'exp,Experienced,,1000 - 1300 TND,Sousse,CDI | SIVP,Télétravail complet,2026-03-12,12 mars 2026,Non,Tunijobs,https://www.tunijobs.com/job/100422/mobile-developer/
100423,Project Manager,COFICAB,COFICAB recrute un(e) Project Manager. Le/La candidat(e) idéal(e) maîtrise MS Project | Risk Management | Project Management et dispose d'une solide expérience dans le domaine. Rejoignez une équipe dynamique et contribuez à des projets innovants.,· MS Project | · Risk Management | · Project Management | · PMP | · Agile,informatique / télécoms,5+ Yrs of Exp,Junior,,1100 - 1400 TND,Sfax,CDI,Teletravail,2026-02-15,15 février 2026,No,Wuzzuf,https://wuzzuf.net/jobs/p/100423/project-manager/
100424,Sales Manager,SATORIPHAN GROUP,SATORIPHAN GROUP recrute un(e) Sales Manager. Le/La candidat(e) idéal(e) maîtrise Negotiation | Sales Strategy | KPI Management et dispose d'une solide expérience dans le domaine. Rejoignez une équipe dynamique et contribuez à des projets innovants.,· Negotiation | · Sales Strategy | · KPI Management | · B2B Sales | · CRM,commerce / vente / distribution,1 - 3 Yrs of Exp,Manager,,2500 - 4000 TND,Tunis,SIVP,Télétravail complet,2026-02-21,21 février 2026,No,Tunijobs,https://www.tunijobs.com/job/100424/sales-manager/
100425,Accountant,SAMSUNG TUNISIA,SAMSUNG TUNISIA recrute un(e) Accountant. Le/La candidat(e) idéal(e) maîtrise Tax | Accounting | QuickBooks et dispose d'une solide expérience dans le domaine. Rejoignez une équipe dynamique et contribuez à des projets innovants.,· Tax | · Accounting | · QuickBooks | · IFRS | · Excel,banque / finance / assurances,1 - 3 Yrs of Exp,Entry Level,,1000 - 1300 TND,Ben Arous,CDD | SIVP,Présentiel,2026-03-02,2 mars 2026,No,TunisieTravail,https://www.tunisietravail.net/offre/100425/accountant/
100426,Electrical Engineer,COFICAB,COFICAB recrute un(e) Electrical Engineer. Le/La candidat(e) idéal(e) maîtrise Electrical Design | Power Systems | PLC et dispose d'une solide expérience dans le domaine. Rejoignez une équipe dynamique et contribuez à des projets innovants.,· Electrical Design | · Power Systems | · PLC | · SCADA | · AutoCAD,électronique / électricité / énergie,1 an d'exp,Junior,,1000 - 1300 TND,Tunis,CDI | CDD,Sur site,2026-02-16,16 février 2026,Yes,TunisieTravail,https://www.tunisietravail.net/offre/100426/electrical-engineer/
100427,Business Intelligence Analyst,SAMSUNG TUNISIA,SAMSUNG TUNISIA recrute un(e) Business Intelligence Analyst. Le/La candidat(e) idéal(e) maîtrise ETL | DAX | SQL et dispose d'une solide expérience dans le domaine. Rejoignez une équipe dynamique et contribuez à des projets innovants.,· ETL | · DAX | · SQL | · Tableau | · Financial Reporting,banque / finance / assurances,1 an d'exp,Junior,,1000 - 1300 TND,Tunis,CDI | SIVP,Hybride,2026-03-11,11 mars 2026,Non,TunisieTravail,https://www.tunisietravail.net/offre/100427/business-intelligence-analyst/
100428,Call Center Agent,DELICE DANONE,DELICE DANONE recrute un(e) Call Center Agent. Le/La candidat(e) idéal(e) maîtrise Customer Care | Communication | CRM et dispose d'une solide expérience dans le domaine. Rejoignez une équipe dynamique et contribuez à des projets innovants.,· Customer Care | · Communication | · CRM | · English | · French,call center / télévente,2 ans d'exp,Manager,,1100 - 1400 TND,Ben Arous,CDI | CDD,Hybride,2026-01-25,25 janvier 2026,Non,Wuzzuf,https://wuzzuf.net/jobs/p/100428/call-center-agent/
100429,Electrical Engineer,ESPRIT SCHOOL,ESPRIT SCHOOL recrute un(e) Electrical Engineer. Le/La candidat(e) idéal(e) maîtrise SCADA | PLC | Electrical Design et dispose d'une solide expérience dans le domaine. Rejoignez une équipe dynamique et contribuez à des projets innovants.,· SCADA | · PLC | · Electrical Design | · AutoCAD | · Power Systems,électronique / électricité / énergie,1 an d'exp,Sans exp,,2500 - 4000 TND,La Manouba,CDI,Hybrid,2026-02-02,2 février 2026,No,TunisieTravail,https://www.tunisietravail.net/offre/100429/electrical-engineer/
100430,Backend Developer,VALEO TUNISIA,VALEO TUNISIA recrute un(e) Backend Developer. Le/La candidat(e) idéal(e) maîtrise Node.js | PostgreSQL | Django et dispose d'une solide expérience dans le domaine. Rejoignez une équipe dynamique et contribuez à des projets innovants.,· Node.js | · PostgreSQL | · Django | · Spring Boot | · Redis,informatique / télécoms,60 ans d'exp,Senior,,1000 - 1500 TND,"La Soukra, Ariana",Stage,Remote,2026-02-10,10 février 2026,Non,Wuzzuf,https://wuzzuf.net/jobs/p/100430/backend-developer/
100431,Technical Support Engineer,DELICE DANONE,DELICE DANONE recrute un(e) Technical Support Engineer. Le/La candidat(e) idéal(e) maîtrise Technical Support | Networking | ITIL et dispose d'une solide expérience dans le domaine. Rejoignez une équipe dynamique et contribuez à des projets innovants.,· Technical Support | · Networking | · ITIL | · Troubleshooting | · Windows,informatique / télécoms,2 ans d'exp,Entry Level,,4000 - 5000 TND,Tunis,CDI | CDD,Teletravail,2026-03-19,19 mars 2026,Yes,Keejob,https://www.keejob.com/offres-emploi/100431/technical-support-engineer/
100432,Data Scientist,EVERIENCE TUNISIA,EVERIENCE TUNISIA recrute un(e) Data Scientist. Le/La candidat(e) idéal(e) maîtrise Pandas | SQL | TensorFlow et dispose d'une solide expérience dans le domaine. Rejoignez une équipe dynamique et contribuez à des projets innovants.,· Pandas | · SQL | · TensorFlow | · Machine Learning | · Statistics,informatique / télécoms,7+ Yrs of Exp,Junior,,4000 - 5000 TND,Monastir,CDI | CDD,Remote,2026-01-25,25 janvier 2026,Yes,TunisieTravail,https://www.tunisietravail.net/offre/100432/data-scientist/
100433,DevOps Engineer,DELPHI TECHNOLOGIES,DELPHI TECHNOLOGIES recrute un(e) DevOps Engineer. Le/La candidat(e) idéal(e) maîtrise Kubernetes | Docker | AWS et dispose d'une solide expérience dans le domaine. Rejoignez une équipe dynamique et contribuez à des projets innovants.,· Kubernetes | · Docker | · AWS | · CI/CD | · Terraform,informatique / télécoms,5+ Yrs of Exp,Experienced,,1100 - 1400 TND,Nabeul,CDI,Hybride,2026-02-15,15 février 2026,Yes,Keejob,https://www.keejob.com/offres-emploi/100433/devops-engineer/
100434,Data Analyst,SOPRA HR SOFTWARE,SOPRA HR SOFTWARE recrute un(e) Data Analyst. Le/La candidat(e) idéal(e) maîtrise Python | Power BI | SQL et dispose d'une solide expérience dans le domaine. Rejoignez une équipe dynamique et contribuez à des projets innovants.,· Python | · Power BI | · SQL | · Excel | · Data Visualization,informatique / télécoms,1 an d'exp,Sans exp,,1200 - 1400 TND,Ben Arous,CDD | SIVP,Remote,2026-03-12,12 mars 2026,Non,Wuzzuf,https://wuzzuf.net/jobs/p/100434/data-analyst/
100435,HR Manager,SATORIPHAN GROUP,SATORIPHAN GROUP recrute un(e) HR Manager. Le/La candidat(e) idéal(e) maîtrise Recruitment | HRIS | Labor Law et dispose d'une solide expérience dans le domaine. Rejoignez une équipe dynamique et contribuez à des projets innovants.,· Recruitment | · HRIS | · Labor Law | · Performance Management | · Payroll,recrutement / ressources humaines,1 an d'exp,Directeur,,4000 - 5000 TND,Nabeul,CDI,Télétravail complet,2026-03-11,11 mars 2026,Yes,Keejob,https://www.keejob.com/offres-emploi/100435/hr-manager/
100436,SAP Consultant,SATORIPHAN GROUP,SATORIPHAN GROUP recrute un(e) SAP Consultant. Le/La candidat(e) idéal(e) maîtrise SAP HANA | ABAP | SAP MM et dispose d'une solide expérience dans le domaine. Rejoignez une équipe dynamique et contribuez à des projets innovants.,· SAP HANA | · ABAP | · SAP MM | · SAP FI | · SAP SD,informatique / télécoms,1 an d'exp,Sans exp,,1000 - 1300 TND,Ariana,Stage,Hybride,2026-03-02,2 mars 2026,Yes,Keejob,https://www.keejob.com/offres-emploi/100436/sap-consultant/
100437,Legal Counsel,VALEO TUNISIA,VALEO TUNISIA recrute un(e) Legal Counsel. Le/La candidat(e) idéal(e) maîtrise Legal Research | Contract Law | Compliance et dispose d'une solide expérience dans le domaine. Rejoignez une équipe dynamique et contribuez à des projets innovants.,· Legal Research | · Contract Law | · Compliance | · Corporate Law | · Litigation,juridique / droit,2-4 an,Senior Management,,800 - 1100 TND,Monastir,CDI | SIVP,Sur site,2026-02-04,4 février 2026,Non,Keejob,https://www.keejob.com/offres-emploi/100437/legal-counsel/
100438,Cloud Architect,BANK ABC,BANK ABC recrute un(e) Cloud Architect. Le/La candidat(e) idéal(e) maîtrise Azure | AWS | GCP et dispose d'une solide expérience dans le domaine. Rejoignez une équipe dynamique et contribuez à des projets innovants.,· Azure | · AWS | · GCP | · Kubernetes | · Microservices,informatique / télécoms,2 ans d'exp,Senior,,1000 - 1300 TND,Monastir,CDI | SIVP,Télétravail complet,2026-01-29,29 janvier 2026,Yes,Wuzzuf,https://wuzzuf.net/jobs/p/100438/cloud-architect/
100439,Network Engineer,TELNET HOLDING,TELNET HOLDING recrute un(e) Network Engineer. Le/La candidat(e) idéal(e) maîtrise CCNA | VPN | TCP/IP et dispose d'une solide expérience dans le domaine. Rejoignez une équipe dynamique et contribuez à des projets innovants.,· CCNA | · VPN | · TCP/IP | · Routing | · Switching,informatique / télécoms,2-4 an,Experienced,,1200 - 1400 TND,Tunis,CDI | SIVP,Teletravail,2026-03-16,16 mars 2026,No,TunisieTravail,https://www.tunisietravail.net/offre/100439/network-engineer/
100440,DevOps Engineer,VERMEG,VERMEG recrute un(e) DevOps Engineer. Le/La candidat(e) idéal(e) maîtrise CI/CD | Kubernetes | AWS et dispose d'une solide expérience dans le domaine. Rejoignez une équipe dynamique et contribuez à des projets innovants.,· CI/CD | · Kubernetes | · AWS | · Docker | · Jenkins,informatique / télécoms,3 - 7 Yrs of Exp,Junior,,1000 - 1500 TND,Sfax,Stage,Télétravail complet,2026-02-23,23 février 2026,Yes,Wuzzuf,https://wuzzuf.net/jobs/p/100440/devops-engineer/
100441,Technical Support Engineer,LEONI,LEONI recrute un(e) Technical Support Engineer. Le/La candidat(e) idéal(e) maîtrise Troubleshooting | Technical Support | Windows et dispose d'une solide expérience dans le domaine. Rejoignez une équipe dynamique et contribuez à des projets innovants.,· Troubleshooting | · Technical Support | · Windows | · Networking | · ITIL,informatique / télécoms,2 ans d'exp,Entry Level,,2500 - 4000 TND,"Lac 2, Tunis",Stage,Télétravail complet,2026-03-12,12 mars 2026,No,Keejob,https://www.keejob.com/offres-emploi/100441/technical-support-engineer/
100442,Cloud Architect,ORANGE TUNISIE,ORANGE TUNISIE recrute un(e) Cloud Architect. Le/La candidat(e) idéal(e) maîtrise Azure | GCP | Terraform et dispose d'une solide expérience dans le domaine. Rejoignez une équipe dynamique et contribuez à des projets innovants.,· Azure | · GCP | · Terraform | · Microservices | · AWS,informatique / télécoms,1 an d'exp,Manager,,4000 - 5000 TND,"Oued Ellil, La Manouba",CDI,Hybride,2026-02-12,12 février 2026,No,Wuzzuf,https://wuzzuf.net/jobs/p/100442/cloud-architect/
100443,HR Manager,SAFRAN,SAFRAN recrute un(e) HR Manager. Le/La candidat(e) idéal(e) maîtrise Recruitment | Payroll | Performance Management et dispose d'une solide expérience dans le domaine. Rejoignez une équipe dynamique et contribuez à des projets innovants.,· Recruitment | · Payroll | · Performance Management | · Labor Law | · HRIS,recrutement / ressources humaines,3 - 7 Yrs of Exp,Senior Management,,1200 - 1400 TND,Ben Arous,CDI,Teletravail,2026-01-27,27 janvier 2026,Non,TunisieTravail,https://www.tunisietravail.net/offre/100443/hr-manager/
100444,Mobile Developer,SAMSUNG TUNISIA,SAMSUNG TUNISIA recrute un(e) Mobile Developer. Le/La candidat(e) idéal(e) maîtrise Kotlin | iOS | React Native et dispose d'une solide expérience dans le domaine. Rejoignez une équipe dynamique et contribuez à des projets innovants.,· Kotlin | · iOS | · React Native | · Flutter | · Swift,informatique / télécoms,5+ Yrs of Exp,Entry Level,,1200 - 1400 TND,Nabeul,SIVP,Hybrid,2026-02-10,10 février 2026,Yes,Keejob,https://www.keejob.com/offres-emploi/100444/mobile-developer/
100445,Electrical Engineer,EVERIENCE TUNISIA,EVERIENCE TUNISIA recrute un(e) Electrical Engineer. Le/La candidat(e) idéal(e) maîtrise AutoCAD | Power Systems | PLC et dispose d'une solide expérience dans le domaine. Rejoignez une équipe dynamique et contribuez à des projets innovants.,· AutoCAD | · Power Systems | · PLC | · SCADA | · Electrical Design,électronique / électricité / énergie,2 ans d'exp,Senior,,1200 - 1400 TND,"Lac 2, Tunis",CDI | CDD,Présentiel,2026-02-20,20 février 2026,Yes,Keejob,https://www.keejob.com/offres-emploi/100445/electrical-engineer/
100446,Customer Services Officer,SAFRAN,SAFRAN recrute un(e) Customer Services Officer. Le/La candidat(e) idéal(e) maîtrise CRM | Communication | Problem Solving et dispose d'une solide expérience dans le domaine. Rejoignez une équipe dynamique et contribuez à des projets innovants.,· CRM | · Communication | · Problem Solving | · Customer Care,call center / télévente,3 - 7 Yrs of Exp,Senior,,1200 - 1400 TND,"Lac 2, Tunis",CDI | CDD,Télétravail complet,2026-03-03,3 mars 2026,Non,Keejob,https://www.keejob.com/offres-emploi/100446/customer-services-officer/
100447,Accountant,TUNISIE TELECOM,TUNISIE TELECOM recrute un(e) Accountant. Le/La candidat(e) idéal(e) maîtrise Accounting | QuickBooks | Tax et dispose d'une solide expérience dans le domaine. Rejoignez une équipe dynamique et contribuez à des projets innovants.,· Accounting | · QuickBooks | · Tax | · IFRS | · Excel,banque / finance / assurances,3 - 7 Yrs of Exp,Senior Management,,1000 - 1500 TND,Nabeul,SIVP,Teletravail,2026-03-14,14 mars 2026,No,Tunijobs,https://www.tunijobs.com/job/100447/accountant/
100448,Product Manager,DELICE DANONE,DELICE DANONE recrute un(e) Product Manager. Le/La candidat(e) idéal(e) maîtrise Jira | User Stories | Agile et dispose d'une solide expérience dans le domaine. Rejoignez une équipe dynamique et contribuez à des projets innovants.,· Jira | · User Stories | · Agile | · Scrum | · Product Roadmap,informatique / télécoms,1 an d'exp,Entry Level,,1000 - 1500 TND,Sfax,Stage,Remote,2026-02-07,7 février 2026,No,Keejob,https://www.keejob.com/offres-emploi/100448/product-manager/
100449,Supply Chain Analyst,BIAT,BIAT recrute un(e) Supply Chain Analyst. Le/La candidat(e) idéal(e) maîtrise Logistics | SAP | Forecasting et dispose d'une solide expérience dans le domaine. Rejoignez une équipe dynamique et contribuez à des projets innovants.,· Logistics | · SAP | · Forecasting | · Supply Chain Management | · Excel,logistique / transport,7+ Yrs of Exp,Senior Management,,1200 - 1400 TND,"Oued Ellil, La Manouba",CDI | CDD,Télétravail complet,2026-03-18,18 mars 2026,No,Wuzzuf,https://wuzzuf.net/jobs/p/100449/supply-chain-analyst/
100450,AI Engineer,BANK ABC,BANK ABC recrute un(e) AI Engineer. Le/La candidat(e) idéal(e) maîtrise Hugging Face | LLMs | NLP et dispose d'une solide expérience dans le domaine. Rejoignez une équipe dynamique et contribuez à des projets innovants.,· Hugging Face | · LLMs | · NLP | · Python | · TensorFlow,informatique / télécoms,3 - 7 Yrs of Exp,Manager,,800 - 1100 TND,Nabeul,CDI,Sur site,2026-02-14,14 février 2026,No,Tunijobs,https://www.tunijobs.com/job/100450/ai-engineer/
100451,Procurement Officer,EVERIENCE TUNISIA,EVERIENCE TUNISIA recrute un(e) Procurement Officer. Le/La candidat(e) idéal(e) maîtrise Sourcing | Contract Management | Negotiation et dispose d'une solide expérience dans le domaine. Rejoignez une équipe dynamique et contribuez à des projets innovants.,· Sourcing | · Contract Management | · Negotiation | · Procurement | · ERP,commerce / vente / distribution,2 ans d'exp,Junior,,2500 - 4000 TND,Ariana,CDD,Hybrid,2026-03-08,8 mars 2026,No,Tunijobs,https://www.tunijobs.com/job/100451/procurement-officer/
100452,Database Administrator,DELICE DANONE,DELICE DANONE recrute un(e) Database Administrator. Le/La candidat(e) idéal(e) maîtrise Oracle | Backup & Recovery | MySQL et dispose d'une solide expérience dans le domaine. Rejoignez une équipe dynamique et contribuez à des projets innovants.,· Oracle | · Backup & Recovery | · MySQL | · PostgreSQL | · SQL Server,informatique / télécoms,1 an d'exp,Senior Management,,4000 - 5000 TND,Sousse,Stage,Hybride,2026-01-28,28 janvier 2026,No,Tunijobs,https://www.tunijobs.com/job/100452/database-administrator/
100453,Backend Developer,GFI TUNISIE,GFI TUNISIE recrute un(e) Backend Developer. Le/La candidat(e) idéal(e) maîtrise Spring Boot | PostgreSQL | Node.js et dispose d'une solide expérience dans le domaine. Rejoignez une équipe dynamique et contribuez à des projets innovants.,· Spring Boot | · PostgreSQL | · Node.js | · REST API | · Redis,informatique / télécoms,5+ Yrs of Exp,Junior,,1100 - 1400 TND,Nabeul,Stage,Hybrid,2026-01-25,25 janvier 2026,Yes,Tunijobs,https://www.tunijobs.com/job/100453/backend-developer/
100454,Technical Support Engineer,DELPHI TECHNOLOGIES,DELPHI TECHNOLOGIES recrute un(e) Technical Support Engineer. Le/La candidat(e) idéal(e) maîtrise Windows | Troubleshooting | ITIL et dispose d'une solide expérience dans le domaine. Rejoignez une équipe dynamique et contribuez à des projets innovants.,· Windows | · Troubleshooting | · ITIL | · Technical Support | · Networking,informatique / télécoms,5+ Yrs of Exp,Junior,,1000 - 1300 TND,Nabeul,SIVP,Remote,2026-02-19,19 février 2026,Yes,Keejob,https://www.keejob.com/offres-emploi/100454/technical-support-engineer/
100455,Software Developer,SOPRA HR SOFTWARE,SOPRA HR SOFTWARE recrute un(e) Software Developer. Le/La candidat(e) idéal(e) maîtrise C++ | Python | Java et dispose d'une solide expérience dans le domaine. Rejoignez une équipe dynamique et contribuez à des projets innovants.,· C++ | · Python | · Java | · REST API | · Git,informatique / télécoms,3 - 7 Yrs of Exp,Senior,,4000 - 5000 TND,"Lac 2, Tunis",Stage,Présentiel,2026-03-02,2 mars 2026,Yes,Wuzzuf,https://wuzzuf.net/jobs/p/100455/software-developer/
100456,UX/UI Designer,COFICAB,COFICAB recrute un(e) UX/UI Designer. Le/La candidat(e) idéal(e) maîtrise Adobe XD | Prototyping | Wireframing et dispose d'une solide expérience dans le domaine. Rejoignez une équipe dynamique et contribuez à des projets innovants.,· Adobe XD | · Prototyping | · Wireframing | · User Research | · Figma,communication / publicité / média,2 ans d'exp,Experienced,,1500 - 2500 TND,Monastir,CDI | CDD,Présentiel,2026-03-20,20 mars 2026,Yes,TunisieTravail,https://www.tunisietravail.net/offre/100456/uxui-designer/
100457,Cybersecurity Engineer,SATORIPHAN GROUP,SATORIPHAN GROUP recrute un(e) Cybersecurity Engineer. Le/La candidat(e) idéal(e) maîtrise ISO 27001 | Firewall | Penetration Testing et dispose d'une solide expérience dans le domaine. Rejoignez une équipe dynamique et contribuez à des projets innovants.,· ISO 27001 | · Firewall | · Penetration Testing | · Network Security | · SIEM,informatique / télécoms,60 ans d'exp,Senior,,1000 - 1300 TND,Nabeul,CDD,Hybrid,2026-01-25,25 janvier 2026,Non,Wuzzuf,https://wuzzuf.net/jobs/p/100457/cybersecurity-engineer/
100458,Business Intelligence Analyst,BIAT,BIAT recrute un(e) Business Intelligence Analyst. Le/La candidat(e) idéal(e) maîtrise DAX | Power BI | SQL et dispose d'une solide expérience dans le domaine. Rejoignez une équipe dynamique et contribuez à des projets innovants.,· DAX | · Power BI | · SQL | · ETL | · Tableau,banque / finance / assurances,1 an d'exp,Entry Level,,2500 - 4000 TND,"Hammam Sousse, Sousse",CDI | SIVP,Teletravail,2026-02-18,18 février 2026,No,Wuzzuf,https://wuzzuf.net/jobs/p/100458/business-intelligence-analyst/
100459,HR Manager,SAFRAN,SAFRAN recrute un(e) HR Manager. Le/La candidat(e) idéal(e) maîtrise HRIS | Recruitment | Payroll et dispose d'une solide expérience dans le domaine. Rejoignez une équipe dynamique et contribuez à des projets innovants.,· HRIS | · Recruitment | · Payroll | · Performance Management | · Labor Law,recrutement / ressources humaines,3 - 7 Yrs of Exp,Experienced,,2500 - 4000 TND,"Oued Ellil, La Manouba",SIVP,Hybride,2026-01-27,27 janvier 2026,Yes,Keejob,https://www.keejob.com/offres-emploi/100459/hr-manager/
100460,Customer Services Officer,SATORIPHAN GROUP,SATORIPHAN GROUP recrute un(e) Customer Services Officer. Le/La candidat(e) idéal(e) maîtrise Problem Solving | CRM | Communication et dispose d'une solide expérience dans le domaine. Rejoignez une équipe dynamique et contribuez à des projets innovants.,· Problem Solving | · CRM | · Communication | · Customer Care,call center / télévente,1 - 3 Yrs of Exp,Directeur,,4000 - 5000 TND,La Manouba,SIVP,Télétravail complet,2026-03-13,13 mars 2026,Non,TunisieTravail,https://www.tunisietravail.net/offre/100460/customer-services-officer/
100461,Mobile Developer,SOPRA HR SOFTWARE,SOPRA HR SOFTWARE recrute un(e) Mobile Developer. Le/La candidat(e) idéal(e) maîtrise Swift | Kotlin | React Native et dispose d'une solide expérience dans le domaine. Rejoignez une équipe dynamique et contribuez à des projets innovants.,· Swift | · Kotlin | · React Native | · iOS | · Flutter,informatique / télécoms,2-4 an,Manager,,1000 - 1500 TND,Ariana,CDI,Sur site,2026-03-12,12 mars 2026,No,TunisieTravail,https://www.tunisietravail.net/offre/100461/mobile-developer/
100462,Social Media Manager,SOFRECOM,SOFRECOM recrute un(e) Social Media Manager. Le/La candidat(e) idéal(e) maîtrise Meta Ads | Analytics | Content Creation et dispose d'une solide expérience dans le domaine. Rejoignez une équipe dynamique et contribuez à des projets innovants.,· Meta Ads | · Analytics | · Content Creation | · Social Media | · Canva,communication / publicité / média,5+ Yrs of Exp,Experienced,,1000 - 1500 TND,La Manouba,CDI | CDD,Présentiel,2026-02-09,9 février 2026,Non,Keejob,https://www.keejob.com/offres-emploi/100462/social-media-manager/
100463,Graphic Designer,MICROSOFT TUNISIA,MICROSOFT TUNISIA recrute un(e) Graphic Designer. Le/La candidat(e) idéal(e) maîtrise Photoshop | Typography | Illustrator et dispose d'une solide expérience dans le domaine. Rejoignez une équipe dynamique et contribuez à des projets innovants.,· Photoshop | · Typography | · Illustrator | · InDesign | · Branding,communication / publicité / média,5+ Yrs of Exp,Manager,,800 - 1100 TND,"Lac 2, Tunis",CDI | SIVP,Présentiel,2026-01-23,23 janvier 2026,No,Tunijobs,https://www.tunijobs.com/job/100463/graphic-designer/
100464,Embedded Systems Engineer,SATORIPHAN GROUP,SATORIPHAN GROUP recrute un(e) Embedded Systems Engineer. Le/La candidat(e) idéal(e) maîtrise RTOS | Microcontrollers | C++ et dispose d'une solide expérience dans le domaine. Rejoignez une équipe dynamique et contribuez à des projets innovants.,· RTOS | · Microcontrollers | · C++ | · PCB Design | · ARM,électronique / électricité / énergie,2 ans d'exp,Senior Management,,800 - 1100 TND,Sousse,CDD | SIVP,Présentiel,2026-02-07,7 février 2026,Non,TunisieTravail,https://www.tunisietravail.net/offre/100464/embedded-systems-engineer/
100465,SAP Consultant,BANK ABC,BANK ABC recrute un(e) SAP Consultant. Le/La candidat(e) idéal(e) maîtrise ABAP | SAP SD | SAP HANA et dispose d'une solide expérience dans le domaine. Rejoignez une équipe dynamique et contribuez à des projets innovants.,· ABAP | · SAP SD | · SAP HANA | · SAP FI | · SAP MM,informatique / télécoms,3 - 7 Yrs of Exp,Directeur,,1100 - 1400 TND,Ariana,CDI,Sur site,2026-03-20,20 mars 2026,Yes,TunisieTravail,https://www.tunisietravail.net/offre/100465/sap-consultant/
100466,Civil Engineer,SAMSUNG TUNISIA,SAMSUNG TUNISIA recrute un(e) Civil Engineer. Le/La candidat(e) idéal(e) maîtrise AutoCAD | Project Management | Construction et dispose d'une solide expérience dans le domaine. Rejoignez une équipe dynamique et contribuez à des projets innovants.,· AutoCAD | · Project Management | · Construction | · BIM | · Revit,bâtiment / travaux publics / architecture,5+ Yrs of Exp,Sans exp,,1000 - 1500 TND,"Lac 2, Tunis",Stage,Remote,2026-01-24,24 janvier 2026,No,Keejob,https://www.keejob.com/offres-emploi/100466/civil-engineer/
100467,Accountant,SOPRA HR SOFTWARE,SOPRA HR SOFTWARE recrute un(e) Accountant. Le/La candidat(e) idéal(e) maîtrise Accounting | Tax | IFRS et dispose d'une solide expérience dans le domaine. Rejoignez une équipe dynamique et contribuez à des projets innovants.,· Accounting | · Tax | · IFRS | · QuickBooks | · Excel,banque / finance / assurances,2 ans d'exp,Directeur,,4000 - 5000 TND,"Lac 2, Tunis",CDI | CDD,Télétravail complet,2026-01-27,27 janvier 2026,No,Tunijobs,https://www.tunijobs.com/job/100467/accountant/
100468,Embedded Systems Engineer,BIAT,BIAT recrute un(e) Embedded Systems Engineer. Le/La candidat(e) idéal(e) maîtrise PCB Design | ARM | Microcontrollers et dispose d'une solide expérience dans le domaine. Rejoignez une équipe dynamique et contribuez à des projets innovants.,· PCB Design | · ARM | · Microcontrollers | · C | · RTOS,électronique / électricité / énergie,1 - 3 Yrs of Exp,Senior Management,,1500 - 2500 TND,Sfax,CDI | SIVP,Télétravail complet,2026-03-10,10 mars 2026,No,Wuzzuf,https://wuzzuf.net/jobs/p/100468/embedded-systems-engineer/
100469,Data Analyst,BANK ABC,BANK ABC recrute un(e) Data Analyst. Le/La candidat(e) idéal(e) maîtrise Tableau | Power BI | Data Visualization et dispose d'une solide expérience dans le domaine. Rejoignez une équipe dynamique et contribuez à des projets innovants.,· Tableau | · Power BI | · Data Visualization | · SQL | · Excel,informatique / télécoms,2-4 an,Sans exp,,1100 - 1400 TND,"La Soukra, Ariana",CDI | CDD,Sur site,2026-03-11,11 mars 2026,No,Wuzzuf,https://wuzzuf.net/jobs/p/100469/data-analyst/
100470,SEO Specialist,MICROSOFT TUNISIA,MICROSOFT TUNISIA recrute un(e) SEO Specialist. Le/La candidat(e) idéal(e) maîtrise SEM | HTML | SEO et dispose d'une solide expérience dans le domaine. Rejoignez une équipe dynamique et contribuez à des projets innovants.,· SEM | · HTML | · SEO | · Keyword Research | · Google Analytics,informatique / télécoms,1 - 3 Yrs of Exp,Senior Management,,1000 - 1300 TND,"Hammam Sousse, Sousse",CDD | SIVP,Hybrid,2026-03-07,7 mars 2026,No,Wuzzuf,https://wuzzuf.net/jobs/p/100470/seo-specialist/
100471,Backend Developer,SATORIPHAN GROUP,SATORIPHAN GROUP recrute un(e) Backend Developer. Le/La candidat(e) idéal(e) maîtrise REST API | Django | Node.js et dispose d'une solide expérience dans le domaine. Rejoignez une équipe dynamique et contribuez à des projets innovants.,· REST API | · Django | · Node.js | · PostgreSQL | · Redis,informatique / télécoms,5+ Yrs of Exp,Senior Management,,2500 - 4000 TND,Ben Arous,CDD | SIVP,Hybride,2026-03-19,19 mars 2026,No,Tunijobs,https://www.tunijobs.com/job/100471/backend-developer/
100472,Cybersecurity Engineer,SOPRA HR SOFTWARE,SOPRA HR SOFTWARE recrute un(e) Cybersecurity Engineer. Le/La candidat(e) idéal(e) maîtrise ISO 27001 | SIEM | Penetration Testing et dispose d'une solide expérience dans le domaine. Rejoignez une équipe dynamique et contribuez à des projets innovants.,· ISO 27001 | · SIEM | · Penetration Testing | · Network Security | · Firewall,informatique / télécoms,60 ans d'exp,Manager,,1500 - 2500 TND,Sousse,CDI,Hybrid,2026-03-03,3 mars 2026,No,Wuzzuf,https://wuzzuf.net/jobs/p/100472/cybersecurity-engineer/
100473,Supply Chain Analyst,DELICE DANONE,DELICE DANONE recrute un(e) Supply Chain Analyst. Le/La candidat(e) idéal(e) maîtrise Logistics | Supply Chain Management | SAP et dispose d'une solide expérience dans le domaine. Rejoignez une équipe dynamique et contribuez à des projets innovants.,· Logistics | · Supply Chain Management | · SAP | · Excel | · Forecasting,logistique / transport,2-4 an,Senior,,1000 - 1500 TND,"La Soukra, Ariana",SIVP,Télétravail complet,2026-02-02,2 février 2026,No,Wuzzuf,https://wuzzuf.net/jobs/p/100473/supply-chain-analyst/
100474,SAP Consultant,ESPRIT SCHOOL,ESPRIT SCHOOL recrute un(e) SAP Consultant. Le/La candidat(e) idéal(e) maîtrise SAP FI | SAP MM | SAP HANA et dispose d'une solide expérience dans le domaine. Rejoignez une équipe dynamique et contribuez à des projets innovants.,· SAP FI | · SAP MM | · SAP HANA | · SAP SD | · ABAP,informatique / télécoms,1 - 3 Yrs of Exp,Experienced,,4000 - 5000 TND,Nabeul,SIVP,Teletravail,2026-03-15,15 mars 2026,Non,Keejob,https://www.keejob.com/offres-emploi/100474/sap-consultant/
100475,UX/UI Designer,SOFRECOM,SOFRECOM recrute un(e) UX/UI Designer. Le/La candidat(e) idéal(e) maîtrise Wireframing | Adobe XD | Figma et dispose d'une solide expérience dans le domaine. Rejoignez une équipe dynamique et contribuez à des projets innovants.,· Wireframing | · Adobe XD | · Figma | · Prototyping | · User Research,communication / publicité / média,2 ans d'exp,Senior,,1000 - 1500 TND,Tunis,CDI | CDD,Hybrid,2026-01-24,24 janvier 2026,No,Tunijobs,https://www.tunijobs.com/job/100475/uxui-designer/
100476,Financial Analyst,SOFRECOM,SOFRECOM recrute un(e) Financial Analyst. Le/La candidat(e) idéal(e) maîtrise Forecasting | Budgeting | Financial Modeling et dispose d'une solide expérience dans le domaine. Rejoignez une équipe dynamique et contribuez à des projets innovants.,· Forecasting | · Budgeting | · Financial Modeling | · Excel | · IFRS,banque / finance / assurances,2-4 an,Manager,,1200 - 1400 TND,Ben Arous,CDD,Teletravail,2026-03-09,9 mars 2026,Non,Keejob,https://www.keejob.com/offres-emploi/100476/financial-analyst/
100477,Data Analyst,SAFRAN,SAFRAN recrute un(e) Data Analyst. Le/La candidat(e) idéal(e) maîtrise Data Visualization | SQL | Python et dispose d'une solide expérience dans le domaine. Rejoignez une équipe dynamique et contribuez à des projets innovants.,· Data Visualization | · SQL | · Python | · Tableau | · Excel,informatique / télécoms,3 - 7 Yrs of Exp,Senior,,800 - 1100 TND,"Hammam Sousse, Sousse",CDI | SIVP,Présentiel,2026-03-21,21 mars 2026,Non,Tunijobs,https://www.tunijobs.com/job/100477/data-analyst/
100478,Mechanical Engineer,VERMEG,VERMEG recrute un(e) Mechanical Engineer. Le/La candidat(e) idéal(e) maîtrise FEA | SolidWorks | Thermodynamics et dispose d'une solide expérience dans le domaine. Rejoignez une équipe dynamique et contribuez à des projets innovants.,· FEA | · SolidWorks | · Thermodynamics | · AutoCAD | · Manufacturing,industrie / production / maintenance,2 ans d'exp,Directeur,,1200 - 1400 TND,Sousse,CDD | SIVP,Hybrid,2026-02-01,1 février 2026,Non,Keejob,https://www.keejob.com/offres-emploi/100478/mechanical-engineer/
100479,Data Analyst,SOFRECOM,SOFRECOM recrute un(e) Data Analyst. Le/La candidat(e) idéal(e) maîtrise Data Visualization | Power BI | Python et dispose d'une solide expérience dans le domaine. Rejoignez une équipe dynamique et contribuez à des projets innovants.,· Data Visualization | · Power BI | · Python | · Excel | · SQL,informatique / télécoms,2 ans d'exp,Senior,,800 - 1100 TND,"La Soukra, Ariana",CDD,Hybride,2026-02-19,19 février 2026,Non,Wuzzuf,https://wuzzuf.net/jobs/p/100479/data-analyst/
100480,Embedded Systems Engineer,BIAT,BIAT recrute un(e) Embedded Systems Engineer. Le/La candidat(e) idéal(e) maîtrise Microcontrollers | C | PCB Design et dispose d'une solide expérience dans le domaine. Rejoignez une équipe dynamique et contribuez à des projets innovants.,· Microcontrollers | · C | · PCB Design | · ARM | · C++,électronique / électricité / énergie,2-4 an,Senior Management,,1000 - 1300 TND,Sousse,Stage,Hybrid,2026-02-07,7 février 2026,No,TunisieTravail,https://www.tunisietravail.net/offre/100480/embedded-systems-engineer/
100481,Logistics Coordinator,ORANGE TUNISIE,ORANGE TUNISIE recrute un(e) Logistics Coordinator. Le/La candidat(e) idéal(e) maîtrise Customs | Export | Transport Management et dispose d'une solide expérience dans le domaine. Rejoignez une équipe dynamique et contribuez à des projets innovants.,· Customs | · Export | · Transport Management | · Shipping | · Import,logistique / transport,2 ans d'exp,Manager,,4000 - 5000 TND,La Manouba,CDD | SIVP,Hybrid,2026-02-22,22 février 2026,Yes,Keejob,https://www.keejob.com/offres-emploi/100481/logistics-coordinator/
100482,Software Developer,TELNET HOLDING,TELNET HOLDING recrute un(e) Software Developer. Le/La candidat(e) idéal(e) maîtrise C++ | Git | Java et dispose d'une solide expérience dans le domaine. Rejoignez une équipe dynamique et contribuez à des projets innovants.,· C++ | · Git | · Java | · Python | · REST API,informatique / télécoms,1 - 3 Yrs of Exp,Senior Management,,1200 - 1400 TND,"La Soukra, Ariana",CDI | CDD,Hybrid,2026-02-13,13 février 2026,No,Tunijobs,https://www.tunijobs.com/job/100482/software-developer/
100483,Product Manager,PROXYM GROUP,PROXYM GROUP recrute un(e) Product Manager. Le/La candidat(e) idéal(e) maîtrise Agile | Product Roadmap | Jira et dispose d'une solide expérience dans le domaine. Rejoignez une équipe dynamique et contribuez à des projets innovants.,· Agile | · Product Roadmap | · Jira | · Scrum | · User Stories,informatique / télécoms,60 ans d'exp,Senior,,2500 - 4000 TND,Monastir,CDI | SIVP,Hybride,2026-02-08,8 février 2026,Yes,Keejob,https://www.keejob.com/offres-emploi/100483/product-manager/
100484,Data Analyst,VERMEG,VERMEG recrute un(e) Data Analyst. Le/La candidat(e) idéal(e) maîtrise Excel | Tableau | Python et dispose d'une solide expérience dans le domaine. Rejoignez une équipe dynamique et contribuez à des projets innovants.,· Excel | · Tableau | · Python | · Power BI | · SQL,informatique / télécoms,5+ Yrs of Exp,Directeur,,1500 - 2500 TND,Ariana,CDI | SIVP,Télétravail complet,2026-03-19,19 mars 2026,No,Wuzzuf,https://wuzzuf.net/jobs/p/100484/data-analyst/
100485,Cybersecurity Engineer,TUNISIE TELECOM,TUNISIE TELECOM recrute un(e) Cybersecurity Engineer. Le/La candidat(e) idéal(e) maîtrise Network Security | ISO 27001 | Penetration Testing et dispose d'une solide expérience dans le domaine. Rejoignez une équipe dynamique et contribuez à des projets innovants.,· Network Security | · ISO 27001 | · Penetration Testing | · Firewall | · SIEM,informatique / télécoms,7+ Yrs of Exp,Senior Management,,1100 - 1400 TND,Sousse,Stage,Remote,2026-02-21,21 février 2026,Non,TunisieTravail,https://www.tunisietravail.net/offre/100485/cybersecurity-engineer/
100486,Cybersecurity Engineer,ESPRIT SCHOOL,ESPRIT SCHOOL recrute un(e) Cybersecurity Engineer. Le/La candidat(e) idéal(e) maîtrise Network Security | ISO 27001 | SIEM et dispose d'une solide expérience dans le domaine. Rejoignez une équipe dynamique et contribuez à des projets innovants.,· Network Security | · ISO 27001 | · SIEM | · Firewall | · Penetration Testing,informatique / télécoms,1 an d'exp,Senior,,4000 - 5000 TND,"Hammam Sousse, Sousse",CDI,Teletravail,2026-02-04,4 février 2026,No,Keejob,https://www.keejob.com/offres-emploi/100486/cybersecurity-engineer/
100487,Call Center Agent,SAMSUNG TUNISIA,SAMSUNG TUNISIA recrute un(e) Call Center Agent. Le/La candidat(e) idéal(e) maîtrise English | French | CRM et dispose d'une solide expérience dans le domaine. Rejoignez une équipe dynamique et contribuez à des projets innovants.,· English | · French | · CRM | · Customer Care | · Communication,call center / télévente,60 ans d'exp,Directeur,,1100 - 1400 TND,"Hammam Sousse, Sousse",CDI | CDD,Remote,2026-02-01,1 février 2026,Yes,Tunijobs,https://www.tunijobs.com/job/100487/call-center-agent/
100488,QA Engineer,DELPHI TECHNOLOGIES,DELPHI TECHNOLOGIES recrute un(e) QA Engineer. Le/La candidat(e) idéal(e) maîtrise Test Automation | Selenium | JIRA et dispose d'une solide expérience dans le domaine. Rejoignez une équipe dynamique et contribuez à des projets innovants.,· Test Automation | · Selenium | · JIRA | · JUnit | · Agile Testing,informatique / télécoms,5+ Yrs of Exp,Sans exp,,4000 - 5000 TND,Monastir,CDI,Sur site,2026-02-23,23 février 2026,Non,Tunijobs,https://www.tunijobs.com/job/100488/qa-engineer/
100489,Content Writer,SAMSUNG TUNISIA,SAMSUNG TUNISIA recrute un(e) Content Writer. Le/La candidat(e) idéal(e) maîtrise Content Strategy | SEO | WordPress et dispose d'une solide expérience dans le domaine. Rejoignez une équipe dynamique et contribuez à des projets innovants.,· Content Strategy | · SEO | · WordPress | · French | · Copywriting,communication / publicité / média,7+ Yrs of Exp,Senior Management,,1000 - 1300 TND,"Oued Ellil, La Manouba",CDD | SIVP,Remote,2026-02-06,6 février 2026,Yes,TunisieTravail,https://www.tunisietravail.net/offre/100489/content-writer/
100490,Content Writer,SAMSUNG TUNISIA,SAMSUNG TUNISIA recrute un(e) Content Writer. Le/La candidat(e) idéal(e) maîtrise French | English | WordPress et dispose d'une solide expérience dans le domaine. Rejoignez une équipe dynamique et contribuez à des projets innovants.,· French | · English | · WordPress | · SEO | · Copywriting,communication / publicité / média,1 - 3 Yrs of Exp,Senior Management,,2500 - 4000 TND,"Oued Ellil, La Manouba",CDD | SIVP,Hybrid,2026-02-26,26 février 2026,No,Keejob,https://www.keejob.com/offres-emploi/100490/content-writer/
100491,Customer Services Officer,EVERIENCE TUNISIA,EVERIENCE TUNISIA recrute un(e) Customer Services Officer. Le/La candidat(e) idéal(e) maîtrise Customer Care | Communication | Problem Solving et dispose d'une solide expérience dans le domaine. Rejoignez une équipe dynamique et contribuez à des projets innovants.,· Customer Care | · Communication | · Problem Solving | · CRM,call center / télévente,1 an d'exp,Experienced,,2500 - 4000 TND,Sfax,CDI | CDD,Hybrid,2026-03-01,1 mars 2026,No,TunisieTravail,https://www.tunisietravail.net/offre/100491/customer-services-officer/
100492,Supply Chain Analyst,SOPRA HR SOFTWARE,SOPRA HR SOFTWARE recrute un(e) Supply Chain Analyst. Le/La candidat(e) idéal(e) maîtrise Supply Chain Management | SAP | Excel et dispose d'une solide expérience dans le domaine. Rejoignez une équipe dynamique et contribuez à des projets innovants.,· Supply Chain Management | · SAP | · Excel | · Logistics | · Forecasting,logistique / transport,2 ans d'exp,Entry Level,,1000 - 1300 TND,La Manouba,CDD,Sur site,2026-01-24,24 janvier 2026,Yes,Keejob,https://www.keejob.com/offres-emploi/100492/supply-chain-analyst/
100493,Customer Services Officer,EVERIENCE TUNISIA,EVERIENCE TUNISIA recrute un(e) Customer Services Officer. Le/La candidat(e) idéal(e) maîtrise Problem Solving | Communication | CRM et dispose d'une solide expérience dans le domaine. Rejoignez une équipe dynamique et contribuez à des projets innovants.,· Problem Solving | · Communication | · CRM | · Customer Care,call center / télévente,60 ans d'exp,Junior,,1500 - 2500 TND,Nabeul,CDI | SIVP,Remote,2026-03-22,22 mars 2026,No,TunisieTravail,https://www.tunisietravail.net/offre/100493/customer-services-officer/
100494,Social Media Manager,VERMEG,VERMEG recrute un(e) Social Media Manager. Le/La candidat(e) idéal(e) maîtrise Meta Ads | Social Media | Analytics et dispose d'une solide expérience dans le domaine. Rejoignez une équipe dynamique et contribuez à des projets innovants.,· Meta Ads | · Social Media | · Analytics | · Canva | · Content Creation,communication / publicité / média,5+ Yrs of Exp,Manager,,1100 - 1400 TND,La Manouba,CDI | CDD,Teletravail,2026-02-19,19 février 2026,No,Tunijobs,https://www.tunijobs.com/job/100494/social-media-manager/
100495,DevOps Engineer,INTILAAQ,INTILAAQ recrute un(e) DevOps Engineer. Le/La candidat(e) idéal(e) maîtrise Jenkins | Kubernetes | CI/CD et dispose d'une solide expérience dans le domaine. Rejoignez une équipe dynamique et contribuez à des projets innovants.,· Jenkins | · Kubernetes | · CI/CD | · Terraform | · Docker,informatique / télécoms,7+ Yrs of Exp,Directeur,,1000 - 1300 TND,"Lac 2, Tunis",Stage,Présentiel,2026-02-15,15 février 2026,Non,TunisieTravail,https://www.tunisietravail.net/offre/100495/devops-engineer/
100496,SEO Specialist,IBM TUNISIA,IBM TUNISIA recrute un(e) SEO Specialist. Le/La candidat(e) idéal(e) maîtrise Keyword Research | SEO | HTML et dispose d'une solide expérience dans le domaine. Rejoignez une équipe dynamique et contribuez à des projets innovants.,· Keyword Research | · SEO | · HTML | · Google Analytics | · SEM,informatique / télécoms,2 ans d'exp,Entry Level,,1100 - 1400 TND,Nabeul,CDD | SIVP,Présentiel,2026-03-01,1 mars 2026,No,Wuzzuf,https://wuzzuf.net/jobs/p/100496/seo-specialist/
100497,Product Manager,SAFRAN,SAFRAN recrute un(e) Product Manager. Le/La candidat(e) idéal(e) maîtrise Product Roadmap | Jira | User Stories et dispose d'une solide expérience dans le domaine. Rejoignez une équipe dynamique et contribuez à des projets innovants.,· Product Roadmap | · Jira | · User Stories | · Scrum | · Agile,informatique / télécoms,2-4 an,Senior Management,,1200 - 1400 TND,"Hammam Sousse, Sousse",Stage,Hybride,2026-02-11,11 février 2026,No,Keejob,https://www.keejob.com/offres-emploi/100497/product-manager/
100498,AI Engineer,DELICE DANONE,DELICE DANONE recrute un(e) AI Engineer. Le/La candidat(e) idéal(e) maîtrise TensorFlow | Hugging Face | LLMs et dispose d'une solide expérience dans le domaine. Rejoignez une équipe dynamique et contribuez à des projets innovants.,· TensorFlow | · Hugging Face | · LLMs | · Computer Vision | · Python,informatique / télécoms,60 ans d'exp,Manager,,1200 - 1400 TND,Sousse,CDD | SIVP,Hybride,2026-02-28,28 février 2026,No,Wuzzuf,https://wuzzuf.net/jobs/p/100498/ai-engineer/
100499,Logistics Coordinator,SAFRAN,SAFRAN recrute un(e) Logistics Coordinator. Le/La candidat(e) idéal(e) maîtrise Import | Shipping | Customs et dispose d'une solide expérience dans le domaine. Rejoignez une équipe dynamique et contribuez à des projets innovants.,· Import | · Shipping | · Customs | · Transport Management | · Export,logistique / transport,1 - 3 Yrs of Exp,Manager,,1100 - 1400 TND,"Hammam Sousse, Sousse",CDI | SIVP,Teletravail,2026-01-30,30 janvier 2026,No,TunisieTravail,https://www.tunisietravail.net/offre/100499/logistics-coordinator/
